dataset,sweep,learner,method,repeat,T,K,multiplier,Delta_K,H,T0,S_T,seed,status,cost,cost_definition,target_ratio,online_ratio,target_cost,non_target_avg,online_counts_json,allocation_json,clean_sum_json,z_star,mu_minus_K,search_log_json,phase1_length,phase2_length,budget_log_json,phase1_counts_json,phase2_counts_json,post_attack_counts_json,post_attack_target_ratio
MovieLens-25M,horizon,UCB,Ours,0,100000,10,,0.016442451420029897,73693,26307,10480.819243109449,1486022499,simulated,26257,injected samples,0.8952,1.0,15822,1159.4444444444443,"[0, 0, 0, 0, 0, 0, 0, 0, 0, 73693]","[1145, 1171, 1171, 1171, 1158, 1145, 1158, 1171, 1145, 15822]","[3.0, 5.0, 5.0, 5.0, 4.0, 3.0, 4.0, 5.0, 3.0, 0.0]",0.13659846567636336,0.0,{},,,,,,,
MovieLens-25M,horizon,UCB,Clipped Suppression,0,100000,10,,0.016442451420029897,100000,0,10480.819243109449,3145327792,simulated,80946,suppressed non-target rounds (including 0->0),0.19054,0.19054,0,0.0,"[8994, 8994, 8994, 8994, 8994, 8994, 8994, 8994, 8994, 19054]","[0, 0, 0, 0, 0, 0, 0, 0, 0, 0]","[0.0, 0.0, 0.0, 0.0, 0.0, 0.0, 0.0, 0.0, 0.0, 0.0]",,,,,,,,,,
MovieLens-25M,horizon,TS,Ours,0,100000,10,,0.016442451420029897,58048,41952,10480.819243109449,2312274903,simulated,41902,injected samples,0.84794,1.0,26741,1684.5555555555557,"[0, 0, 0, 0, 0, 0, 0, 0, 0, 58048]","[1673, 1694, 1694, 1694, 1683, 1673, 1683, 1694, 1673, 26741]","[3.0, 5.0, 5.0, 5.0, 4.0, 3.0, 4.0, 5.0, 3.0, 0.0]",0.18939614126930276,0.0,{},,,,,,,
MovieLens-25M,horizon,TS,Clipped Suppression,0,100000,10,,0.016442451420029897,100000,0,10480.819243109449,785126874,simulated,69988,suppressed non-target rounds (including 0->0),0.30012,0.30012,0,0.0,"[7869, 7859, 7751, 7833, 7778, 7755, 7724, 7762, 7657, 30012]","[0, 0, 0, 0, 0, 0, 0, 0, 0, 0]","[0.0, 0.0, 0.0, 0.0, 0.0, 0.0, 0.0, 0.0, 0.0, 0.0]",,,,,,,,,,
MovieLens-25M,horizon,UCB,Ours,0,250000,10,,0.016442451420029897,201204,48796,19804.988134665902,2269776179,simulated,48746,injected samples,0.924888,1.0,30013,2081.4444444444443,"[0, 0, 0, 0, 0, 0, 0, 0, 0, 201204]","[2063, 2096, 2096, 2096, 2080, 2063, 2080, 2096, 2063, 30013]","[3.0, 5.0, 5.0, 5.0, 4.0, 3.0, 4.0, 5.0, 3.0, 0.0]",0.10717857919779214,0.0,{},,,,,,,
MovieLens-25M,horizon,UCB,Clipped Suppression,0,250000,10,,0.016442451420029897,250000,0,19804.988134665902,1560829659,simulated,184164,suppressed non-target rounds (including 0->0),0.263344,0.263344,0,0.0,"[20463, 20463, 20463, 20463, 20463, 20463, 20462, 20462, 20462, 65836]","[0, 0, 0, 0, 0, 0, 0, 0, 0, 0]","[0.0, 0.0, 0.0, 0.0, 0.0, 0.0, 0.0, 0.0, 0.0, 0.0]",,,,,,,,,,
MovieLens-25M,horizon,TS,Ours,0,250000,10,,0.016442451420029897,175228,74772,19804.988134665902,1683002115,simulated,74722,injected samples,0.894624,1.0,48423,2922.1111111111113,"[0, 0, 0, 0, 0, 0, 0, 0, 0, 175228]","[2907, 2934, 2934, 2934, 2921, 2907, 2921, 2934, 2907, 48423]","[3.0, 5.0, 5.0, 5.0, 4.0, 3.0, 4.0, 5.0, 3.0, 0.0]",0.14776493260187024,0.0,{},,,,,,,
MovieLens-25M,horizon,TS,Clipped Suppression,0,250000,10,,0.016442451420029897,250000,0,19804.988134665902,1333461556,simulated,118515,suppressed non-target rounds (including 0->0),0.52594,0.52594,0,0.0,"[13153, 13195, 13197, 13149, 13189, 13157, 13179, 13146, 13150, 131485]","[0, 0, 0, 0, 0, 0, 0, 0, 0, 0]","[0.0, 0.0, 0.0, 0.0, 0.0, 0.0, 0.0, 0.0, 0.0, 0.0]",,,,,,,,,,
MovieLens-25M,horizon,UCB,Ours,0,400000,10,,0.016442451420029897,332920,67080,27430.126400660687,542486640,simulated,67030,injected samples,0.936435,1.0,41649,2820.1111111111113,"[0, 0, 0, 0, 0, 0, 0, 0, 0, 332920]","[2799, 2837, 2837, 2837, 2818, 2799, 2818, 2837, 2799, 41649]","[3.0, 5.0, 5.0, 5.0, 4.0, 3.0, 4.0, 5.0, 3.0, 0.0]",0.09429974278983866,0.0,{},,,,,,,
MovieLens-25M,horizon,UCB,Clipped Suppression,0,400000,10,,0.016442451420029897,400000,0,27430.126400660687,2818369548,simulated,272619,suppressed non-target rounds (including 0->0),0.3184525,0.3184525,0,0.0,"[30291, 30291, 30291, 30291, 30291, 30291, 30291, 30291, 30291, 127381]","[0, 0, 0, 0, 0, 0, 0, 0, 0, 0]","[0.0, 0.0, 0.0, 0.0, 0.0, 0.0, 0.0, 0.0, 0.0, 0.0]",,,,,,,,,,
MovieLens-25M,horizon,TS,Ours,0,400000,10,,0.016442451420029897,298959,101041,27430.126400660687,402634785,simulated,100991,injected samples,0.9120175,1.0,65843,3905.3333333333335,"[0, 0, 0, 0, 0, 0, 0, 0, 0, 298959]","[3888, 3919, 3919, 3919, 3904, 3888, 3904, 3919, 3888, 65843]","[3.0, 5.0, 5.0, 5.0, 4.0, 3.0, 4.0, 5.0, 3.0, 0.0]",0.12956442550489455,0.0,{},,,,,,,
MovieLens-25M,horizon,TS,Clipped Suppression,0,400000,10,,0.016442451420029897,400000,0,27430.126400660687,4144049344,simulated,149815,suppressed non-target rounds (including 0->0),0.6254625,0.6254625,0,0.0,"[16478, 16678, 16669, 16553, 16669, 16741, 16755, 16624, 16648, 250185]","[0, 0, 0, 0, 0, 0, 0, 0, 0, 0]","[0.0, 0.0, 0.0, 0.0, 0.0, 0.0, 0.0, 0.0, 0.0, 0.0]",,,,,,,,,,
MovieLens-25M,horizon,UCB,Ours,0,550000,10,,0.016442451420029897,466738,83262,34194.80516566394,329627507,simulated,83212,injected samples,0.9431472727272727,1.0,51988,3469.3333333333335,"[0, 0, 0, 0, 0, 0, 0, 0, 0, 466738]","[3446, 3488, 3488, 3488, 3467, 3446, 3467, 3488, 3446, 51988]","[3.0, 5.0, 5.0, 5.0, 4.0, 3.0, 4.0, 5.0, 3.0, 0.0]",0.0863587587184563,0.0,{},,,,,,,
MovieLens-25M,horizon,UCB,Clipped Suppression,0,550000,10,,0.016442451420029897,550000,0,34194.80516566394,1711998021,simulated,343494,suppressed non-target rounds (including 0->0),0.37546545454545455,0.37546545454545455,0,0.0,"[38166, 38166, 38166, 38166, 38166, 38166, 38166, 38166, 38166, 206506]","[0, 0, 0, 0, 0, 0, 0, 0, 0, 0]","[0.0, 0.0, 0.0, 0.0, 0.0, 0.0, 0.0, 0.0, 0.0, 0.0]",,,,,,,,,,
MovieLens-25M,horizon,TS,Ours,0,550000,10,,0.016442451420029897,425912,124088,34194.80516566394,1398875241,simulated,124038,injected samples,0.9219472727272727,1.0,81154,4764.888888888889,"[0, 0, 0, 0, 0, 0, 0, 0, 0, 425912]","[4746, 4780, 4780, 4780, 4763, 4746, 4763, 4780, 4746, 81154]","[3.0, 5.0, 5.0, 5.0, 4.0, 3.0, 4.0, 5.0, 3.0, 0.0]",0.11836334826723771,0.0,{},,,,,,,
MovieLens-25M,horizon,TS,Clipped Suppression,0,550000,10,,0.016442451420029897,550000,0,34194.80516566394,253414438,simulated,176171,suppressed non-target rounds (including 0->0),0.6796890909090909,0.6796890909090909,0,0.0,"[19534, 19498, 19604, 19629, 19488, 19609, 19635, 19630, 19544, 373829]","[0, 0, 0, 0, 0, 0, 0, 0, 0, 0]","[0.0, 0.0, 0.0, 0.0, 0.0, 0.0, 0.0, 0.0, 0.0, 0.0]",,,,,,,,,,
MovieLens-25M,horizon,UCB,Ours,0,700000,10,,0.016442451420029897,601918,98082,40401.844201652595,3434691519,simulated,98032,injected samples,0.9477285714285715,1.0,61487,4060.5555555555557,"[0, 0, 0, 0, 0, 0, 0, 0, 0, 601918]","[4035, 4081, 4081, 4081, 4058, 4035, 4058, 4081, 4035, 61487]","[3.0, 5.0, 5.0, 5.0, 4.0, 3.0, 4.0, 5.0, 3.0, 0.0]",0.08074365699376385,0.0,{},,,,,,,
MovieLens-25M,horizon,UCB,Clipped Suppression,0,700000,10,,0.016442451420029897,700000,0,40401.844201652595,1427364385,simulated,387189,suppressed non-target rounds (including 0->0),0.4468728571428571,0.4468728571428571,0,0.0,"[43021, 43021, 43021, 43021, 43021, 43021, 43021, 43021, 43021, 312811]","[0, 0, 0, 0, 0, 0, 0, 0, 0, 0]","[0.0, 0.0, 0.0, 0.0, 0.0, 0.0, 0.0, 0.0, 0.0, 0.0]",,,,,,,,,,
MovieLens-25M,horizon,TS,Ours,0,700000,10,,0.016442451420029897,554920,145080,40401.844201652595,201415186,simulated,145030,injected samples,0.92863,1.0,95116,5546.0,"[0, 0, 0, 0, 0, 0, 0, 0, 0, 554920]","[5526, 5562, 5562, 5562, 5544, 5526, 5544, 5562, 5526, 95116]","[3.0, 5.0, 5.0, 5.0, 4.0, 3.0, 4.0, 5.0, 3.0, 0.0]",0.11045647888132598,0.0,{},,,,,,,
MovieLens-25M,horizon,TS,Clipped Suppression,0,700000,10,,0.016442451420029897,700000,0,40401.844201652595,3408330622,simulated,187340,suppressed non-target rounds (including 0->0),0.7323714285714286,0.7323714285714286,0,0.0,"[20819, 20869, 20832, 20651, 20842, 20753, 20826, 20860, 20888, 512660]","[0, 0, 0, 0, 0, 0, 0, 0, 0, 0]","[0.0, 0.0, 0.0, 0.0, 0.0, 0.0, 0.0, 0.0, 0.0, 0.0]",,,,,,,,,,
MovieLens-25M,horizon,UCB,Ours,0,850000,10,,0.016442451420029897,738079,111921,46204.95572790959,3685047042,simulated,111871,injected samples,0.9511282352941176,1.0,70375,4610.666666666667,"[0, 0, 0, 0, 0, 0, 0, 0, 0, 738079]","[4584, 4632, 4632, 4632, 4608, 4584, 4608, 4632, 4584, 70375]","[3.0, 5.0, 5.0, 5.0, 4.0, 3.0, 4.0, 5.0, 3.0, 0.0]",0.07646163739231374,0.0,{},,,,,,,
MovieLens-25M,horizon,UCB,Clipped Suppression,0,850000,10,,0.016442451420029897,850000,0,46204.95572790959,1341290285,simulated,433944,suppressed non-target rounds (including 0->0),0.4894776470588235,0.4894776470588235,0,0.0,"[48216, 48216, 48216, 48216, 48216, 48216, 48216, 48216, 48216, 416056]","[0, 0, 0, 0, 0, 0, 0, 0, 0, 0]","[0.0, 0.0, 0.0, 0.0, 0.0, 0.0, 0.0, 0.0, 0.0, 0.0]",,,,,,,,,,
MovieLens-25M,horizon,TS,Ours,0,850000,10,,0.016442451420029897,685400,164600,46204.95572790959,2518979432,simulated,164550,injected samples,0.9335470588235294,1.0,108110,6271.111111111111,"[0, 0, 0, 0, 0, 0, 0, 0, 0, 685400]","[6250, 6288, 6288, 6288, 6269, 6250, 6269, 6288, 6250, 108110]","[3.0, 5.0, 5.0, 5.0, 4.0, 3.0, 4.0, 5.0, 3.0, 0.0]",0.10443575759446169,0.0,{},,,,,,,
MovieLens-25M,horizon,TS,Clipped Suppression,0,850000,10,,0.016442451420029897,850000,0,46204.95572790959,3708764893,simulated,197909,suppressed non-target rounds (including 0->0),0.7671658823529411,0.7671658823529411,0,0.0,"[22056, 21881, 22041, 22032, 21976, 21980, 21937, 22082, 21924, 652091]","[0, 0, 0, 0, 0, 0, 0, 0, 0, 0]","[0.0, 0.0, 0.0, 0.0, 0.0, 0.0, 0.0, 0.0, 0.0, 0.0]",,,,,,,,,,
MovieLens-25M,horizon,UCB,Ours,0,1000000,10,,0.016442451420029897,874991,125009,51695.845932463315,2502914311,simulated,124959,injected samples,0.953787,1.0,78791,5129.777777777777,"[0, 0, 0, 0, 0, 0, 0, 0, 0, 874991]","[5102, 5152, 5152, 5152, 5127, 5102, 5127, 5152, 5102, 78791]","[3.0, 5.0, 5.0, 5.0, 4.0, 3.0, 4.0, 5.0, 3.0, 0.0]",0.0730350127684482,0.0,{},,,,,,,
MovieLens-25M,horizon,UCB,Clipped Suppression,0,1000000,10,,0.016442451420029897,1000000,0,51695.845932463315,1890648177,simulated,471690,suppressed non-target rounds (including 0->0),0.52831,0.52831,0,0.0,"[52410, 52410, 52410, 52410, 52410, 52410, 52410, 52410, 52410, 528310]","[0, 0, 0, 0, 0, 0, 0, 0, 0, 0]","[0.0, 0.0, 0.0, 0.0, 0.0, 0.0, 0.0, 0.0, 0.0, 0.0]",,,,,,,,,,
MovieLens-25M,horizon,TS,Ours,0,1000000,10,,0.016442451420029897,817011,182989,51695.845932463315,2629661651,simulated,182939,injected samples,0.937376,1.0,120360,6953.222222222223,"[0, 0, 0, 0, 0, 0, 0, 0, 0, 817011]","[6931, 6971, 6971, 6971, 6951, 6931, 6951, 6971, 6931, 120360]","[3.0, 5.0, 5.0, 5.0, 4.0, 3.0, 4.0, 5.0, 3.0, 0.0]",0.09962408820708102,0.0,{},,,,,,,
MovieLens-25M,horizon,TS,Clipped Suppression,0,1000000,10,,0.016442451420029897,1000000,0,51695.845932463315,4169151901,simulated,209203,suppressed non-target rounds (including 0->0),0.790797,0.790797,0,0.0,"[23223, 23152, 23294, 23244, 23186, 23266, 23329, 23281, 23228, 790797]","[0, 0, 0, 0, 0, 0, 0, 0, 0, 0]","[0.0, 0.0, 0.0, 0.0, 0.0, 0.0, 0.0, 0.0, 0.0, 0.0]",,,,,,,,,,
MovieLens-25M,arms,UCB,Ours,0,1000000,5,,0.016442451420029897,907379,92621,41031.02010778911,1856441993,simulated,92596,injected samples,0.965736,1.0,58352,8561.0,"[0, 0, 0, 0, 907379]","[8594, 8561, 8561, 8528, 58352]","[5.0, 4.0, 4.0, 3.0, 0.0]",0.05513363102069259,0.0,{},,,,,,,
MovieLens-25M,arms,UCB,Clipped Suppression,0,1000000,5,,0.016442451420029897,1000000,0,41031.02010778911,1003038646,simulated,240236,suppressed non-target rounds (including 0->0),0.759764,0.759764,0,0.0,"[60059, 60059, 60059, 60059, 759764]","[0, 0, 0, 0, 0]","[0.0, 0.0, 0.0, 0.0, 0.0]",,,,,,,,,,
MovieLens-25M,arms,TS,Ours,0,1000000,5,,0.016442451420029897,861790,138210,41031.02010778911,2148829597,simulated,138185,injected samples,0.954188,1.0,92393,11448.0,"[0, 0, 0, 0, 861790]","[11474, 11448, 11448, 11422, 92393]","[5.0, 4.0, 4.0, 3.0, 0.0]",0.07675400067010624,0.0,{},,,,,,,
MovieLens-25M,arms,TS,Clipped Suppression,0,1000000,5,,0.016442451420029897,1000000,0,41031.02010778911,1512014724,simulated,96186,suppressed non-target rounds (including 0->0),0.903814,0.903814,0,0.0,"[24056, 24046, 24038, 24046, 903814]","[0, 0, 0, 0, 0]","[0.0, 0.0, 0.0, 0.0, 0.0]",,,,,,,,,,
MovieLens-25M,arms,UCB,Ours,0,1000000,10,,0.016442451420029897,874991,125009,51695.845932463315,2502914311,simulated,124959,injected samples,0.953787,1.0,78791,5129.777777777777,"[0, 0, 0, 0, 0, 0, 0, 0, 0, 874991]","[5102, 5152, 5152, 5152, 5127, 5102, 5127, 5152, 5102, 78791]","[3.0, 5.0, 5.0, 5.0, 4.0, 3.0, 4.0, 5.0, 3.0, 0.0]",0.0730350127684482,0.0,{},,,,,,,
MovieLens-25M,arms,UCB,Clipped Suppression,0,1000000,10,,0.016442451420029897,1000000,0,51695.845932463315,1890648177,simulated,471690,suppressed non-target rounds (including 0->0),0.52831,0.52831,0,0.0,"[52410, 52410, 52410, 52410, 52410, 52410, 52410, 52410, 52410, 528310]","[0, 0, 0, 0, 0, 0, 0, 0, 0, 0]","[0.0, 0.0, 0.0, 0.0, 0.0, 0.0, 0.0, 0.0, 0.0, 0.0]",,,,,,,,,,
MovieLens-25M,arms,TS,Ours,0,1000000,10,,0.016442451420029897,817011,182989,51695.845932463315,2629661651,simulated,182939,injected samples,0.937376,1.0,120360,6953.222222222223,"[0, 0, 0, 0, 0, 0, 0, 0, 0, 817011]","[6931, 6971, 6971, 6971, 6951, 6931, 6951, 6971, 6931, 120360]","[3.0, 5.0, 5.0, 5.0, 4.0, 3.0, 4.0, 5.0, 3.0, 0.0]",0.09962408820708102,0.0,{},,,,,,,
MovieLens-25M,arms,TS,Clipped Suppression,0,1000000,10,,0.016442451420029897,1000000,0,51695.845932463315,4169151901,simulated,209203,suppressed non-target rounds (including 0->0),0.790797,0.790797,0,0.0,"[23223, 23152, 23294, 23244, 23186, 23266, 23329, 23281, 23228, 790797]","[0, 0, 0, 0, 0, 0, 0, 0, 0, 0]","[0.0, 0.0, 0.0, 0.0, 0.0, 0.0, 0.0, 0.0, 0.0, 0.0]",,,,,,,,,,
MovieLens-25M,arms,UCB,Ours,0,1000000,15,,0.016442451420029897,852816,147184,59176.97111973348,1145378022,simulated,147109,injected samples,0.945449,1.0,92628,3891.5,"[0, 0, 0, 0, 0, 0, 0, 0, 0, 0, 0, 0, 0, 0, 852816]","[3913, 3913, 3913, 3913, 3913, 3892, 3892, 3913, 3848, 3913, 3892, 3848, 3848, 3870, 92628]","[5.0, 5.0, 5.0, 5.0, 5.0, 4.0, 4.0, 5.0, 2.0, 5.0, 4.0, 2.0, 2.0, 3.0, 0.0]",0.0847745129892048,0.0,{},,,,,,,
MovieLens-25M,arms,UCB,Clipped Suppression,0,1000000,15,,0.016442451420029897,1000000,0,59176.97111973348,1719185778,simulated,656514,suppressed non-target rounds (including 0->0),0.343486,0.343486,0,0.0,"[46894, 46894, 46894, 46894, 46894, 46894, 46894, 46894, 46894, 46894, 46894, 46894, 46893, 46893, 343486]","[0, 0, 0, 0, 0, 0, 0, 0, 0, 0, 0, 0, 0, 0, 0]","[0.0, 0.0, 0.0, 0.0, 0.0, 0.0, 0.0, 0.0, 0.0, 0.0, 0.0, 0.0, 0.0, 0.0, 0.0]",,,,,,,,,,
MovieLens-25M,arms,TS,Ours,0,1000000,15,,0.016442451420029897,785949,214051,59176.97111973348,1960494606,simulated,213976,injected samples,0.925426,1.0,139472,5321.714285714285,"[0, 0, 0, 0, 0, 0, 0, 0, 0, 0, 0, 0, 0, 0, 785949]","[5339, 5339, 5339, 5339, 5339, 5322, 5322, 5339, 5287, 5339, 5322, 5287, 5287, 5304, 139472]","[5.0, 5.0, 5.0, 5.0, 5.0, 4.0, 4.0, 5.0, 2.0, 5.0, 4.0, 2.0, 2.0, 3.0, 0.0]",0.11461458273243078,0.0,{},,,,,,,
MovieLens-25M,arms,TS,Clipped Suppression,0,1000000,15,,0.016442451420029897,1000000,0,59176.97111973348,2615063840,simulated,308263,suppressed non-target rounds (including 0->0),0.691737,0.691737,0,0.0,"[22115, 21995, 22020, 22043, 22045, 21939, 21990, 21964, 22064, 22041, 22041, 21957, 22050, 21999, 691737]","[0, 0, 0, 0, 0, 0, 0, 0, 0, 0, 0, 0, 0, 0, 0]","[0.0, 0.0, 0.0, 0.0, 0.0, 0.0, 0.0, 0.0, 0.0, 0.0, 0.0, 0.0, 0.0, 0.0, 0.0]",,,,,,,,,,
MovieLens-25M,arms,UCB,Ours,0,1000000,20,,0.016442451420029897,835356,164644,65132.68448243278,943519508,simulated,164544,injected samples,0.938849,1.0,103488,3213.4736842105262,"[0, 0, 0, 0, 0, 0, 0, 0, 0, 0, 0, 0, 0, 0, 0, 0, 0, 0, 0, 835356]","[3224, 3224, 3224, 3184, 3204, 3244, 3224, 3244, 3244, 3204, 3204, 3244, 3164, 3224, 3204, 3184, 3204, 3204, 3204, 103488]","[4.0, 4.0, 4.0, 2.0, 3.0, 5.0, 4.0, 5.0, 5.0, 3.0, 3.0, 5.0, 1.0, 4.0, 3.0, 2.0, 3.0, 3.0, 3.0, 0.0]",0.0937814768653126,0.0,{},,,,,,,
MovieLens-25M,arms,UCB,Clipped Suppression,0,1000000,20,,0.016442451420029897,1000000,0,65132.68448243278,821142907,simulated,778088,suppressed non-target rounds (including 0->0),0.221912,0.221912,0,0.0,"[40952, 40952, 40952, 40952, 40952, 40952, 40952, 40952, 40952, 40952, 40952, 40952, 40952, 40952, 40952, 40952, 40952, 40952, 40952, 221912]","[0, 0, 0, 0, 0, 0, 0, 0, 0, 0, 0, 0, 0, 0, 0, 0, 0, 0, 0, 0]","[0.0, 0.0, 0.0, 0.0, 0.0, 0.0, 0.0, 0.0, 0.0, 0.0, 0.0, 0.0, 0.0, 0.0, 0.0, 0.0, 0.0, 0.0, 0.0, 0.0]",,,,,,,,,,
MovieLens-25M,arms,TS,Ours,0,1000000,20,,0.016442451420029897,761189,238811,65132.68448243278,1007550633,simulated,238711,injected samples,0.91578,1.0,154586,4427.631578947368,"[0, 0, 0, 0, 0, 0, 0, 0, 0, 0, 0, 0, 0, 0, 0, 0, 0, 0, 0, 761189]","[4436, 4436, 4436, 4404, 4420, 4452, 4436, 4452, 4452, 4420, 4420, 4452, 4389, 4436, 4420, 4404, 4420, 4420, 4420, 154586]","[4.0, 4.0, 4.0, 2.0, 3.0, 5.0, 4.0, 5.0, 5.0, 3.0, 3.0, 5.0, 1.0, 4.0, 3.0, 2.0, 3.0, 3.0, 3.0, 0.0]",0.12612215382554226,0.0,{},,,,,,,
MovieLens-25M,arms,TS,Clipped Suppression,0,1000000,20,,0.016442451420029897,1000000,0,65132.68448243278,2854826952,simulated,417644,suppressed non-target rounds (including 0->0),0.582356,0.582356,0,0.0,"[21943, 21987, 22029, 22012, 21905, 22017, 21937, 22056, 21979, 22030, 22018, 22013, 22044, 21968, 21910, 21949, 21996, 21920, 21931, 582356]","[0, 0, 0, 0, 0, 0, 0, 0, 0, 0, 0, 0, 0, 0, 0, 0, 0, 0, 0, 0]","[0.0, 0.0, 0.0, 0.0, 0.0, 0.0, 0.0, 0.0, 0.0, 0.0, 0.0, 0.0, 0.0, 0.0, 0.0, 0.0, 0.0, 0.0, 0.0, 0.0]",,,,,,,,,,
MovieLens-25M,arms,UCB,Ours,0,1000000,30,,0.016442451420029897,807096,192904,74558.3115827732,4053628208,simulated,192754,injected samples,0.927858,1.0,120757,2482.655172413793,"[0, 0, 0, 0, 0, 0, 0, 0, 0, 0, 0, 0, 0, 0, 0, 0, 0, 0, 0, 0, 0, 0, 0, 0, 0, 0, 0, 0, 0, 807096]","[2504, 2486, 2504, 2486, 2469, 2469, 2504, 2486, 2486, 2486, 2504, 2486, 2486, 2469, 2486, 2469, 2469, 2486, 2504, 2504, 2469, 2486, 2504, 2486, 2451, 2469, 2469, 2486, 2434, 120757]","[5.0, 4.0, 5.0, 4.0, 3.0, 3.0, 5.0, 4.0, 4.0, 4.0, 5.0, 4.0, 4.0, 3.0, 4.0, 3.0, 3.0, 4.0, 5.0, 5.0, 3.0, 4.0, 5.0, 4.0, 2.0, 3.0, 3.0, 4.0, 1.0, 0.0]",0.10774453934535286,0.0,{},,,,,,,
MovieLens-25M,arms,UCB,Clipped Suppression,0,1000000,30,,0.016442451420029897,1000000,0,74558.3115827732,110141279,simulated,867307,suppressed non-target rounds (including 0->0),0.132693,0.132693,0,0.0,"[29908, 29908, 29908, 29908, 29907, 29907, 29907, 29907, 29907, 29907, 29907, 29907, 29907, 29907, 29907, 29907, 29907, 29907, 29907, 29907, 29907, 29907, 29907, 29907, 29907, 29907, 29907, 29907, 29907, 132693]","[0, 0, 0, 0, 0, 0, 0, 0, 0, 0, 0, 0, 0, 0, 0, 0, 0, 0, 0, 0, 0, 0, 0, 0, 0, 0, 0, 0, 0, 0]","[0.0, 0.0, 0.0, 0.0, 0.0, 0.0, 0.0, 0.0, 0.0, 0.0, 0.0, 0.0, 0.0, 0.0, 0.0, 0.0, 0.0, 0.0, 0.0, 0.0, 0.0, 0.0, 0.0, 0.0, 0.0, 0.0, 0.0, 0.0, 0.0, 0.0]",,,,,,,,,,
MovieLens-25M,arms,TS,Ours,0,1000000,30,,0.016442451420029897,721076,278924,74558.3115827732,394474506,simulated,278774,injected samples,0.899751,1.0,178670,3451.862068965517,"[0, 0, 0, 0, 0, 0, 0, 0, 0, 0, 0, 0, 0, 0, 0, 0, 0, 0, 0, 0, 0, 0, 0, 0, 0, 0, 0, 0, 0, 721076]","[3468, 3455, 3468, 3455, 3441, 3441, 3468, 3455, 3455, 3455, 3468, 3455, 3455, 3441, 3455, 3441, 3441, 3455, 3468, 3468, 3441, 3455, 3468, 3455, 3427, 3441, 3441, 3455, 3413, 178670]","[5.0, 4.0, 5.0, 4.0, 3.0, 3.0, 5.0, 4.0, 4.0, 4.0, 5.0, 4.0, 4.0, 3.0, 4.0, 3.0, 3.0, 4.0, 5.0, 5.0, 3.0, 4.0, 5.0, 4.0, 2.0, 3.0, 3.0, 4.0, 1.0, 0.0]",0.14385490432315445,0.0,{},,,,,,,
MovieLens-25M,arms,TS,Clipped Suppression,0,1000000,30,,0.016442451420029897,1000000,0,74558.3115827732,3253256533,simulated,588944,suppressed non-target rounds (including 0->0),0.411056,0.411056,0,0.0,"[20334, 20264, 20367, 20329, 20311, 20270, 20356, 20328, 20276, 20388, 20224, 20349, 20325, 20324, 20334, 20356, 20299, 20352, 20242, 20347, 20256, 20328, 20242, 20278, 20269, 20245, 20322, 20349, 20280, 411056]","[0, 0, 0, 0, 0, 0, 0, 0, 0, 0, 0, 0, 0, 0, 0, 0, 0, 0, 0, 0, 0, 0, 0, 0, 0, 0, 0, 0, 0, 0]","[0.0, 0.0, 0.0, 0.0, 0.0, 0.0, 0.0, 0.0, 0.0, 0.0, 0.0, 0.0, 0.0, 0.0, 0.0, 0.0, 0.0, 0.0, 0.0, 0.0, 0.0, 0.0, 0.0, 0.0, 0.0, 0.0, 0.0, 0.0, 0.0, 0.0]",,,,,,,,,,
MovieLens-25M,arms,UCB,Ours,0,1000000,40,,0.016442451420029897,784774,215226,82062.04021557822,3988177522,simulated,215026,injected samples,0.919165,1.0,134386,2067.6923076923076,"[0, 0, 0, 0, 0, 0, 0, 0, 0, 0, 0, 0, 0, 0, 0, 0, 0, 0, 0, 0, 0, 0, 0, 0, 0, 0, 0, 0, 0, 0, 0, 0, 0, 0, 0, 0, 0, 0, 0, 784774]","[2064, 2064, 2048, 2080, 2080, 2080, 2064, 2064, 2032, 2096, 2080, 2064, 2080, 2096, 2064, 2064, 2080, 2064, 2080, 2080, 2096, 2064, 2064, 2032, 2080, 2048, 2064, 2096, 2080, 2080, 2048, 2080, 2080, 2048, 2080, 2048, 2032, 2032, 2064, 134386]","[3.0, 3.0, 2.0, 4.0, 4.0, 4.0, 3.0, 3.0, 1.0, 5.0, 4.0, 3.0, 4.0, 5.0, 3.0, 3.0, 4.0, 3.0, 4.0, 4.0, 5.0, 3.0, 3.0, 1.0, 4.0, 2.0, 3.0, 5.0, 4.0, 4.0, 2.0, 4.0, 4.0, 2.0, 4.0, 2.0, 1.0, 1.0, 3.0, 0.0]",0.11846463952795658,0.0,{},,,,,,,
MovieLens-25M,arms,UCB,Clipped Suppression,0,1000000,40,,0.016442451420029897,1000000,0,82062.04021557822,223628395,simulated,919326,suppressed non-target rounds (including 0->0),0.080674,0.080674,0,0.0,"[23573, 23573, 23573, 23573, 23573, 23573, 23573, 23573, 23573, 23573, 23573, 23573, 23573, 23573, 23573, 23573, 23573, 23573, 23572, 23572, 23572, 23572, 23572, 23572, 23572, 23572, 23572, 23572, 23572, 23572, 23572, 23572, 23572, 23572, 23572, 23572, 23572, 23572, 23572, 80674]","[0, 0, 0, 0, 0, 0, 0, 0, 0, 0, 0, 0, 0, 0, 0, 0, 0, 0, 0, 0, 0, 0, 0, 0, 0, 0, 0, 0, 0, 0, 0, 0, 0, 0, 0, 0, 0, 0, 0, 0]","[0.0, 0.0, 0.0, 0.0, 0.0, 0.0, 0.0, 0.0, 0.0, 0.0, 0.0, 0.0, 0.0, 0.0, 0.0, 0.0, 0.0, 0.0, 0.0, 0.0, 0.0, 0.0, 0.0, 0.0, 0.0, 0.0, 0.0, 0.0, 0.0, 0.0, 0.0, 0.0, 0.0, 0.0, 0.0, 0.0, 0.0, 0.0, 0.0, 0.0]",,,,,,,,,,
MovieLens-25M,arms,TS,Ours,0,1000000,40,,0.016442451420029897,688848,311152,82062.04021557822,2267054564,simulated,310952,injected samples,0.886723,1.0,197870,2899.5384615384614,"[0, 0, 0, 0, 0, 0, 0, 0, 0, 0, 0, 0, 0, 0, 0, 0, 0, 0, 0, 0, 0, 0, 0, 0, 0, 0, 0, 0, 0, 0, 0, 0, 0, 0, 0, 0, 0, 0, 0, 688848]","[2897, 2897, 2884, 2909, 2909, 2909, 2897, 2897, 2871, 2922, 2909, 2897, 2909, 2922, 2897, 2897, 2909, 2897, 2909, 2909, 2922, 2897, 2897, 2871, 2909, 2884, 2897, 2922, 2909, 2909, 2884, 2909, 2909, 2884, 2909, 2884, 2871, 2871, 2897, 197870]","[3.0, 3.0, 2.0, 4.0, 4.0, 4.0, 3.0, 3.0, 1.0, 5.0, 4.0, 3.0, 4.0, 5.0, 3.0, 3.0, 4.0, 3.0, 4.0, 4.0, 5.0, 3.0, 3.0, 1.0, 4.0, 2.0, 3.0, 5.0, 4.0, 4.0, 2.0, 4.0, 4.0, 2.0, 4.0, 2.0, 1.0, 1.0, 3.0, 0.0]",0.15748436599000076,0.0,{},,,,,,,
MovieLens-25M,arms,TS,Clipped Suppression,0,1000000,40,,0.016442451420029897,1000000,0,82062.04021557822,2771463715,simulated,708999,suppressed non-target rounds (including 0->0),0.291001,0.291001,0,0.0,"[18185, 18230, 18225, 18170, 18199, 18198, 18275, 18151, 18128, 18151, 18219, 18133, 18247, 18183, 18195, 18106, 18171, 18159, 18134, 18122, 18189, 18232, 18285, 18254, 18186, 18155, 18189, 18104, 18163, 18160, 18209, 18189, 18149, 18165, 18121, 18154, 18175, 18171, 18168, 291001]","[0, 0, 0, 0, 0, 0, 0, 0, 0, 0, 0, 0, 0, 0, 0, 0, 0, 0, 0, 0, 0, 0, 0, 0, 0, 0, 0, 0, 0, 0, 0, 0, 0, 0, 0, 0, 0, 0, 0, 0]","[0.0, 0.0, 0.0, 0.0, 0.0, 0.0, 0.0, 0.0, 0.0, 0.0, 0.0, 0.0, 0.0, 0.0, 0.0, 0.0, 0.0, 0.0, 0.0, 0.0, 0.0, 0.0, 0.0, 0.0, 0.0, 0.0, 0.0, 0.0, 0.0, 0.0, 0.0, 0.0, 0.0, 0.0, 0.0, 0.0, 0.0, 0.0, 0.0, 0.0]",,,,,,,,,,
MovieLens-25M,arms,UCB,Ours,0,1000000,50,,0.016442451420029897,765105,234895,88398.65308761662,706385101,simulated,234645,injected samples,0.911226,1.0,146116,1806.7142857142858,"[0, 0, 0, 0, 0, 0, 0, 0, 0, 0, 0, 0, 0, 0, 0, 0, 0, 0, 0, 0, 0, 0, 0, 0, 0, 0, 0, 0, 0, 0, 0, 0, 0, 0, 0, 0, 0, 0, 0, 0, 0, 0, 0, 0, 0, 0, 0, 0, 0, 765105]","[1826, 1826, 1826, 1811, 1826, 1796, 1811, 1826, 1826, 1826, 1811, 1826, 1796, 1811, 1826, 1826, 1796, 1811, 1781, 1826, 1826, 1811, 1826, 1811, 1796, 1811, 1781, 1796, 1796, 1811, 1811, 1811, 1796, 1826, 1826, 1811, 1796, 1796, 1781, 1811, 1796, 1811, 1811, 1781, 1781, 1796, 1766, 1781, 1766, 146116]","[5.0, 5.0, 5.0, 4.0, 5.0, 3.0, 4.0, 5.0, 5.0, 5.0, 4.0, 5.0, 3.0, 4.0, 5.0, 5.0, 3.0, 4.0, 2.0, 5.0, 5.0, 4.0, 5.0, 4.0, 3.0, 4.0, 2.0, 3.0, 3.0, 4.0, 4.0, 4.0, 3.0, 5.0, 5.0, 4.0, 3.0, 3.0, 2.0, 4.0, 3.0, 4.0, 4.0, 2.0, 2.0, 3.0, 1.0, 2.0, 1.0, 0.0]",0.127487201802293,0.0,{},,,,,,,
MovieLens-25M,arms,UCB,Clipped Suppression,0,1000000,50,,0.016442451420029897,1000000,0,88398.65308761662,3897292343,simulated,940484,suppressed non-target rounds (including 0->0),0.059516,0.059516,0,0.0,"[19194, 19194, 19194, 19194, 19194, 19194, 19194, 19194, 19194, 19194, 19194, 19194, 19194, 19194, 19194, 19194, 19194, 19194, 19194, 19194, 19194, 19194, 19194, 19194, 19194, 19194, 19194, 19193, 19193, 19193, 19193, 19193, 19193, 19193, 19193, 19193, 19193, 19193, 19193, 19193, 19193, 19193, 19193, 19193, 19193, 19193, 19193, 19193, 19193, 59516]","[0, 0, 0, 0, 0, 0, 0, 0, 0, 0, 0, 0, 0, 0, 0, 0, 0, 0, 0, 0, 0, 0, 0, 0, 0, 0, 0, 0, 0, 0, 0, 0, 0, 0, 0, 0, 0, 0, 0, 0, 0, 0, 0, 0, 0, 0, 0, 0, 0, 0]","[0.0, 0.0, 0.0, 0.0, 0.0, 0.0, 0.0, 0.0, 0.0, 0.0, 0.0, 0.0, 0.0, 0.0, 0.0, 0.0, 0.0, 0.0, 0.0, 0.0, 0.0, 0.0, 0.0, 0.0, 0.0, 0.0, 0.0, 0.0, 0.0, 0.0, 0.0, 0.0, 0.0, 0.0, 0.0, 0.0, 0.0, 0.0, 0.0, 0.0, 0.0, 0.0, 0.0, 0.0, 0.0, 0.0, 0.0, 0.0, 0.0, 0.0]",,,,,,,,,,
MovieLens-25M,arms,TS,Ours,0,1000000,50,,0.016442451420029897,660653,339347,88398.65308761662,1099878703,simulated,339097,injected samples,0.875003,1.0,214345,2545.9591836734694,"[0, 0, 0, 0, 0, 0, 0, 0, 0, 0, 0, 0, 0, 0, 0, 0, 0, 0, 0, 0, 0, 0, 0, 0, 0, 0, 0, 0, 0, 0, 0, 0, 0, 0, 0, 0, 0, 0, 0, 0, 0, 0, 0, 0, 0, 0, 0, 0, 0, 660653]","[2561, 2561, 2561, 2549, 2561, 2538, 2549, 2561, 2561, 2561, 2549, 2561, 2538, 2549, 2561, 2561, 2538, 2549, 2526, 2561, 2561, 2549, 2561, 2549, 2538, 2549, 2526, 2538, 2538, 2549, 2549, 2549, 2538, 2561, 2561, 2549, 2538, 2538, 2526, 2549, 2538, 2549, 2549, 2526, 2526, 2538, 2514, 2526, 2514, 214345]","[5.0, 5.0, 5.0, 4.0, 5.0, 3.0, 4.0, 5.0, 5.0, 5.0, 4.0, 5.0, 3.0, 4.0, 5.0, 5.0, 3.0, 4.0, 2.0, 5.0, 5.0, 4.0, 5.0, 4.0, 3.0, 4.0, 2.0, 3.0, 3.0, 4.0, 4.0, 4.0, 3.0, 5.0, 5.0, 4.0, 3.0, 3.0, 2.0, 4.0, 3.0, 4.0, 4.0, 2.0, 2.0, 3.0, 1.0, 2.0, 1.0, 0.0]",0.16883844786118973,0.0,{},,,,,,,
MovieLens-25M,arms,TS,Clipped Suppression,0,1000000,50,,0.016442451420029897,1000000,0,88398.65308761662,651402526,simulated,794848,suppressed non-target rounds (including 0->0),0.205152,0.205152,0,0.0,"[16232, 16260, 16231, 16195, 16259, 16244, 16245, 16177, 16273, 16295, 16164, 16161, 16204, 16141, 16228, 16176, 16251, 16240, 16203, 16114, 16238, 16312, 16158, 16243, 16221, 16167, 16273, 16220, 16198, 16178, 16241, 16218, 16282, 16188, 16243, 16246, 16250, 16165, 16281, 16318, 16221, 16265, 16166, 16171, 16321, 16198, 16203, 16125, 16245, 205152]","[0, 0, 0, 0, 0, 0, 0, 0, 0, 0, 0, 0, 0, 0, 0, 0, 0, 0, 0, 0, 0, 0, 0, 0, 0, 0, 0, 0, 0, 0, 0, 0, 0, 0, 0, 0, 0, 0, 0, 0, 0, 0, 0, 0, 0, 0, 0, 0, 0, 0]","[0.0, 0.0, 0.0, 0.0, 0.0, 0.0, 0.0, 0.0, 0.0, 0.0, 0.0, 0.0, 0.0, 0.0, 0.0, 0.0, 0.0, 0.0, 0.0, 0.0, 0.0, 0.0, 0.0, 0.0, 0.0, 0.0, 0.0, 0.0, 0.0, 0.0, 0.0, 0.0, 0.0, 0.0, 0.0, 0.0, 0.0, 0.0, 0.0, 0.0, 0.0, 0.0, 0.0, 0.0, 0.0, 0.0, 0.0, 0.0, 0.0, 0.0]",,,,,,,,,,
MovieLens-25M,gap,UCB,Ours,0,1000000,10,0.0,0.0,874991,125009,51695.845932463315,2502914311,simulated,124959,injected samples,0.953787,1.0,78791,5129.777777777777,"[0, 0, 0, 0, 0, 0, 0, 0, 0, 874991]","[5102, 5152, 5152, 5152, 5127, 5102, 5127, 5152, 5102, 78791]","[3.0, 5.0, 5.0, 5.0, 4.0, 3.0, 4.0, 5.0, 3.0, 0.0]",0.0730350127684482,0.0,{},,,,,,,
MovieLens-25M,gap,UCB,Direct,0,1000000,10,0.0,0.0,884432,115568,51695.845932463315,1890648177,simulated,115518,injected samples,0.957064,1.0,72627,4765.666666666667,"[0, 0, 0, 0, 0, 0, 0, 0, 0, 884432]","[4739, 4787, 4787, 4787, 4763, 4739, 4763, 4787, 4739, 72627]","[3.0, 5.0, 5.0, 5.0, 4.0, 3.0, 4.0, 5.0, 3.0, 0.0]",0.08158427704369299,0.0,"{""search"": ""same grid; exact integer TS target envelope"", ""z_stages"": [[0.0, 1.0055705112905038, 4097.0, 115521.0, 333.0], [0.08150620355186701, 0.08199720477808307, 1025.0, 115518.0, 163.0], [0.08158388148023323, 0.08158484046700318, 1025.0, 115518.0, 423.0], [0.08158427668767163, 0.08158427856069266, 1025.0, 115518.0, 195.0], [0.08158427704252132, 0.08158427704617956, 1025.0, 115518.0, 328.0], [0.08158427704368952, 0.08158427704369667, 1025.0, 115518.0, 497.0]]}",,,,,,,
MovieLens-25M,gap,UCB,Two-phase,0,1000000,10,0.0,0.0,1000000,0,51695.845932463315,2644438698,infeasible,,scheduled corrupted rounds,,,0,0.0,,"[0, 0, 0, 0, 0, 0, 0, 0, 0, 0]","[0.0, 0.0, 0.0, 0.0, 0.0, 0.0, 0.0, 0.0, 0.0, 0.0]",,,,0,0,"{""C1"": null, ""C2"": null, ""K"": 10, ""T"": 1000000, ""feasible"": false, ""learner"": ""UCB"", ""learner_setting"": ""mean + sqrt(log(T)/N)"", ""mu"": 0.0, ""reason"": ""undefined at mu_K=0"", ""source"": ""https://proceedings.neurips.cc/paper_files/paper/2021/file/be315e7f05e9f13629031915fe87ad44-Supplemental.pdf"", ""source_section"": ""A.2"", ""target_feedback"": ""deterministic mu_K"", ""total"": null, ""version"": ""xu2021-original-settings-v1""}",,,,
MovieLens-25M,gap,TS,Ours,0,1000000,10,0.0,0.0,817011,182989,51695.845932463315,2629661651,simulated,182939,injected samples,0.937376,1.0,120360,6953.222222222223,"[0, 0, 0, 0, 0, 0, 0, 0, 0, 817011]","[6931, 6971, 6971, 6971, 6951, 6931, 6951, 6971, 6931, 120360]","[3.0, 5.0, 5.0, 5.0, 4.0, 3.0, 4.0, 5.0, 3.0, 0.0]",0.09962408820708102,0.0,{},,,,,,,
MovieLens-25M,gap,TS,Direct,0,1000000,10,0.0,0.0,836484,163516,51695.845932463315,4169151901,simulated,163466,injected samples,0.943623,1.0,107134,6259.111111111111,"[0, 0, 0, 0, 0, 0, 0, 0, 0, 836484]","[6238, 6276, 6276, 6276, 6257, 6238, 6257, 6276, 6238, 107134]","[3.0, 5.0, 5.0, 5.0, 4.0, 3.0, 4.0, 5.0, 3.0, 0.0]",0.10503053530984027,0.0,"{""search"": ""same grid; exact integer TS target envelope"", ""z_stages"": [[0.0, 0.9917340366815204, 4097.0, 163469.0, 434.0], [0.1048390717488033, 0.1053233168839017, 1025.0, 163466.0, 405.0], [0.10503012158726009, 0.10503106737853958, 1025.0, 163466.0, 448.0], [0.10503053444732058, 0.10503053629456917, 1025.0, 163466.0, 479.0], [0.10503053530961044, 0.10503053531321835, 1025.0, 163466.0, 66.0], [0.10503053530983945, 0.1050305353098465, 1025.0, 163466.0, 118.0]]}",,,,,,,
MovieLens-25M,gap,TS,Two-phase,0,1000000,10,0.0,0.0,1000000,0,51695.845932463315,621063432,infeasible,,scheduled corrupted rounds,,,0,0.0,,"[0, 0, 0, 0, 0, 0, 0, 0, 0, 0]","[0.0, 0.0, 0.0, 0.0, 0.0, 0.0, 0.0, 0.0, 0.0, 0.0]",,,,0,0,"{""C1"": null, ""C2"": null, ""K"": 10, ""T"": 1000000, ""feasible"": false, ""learner"": ""TS"", ""learner_setting"": ""Beta(sum+1, N-sum+1)"", ""mu"": 0.0, ""reason"": ""undefined at mu_K=0"", ""source"": ""https://proceedings.neurips.cc/paper_files/paper/2021/file/be315e7f05e9f13629031915fe87ad44-Supplemental.pdf"", ""source_section"": ""A.4"", ""target_feedback"": ""Bernoulli(mu_K)"", ""total"": null, ""version"": ""xu2021-original-settings-v1""}",,,,
MovieLens-25M,gap,UCB,Ours,0,1000000,10,0.1,0.005169584593246332,880572,119428,51695.845932463315,2701868191,simulated,119378,injected samples,0.95394,1.0,73363,5112.777777777777,"[0, 0, 0, 0, 0, 0, 0, 0, 0, 880572]","[5085, 5135, 5135, 5135, 5110, 5085, 5110, 5135, 5085, 73363]","[3.0, 5.0, 5.0, 5.0, 4.0, 3.0, 4.0, 5.0, 3.0, 0.02584792296623166]",0.07316407788180793,0.005169584593246332,{},,,,,,,
MovieLens-25M,gap,UCB,Direct,0,1000000,10,0.1,0.005169584593246332,889028,110972,51695.845932463315,3496576486,simulated,110922,injected samples,0.957091,1.0,68058,4762.666666666667,"[0, 0, 0, 0, 0, 0, 0, 0, 0, 889028]","[4736, 4784, 4784, 4784, 4760, 4736, 4760, 4784, 4736, 68058]","[3.0, 5.0, 5.0, 5.0, 4.0, 3.0, 4.0, 5.0, 3.0, 0.02584792296623166]",0.08161015355442137,0.005169584593246332,"{""search"": ""same grid; exact integer TS target envelope"", ""z_stages"": [[0.0, 1.005570537139616, 4097.0, 110925.0, 333.0], [0.08150620564705871, 0.08199720688589641, 1025.0, 110922.0, 217.0], [0.08160977622087603, 0.08161073520767065, 1025.0, 110922.0, 403.0], [0.08161015269811377, 0.08161015457113485, 1025.0, 110922.0, 469.0], [0.08161015355414293, 0.08161015355780118, 1025.0, 110922.0, 78.0], [0.08161015355441802, 0.08161015355442516, 1025.0, 110922.0, 481.0]]}",,,,,,,
MovieLens-25M,gap,UCB,Two-phase,0,1000000,10,0.1,0.005169584593246332,1000000,0,51695.845932463315,1438807487,infeasible,5196454,scheduled corrupted rounds,,,0,0.0,,"[0, 0, 0, 0, 0, 0, 0, 0, 0, 0]","[0.0, 0.0, 0.0, 0.0, 0.0, 0.0, 0.0, 0.0, 0.0, 0.0]",,,,5169590,26864,"{""C1"": 5169590, ""C2"": 26864, ""K"": 10, ""T"": 1000000, ""feasible"": false, ""learner"": ""UCB"", ""learner_setting"": ""mean + sqrt(log(T)/N)"", ""mu"": 0.005169584593246332, ""reason"": ""original budget reaches/exceeds T"", ""source"": ""https://proceedings.neurips.cc/paper_files/paper/2021/file/be315e7f05e9f13629031915fe87ad44-Supplemental.pdf"", ""source_section"": ""A.2"", ""target_feedback"": ""deterministic mu_K"", ""total"": 5196454, ""version"": ""xu2021-original-settings-v1""}",,,,
MovieLens-25M,gap,TS,Ours,0,1000000,10,0.1,0.005169584593246332,822777,177223,51695.845932463315,2444024806,simulated,177173,injected samples,0.937574,1.0,114792,6931.222222222223,"[0, 0, 0, 0, 0, 0, 0, 0, 0, 822777]","[6909, 6949, 6949, 6949, 6929, 6909, 6929, 6949, 6909, 114792]","[3.0, 5.0, 5.0, 5.0, 4.0, 3.0, 4.0, 5.0, 3.0, 0.02584792296623166]",0.09978371354935944,0.005169584593246332,{},,,,,,,
MovieLens-25M,gap,TS,Direct,0,1000000,10,0.1,0.005169584593246332,840831,159169,51695.845932463315,4016115970,simulated,159119,injected samples,0.943623,1.0,102787,6259.111111111111,"[0, 0, 0, 0, 0, 0, 0, 0, 0, 840831]","[6238, 6276, 6276, 6276, 6257, 6238, 6257, 6276, 6238, 102787]","[3.0, 5.0, 5.0, 5.0, 4.0, 3.0, 4.0, 5.0, 3.0, 0.02584792296623166]",0.10503053530984027,0.005169584593246332,"{""search"": ""same grid; exact integer TS target envelope"", ""z_stages"": [[0.0, 0.9917340625306325, 4097.0, 159122.0, 434.0], [0.10483907448138766, 0.1053233196291077, 1025.0, 159119.0, 405.0], [0.10503012432482407, 0.10503107011612822, 1025.0, 159119.0, 445.0], [0.10503053441402235, 0.105030536261271, 1025.0, 159119.0, 497.0], [0.10503053530878341, 0.10503053531239133, 1025.0, 159119.0, 300.0], [0.1050305353098369, 0.10503053530984394, 1025.0, 159119.0, 490.0]]}",,,,,,,
MovieLens-25M,gap,TS,Two-phase,0,1000000,10,0.1,0.005169584593246332,1000000,0,51695.845932463315,3568781042,infeasible,2098502,scheduled corrupted rounds,,,0,0.0,,"[0, 0, 0, 0, 0, 0, 0, 0, 0, 0]","[0.0, 0.0, 0.0, 0.0, 0.0, 0.0, 0.0, 0.0, 0.0, 0.0]",,,,2067834,30668,"{""C1"": 2067834, ""C2"": 30668, ""K"": 10, ""T"": 1000000, ""beta"": 0.9545316954435116, ""feasible"": false, ""learner"": ""TS"", ""learner_setting"": ""Beta(sum+1, N-sum+1)"", ""mu"": 0.005169584593246332, ""n1"": 201972.97093474137, ""n2"": 211593.82906525867, ""n3"": 1.0496843132033238, ""promotion_term"": 21490.784001452565, ""reason"": ""original budget reaches/exceeds T"", ""source"": ""https://proceedings.neurips.cc/paper_files/paper/2021/file/be315e7f05e9f13629031915fe87ad44-Supplemental.pdf"", ""source_section"": ""A.4"", ""target_feedback"": ""Bernoulli(mu_K)"", ""total"": 2098502, ""version"": ""xu2021-original-settings-v1"", ""waiting_term"": 9176.919442654274}",,,,
MovieLens-25M,gap,UCB,Ours,0,1000000,10,0.2,0.010339169186492664,886143,113857,51695.845932463315,1577997129,simulated,113807,injected samples,0.954084,1.0,67936,5096.777777777777,"[0, 0, 0, 0, 0, 0, 0, 0, 0, 886143]","[5069, 5119, 5119, 5119, 5094, 5069, 5094, 5119, 5069, 67936]","[3.0, 5.0, 5.0, 5.0, 4.0, 3.0, 4.0, 5.0, 3.0, 0.05169584593246332]",0.07329401406619745,0.010339169186492664,{},,,,,,,
MovieLens-25M,gap,UCB,Direct,0,1000000,10,0.2,0.010339169186492664,893672,106328,51695.845932463315,841912725,simulated,106278,injected samples,0.957109,1.0,63432,4760.666666666667,"[0, 0, 0, 0, 0, 0, 0, 0, 0, 893672]","[4734, 4782, 4782, 4782, 4758, 4734, 4758, 4782, 4734, 63432]","[3.0, 5.0, 5.0, 5.0, 4.0, 3.0, 4.0, 5.0, 3.0, 0.05169584593246332]",0.08162741818770361,0.010339169186492664,"{""search"": ""same grid; exact integer TS target envelope"", ""z_stages"": [[0.0, 1.005570562988728, 4097.0, 106281.0, 333.0], [0.08150620774225041, 0.08199720899370976, 1025.0, 106278.0, 253.0], [0.08162704008147674, 0.08162799906829599, 1025.0, 106278.0, 404.0], [0.08162741749523471, 0.08162741936825584, 1025.0, 106278.0, 379.0], [0.0816274181866429, 0.08162741819030114, 1025.0, 106278.0, 297.0], [0.08162741818770036, 0.08162741818770751, 1025.0, 106278.0, 465.0]]}",,,,,,,
MovieLens-25M,gap,UCB,Two-phase,0,1000000,10,0.2,0.010339169186492664,1000000,0,51695.845932463315,2030776026,infeasible,1305902,scheduled corrupted rounds,,,0,0.0,,"[0, 0, 0, 0, 0, 0, 0, 0, 0, 0]","[0.0, 0.0, 0.0, 0.0, 0.0, 0.0, 0.0, 0.0, 0.0, 0.0]",,,,1292400,13502,"{""C1"": 1292400, ""C2"": 13502, ""K"": 10, ""T"": 1000000, ""feasible"": false, ""learner"": ""UCB"", ""learner_setting"": ""mean + sqrt(log(T)/N)"", ""mu"": 0.010339169186492664, ""reason"": ""original budget reaches/exceeds T"", ""source"": ""https://proceedings.neurips.cc/paper_files/paper/2021/file/be315e7f05e9f13629031915fe87ad44-Supplemental.pdf"", ""source_section"": ""A.2"", ""target_feedback"": ""deterministic mu_K"", ""total"": 1305902, ""version"": ""xu2021-original-settings-v1""}",,,,
MovieLens-25M,gap,TS,Ours,0,1000000,10,0.2,0.010339169186492664,828544,171456,51695.845932463315,2817585109,simulated,171406,injected samples,0.937772,1.0,109223,6909.222222222223,"[0, 0, 0, 0, 0, 0, 0, 0, 0, 828544]","[6887, 6927, 6927, 6927, 6907, 6887, 6907, 6927, 6887, 109223]","[3.0, 5.0, 5.0, 5.0, 4.0, 3.0, 4.0, 5.0, 3.0, 0.05169584593246332]",0.09994440447156464,0.010339169186492664,{},,,,,,,
MovieLens-25M,gap,TS,Direct,0,1000000,10,0.2,0.010339169186492664,845223,154777,51695.845932463315,2245972440,simulated,154727,injected samples,0.943614,1.0,98386,6260.111111111111,"[0, 0, 0, 0, 0, 0, 0, 0, 0, 845223]","[6239, 6277, 6277, 6277, 6258, 6239, 6258, 6277, 6239, 98386]","[3.0, 5.0, 5.0, 5.0, 4.0, 3.0, 4.0, 5.0, 3.0, 0.05169584593246332]",0.1050220859776921,0.010339169186492664,"{""search"": ""same grid; exact integer TS target envelope"", ""z_stages"": [[0.0, 0.9917340883797444, 4097.0, 154730.0, 434.0], [0.10483907721397201, 0.10532332237431367, 1025.0, 154727.0, 387.0], [0.10502161494042893, 0.10502256073175772, 1025.0, 154727.0, 510.0], [0.10502208506522029, 0.10502208691246898, 1025.0, 154727.0, 506.0], [0.10502208597621696, 0.10502208597982486, 1025.0, 154727.0, 419.0], [0.10502208597768971, 0.10502208597769676, 1025.0, 154727.0, 346.0]]}",,,,,,,
MovieLens-25M,gap,TS,Two-phase,0,1000000,10,0.2,0.010339169186492664,1000000,0,51695.845932463315,1498738373,simulated,539705,scheduled corrupted rounds,0.534499,0.534499,0,0.0,"[51684, 51799, 51696, 51762, 51596, 51738, 51753, 51708, 51765, 534499]","[0, 0, 0, 0, 0, 0, 0, 0, 0, 0]","[0.0, 0.0, 0.0, 0.0, 0.0, 0.0, 0.0, 0.0, 0.0, 0.0]",,,,516959,22746,"{""C1"": 516959, ""C2"": 22746, ""K"": 10, ""T"": 1000000, ""beta"": 0.9110860762152083, ""feasible"": true, ""learner"": ""TS"", ""learner_setting"": ""Beta(sum+1, N-sum+1)"", ""mu"": 0.010339169186492664, ""n1"": 49290.684304214476, ""n2"": 54101.115695785535, ""n3"": 1.0997390623339454, ""promotion_term"": 10801.53199371647, ""reason"": """", ""source"": ""https://proceedings.neurips.cc/paper_files/paper/2021/file/be315e7f05e9f13629031915fe87ad44-Supplemental.pdf"", ""source_section"": ""A.4"", ""target_feedback"": ""Bernoulli(mu_K)"", ""total"": 539705, ""version"": ""xu2021-original-settings-v1"", ""waiting_term"": 11943.844471723236}","[51683, 51798, 51695, 51762, 51596, 51738, 51751, 51708, 51764, 51464]","[1, 1, 1, 0, 0, 0, 2, 0, 1, 22740]","[0, 0, 0, 0, 0, 0, 0, 0, 0, 460295]",1.0
MovieLens-25M,gap,UCB,Ours,0,1000000,10,0.3,0.015508753779738994,891725,108275,51695.845932463315,3693001027,simulated,108225,injected samples,0.954237,1.0,62507,5079.777777777777,"[0, 0, 0, 0, 0, 0, 0, 0, 0, 891725]","[5052, 5102, 5102, 5102, 5077, 5052, 5077, 5102, 5052, 62507]","[3.0, 5.0, 5.0, 5.0, 4.0, 3.0, 4.0, 5.0, 3.0, 0.07754376889869496]",0.07342483651600251,0.015508753779738994,{},,,,,,,
MovieLens-25M,gap,UCB,Direct,0,1000000,10,0.3,0.015508753779738994,898364,101636,51695.845932463315,825628235,simulated,101586,injected samples,0.957019,1.0,58650,4770.666666666667,"[0, 0, 0, 0, 0, 0, 0, 0, 0, 898364]","[4744, 4792, 4792, 4792, 4768, 4744, 4768, 4792, 4744, 58650]","[3.0, 5.0, 5.0, 5.0, 4.0, 3.0, 4.0, 5.0, 3.0, 0.07754376889869496]",0.0815412039349964,0.015508753779738994,"{""search"": ""same grid; exact integer TS target envelope"", ""z_stages"": [[0.0, 1.00557058883784, 4097.0, 101589.0, 332.0], [0.08126070920540161, 0.08175171046948258, 1025.0, 101586.0, 585.0], [0.0815407333638228, 0.0815416923506667, 1025.0, 101586.0, 503.0], [0.08154120349213885, 0.08154120536516003, 1025.0, 101586.0, 243.0], [0.08154120393478644, 0.08154120393844468, 1025.0, 101586.0, 59.0], [0.08154120393499364, 0.08154120393500079, 1025.0, 101586.0, 395.0]]}",,,,,,,
MovieLens-25M,gap,UCB,Two-phase,0,1000000,10,0.3,0.015508753779738994,1000000,0,51695.845932463315,819721444,simulated,583449,scheduled corrupted rounds,0.483031,0.483031,0,0.0,"[57441, 57441, 57441, 57441, 57441, 57441, 57441, 57441, 57441, 483031]","[0, 0, 0, 0, 0, 0, 0, 0, 0, 0]","[0.0, 0.0, 0.0, 0.0, 0.0, 0.0, 0.0, 0.0, 0.0, 0.0]",,,,574400,9049,"{""C1"": 574400, ""C2"": 9049, ""K"": 10, ""T"": 1000000, ""feasible"": true, ""learner"": ""UCB"", ""learner_setting"": ""mean + sqrt(log(T)/N)"", ""mu"": 0.015508753779738994, ""reason"": """", ""source"": ""https://proceedings.neurips.cc/paper_files/paper/2021/file/be315e7f05e9f13629031915fe87ad44-Supplemental.pdf"", ""source_section"": ""A.2"", ""target_feedback"": ""deterministic mu_K"", ""total"": 583449, ""version"": ""xu2021-original-settings-v1""}","[57440, 57440, 57440, 57440, 57440, 57440, 57440, 57440, 57440, 57440]","[1, 1, 1, 1, 1, 1, 1, 1, 1, 9040]","[0, 0, 0, 0, 0, 0, 0, 0, 0, 416551]",1.0
MovieLens-25M,gap,TS,Ours,0,1000000,10,0.3,0.015508753779738994,834312,165688,51695.845932463315,654752048,simulated,165638,injected samples,0.93797,1.0,103653,6887.222222222223,"[0, 0, 0, 0, 0, 0, 0, 0, 0, 834312]","[6865, 6905, 6905, 6905, 6885, 6865, 6885, 6905, 6865, 103653]","[3.0, 5.0, 5.0, 5.0, 4.0, 3.0, 4.0, 5.0, 3.0, 0.07754376889869496]",0.10010617647559994,0.015508753779738994,{},,,,,,,
MovieLens-25M,gap,TS,Direct,0,1000000,10,0.3,0.015508753779738994,849662,150338,51695.845932463315,1030145488,simulated,150288,injected samples,0.94383,1.0,94163,6236.111111111111,"[0, 0, 0, 0, 0, 0, 0, 0, 0, 849662]","[6215, 6253, 6253, 6253, 6234, 6215, 6234, 6253, 6215, 94163]","[3.0, 5.0, 5.0, 5.0, 4.0, 3.0, 4.0, 5.0, 3.0, 0.07754376889869496]",0.10522543368951705,0.015508753779738994,"{""search"": ""same grid; exact integer TS target envelope"", ""z_stages"": [[0.0, 0.9917341142288565, 4097.0, 150291.0, 434.0], [0.10483907994655636, 0.10532332511951967, 1025.0, 150288.0, 817.0], [0.1052249628187615, 0.10522590861011494, 1025.0, 150288.0, 510.0], [0.10522543294356511, 0.10522543479081385, 1025.0, 150288.0, 414.0], [0.10522543368859805, 0.10522543369220595, 1025.0, 150288.0, 261.0], [0.10522543368951412, 0.10522543368952117, 1025.0, 150288.0, 425.0]]}",,,,,,,
MovieLens-25M,gap,TS,Two-phase,0,1000000,10,0.3,0.015508753779738994,1000000,0,51695.845932463315,604203560,simulated,252629,scheduled corrupted rounds,0.79319,0.79319,0,0.0,"[22925, 22982, 23003, 22876, 23005, 22977, 22988, 23136, 22918, 793190]","[0, 0, 0, 0, 0, 0, 0, 0, 0, 0]","[0.0, 0.0, 0.0, 0.0, 0.0, 0.0, 0.0, 0.0, 0.0, 0.0]",,,,229760,22869,"{""C1"": 229760, ""C2"": 22869, ""K"": 10, ""T"": 1000000, ""beta"": 0.8695323470156004, ""feasible"": true, ""learner"": ""TS"", ""learner_setting"": ""Beta(sum+1, N-sum+1)"", ""mu"": 0.015508753779738994, ""n1"": 21372.5213186025, ""n2"": 24579.4786813975, ""n3"": 1.1522940470257748, ""promotion_term"": 7238.848048905075, ""reason"": """", ""source"": ""https://proceedings.neurips.cc/paper_files/paper/2021/file/be315e7f05e9f13629031915fe87ad44-Supplemental.pdf"", ""source_section"": ""A.4"", ""target_feedback"": ""Bernoulli(mu_K)"", ""total"": 252629, ""version"": ""xu2021-original-settings-v1"", ""waiting_term"": 15629.872243122792}","[22925, 22981, 23003, 22875, 23003, 22977, 22988, 23136, 22918, 22954]","[0, 1, 0, 1, 2, 0, 0, 0, 0, 22865]","[0, 0, 0, 0, 0, 0, 0, 0, 0, 747371]",1.0
MovieLens-25M,gap,UCB,Ours,0,1000000,10,0.4,0.020678338372985328,897307,102693,51695.845932463315,805785421,simulated,102643,injected samples,0.95439,1.0,57078,5062.777777777777,"[0, 0, 0, 0, 0, 0, 0, 0, 0, 897307]","[5035, 5085, 5085, 5085, 5060, 5035, 5060, 5085, 5035, 57078]","[3.0, 5.0, 5.0, 5.0, 4.0, 3.0, 4.0, 5.0, 3.0, 0.10339169186492664]",0.07355655391535296,0.020678338372985328,{},,,,,,,
MovieLens-25M,gap,UCB,Direct,0,1000000,10,0.4,0.020678338372985328,903107,96893,51695.845932463315,4290050275,simulated,96843,injected samples,0.957118,1.0,54006,4759.666666666667,"[0, 0, 0, 0, 0, 0, 0, 0, 0, 903107]","[4733, 4781, 4781, 4781, 4757, 4733, 4757, 4781, 4733, 54006]","[3.0, 5.0, 5.0, 5.0, 4.0, 3.0, 4.0, 5.0, 3.0, 0.10339169186492664]",0.08163605459648252,0.020678338372985328,"{""search"": ""same grid; exact integer TS target envelope"", ""z_stages"": [[0.0, 1.0055706146869519, 4097.0, 96846.0, 333.0], [0.0815062119326338, 0.08199721320933641, 1025.0, 96843.0, 271.0], [0.08163567515988937, 0.08163663414675792, 1025.0, 96843.0, 406.0], [0.08163605444668796, 0.0816360563197092, 1025.0, 96843.0, 82.0], [0.08163605459484687, 0.08163605459850512, 1025.0, 96843.0, 458.0], [0.0816360545964795, 0.08163605459648665, 1025.0, 96843.0, 431.0]]}",,,,,,,
MovieLens-25M,gap,UCB,Two-phase,0,1000000,10,0.4,0.020678338372985328,1000000,0,51695.845932463315,3669332672,simulated,329923,scheduled corrupted rounds,0.709201,0.709201,0,0.0,"[32311, 32311, 32311, 32311, 32311, 32311, 32311, 32311, 32311, 709201]","[0, 0, 0, 0, 0, 0, 0, 0, 0, 0]","[0.0, 0.0, 0.0, 0.0, 0.0, 0.0, 0.0, 0.0, 0.0, 0.0]",,,,323100,6823,"{""C1"": 323100, ""C2"": 6823, ""K"": 10, ""T"": 1000000, ""feasible"": true, ""learner"": ""UCB"", ""learner_setting"": ""mean + sqrt(log(T)/N)"", ""mu"": 0.020678338372985328, ""reason"": """", ""source"": ""https://proceedings.neurips.cc/paper_files/paper/2021/file/be315e7f05e9f13629031915fe87ad44-Supplemental.pdf"", ""source_section"": ""A.2"", ""target_feedback"": ""deterministic mu_K"", ""total"": 329923, ""version"": ""xu2021-original-settings-v1""}","[32310, 32310, 32310, 32310, 32310, 32310, 32310, 32310, 32310, 32310]","[1, 1, 1, 1, 1, 1, 1, 1, 1, 6814]","[0, 0, 0, 0, 0, 0, 0, 0, 0, 670077]",1.0
MovieLens-25M,gap,TS,Ours,0,1000000,10,0.4,0.020678338372985328,840084,159916,51695.845932463315,3755691539,simulated,159866,injected samples,0.938172,1.0,98083,6864.777777777777,"[0, 0, 0, 0, 0, 0, 0, 0, 0, 840084]","[6843, 6882, 6882, 6882, 6863, 6843, 6863, 6882, 6843, 98083]","[3.0, 5.0, 5.0, 5.0, 4.0, 3.0, 4.0, 5.0, 3.0, 0.10339169186492664]",0.10026904076267995,0.020678338372985328,{},,,,,,,
MovieLens-25M,gap,TS,Direct,0,1000000,10,0.4,0.020678338372985328,854147,145853,51695.845932463315,4274713238,simulated,145803,injected samples,0.943695,1.0,89543,6251.111111111111,"[0, 0, 0, 0, 0, 0, 0, 0, 0, 854147]","[6230, 6268, 6268, 6268, 6249, 6230, 6249, 6268, 6230, 89543]","[3.0, 5.0, 5.0, 5.0, 4.0, 3.0, 4.0, 5.0, 3.0, 0.10339169186492664]",0.10509820335059326,0.020678338372985328,"{""search"": ""same grid; exact integer TS target envelope"", ""z_stages"": [[0.0, 0.9917341400779685, 4097.0, 145806.0, 434.0], [0.1048390826791407, 0.10532332786472565, 1025.0, 145803.0, 548.0], [0.10509775662104985, 0.10509870241242794, 1025.0, 145803.0, 484.0], [0.10509820273163151, 0.10509820457888029, 1025.0, 145803.0, 344.0], [0.10509820335038769, 0.1050982033539956, 1025.0, 145803.0, 59.0], [0.10509820335059204, 0.10509820335059909, 1025.0, 145803.0, 177.0]]}",,,,,,,
MovieLens-25M,gap,TS,Two-phase,0,1000000,10,0.4,0.020678338372985328,1000000,0,51695.845932463315,2089929580,simulated,155270,scheduled corrupted rounds,0.883656,0.883656,0,0.0,"[12888, 12998, 12922, 12937, 12913, 12840, 13037, 12976, 12833, 883656]","[0, 0, 0, 0, 0, 0, 0, 0, 0, 0]","[0.0, 0.0, 0.0, 0.0, 0.0, 0.0, 0.0, 0.0, 0.0, 0.0]",,,,129240,26030,"{""C1"": 129240, ""C2"": 26030, ""K"": 10, ""T"": 1000000, ""beta"": 0.8297505246489114, ""feasible"": true, ""learner"": ""TS"", ""learner_setting"": ""Beta(sum+1, N-sum+1)"", ""mu"": 0.020678338372985328, ""n1"": 11721.390988951873, ""n2"": 14126.609011048127, ""n3"": 1.2075399983463464, ""promotion_term"": 5457.795035156615, ""reason"": """", ""source"": ""https://proceedings.neurips.cc/paper_files/paper/2021/file/be315e7f05e9f13629031915fe87ad44-Supplemental.pdf"", ""source_section"": ""A.4"", ""target_feedback"": ""Bernoulli(mu_K)"", ""total"": 155270, ""version"": ""xu2021-original-settings-v1"", ""waiting_term"": 20571.576084349912}","[12887, 12997, 12922, 12935, 12913, 12838, 13036, 12976, 12831, 12905]","[1, 1, 0, 2, 0, 2, 1, 0, 2, 26021]","[0, 0, 0, 0, 0, 0, 0, 0, 0, 844730]",1.0
MovieLens-25M,gap,UCB,Ours,0,1000000,10,0.5,0.025847922966231656,902889,97111,51695.845932463315,4208084214,simulated,97061,injected samples,0.954543,1.0,51649,5045.777777777777,"[0, 0, 0, 0, 0, 0, 0, 0, 0, 902889]","[5018, 5068, 5068, 5068, 5043, 5018, 5043, 5068, 5018, 51649]","[3.0, 5.0, 5.0, 5.0, 4.0, 3.0, 4.0, 5.0, 3.0, 0.12923961483115828]",0.07368917778304968,0.025847922966231656,{},,,,,,,
MovieLens-25M,gap,UCB,Direct,0,1000000,10,0.5,0.025847922966231656,907899,92101,51695.845932463315,3796790410,simulated,92051,injected samples,0.957019,1.0,49115,4770.666666666667,"[0, 0, 0, 0, 0, 0, 0, 0, 0, 907899]","[4744, 4792, 4792, 4792, 4768, 4744, 4768, 4792, 4744, 49115]","[3.0, 5.0, 5.0, 5.0, 4.0, 3.0, 4.0, 5.0, 3.0, 0.12923961483115828]",0.0815412039349964,0.025847922966231656,"{""search"": ""same grid; exact integer TS target envelope"", ""z_stages"": [[0.0, 1.005570640536064, 4097.0, 92054.0, 333.0], [0.0815062140278255, 0.08199721531714975, 1025.0, 92051.0, 73.0], [0.08154073755598111, 0.08154169654287433, 1025.0, 92051.0, 498.0], [0.08154120300176815, 0.08154120487478943, 1025.0, 92051.0, 511.0], [0.08154120393462054, 0.0815412039382788, 1025.0, 92051.0, 106.0], [0.08154120393499566, 0.0815412039350028, 1025.0, 92051.0, 107.0]]}",,,,,,,
MovieLens-25M,gap,UCB,Two-phase,0,1000000,10,0.5,0.025847922966231656,1000000,0,51695.845932463315,2179163383,simulated,212277,scheduled corrupted rounds,0.81388,0.81388,0,0.0,"[20680, 20680, 20680, 20680, 20680, 20680, 20680, 20680, 20680, 813880]","[0, 0, 0, 0, 0, 0, 0, 0, 0, 0]","[0.0, 0.0, 0.0, 0.0, 0.0, 0.0, 0.0, 0.0, 0.0, 0.0]",,,,206790,5487,"{""C1"": 206790, ""C2"": 5487, ""K"": 10, ""T"": 1000000, ""feasible"": true, ""learner"": ""UCB"", ""learner_setting"": ""mean + sqrt(log(T)/N)"", ""mu"": 0.025847922966231656, ""reason"": """", ""source"": ""https://proceedings.neurips.cc/paper_files/paper/2021/file/be315e7f05e9f13629031915fe87ad44-Supplemental.pdf"", ""source_section"": ""A.2"", ""target_feedback"": ""deterministic mu_K"", ""total"": 212277, ""version"": ""xu2021-original-settings-v1""}","[20679, 20679, 20679, 20679, 20679, 20679, 20679, 20679, 20679, 20679]","[1, 1, 1, 1, 1, 1, 1, 1, 1, 5478]","[0, 0, 0, 0, 0, 0, 0, 0, 0, 787723]",1.0
MovieLens-25M,gap,TS,Ours,0,1000000,10,0.5,0.025847922966231656,845858,154142,51695.845932463315,985353840,simulated,154092,injected samples,0.938375,1.0,92512,6842.222222222223,"[0, 0, 0, 0, 0, 0, 0, 0, 0, 845858]","[6820, 6860, 6860, 6860, 6840, 6820, 6840, 6860, 6820, 92512]","[3.0, 5.0, 5.0, 5.0, 4.0, 3.0, 4.0, 5.0, 3.0, 0.12923961483115828]",0.10043300924736165,0.025847922966231656,{},,,,,,,
MovieLens-25M,gap,TS,Direct,0,1000000,10,0.5,0.025847922966231656,858679,141321,51695.845932463315,2802995033,simulated,141271,injected samples,0.94356,1.0,84876,6266.111111111111,"[0, 0, 0, 0, 0, 0, 0, 0, 0, 858679]","[6245, 6283, 6283, 6283, 6264, 6245, 6264, 6283, 6245, 84876]","[3.0, 5.0, 5.0, 5.0, 4.0, 3.0, 4.0, 5.0, 3.0, 0.12923961483115828]",0.10497143270604688,0.025847922966231656,"{""search"": ""same grid; exact integer TS target envelope"", ""z_stages"": [[0.0, 0.9917341659270805, 4097.0, 141273.0, 434.0], [0.10483908541172507, 0.10532333060993165, 1025.0, 141271.0, 280.0], [0.1049710233124083, 0.10497196910381106, 1025.0, 141271.0, 444.0], [0.10497143247802493, 0.10497143432527375, 1025.0, 141271.0, 127.0], [0.10497143270532312, 0.10497143270893103, 1025.0, 141271.0, 206.0], [0.1049714327060454, 0.10497143270605246, 1025.0, 141271.0, 213.0]]}",,,,,,,
MovieLens-25M,gap,TS,Two-phase,0,1000000,10,0.5,0.025847922966231656,1000000,0,51695.845932463315,3860057295,simulated,114345,scheduled corrupted rounds,0.925486,0.925486,0,0.0,"[8326, 8318, 8308, 8286, 8210, 8283, 8266, 8204, 8313, 925486]","[0, 0, 0, 0, 0, 0, 0, 0, 0, 0]","[0.0, 0.0, 0.0, 0.0, 0.0, 0.0, 0.0, 0.0, 0.0, 0.0]",,,,82714,31631,"{""C1"": 82714, ""C2"": 31631, ""K"": 10, ""T"": 1000000, ""beta"": 0.7916312468634676, ""feasible"": true, ""learner"": ""TS"", ""learner_setting"": ""Beta(sum+1, N-sum+1)"", ""mu"": 0.025847922966231656, ""n1"": 7309.3104648547105, ""n2"": 9233.48953514529, ""n3"": 1.2656864558243412, ""promotion_term"": 4389.427791888336, ""reason"": """", ""source"": ""https://proceedings.neurips.cc/paper_files/paper/2021/file/be315e7f05e9f13629031915fe87ad44-Supplemental.pdf"", ""source_section"": ""A.4"", ""target_feedback"": ""Bernoulli(mu_K)"", ""total"": 114345, ""version"": ""xu2021-original-settings-v1"", ""waiting_term"": 27241.08315291435}","[8326, 8316, 8308, 8285, 8209, 8281, 8266, 8203, 8313, 8207]","[0, 2, 0, 1, 1, 2, 0, 1, 0, 31624]","[0, 0, 0, 0, 0, 0, 0, 0, 0, 885655]",1.0
MovieLens-25M,gap,UCB,Ours,0,1000000,10,0.75,0.03877188444934749,916840,83160,51695.845932463315,2053801100,simulated,83110,injected samples,0.954918,1.0,38073,5004.111111111111,"[0, 0, 0, 0, 0, 0, 0, 0, 0, 916840]","[4977, 5026, 5026, 5026, 5001, 4977, 5001, 5026, 4977, 38073]","[3.0, 5.0, 5.0, 5.0, 4.0, 3.0, 4.0, 5.0, 3.0, 0.19385942224673744]",0.07402477579741279,0.03877188444934749,{},,,,,,,
MovieLens-25M,gap,UCB,Direct,0,1000000,10,0.75,0.03877188444934749,920106,79894,51695.845932463315,2208876274,simulated,79844,injected samples,0.957019,1.0,36908,4770.666666666667,"[0, 0, 0, 0, 0, 0, 0, 0, 0, 920106]","[4744, 4792, 4792, 4792, 4768, 4744, 4768, 4792, 4744, 36908]","[3.0, 5.0, 5.0, 5.0, 4.0, 3.0, 4.0, 5.0, 3.0, 0.19385942224673744]",0.0815412039349964,0.03877188444934749,"{""search"": ""same grid; exact integer TS target envelope"", ""z_stages"": [[0.0, 1.005570705158844, 4097.0, 79847.0, 333.0], [0.08150621926580474, 0.08199722058668309, 1025.0, 79844.0, 73.0], [0.081540742796179, 0.08154170178313384, 1025.0, 79844.0, 493.0], [0.08154120355944246, 0.08154120543246385, 1025.0, 79844.0, 206.0], [0.08154120393441255, 0.08154120393807081, 1025.0, 79844.0, 164.0], [0.08154120393499488, 0.08154120393500201, 1025.0, 79844.0, 219.0]]}",,,,,,,
MovieLens-25M,gap,UCB,Two-phase,0,1000000,10,0.75,0.03877188444934749,1000000,0,51695.845932463315,2971504971,simulated,95618,scheduled corrupted rounds,0.917272,0.917272,0,0.0,"[9192, 9192, 9192, 9192, 9192, 9192, 9192, 9192, 9192, 917272]","[0, 0, 0, 0, 0, 0, 0, 0, 0, 0]","[0.0, 0.0, 0.0, 0.0, 0.0, 0.0, 0.0, 0.0, 0.0, 0.0]",,,,91910,3708,"{""C1"": 91910, ""C2"": 3708, ""K"": 10, ""T"": 1000000, ""feasible"": true, ""learner"": ""UCB"", ""learner_setting"": ""mean + sqrt(log(T)/N)"", ""mu"": 0.03877188444934749, ""reason"": """", ""source"": ""https://proceedings.neurips.cc/paper_files/paper/2021/file/be315e7f05e9f13629031915fe87ad44-Supplemental.pdf"", ""source_section"": ""A.2"", ""target_feedback"": ""deterministic mu_K"", ""total"": 95618, ""version"": ""xu2021-original-settings-v1""}","[9191, 9191, 9191, 9191, 9191, 9191, 9191, 9191, 9191, 9191]","[1, 1, 1, 1, 1, 1, 1, 1, 1, 3699]","[0, 0, 0, 0, 0, 0, 0, 0, 0, 904382]",1.0
MovieLens-25M,gap,TS,Ours,0,1000000,10,0.75,0.03877188444934749,860290,139710,51695.845932463315,67460026,simulated,139660,injected samples,0.938876,1.0,78581,6786.555555555556,"[0, 0, 0, 0, 0, 0, 0, 0, 0, 860290]","[6765, 6804, 6804, 6804, 6784, 6765, 6784, 6804, 6765, 78581]","[3.0, 5.0, 5.0, 5.0, 4.0, 3.0, 4.0, 5.0, 3.0, 0.19385942224673744]",0.10084786032179255,0.03877188444934749,{},,,,,,,
MovieLens-25M,gap,TS,Direct,0,1000000,10,0.75,0.03877188444934749,870225,129775,51695.845932463315,1636956686,simulated,129725,injected samples,0.943695,1.0,73465,6251.111111111111,"[0, 0, 0, 0, 0, 0, 0, 0, 0, 870225]","[6230, 6268, 6268, 6268, 6249, 6230, 6249, 6268, 6230, 73465]","[3.0, 5.0, 5.0, 5.0, 4.0, 3.0, 4.0, 5.0, 3.0, 0.19385942224673744]",0.10509820335059326,0.03877188444934749,"{""search"": ""same grid; exact integer TS target envelope"", ""z_stages"": [[0.0, 0.9917342305498605, 4097.0, 129728.0, 434.0], [0.10483909224318594, 0.10532333747294662, 1025.0, 129725.0, 548.0], [0.10509776620869286, 0.10509871200015723, 1025.0, 129725.0, 474.0], [0.10509820308307045, 0.1050982049303194, 1025.0, 129725.0, 149.0], [0.10509820335005565, 0.10509820335366356, 1025.0, 129725.0, 153.0], [0.1050982033505912, 0.10509820335059825, 1025.0, 129725.0, 300.0]]}",,,,,,,
MovieLens-25M,gap,TS,Two-phase,0,1000000,10,0.75,0.03877188444934749,1000000,0,51695.845932463315,160450674,simulated,96319,scheduled corrupted rounds,0.966885,0.966885,0,0.0,"[3688, 3680, 3682, 3700, 3646, 3644, 3696, 3704, 3675, 966885]","[0, 0, 0, 0, 0, 0, 0, 0, 0, 0]","[0.0, 0.0, 0.0, 0.0, 0.0, 0.0, 0.0, 0.0, 0.0, 0.0]",,,,36762,59557,"{""C1"": 36762, ""C2"": 59557, ""K"": 10, ""T"": 1000000, ""beta"": 0.7029612790013512, ""feasible"": true, ""learner"": ""TS"", ""learner_setting"": ""Beta(sum+1, N-sum+1)"", ""mu"": 0.03877188444934749, ""n1"": 3034.8050379860897, ""n2"": 4317.59496201391, ""n3"": 1.4253373223996604, ""promotion_term"": 2965.6477855111257, ""reason"": """", ""source"": ""https://proceedings.neurips.cc/paper_files/paper/2021/file/be315e7f05e9f13629031915fe87ad44-Supplemental.pdf"", ""source_section"": ""A.4"", ""target_feedback"": ""Bernoulli(mu_K)"", ""total"": 96319, ""version"": ""xu2021-original-settings-v1"", ""waiting_term"": 56590.68151852219}","[3686, 3678, 3681, 3698, 3644, 3643, 3696, 3702, 3675, 3659]","[2, 2, 1, 2, 2, 1, 0, 2, 0, 59545]","[0, 0, 0, 0, 0, 0, 0, 0, 0, 903681]",1.0
MovieLens-25M,gap,UCB,Ours,0,1000000,10,1.0,0.05169584593246331,930801,69199,51695.845932463315,31474308,simulated,69149,injected samples,0.955299,1.0,24493,4961.777777777777,"[0, 0, 0, 0, 0, 0, 0, 0, 0, 930801]","[4934, 4984, 4984, 4984, 4959, 4934, 4959, 4984, 4934, 24493]","[3.0, 5.0, 5.0, 5.0, 4.0, 3.0, 4.0, 5.0, 3.0, 0.25847922966231657]",0.07436628400205664,0.05169584593246331,{},,,,,,,
MovieLens-25M,gap,UCB,Direct,0,1000000,10,1.0,0.05169584593246331,932646,67354,51695.845932463315,1908215145,simulated,67304,injected samples,0.957037,1.0,24386,4768.666666666667,"[0, 0, 0, 0, 0, 0, 0, 0, 0, 932646]","[4742, 4790, 4790, 4790, 4766, 4742, 4766, 4790, 4742, 24386]","[3.0, 5.0, 5.0, 5.0, 4.0, 3.0, 4.0, 5.0, 3.0, 0.25847922966231657]",0.08155842502566507,0.05169584593246331,"{""search"": ""same grid; exact integer TS target envelope"", ""z_stages"": [[0.0, 1.005570769781624, 4097.0, 67307.0, 333.0], [0.08150622450378399, 0.08199722585621641, 1025.0, 67304.0, 109.0], [0.08155800980267335, 0.08155896878968981, 1025.0, 67304.0, 444.0], [0.08155842467693926, 0.08155842654996077, 1025.0, 67304.0, 191.0], [0.08155842502447255, 0.0815584250281308, 1025.0, 67304.0, 334.0], [0.0815584250256622, 0.08155842502566935, 1025.0, 67304.0, 411.0]]}",,,,,,,
MovieLens-25M,gap,UCB,Two-phase,0,1000000,10,1.0,0.05169584593246331,1000000,0,51695.845932463315,516037942,simulated,54519,scheduled corrupted rounds,0.953461,0.953461,0,0.0,"[5171, 5171, 5171, 5171, 5171, 5171, 5171, 5171, 5171, 953461]","[0, 0, 0, 0, 0, 0, 0, 0, 0, 0]","[0.0, 0.0, 0.0, 0.0, 0.0, 0.0, 0.0, 0.0, 0.0, 0.0]",,,,51700,2819,"{""C1"": 51700, ""C2"": 2819, ""K"": 10, ""T"": 1000000, ""feasible"": true, ""learner"": ""UCB"", ""learner_setting"": ""mean + sqrt(log(T)/N)"", ""mu"": 0.05169584593246331, ""reason"": """", ""source"": ""https://proceedings.neurips.cc/paper_files/paper/2021/file/be315e7f05e9f13629031915fe87ad44-Supplemental.pdf"", ""source_section"": ""A.2"", ""target_feedback"": ""deterministic mu_K"", ""total"": 54519, ""version"": ""xu2021-original-settings-v1""}","[5170, 5170, 5170, 5170, 5170, 5170, 5170, 5170, 5170, 5170]","[1, 1, 1, 1, 1, 1, 1, 1, 1, 2810]","[0, 0, 0, 0, 0, 0, 0, 0, 0, 945481]",1.0
MovieLens-25M,gap,TS,Ours,0,1000000,10,1.0,0.05169584593246331,874729,125271,51695.845932463315,929593762,simulated,125221,injected samples,0.93938,1.0,64646,6730.555555555556,"[0, 0, 0, 0, 0, 0, 0, 0, 0, 874729]","[6709, 6748, 6748, 6748, 6728, 6709, 6728, 6748, 6709, 64646]","[3.0, 5.0, 5.0, 5.0, 4.0, 3.0, 4.0, 5.0, 3.0, 0.25847922966231657]",0.1012699214857585,0.05169584593246331,{},,,,,,,
MovieLens-25M,gap,TS,Direct,0,1000000,10,1.0,0.05169584593246331,882085,117915,51695.845932463315,4156863783,simulated,117865,injected samples,0.943821,1.0,61731,6237.111111111111,"[0, 0, 0, 0, 0, 0, 0, 0, 0, 882085]","[6216, 6254, 6254, 6254, 6235, 6216, 6235, 6254, 6216, 61731]","[3.0, 5.0, 5.0, 5.0, 4.0, 3.0, 4.0, 5.0, 3.0, 0.25847922966231657]",0.10521693730964272,0.05169584593246331,"{""search"": ""same grid; exact integer TS target envelope"", ""z_stages"": [[0.0, 0.9917342951726407, 4097.0, 117868.0, 434.0], [0.10483909907464682, 0.10532334433596159, 1025.0, 117865.0, 799.0], [0.10521646989352298, 0.10521741568504898, 1025.0, 117865.0, 507.0], [0.10521693724753876, 0.10521693909478784, 1025.0, 117865.0, 35.0], [0.1052169373088732, 0.10521693731248112, 1025.0, 117865.0, 219.0], [0.1052169373096413, 0.10521693730964835, 1025.0, 117865.0, 207.0]]}",,,,,,,
MovieLens-25M,gap,TS,Two-phase,0,1000000,10,1.0,0.05169584593246331,1000000,0,51695.845932463315,2046372821,simulated,146125,scheduled corrupted rounds,0.981386,0.981386,0,0.0,"[2093, 2059, 2059, 2039, 2063, 2110, 2037, 2055, 2099, 981386]","[0, 0, 0, 0, 0, 0, 0, 0, 0, 0]","[0.0, 0.0, 0.0, 0.0, 0.0, 0.0, 0.0, 0.0, 0.0, 0.0]",,,,20679,125446,"{""C1"": 20679, ""C2"": 125446, ""K"": 10, ""T"": 1000000, ""beta"": 0.6226981130941249, ""feasible"": true, ""learner"": ""TS"", ""learner_setting"": ""Beta(sum+1, N-sum+1)"", ""mu"": 0.05169584593246331, ""n1"": 1586.8494167025717, ""n2"": 2548.9505832974282, ""n3"": 1.6090573041626903, ""promotion_term"": 2254.589718819844, ""reason"": """", ""source"": ""https://proceedings.neurips.cc/paper_files/paper/2021/file/be315e7f05e9f13629031915fe87ad44-Supplemental.pdf"", ""source_section"": ""A.4"", ""target_feedback"": ""Bernoulli(mu_K)"", ""total"": 146125, ""version"": ""xu2021-original-settings-v1"", ""waiting_term"": 123191.31273692497}","[2091, 2059, 2059, 2039, 2063, 2108, 2036, 2054, 2099, 2071]","[2, 0, 0, 0, 0, 2, 1, 1, 0, 125440]","[0, 0, 0, 0, 0, 0, 0, 0, 0, 853875]",1.0
MovieLens-25M,gap,UCB,Ours,0,1000000,10,1.5,0.07754376889869498,958609,41391,51695.845932463315,331087717,simulated,41341,injected samples,0.958616,1.0,2,4593.222222222223,"[0, 0, 0, 0, 0, 0, 0, 0, 0, 958609]","[4567, 4614, 4614, 4614, 4591, 4567, 4591, 4614, 4567, 2]","[3.0, 5.0, 5.0, 5.0, 4.0, 3.0, 4.0, 5.0, 3.0, 0.3877188444934749]",0.0775437688986951,0.07754376889869498,{},,,,,,,
MovieLens-25M,gap,UCB,Direct,0,1000000,10,1.5,0.07754376889869498,958730,41270,51695.845932463315,1903374690,simulated,41220,injected samples,0.958738,1.0,3,4579.666666666667,"[0, 0, 0, 0, 0, 0, 0, 0, 0, 958730]","[4553, 4601, 4601, 4601, 4577, 4553, 4577, 4601, 4553, 3]","[3.0, 5.0, 5.0, 5.0, 4.0, 3.0, 4.0, 5.0, 3.0, 0.3877188444934749]",0.08324059635136968,0.07754376889869498,"{""search"": ""same grid; exact integer TS target envelope"", ""z_stages"": [[0.0, 1.005570899027184, 4097.0, 41235.0, 339.0], [0.08297923922636431, 0.08347024064190493, 1025.0, 41221.0, 546.0], [0.08324056322194014, 0.08324152220907986, 1025.0, 41220.0, 36.0], [0.0832405959998209, 0.08324059787284264, 1025.0, 41220.0, 193.0], [0.08324059635101247, 0.08324059635467072, 1025.0, 41220.0, 100.0], [0.08324059635136614, 0.08324059635137329, 1025.0, 41220.0, 507.0]]}",,,,,,,
MovieLens-25M,gap,UCB,Two-phase,0,1000000,10,1.5,0.07754376889869498,1000000,0,51695.845932463315,131310628,simulated,24912,scheduled corrupted rounds,0.979309,0.979309,0,0.0,"[2299, 2299, 2299, 2299, 2299, 2299, 2299, 2299, 2299, 979309]","[0, 0, 0, 0, 0, 0, 0, 0, 0, 0]","[0.0, 0.0, 0.0, 0.0, 0.0, 0.0, 0.0, 0.0, 0.0, 0.0]",,,,22980,1932,"{""C1"": 22980, ""C2"": 1932, ""K"": 10, ""T"": 1000000, ""feasible"": true, ""learner"": ""UCB"", ""learner_setting"": ""mean + sqrt(log(T)/N)"", ""mu"": 0.07754376889869498, ""reason"": """", ""source"": ""https://proceedings.neurips.cc/paper_files/paper/2021/file/be315e7f05e9f13629031915fe87ad44-Supplemental.pdf"", ""source_section"": ""A.2"", ""target_feedback"": ""deterministic mu_K"", ""total"": 24912, ""version"": ""xu2021-original-settings-v1""}","[2298, 2298, 2298, 2298, 2298, 2298, 2298, 2298, 2298, 2298]","[1, 1, 1, 1, 1, 1, 1, 1, 1, 1923]","[0, 0, 0, 0, 0, 0, 0, 0, 0, 975088]",1.0
MovieLens-25M,gap,TS,Ours,0,1000000,10,1.5,0.07754376889869498,903632,96368,51695.845932463315,1467427951,simulated,96318,injected samples,0.940397,1.0,36760,6617.555555555556,"[0, 0, 0, 0, 0, 0, 0, 0, 0, 903632]","[6596, 6635, 6635, 6635, 6615, 6596, 6615, 6635, 6596, 36760]","[3.0, 5.0, 5.0, 5.0, 4.0, 3.0, 4.0, 5.0, 3.0, 0.3877188444934749]",0.10213658602450432,0.07754376889869498,{},,,,,,,
MovieLens-25M,gap,TS,Direct,0,1000000,10,1.5,0.07754376889869498,906801,93199,51695.845932463315,3944702746,simulated,93149,injected samples,0.943551,1.0,36745,6267.111111111111,"[0, 0, 0, 0, 0, 0, 0, 0, 0, 906801]","[6246, 6284, 6284, 6284, 6265, 6246, 6265, 6284, 6246, 36745]","[3.0, 5.0, 5.0, 5.0, 4.0, 3.0, 4.0, 5.0, 3.0, 0.3877188444934749]",0.10496299760670046,0.07754376889869498,"{""search"": ""same grid; exact integer TS target envelope"", ""z_stages"": [[0.0, 0.9917344244182007, 4097.0, 93152.0, 434.0], [0.10483911273756857, 0.10532335806199153, 1025.0, 93149.0, 262.0], [0.10496253854779747, 0.10496348433944673, 1025.0, 93149.0, 498.0], [0.10496299758925223, 0.10496299943650156, 1025.0, 93149.0, 10.0], [0.10496299760548783, 0.10496299760909573, 1025.0, 93149.0, 345.0], [0.10496299760669986, 0.10496299760670691, 1025.0, 93149.0, 86.0]]}",,,,,,,
MovieLens-25M,gap,TS,Two-phase,0,1000000,10,1.5,0.07754376889869498,1000000,0,51695.845932463315,4280935314,simulated,705094,scheduled corrupted rounds,0.991718,0.991718,0,0.0,"[926, 898, 917, 924, 938, 920, 918, 930, 911, 991718]","[0, 0, 0, 0, 0, 0, 0, 0, 0, 0]","[0.0, 0.0, 0.0, 0.0, 0.0, 0.0, 0.0, 0.0, 0.0, 0.0]",,,,9191,695903,"{""C1"": 9191, ""C2"": 695903, ""K"": 10, ""T"": 1000000, ""beta"": 0.483068019263162, ""feasible"": true, ""learner"": ""TS"", ""learner_setting"": ""Beta(sum+1, N-sum+1)"", ""mu"": 0.07754376889869498, ""n1"": 598.3937954981504, ""n2"": 1239.8062045018496, ""n3"": 2.0741529292101375, ""promotion_term"": 1545.232729572479, ""reason"": """", ""source"": ""https://proceedings.neurips.cc/paper_files/paper/2021/file/be315e7f05e9f13629031915fe87ad44-Supplemental.pdf"", ""source_section"": ""A.4"", ""target_feedback"": ""Bernoulli(mu_K)"", ""total"": 705094, ""version"": ""xu2021-original-settings-v1"", ""waiting_term"": 694356.9110103906}","[925, 897, 914, 923, 938, 918, 914, 927, 911, 924]","[1, 1, 3, 1, 0, 2, 4, 3, 0, 695888]","[0, 0, 0, 0, 0, 0, 0, 0, 0, 294906]",1.0
MovieLens-25M,gap,UCB,Ours,0,1000000,10,2.0,0.10339169186492662,975756,24244,51695.845932463315,3308262497,simulated,24194,injected samples,0.975763,1.0,2,2688.0,"[0, 0, 0, 0, 0, 0, 0, 0, 0, 975756]","[2668, 2704, 2704, 2704, 2686, 2668, 2686, 2704, 2668, 2]","[3.0, 5.0, 5.0, 5.0, 4.0, 3.0, 4.0, 5.0, 3.0, 0.5169584593246331]",0.10339169186492664,0.10339169186492662,{},,,,,,,
MovieLens-25M,gap,UCB,Direct,0,1000000,10,2.0,0.10339169186492662,975785,24215,51695.845932463315,1358181757,simulated,24165,injected samples,0.97579,1.0,0,2685.0,"[0, 0, 0, 0, 0, 0, 0, 0, 0, 975785]","[2665, 2701, 2701, 2701, 2683, 2665, 2683, 2701, 2665, 0]","[3.0, 5.0, 5.0, 5.0, 4.0, 3.0, 4.0, 5.0, 3.0, 0.5169584593246331]",0.10902702506316632,0.10339169186492662,"{""search"": ""same grid; exact integer TS target envelope"", ""z_stages"": [[0.0, 1.0055710282727444, 4097.0, 24183.0, 444.0], [0.1087568275207094, 0.10924782899935821, 1025.0, 24165.0, 564.0], [0.10902678243523996, 0.10902774142250293, 1025.0, 24165.0, 260.0], [0.1090270249915887, 0.1090270268646107, 1025.0, 24165.0, 40.0], [0.1090270250629245, 0.10902702506658274, 1025.0, 24165.0, 68.0], [0.10902702506316386, 0.109027025063171, 1025.0, 24165.0, 352.0]]}",,,,,,,
MovieLens-25M,gap,UCB,Two-phase,0,1000000,10,2.0,0.10339169186492662,1000000,0,51695.845932463315,3437326393,simulated,14422,scheduled corrupted rounds,0.988354,0.988354,0,0.0,"[1294, 1294, 1294, 1294, 1294, 1294, 1294, 1294, 1294, 988354]","[0, 0, 0, 0, 0, 0, 0, 0, 0, 0]","[0.0, 0.0, 0.0, 0.0, 0.0, 0.0, 0.0, 0.0, 0.0, 0.0]",,,,12930,1492,"{""C1"": 12930, ""C2"": 1492, ""K"": 10, ""T"": 1000000, ""feasible"": true, ""learner"": ""UCB"", ""learner_setting"": ""mean + sqrt(log(T)/N)"", ""mu"": 0.10339169186492662, ""reason"": """", ""source"": ""https://proceedings.neurips.cc/paper_files/paper/2021/file/be315e7f05e9f13629031915fe87ad44-Supplemental.pdf"", ""source_section"": ""A.2"", ""target_feedback"": ""deterministic mu_K"", ""total"": 14422, ""version"": ""xu2021-original-settings-v1""}","[1293, 1293, 1293, 1293, 1293, 1293, 1293, 1293, 1293, 1293]","[1, 1, 1, 1, 1, 1, 1, 1, 1, 1483]","[0, 0, 0, 0, 0, 0, 0, 0, 0, 985578]",1.0
MovieLens-25M,gap,TS,Ours,0,1000000,10,2.0,0.10339169186492662,932568,67432,51695.845932463315,3702830539,simulated,67382,injected samples,0.941427,1.0,8854,6503.111111111111,"[0, 0, 0, 0, 0, 0, 0, 0, 0, 932568]","[6482, 6520, 6520, 6520, 6501, 6482, 6501, 6520, 6482, 8854]","[3.0, 5.0, 5.0, 5.0, 4.0, 3.0, 4.0, 5.0, 3.0, 0.5169584593246331]",0.10303492701018105,0.10339169186492662,{},,,,,,,
MovieLens-25M,gap,TS,Direct,0,1000000,10,2.0,0.10339169186492662,932943,67057,51695.845932463315,3350048081,simulated,67007,injected samples,0.943614,1.0,10666,6260.111111111111,"[0, 0, 0, 0, 0, 0, 0, 0, 0, 932943]","[6239, 6277, 6277, 6277, 6258, 6239, 6258, 6277, 6239, 10666]","[3.0, 5.0, 5.0, 5.0, 4.0, 3.0, 4.0, 5.0, 3.0, 0.5169584593246331]",0.1050220859776921,0.10339169186492662,"{""search"": ""same grid; exact integer TS target envelope"", ""z_stages"": [[0.0, 0.9917345536637608, 4097.0, 67010.0, 434.0], [0.10483912640049034, 0.10532337178802148, 1025.0, 67007.0, 387.0], [0.10502166421258705, 0.10502261000435956, 1025.0, 67007.0, 457.0], [0.10502208538548574, 0.1050220872327353, 1025.0, 67007.0, 329.0], [0.10502208597718286, 0.10502208598079078, 1025.0, 67007.0, 145.0], [0.10502208597769022, 0.10502208597769727, 1025.0, 67007.0, 272.0]]}",,,,,,,
MovieLens-25M,gap,TS,Two-phase,0,1000000,10,2.0,0.10339169186492662,1000000,0,51695.845932463315,756382394,infeasible,5343203,scheduled corrupted rounds,,,0,0.0,,"[0, 0, 0, 0, 0, 0, 0, 0, 0, 0]","[0.0, 0.0, 0.0, 0.0, 0.0, 0.0, 0.0, 0.0, 0.0, 0.0]",,,,5170,5338033,"{""C1"": 5170, ""C2"": 5338033, ""K"": 10, ""T"": 1000000, ""beta"": 0.36579764504492285, ""feasible"": false, ""learner"": ""TS"", ""learner_setting"": ""Beta(sum+1, N-sum+1)"", ""mu"": 0.10339169186492662, ""n1"": 276.46889273196496, ""n2"": 757.5311072680349, ""n3"": 2.739101688419504, ""promotion_term"": 1192.3490828531187, ""reason"": ""original budget reaches/exceeds T"", ""source"": ""https://proceedings.neurips.cc/paper_files/paper/2021/file/be315e7f05e9f13629031915fe87ad44-Supplemental.pdf"", ""source_section"": ""A.4"", ""target_feedback"": ""Bernoulli(mu_K)"", ""total"": 5343203, ""version"": ""xu2021-original-settings-v1"", ""waiting_term"": 5336840.012372333}",,,,
MovieLens-25M,gap,UCB,Ours,0,1000000,10,3.0,0.15508753779738996,988696,11304,51695.845932463315,4170048761,simulated,11254,injected samples,0.988702,1.0,1,1250.3333333333333,"[0, 0, 0, 0, 0, 0, 0, 0, 0, 988696]","[1237, 1261, 1261, 1261, 1249, 1237, 1249, 1261, 1237, 1]","[3.0, 5.0, 5.0, 5.0, 4.0, 3.0, 4.0, 5.0, 3.0, 0.7754376889869498]",0.15508753779738996,0.15508753779738996,{},,,,,,,
MovieLens-25M,gap,UCB,Direct,0,1000000,10,3.0,0.15508753779738996,988700,11300,51695.845932463315,3325579653,simulated,11250,injected samples,0.988705,1.0,0,1250.0,"[0, 0, 0, 0, 0, 0, 0, 0, 0, 988700]","[1236, 1261, 1261, 1261, 1249, 1236, 1249, 1261, 1236, 0]","[3.0, 5.0, 5.0, 5.0, 4.0, 3.0, 4.0, 5.0, 3.0, 0.7754376889869498]",0.16068384687588622,0.15508753779738996,"{""search"": ""same grid; exact integer TS target envelope"", ""z_stages"": [[0.0, 1.0055712867638646, 4097.0, 11268.0, 654.0], [0.16031202398847744, 0.1608030255933426, 1025.0, 11250.0, 776.0], [0.16068363164840957, 0.16068459063591908, 1025.0, 11250.0, 230.0], [0.16068384610948347, 0.16068384798250596, 1025.0, 11250.0, 419.0], [0.1606838468740571, 0.16068384687771534, 1025.0, 11250.0, 512.0], [0.16068384687588264, 0.1606838468758898, 1025.0, 11250.0, 511.0]]}",,,,,,,
MovieLens-25M,gap,UCB,Two-phase,0,1000000,10,3.0,0.15508753779738996,1000000,0,51695.845932463315,4074845282,simulated,6806,scheduled corrupted rounds,0.994816,0.994816,0,0.0,"[576, 576, 576, 576, 576, 576, 576, 576, 576, 994816]","[0, 0, 0, 0, 0, 0, 0, 0, 0, 0]","[0.0, 0.0, 0.0, 0.0, 0.0, 0.0, 0.0, 0.0, 0.0, 0.0]",,,,5750,1056,"{""C1"": 5750, ""C2"": 1056, ""K"": 10, ""T"": 1000000, ""feasible"": true, ""learner"": ""UCB"", ""learner_setting"": ""mean + sqrt(log(T)/N)"", ""mu"": 0.15508753779738996, ""reason"": """", ""source"": ""https://proceedings.neurips.cc/paper_files/paper/2021/file/be315e7f05e9f13629031915fe87ad44-Supplemental.pdf"", ""source_section"": ""A.2"", ""target_feedback"": ""deterministic mu_K"", ""total"": 6806, ""version"": ""xu2021-original-settings-v1""}","[575, 575, 575, 575, 575, 575, 575, 575, 575, 575]","[1, 1, 1, 1, 1, 1, 1, 1, 1, 1047]","[0, 0, 0, 0, 0, 0, 0, 0, 0, 993194]",1.0
MovieLens-25M,gap,TS,Ours,0,1000000,10,3.0,0.15508753779738996,968607,31393,51695.845932463315,4082033060,simulated,31343,injected samples,0.971397,1.0,2785,3173.1111111111113,"[0, 0, 0, 0, 0, 0, 0, 0, 0, 968607]","[3158, 3185, 3185, 3185, 3172, 3158, 3172, 3185, 3158, 2785]","[3.0, 5.0, 5.0, 5.0, 4.0, 3.0, 4.0, 5.0, 3.0, 0.7754376889869498]",0.14783222165238202,0.15508753779738996,{},,,,,,,
MovieLens-25M,gap,TS,Direct,0,1000000,10,3.0,0.15508753779738996,968782,31218,51695.845932463315,1719344657,simulated,31168,injected samples,0.971334,1.0,2547,3180.1111111111113,"[0, 0, 0, 0, 0, 0, 0, 0, 0, 968782]","[3165, 3192, 3192, 3192, 3179, 3165, 3179, 3192, 3165, 2547]","[3.0, 5.0, 5.0, 5.0, 4.0, 3.0, 4.0, 5.0, 3.0, 0.7754376889869498]",0.14766696114437936,0.15508753779738996,"{""search"": ""same grid; exact integer TS target envelope"", ""z_stages"": [[0.0, 0.9917348121548812, 4097.0, 31170.0, 610.0], [0.14745275893611393, 0.14793700444986144, 1025.0, 31168.0, 453.0], [0.14766650793241654, 0.14766745372443557, 1025.0, 31168.0, 491.0], [0.14766696050867564, 0.1476669623559257, 1025.0, 31168.0, 353.0], [0.14766696114366784, 0.14766696114727576, 1025.0, 31168.0, 202.0], [0.14766696114437602, 0.14766696114438307, 1025.0, 31168.0, 482.0]]}",,,,,,,
MovieLens-25M,gap,TS,Two-phase,0,1000000,10,3.0,0.15508753779738996,1000000,0,51695.845932463315,1180430796,infeasible,1713501677,scheduled corrupted rounds,,,0,0.0,,"[0, 0, 0, 0, 0, 0, 0, 0, 0, 0]","[0.0, 0.0, 0.0, 0.0, 0.0, 0.0, 0.0, 0.0, 0.0, 0.0]",,,,2298,1713499379,"{""C1"": 2298, ""C2"": 1713499379, ""K"": 10, ""T"": 1000000, ""beta"": 0.1800742558144034, ""feasible"": false, ""learner"": ""TS"", ""learner_setting"": ""Beta(sum+1, N-sum+1)"", ""mu"": 0.15508753779738996, ""n1"": 69.4381746100914, ""n2"": 390.1618253899086, ""n3"": 5.564132100010513, ""promotion_term"": 843.6167716814657, ""reason"": ""original budget reaches/exceeds T"", ""source"": ""https://proceedings.neurips.cc/paper_files/paper/2021/file/be315e7f05e9f13629031915fe87ad44-Supplemental.pdf"", ""source_section"": ""A.4"", ""target_feedback"": ""Bernoulli(mu_K)"", ""total"": 1713501677, ""version"": ""xu2021-original-settings-v1"", ""waiting_term"": 1713498534.950569}",,,,
MovieLens-25M,gap,UCB,Ours,0,1000000,10,4.0,0.20678338372985325,993442,6558,51695.845932463315,3328289155,simulated,6508,injected samples,0.993448,1.0,1,723.0,"[0, 0, 0, 0, 0, 0, 0, 0, 0, 993442]","[713, 731, 731, 731, 722, 713, 722, 731, 713, 1]","[3.0, 5.0, 5.0, 5.0, 4.0, 3.0, 4.0, 5.0, 3.0, 1.0339169186492663]",0.20678338372985325,0.20678338372985325,{},,,,,,,
MovieLens-25M,gap,UCB,Direct,0,1000000,10,4.0,0.20678338372985325,993443,6557,51695.845932463315,4291163316,simulated,6507,injected samples,0.993448,1.0,0,723.0,"[0, 0, 0, 0, 0, 0, 0, 0, 0, 993443]","[713, 731, 731, 731, 722, 713, 722, 731, 713, 0]","[3.0, 5.0, 5.0, 5.0, 4.0, 3.0, 4.0, 5.0, 3.0, 1.0339169186492663]",0.21230483266070538,0.20678338372985325,"{""search"": ""same grid; exact integer TS target envelope"", ""z_stages"": [[0.0, 1.005571545254985, 4097.0, 6507.0, 865.0], [0.2121127478272234, 0.2126037495583049, 1025.0, 6507.0, 401.0], [0.2123045453784271, 0.21230550436618312, 1025.0, 6507.0, 307.0], [0.21230483195094013, 0.2123048338239631, 1025.0, 6507.0, 389.0], [0.21230483266064024, 0.21230483266429848, 1025.0, 6507.0, 19.0], [0.21230483266070455, 0.21230483266071168, 1025.0, 6507.0, 118.0]]}",,,,,,,
MovieLens-25M,gap,UCB,Two-phase,0,1000000,10,4.0,0.20678338372985325,1000000,0,51695.845932463315,2014569016,simulated,4085,scheduled corrupted rounds,0.997075,0.997075,0,0.0,"[325, 325, 325, 325, 325, 325, 325, 325, 325, 997075]","[0, 0, 0, 0, 0, 0, 0, 0, 0, 0]","[0.0, 0.0, 0.0, 0.0, 0.0, 0.0, 0.0, 0.0, 0.0, 0.0]",,,,3240,845,"{""C1"": 3240, ""C2"": 845, ""K"": 10, ""T"": 1000000, ""feasible"": true, ""learner"": ""UCB"", ""learner_setting"": ""mean + sqrt(log(T)/N)"", ""mu"": 0.20678338372985325, ""reason"": """", ""source"": ""https://proceedings.neurips.cc/paper_files/paper/2021/file/be315e7f05e9f13629031915fe87ad44-Supplemental.pdf"", ""source_section"": ""A.2"", ""target_feedback"": ""deterministic mu_K"", ""total"": 4085, ""version"": ""xu2021-original-settings-v1""}","[324, 324, 324, 324, 324, 324, 324, 324, 324, 324]","[1, 1, 1, 1, 1, 1, 1, 1, 1, 836]","[0, 0, 0, 0, 0, 0, 0, 0, 0, 995915]",1.0
MovieLens-25M,gap,TS,Ours,0,1000000,10,4.0,0.20678338372985325,981639,18361,51695.845932463315,2224752875,simulated,18311,injected samples,0.983538,1.0,1894,1824.111111111111,"[0, 0, 0, 0, 0, 0, 0, 0, 0, 981639]","[1813, 1833, 1833, 1833, 1823, 1813, 1823, 1833, 1813, 1894]","[3.0, 5.0, 5.0, 5.0, 4.0, 3.0, 4.0, 5.0, 3.0, 1.0339169186492663]",0.19541897588173773,0.20678338372985325,{},,,,,,,
MovieLens-25M,gap,TS,Direct,0,1000000,10,4.0,0.20678338372985325,981860,18140,51695.845932463315,2639699315,simulated,18090,injected samples,0.983538,1.0,1673,1824.111111111111,"[0, 0, 0, 0, 0, 0, 0, 0, 0, 981860]","[1813, 1833, 1833, 1833, 1823, 1813, 1823, 1833, 1813, 1673]","[3.0, 5.0, 5.0, 5.0, 4.0, 3.0, 4.0, 5.0, 3.0, 1.0339169186492663]",0.19540536228804115,0.20678338372985325,"{""search"": ""same grid; exact integer TS target envelope"", ""z_stages"": [[0.0, 0.9917350706460014, 4097.0, 18093.0, 808.0], [0.1953931157254207, 0.19587736136538456, 1025.0, 18090.0, 26.0], [0.19540493812874013, 0.1954058839210057, 1025.0, 18090.0, 460.0], [0.19540536207273418, 0.19540536391998467, 1025.0, 18090.0, 120.0], [0.19540536228740488, 0.1954053622910128, 1025.0, 18090.0, 181.0], [0.1954053622880391, 0.19540536228804614, 1025.0, 18090.0, 297.0]]}",,,,,,,
MovieLens-25M,gap,TS,Two-phase,0,1000000,10,4.0,0.20678338372985325,1000000,0,51695.845932463315,180442494,infeasible,1901480593645945,scheduled corrupted rounds,,,0,0.0,,"[0, 0, 0, 0, 0, 0, 0, 0, 0, 0]","[0.0, 0.0, 0.0, 0.0, 0.0, 0.0, 0.0, 0.0, 0.0, 0.0]",,,,1293,1901480593644652,"{""C1"": 1293, ""C2"": 1901480593644652, ""K"": 10, ""T"": 1000000, ""beta"": 0.03995065173165885, ""feasible"": false, ""learner"": ""TS"", ""learner_setting"": ""Beta(sum+1, N-sum+1)"", ""mu"": 0.20678338372985325, ""n1"": 9.011186419215505, ""n2"": 249.58881358078452, ""n3"": 25.07986487660793, ""promotion_term"": 674.1435055153747, ""reason"": ""original budget reaches/exceeds T"", ""source"": ""https://proceedings.neurips.cc/paper_files/paper/2021/file/be315e7f05e9f13629031915fe87ad44-Supplemental.pdf"", ""source_section"": ""A.4"", ""target_feedback"": ""Bernoulli(mu_K)"", ""total"": 1901480593645945, ""version"": ""xu2021-original-settings-v1"", ""waiting_term"": 1901480593643977.0}",,,,
MovieLens-25M,gap,UCB,Ours,0,1000000,10,5.0,0.25847922966231657,995703,4297,51695.845932463315,3777636023,simulated,4247,injected samples,0.995709,1.0,1,471.77777777777777,"[0, 0, 0, 0, 0, 0, 0, 0, 0, 995703]","[464, 478, 478, 478, 471, 464, 471, 478, 464, 1]","[3.0, 5.0, 5.0, 5.0, 4.0, 3.0, 4.0, 5.0, 3.0, 1.292396148311583]",0.25847922966231657,0.25847922966231657,{},,,,,,,
MovieLens-25M,gap,UCB,Direct,0,1000000,10,5.0,0.25847922966231657,995704,4296,51695.845932463315,2740798880,simulated,4246,injected samples,0.995709,1.0,0,471.77777777777777,"[0, 0, 0, 0, 0, 0, 0, 0, 0, 995704]","[464, 478, 478, 478, 471, 464, 471, 478, 464, 0]","[3.0, 5.0, 5.0, 5.0, 4.0, 3.0, 4.0, 5.0, 3.0, 1.292396148311583]",0.26404069038683686,0.25847922966231657,"{""search"": ""same grid; exact integer TS target envelope"", ""z_stages"": [[0.0, 1.0055718037461052, 4097.0, 4252.0, 1075.0], [0.2636679973689739, 0.2641589992262718, 1025.0, 4246.0, 778.0], [0.26404056420795874, 0.26404152319596125, 1025.0, 4246.0, 135.0], [0.2640406897005294, 0.2640406915735528, 1025.0, 4246.0, 376.0], [0.26404069038645106, 0.2640406903901093, 1025.0, 4246.0, 108.0], [0.2640406903868333, 0.26404069038684047, 1025.0, 4246.0, 505.0]]}",,,,,,,
MovieLens-25M,gap,UCB,Two-phase,0,1000000,10,5.0,0.25847922966231657,1000000,0,51695.845932463315,2573743447,simulated,2792,scheduled corrupted rounds,0.998128,0.998128,0,0.0,"[208, 208, 208, 208, 208, 208, 208, 208, 208, 998128]","[0, 0, 0, 0, 0, 0, 0, 0, 0, 0]","[0.0, 0.0, 0.0, 0.0, 0.0, 0.0, 0.0, 0.0, 0.0, 0.0]",,,,2070,722,"{""C1"": 2070, ""C2"": 722, ""K"": 10, ""T"": 1000000, ""feasible"": true, ""learner"": ""UCB"", ""learner_setting"": ""mean + sqrt(log(T)/N)"", ""mu"": 0.25847922966231657, ""reason"": """", ""source"": ""https://proceedings.neurips.cc/paper_files/paper/2021/file/be315e7f05e9f13629031915fe87ad44-Supplemental.pdf"", ""source_section"": ""A.2"", ""target_feedback"": ""deterministic mu_K"", ""total"": 2792, ""version"": ""xu2021-original-settings-v1""}","[207, 207, 207, 207, 207, 207, 207, 207, 207, 207]","[1, 1, 1, 1, 1, 1, 1, 1, 1, 713]","[0, 0, 0, 0, 0, 0, 0, 0, 0, 997208]",1.0
MovieLens-25M,gap,TS,Ours,0,1000000,10,5.0,0.25847922966231657,987802,12198,51695.845932463315,2773947923,simulated,12148,injected samples,0.989228,1.0,1421,1191.888888888889,"[0, 0, 0, 0, 0, 0, 0, 0, 0, 987802]","[1183, 1199, 1199, 1199, 1191, 1183, 1191, 1199, 1183, 1421]","[3.0, 5.0, 5.0, 5.0, 4.0, 3.0, 4.0, 5.0, 3.0, 1.292396148311583]",0.2422763306793253,0.25847922966231657,{},,,,,,,
MovieLens-25M,gap,TS,Direct,0,1000000,10,5.0,0.25847922966231657,988031,11969,51695.845932463315,646546921,simulated,11919,injected samples,0.989264,1.0,1228,1187.888888888889,"[0, 0, 0, 0, 0, 0, 0, 0, 0, 988031]","[1179, 1195, 1195, 1195, 1187, 1179, 1187, 1195, 1179, 1228]","[3.0, 5.0, 5.0, 5.0, 4.0, 3.0, 4.0, 5.0, 3.0, 1.292396148311583]",0.242634644829729,0.25847922966231657,"{""search"": ""same grid; exact integer TS target envelope"", ""z_stages"": [[0.0, 0.9917353291371217, 4097.0, 11920.0, 1003.0], [0.24260712885629784, 0.24309137462247807, 1025.0, 11919.0, 59.0], [0.2426345568391479, 0.24263550263165998, 1025.0, 11919.0, 96.0], [0.2426346445835704, 0.2426346464308214, 1025.0, 11919.0, 137.0], [0.24263464482890842, 0.24263464483251634, 1025.0, 11919.0, 233.0], [0.24263464482972585, 0.2426346448297329, 1025.0, 11919.0, 454.0]]}",,,,,,,
MovieLens-25M,gap,TS,Two-phase,0,1000000,10,5.0,0.25847922966231657,1000000,0,51695.845932463315,1729519797,infeasible,,scheduled corrupted rounds,,,0,0.0,,"[0, 0, 0, 0, 0, 0, 0, 0, 0, 0]","[0.0, 0.0, 0.0, 0.0, 0.0, 0.0, 0.0, 0.0, 0.0, 0.0]",,,,828,0,"{""C1"": 828, ""C2"": null, ""K"": 10, ""T"": 1000000, ""feasible"": false, ""learner"": ""TS"", ""learner_setting"": ""Beta(sum+1, N-sum+1)"", ""mu"": 0.25847922966231657, ""n1"": -13.458956056127466, ""n2"": 179.05895605612744, ""reason"": ""A.4 phase-one lower count bound is nonpositive"", ""source"": ""https://proceedings.neurips.cc/paper_files/paper/2021/file/be315e7f05e9f13629031915fe87ad44-Supplemental.pdf"", ""source_section"": ""A.4"", ""target_feedback"": ""Bernoulli(mu_K)"", ""total"": null, ""version"": ""xu2021-original-settings-v1""}",,,,
MovieLens-25M,gap,UCB,Ours,0,1000000,10,6.0,0.3101750755947799,996955,3045,51695.845932463315,4016325058,simulated,2995,injected samples,0.996961,1.0,1,332.6666666666667,"[0, 0, 0, 0, 0, 0, 0, 0, 0, 996955]","[326, 338, 338, 338, 332, 326, 332, 338, 326, 1]","[3.0, 5.0, 5.0, 5.0, 4.0, 3.0, 4.0, 5.0, 3.0, 1.5508753779738995]",0.3101750755947799,0.3101750755947799,{},,,,,,,
MovieLens-25M,gap,UCB,Direct,0,1000000,10,6.0,0.3101750755947799,996956,3044,51695.845932463315,1094595789,simulated,2994,injected samples,0.996961,1.0,0,332.6666666666667,"[0, 0, 0, 0, 0, 0, 0, 0, 0, 996956]","[326, 338, 338, 338, 332, 326, 332, 338, 326, 0]","[3.0, 5.0, 5.0, 5.0, 4.0, 3.0, 4.0, 5.0, 3.0, 1.5508753779738995]",0.31561966011627557,0.3101750755947799,"{""search"": ""same grid; exact integer TS target envelope"", ""z_stages"": [[0.0, 1.0055720622372253, 4097.0, 2994.0, 1286.0], [0.3154687744079186, 0.31595977639143286, 1025.0, 2994.0, 315.0], [0.31561933556301963, 0.3156202945512687, 1025.0, 2994.0, 347.0], [0.3156196595961585, 0.3156196614691824, 1025.0, 2994.0, 285.0], [0.31561966011563, 0.3156196601192882, 1025.0, 2994.0, 181.0], [0.315619660116273, 0.3156196601162802, 1025.0, 2994.0, 362.0]]}",,,,,,,
MovieLens-25M,gap,UCB,Two-phase,0,1000000,10,6.0,0.3101750755947799,1000000,0,51695.845932463315,3859639452,simulated,2088,scheduled corrupted rounds,0.998695,0.998695,0,0.0,"[145, 145, 145, 145, 145, 145, 145, 145, 145, 998695]","[0, 0, 0, 0, 0, 0, 0, 0, 0, 0]","[0.0, 0.0, 0.0, 0.0, 0.0, 0.0, 0.0, 0.0, 0.0, 0.0]",,,,1440,648,"{""C1"": 1440, ""C2"": 648, ""K"": 10, ""T"": 1000000, ""feasible"": true, ""learner"": ""UCB"", ""learner_setting"": ""mean + sqrt(log(T)/N)"", ""mu"": 0.3101750755947799, ""reason"": """", ""source"": ""https://proceedings.neurips.cc/paper_files/paper/2021/file/be315e7f05e9f13629031915fe87ad44-Supplemental.pdf"", ""source_section"": ""A.2"", ""target_feedback"": ""deterministic mu_K"", ""total"": 2088, ""version"": ""xu2021-original-settings-v1""}","[144, 144, 144, 144, 144, 144, 144, 144, 144, 144]","[1, 1, 1, 1, 1, 1, 1, 1, 1, 639]","[0, 0, 0, 0, 0, 0, 0, 0, 0, 997912]",1.0
MovieLens-25M,gap,TS,Ours,0,1000000,10,6.0,0.3101750755947799,991214,8786,51695.845932463315,1782922385,simulated,8736,injected samples,0.992356,1.0,1137,844.3333333333334,"[0, 0, 0, 0, 0, 0, 0, 0, 0, 991214]","[837, 850, 850, 850, 844, 837, 844, 850, 837, 1137]","[3.0, 5.0, 5.0, 5.0, 4.0, 3.0, 4.0, 5.0, 3.0, 1.5508753779738995]",0.2883883594525132,0.3101750755947799,{},,,,,,,
MovieLens-25M,gap,TS,Direct,0,1000000,10,6.0,0.3101750755947799,991437,8563,51695.845932463315,3787463288,simulated,8513,injected samples,0.992379,1.0,937,841.7777777777778,"[0, 0, 0, 0, 0, 0, 0, 0, 0, 991437]","[834, 848, 848, 848, 841, 834, 841, 848, 834, 937]","[3.0, 5.0, 5.0, 5.0, 4.0, 3.0, 4.0, 5.0, 3.0, 1.5508753779738995]",0.28876924387419894,0.3101750755947799,"{""search"": ""same grid; exact integer TS target envelope"", ""z_stages"": [[0.0, 0.9917355876282419, 4097.0, 8514.0, 1192.0], [0.2883684289221768, 0.2888526748145734, 1025.0, 8513.0, 848.0], [0.28876897215543845, 0.288769917948197, 1025.0, 8513.0, 295.0], [0.2887692437014062, 0.28876924554865774, 1025.0, 8513.0, 96.0], [0.2887692438727821, 0.28876924387639, 1025.0, 8513.0, 403.0], [0.2887692438741985, 0.28876924387420555, 1025.0, 8513.0, 61.0]]}",,,,,,,
MovieLens-25M,gap,TS,Two-phase,0,1000000,10,6.0,0.3101750755947799,1000000,0,51695.845932463315,2252681356,infeasible,,scheduled corrupted rounds,,,0,0.0,,"[0, 0, 0, 0, 0, 0, 0, 0, 0, 0]","[0.0, 0.0, 0.0, 0.0, 0.0, 0.0, 0.0, 0.0, 0.0, 0.0]",,,,575,0,"{""C1"": 575, ""C2"": null, ""K"": 10, ""T"": 1000000, ""feasible"": false, ""learner"": ""TS"", ""learner_setting"": ""Beta(sum+1, N-sum+1)"", ""mu"": 0.3101750755947799, ""n1"": -22.715796713439556, ""n2"": 137.71579671343957, ""reason"": ""A.4 phase-one lower count bound is nonpositive"", ""source"": ""https://proceedings.neurips.cc/paper_files/paper/2021/file/be315e7f05e9f13629031915fe87ad44-Supplemental.pdf"", ""source_section"": ""A.4"", ""target_feedback"": ""Bernoulli(mu_K)"", ""total"": null, ""version"": ""xu2021-original-settings-v1""}",,,,
MovieLens-25M,horizon,UCB,Ours,1,100000,10,,0.016442451420029897,73728,26272,10480.819243109449,2398551074,simulated,26222,injected samples,0.89544,1.0,15811,1156.7777777777778,"[0, 0, 0, 0, 0, 0, 0, 0, 0, 73728]","[1172, 1134, 1172, 1172, 1160, 1147, 1160, 1147, 1147, 15811]","[5.0, 2.0, 5.0, 5.0, 4.0, 3.0, 4.0, 3.0, 3.0, 0.0]",0.13651059271713378,0.0,{},,,,,,,
MovieLens-25M,horizon,UCB,Clipped Suppression,1,100000,10,,0.016442451420029897,100000,0,10480.819243109449,636486779,simulated,81874,suppressed non-target rounds (including 0->0),0.18126,0.18126,0,0.0,"[9098, 9097, 9097, 9097, 9097, 9097, 9097, 9097, 9097, 18126]","[0, 0, 0, 0, 0, 0, 0, 0, 0, 0]","[0.0, 0.0, 0.0, 0.0, 0.0, 0.0, 0.0, 0.0, 0.0, 0.0]",,,,,,,,,,
MovieLens-25M,horizon,TS,Ours,1,100000,10,,0.016442451420029897,58081,41919,10480.819243109449,2931873620,simulated,41869,injected samples,0.84817,1.0,26731,1682.0,"[0, 0, 0, 0, 0, 0, 0, 0, 0, 58081]","[1695, 1663, 1695, 1695, 1684, 1674, 1684, 1674, 1674, 26731]","[5.0, 2.0, 5.0, 5.0, 4.0, 3.0, 4.0, 3.0, 3.0, 0.0]",0.18933835843124508,0.0,{},,,,,,,
MovieLens-25M,horizon,TS,Clipped Suppression,1,100000,10,,0.016442451420029897,100000,0,10480.819243109449,1670774553,simulated,69004,suppressed non-target rounds (including 0->0),0.30996,0.30996,0,0.0,"[7658, 7644, 7610, 7614, 7688, 7667, 7752, 7690, 7681, 30996]","[0, 0, 0, 0, 0, 0, 0, 0, 0, 0]","[0.0, 0.0, 0.0, 0.0, 0.0, 0.0, 0.0, 0.0, 0.0, 0.0]",,,,,,,,,,
MovieLens-25M,horizon,UCB,Ours,1,250000,10,,0.016442451420029897,201254,48746,19804.988134665902,3702723652,simulated,48696,injected samples,0.925024,1.0,29997,2077.6666666666665,"[0, 0, 0, 0, 0, 0, 0, 0, 0, 201254]","[2098, 2048, 2098, 2098, 2081, 2065, 2081, 2065, 2065, 29997]","[5.0, 2.0, 5.0, 5.0, 4.0, 3.0, 4.0, 3.0, 3.0, 0.0]",0.10712856632602344,0.0,{},,,,,,,
MovieLens-25M,horizon,UCB,Clipped Suppression,1,250000,10,,0.016442451420029897,250000,0,19804.988134665902,2258572012,simulated,183147,suppressed non-target rounds (including 0->0),0.267412,0.267412,0,0.0,"[20350, 20350, 20350, 20350, 20350, 20350, 20349, 20349, 20349, 66853]","[0, 0, 0, 0, 0, 0, 0, 0, 0, 0]","[0.0, 0.0, 0.0, 0.0, 0.0, 0.0, 0.0, 0.0, 0.0, 0.0]",,,,,,,,,,
MovieLens-25M,horizon,TS,Ours,1,250000,10,,0.016442451420029897,175265,74735,19804.988134665902,403113104,simulated,74685,injected samples,0.894724,1.0,48411,2919.3333333333335,"[0, 0, 0, 0, 0, 0, 0, 0, 0, 175265]","[2936, 2895, 2936, 2936, 2922, 2909, 2922, 2909, 2909, 48411]","[5.0, 2.0, 5.0, 5.0, 4.0, 3.0, 4.0, 3.0, 3.0, 0.0]",0.14773050904440782,0.0,{},,,,,,,
MovieLens-25M,horizon,TS,Clipped Suppression,1,250000,10,,0.016442451420029897,250000,0,19804.988134665902,4147821336,simulated,127067,suppressed non-target rounds (including 0->0),0.491732,0.491732,0,0.0,"[14213, 14127, 14065, 14079, 14182, 14107, 14028, 14060, 14206, 122933]","[0, 0, 0, 0, 0, 0, 0, 0, 0, 0]","[0.0, 0.0, 0.0, 0.0, 0.0, 0.0, 0.0, 0.0, 0.0, 0.0]",,,,,,,,,,
MovieLens-25M,horizon,UCB,Ours,1,400000,10,,0.016442451420029897,332977,67023,27430.126400660687,1227328881,simulated,66973,injected samples,0.9365325,1.0,41631,2815.777777777778,"[0, 0, 0, 0, 0, 0, 0, 0, 0, 332977]","[2839, 2782, 2839, 2839, 2820, 2801, 2820, 2801, 2801, 41631]","[5.0, 2.0, 5.0, 5.0, 4.0, 3.0, 4.0, 3.0, 3.0, 0.0]",0.09426250714109555,0.0,{},,,,,,,
MovieLens-25M,horizon,UCB,Clipped Suppression,1,400000,10,,0.016442451420029897,400000,0,27430.126400660687,653595612,simulated,268911,suppressed non-target rounds (including 0->0),0.3277225,0.3277225,0,0.0,"[29879, 29879, 29879, 29879, 29879, 29879, 29879, 29879, 29879, 131089]","[0, 0, 0, 0, 0, 0, 0, 0, 0, 0]","[0.0, 0.0, 0.0, 0.0, 0.0, 0.0, 0.0, 0.0, 0.0, 0.0]",,,,,,,,,,
MovieLens-25M,horizon,TS,Ours,1,400000,10,,0.016442451420029897,299003,100997,27430.126400660687,3035324318,simulated,100947,injected samples,0.9120925,1.0,65829,3902.0,"[0, 0, 0, 0, 0, 0, 0, 0, 0, 299003]","[3921, 3875, 3921, 3921, 3905, 3890, 3905, 3890, 3890, 65829]","[5.0, 2.0, 5.0, 5.0, 4.0, 3.0, 4.0, 3.0, 3.0, 0.0]",0.12953831432188073,0.0,{},,,,,,,
MovieLens-25M,horizon,TS,Clipped Suppression,1,400000,10,,0.016442451420029897,400000,0,27430.126400660687,1646135807,simulated,149391,suppressed non-target rounds (including 0->0),0.6265225,0.6265225,0,0.0,"[16544, 16607, 16605, 16612, 16642, 16570, 16587, 16567, 16657, 250609]","[0, 0, 0, 0, 0, 0, 0, 0, 0, 0]","[0.0, 0.0, 0.0, 0.0, 0.0, 0.0, 0.0, 0.0, 0.0, 0.0]",,,,,,,,,,
MovieLens-25M,horizon,UCB,Ours,1,550000,10,,0.016442451420029897,466803,83197,34194.80516566394,3086286570,simulated,83147,injected samples,0.9432290909090909,1.0,51968,3464.3333333333335,"[0, 0, 0, 0, 0, 0, 0, 0, 0, 466803]","[3490, 3427, 3490, 3490, 3469, 3448, 3469, 3448, 3448, 51968]","[5.0, 2.0, 5.0, 5.0, 4.0, 3.0, 4.0, 3.0, 3.0, 0.0]",0.08632832909133273,0.0,{},,,,,,,
MovieLens-25M,horizon,UCB,Clipped Suppression,1,550000,10,,0.016442451420029897,550000,0,34194.80516566394,1776717412,simulated,336968,suppressed non-target rounds (including 0->0),0.3873309090909091,0.3873309090909091,0,0.0,"[37441, 37441, 37441, 37441, 37441, 37441, 37441, 37441, 37440, 213032]","[0, 0, 0, 0, 0, 0, 0, 0, 0, 0]","[0.0, 0.0, 0.0, 0.0, 0.0, 0.0, 0.0, 0.0, 0.0, 0.0]",,,,,,,,,,
MovieLens-25M,horizon,TS,Ours,1,550000,10,,0.016442451420029897,425961,124039,34194.80516566394,603714608,simulated,123989,injected samples,0.9220072727272727,1.0,81138,4761.222222222223,"[0, 0, 0, 0, 0, 0, 0, 0, 0, 425961]","[4782, 4731, 4782, 4782, 4765, 4748, 4765, 4748, 4748, 81138]","[5.0, 2.0, 5.0, 5.0, 4.0, 3.0, 4.0, 3.0, 3.0, 0.0]",0.1183417706438494,0.0,{},,,,,,,
MovieLens-25M,horizon,TS,Clipped Suppression,1,550000,10,,0.016442451420029897,550000,0,34194.80516566394,4274762930,simulated,173089,suppressed non-target rounds (including 0->0),0.6852927272727273,0.6852927272727273,0,0.0,"[19232, 19194, 19185, 19210, 19233, 19259, 19260, 19247, 19269, 376911]","[0, 0, 0, 0, 0, 0, 0, 0, 0, 0]","[0.0, 0.0, 0.0, 0.0, 0.0, 0.0, 0.0, 0.0, 0.0, 0.0]",,,,,,,,,,
MovieLens-25M,horizon,UCB,Ours,1,700000,10,,0.016442451420029897,601987,98013,40401.844201652595,3345468203,simulated,97963,injected samples,0.9477957142857143,1.0,61465,4055.3333333333335,"[0, 0, 0, 0, 0, 0, 0, 0, 0, 601987]","[4083, 4015, 4083, 4083, 4060, 4038, 4060, 4038, 4038, 61465]","[5.0, 2.0, 5.0, 5.0, 4.0, 3.0, 4.0, 3.0, 3.0, 0.0]",0.08071756597912438,0.0,{},,,,,,,
MovieLens-25M,horizon,UCB,Clipped Suppression,1,700000,10,,0.016442451420029897,700000,0,40401.844201652595,563772143,simulated,394083,suppressed non-target rounds (including 0->0),0.4370242857142857,0.4370242857142857,0,0.0,"[43787, 43787, 43787, 43787, 43787, 43787, 43787, 43787, 43787, 305917]","[0, 0, 0, 0, 0, 0, 0, 0, 0, 0]","[0.0, 0.0, 0.0, 0.0, 0.0, 0.0, 0.0, 0.0, 0.0, 0.0]",,,,,,,,,,
MovieLens-25M,horizon,TS,Ours,1,700000,10,,0.016442451420029897,554973,145027,40401.844201652595,603662082,simulated,144977,injected samples,0.9286814285714285,1.0,95099,5542.0,"[0, 0, 0, 0, 0, 0, 0, 0, 0, 554973]","[5564, 5510, 5564, 5564, 5546, 5528, 5546, 5528, 5528, 95099]","[5.0, 2.0, 5.0, 5.0, 4.0, 3.0, 4.0, 3.0, 3.0, 0.0]",0.11043783516408437,0.0,{},,,,,,,
MovieLens-25M,horizon,TS,Clipped Suppression,1,700000,10,,0.016442451420029897,700000,0,40401.844201652595,3458089691,simulated,183019,suppressed non-target rounds (including 0->0),0.7385442857142858,0.7385442857142858,0,0.0,"[20306, 20320, 20319, 20295, 20351, 20314, 20327, 20403, 20384, 516981]","[0, 0, 0, 0, 0, 0, 0, 0, 0, 0]","[0.0, 0.0, 0.0, 0.0, 0.0, 0.0, 0.0, 0.0, 0.0, 0.0]",,,,,,,,,,
MovieLens-25M,horizon,UCB,Ours,1,850000,10,,0.016442451420029897,738147,111853,46204.95572790959,3990851622,simulated,111803,injected samples,0.9511811764705882,1.0,70352,4605.666666666667,"[0, 0, 0, 0, 0, 0, 0, 0, 0, 738147]","[4635, 4563, 4635, 4635, 4611, 4587, 4611, 4587, 4587, 70352]","[5.0, 2.0, 5.0, 5.0, 4.0, 3.0, 4.0, 3.0, 3.0, 0.0]",0.07643859599065186,0.0,{},,,,,,,
MovieLens-25M,horizon,UCB,Clipped Suppression,1,850000,10,,0.016442451420029897,850000,0,46204.95572790959,4148925018,simulated,435474,suppressed non-target rounds (including 0->0),0.48767764705882355,0.48767764705882355,0,0.0,"[48386, 48386, 48386, 48386, 48386, 48386, 48386, 48386, 48386, 414526]","[0, 0, 0, 0, 0, 0, 0, 0, 0, 0]","[0.0, 0.0, 0.0, 0.0, 0.0, 0.0, 0.0, 0.0, 0.0, 0.0]",,,,,,,,,,
MovieLens-25M,horizon,TS,Ours,1,850000,10,,0.016442451420029897,685457,164543,46204.95572790959,3782179900,simulated,164493,injected samples,0.9335929411764706,1.0,108092,6266.777777777777,"[0, 0, 0, 0, 0, 0, 0, 0, 0, 685457]","[6290, 6233, 6290, 6290, 6271, 6252, 6271, 6252, 6252, 108092]","[5.0, 2.0, 5.0, 5.0, 4.0, 3.0, 4.0, 3.0, 3.0, 0.0]",0.10441919943654179,0.0,{},,,,,,,
MovieLens-25M,horizon,TS,Clipped Suppression,1,850000,10,,0.016442451420029897,850000,0,46204.95572790959,1898472332,simulated,201338,suppressed non-target rounds (including 0->0),0.7631317647058824,0.7631317647058824,0,0.0,"[22377, 22337, 22417, 22299, 22362, 22397, 22371, 22378, 22400, 648662]","[0, 0, 0, 0, 0, 0, 0, 0, 0, 0]","[0.0, 0.0, 0.0, 0.0, 0.0, 0.0, 0.0, 0.0, 0.0, 0.0]",,,,,,,,,,
MovieLens-25M,horizon,UCB,Ours,1,1000000,10,,0.016442451420029897,875067,124933,51695.845932463315,2600354213,simulated,124883,injected samples,0.953839,1.0,78767,5124.0,"[0, 0, 0, 0, 0, 0, 0, 0, 0, 875067]","[5155, 5079, 5155, 5155, 5130, 5104, 5130, 5104, 5104, 78767]","[5.0, 2.0, 5.0, 5.0, 4.0, 3.0, 4.0, 3.0, 3.0, 0.0]",0.07301425853331997,0.0,{},,,,,,,
MovieLens-25M,horizon,UCB,Clipped Suppression,1,1000000,10,,0.016442451420029897,1000000,0,51695.845932463315,982897170,simulated,475092,suppressed non-target rounds (including 0->0),0.524908,0.524908,0,0.0,"[52788, 52788, 52788, 52788, 52788, 52788, 52788, 52788, 52788, 524908]","[0, 0, 0, 0, 0, 0, 0, 0, 0, 0]","[0.0, 0.0, 0.0, 0.0, 0.0, 0.0, 0.0, 0.0, 0.0, 0.0]",,,,,,,,,,
MovieLens-25M,horizon,TS,Ours,1,1000000,10,,0.016442451420029897,817072,182928,51695.845932463315,4188900678,simulated,182878,injected samples,0.937418,1.0,120341,6948.555555555556,"[0, 0, 0, 0, 0, 0, 0, 0, 0, 817072]","[6973, 6913, 6973, 6973, 6953, 6933, 6953, 6933, 6933, 120341]","[5.0, 2.0, 5.0, 5.0, 4.0, 3.0, 4.0, 3.0, 3.0, 0.0]",0.0996091058886884,0.0,{},,,,,,,
MovieLens-25M,horizon,TS,Clipped Suppression,1,1000000,10,,0.016442451420029897,1000000,0,51695.845932463315,316954773,simulated,208954,suppressed non-target rounds (including 0->0),0.791046,0.791046,0,0.0,"[23401, 23213, 23188, 23188, 23135, 23230, 23229, 23215, 23155, 791046]","[0, 0, 0, 0, 0, 0, 0, 0, 0, 0]","[0.0, 0.0, 0.0, 0.0, 0.0, 0.0, 0.0, 0.0, 0.0, 0.0]",,,,,,,,,,
MovieLens-25M,arms,UCB,Ours,1,1000000,5,,0.016442451420029897,907347,92653,41031.02010778911,782805029,simulated,92628,injected samples,0.965715,1.0,58363,8566.25,"[0, 0, 0, 0, 907347]","[8558, 8558, 8591, 8558, 58363]","[4.0, 4.0, 5.0, 4.0, 0.0]",0.05514305345828811,0.0,{},,,,,,,
MovieLens-25M,arms,UCB,Clipped Suppression,1,1000000,5,,0.016442451420029897,1000000,0,41031.02010778911,368062382,simulated,239644,suppressed non-target rounds (including 0->0),0.760356,0.760356,0,0.0,"[59911, 59911, 59911, 59911, 760356]","[0, 0, 0, 0, 0]","[0.0, 0.0, 0.0, 0.0, 0.0]",,,,,,,,,,
MovieLens-25M,arms,TS,Ours,1,1000000,5,,0.016442451420029897,861764,138236,41031.02010778911,977821323,simulated,138211,injected samples,0.95417,1.0,92401,11452.5,"[0, 0, 0, 0, 861764]","[11446, 11446, 11472, 11446, 92401]","[4.0, 4.0, 5.0, 4.0, 0.0]",0.07676093380652985,0.0,{},,,,,,,
MovieLens-25M,arms,TS,Clipped Suppression,1,1000000,5,,0.016442451420029897,1000000,0,41031.02010778911,158669882,simulated,94137,suppressed non-target rounds (including 0->0),0.905863,0.905863,0,0.0,"[23567, 23509, 23527, 23534, 905863]","[0, 0, 0, 0, 0]","[0.0, 0.0, 0.0, 0.0, 0.0]",,,,,,,,,,
MovieLens-25M,arms,UCB,Ours,1,1000000,10,,0.016442451420029897,875067,124933,51695.845932463315,2600354213,simulated,124883,injected samples,0.953839,1.0,78767,5124.0,"[0, 0, 0, 0, 0, 0, 0, 0, 0, 875067]","[5155, 5079, 5155, 5155, 5130, 5104, 5130, 5104, 5104, 78767]","[5.0, 2.0, 5.0, 5.0, 4.0, 3.0, 4.0, 3.0, 3.0, 0.0]",0.07301425853331997,0.0,{},,,,,,,
MovieLens-25M,arms,UCB,Clipped Suppression,1,1000000,10,,0.016442451420029897,1000000,0,51695.845932463315,982897170,simulated,475092,suppressed non-target rounds (including 0->0),0.524908,0.524908,0,0.0,"[52788, 52788, 52788, 52788, 52788, 52788, 52788, 52788, 52788, 524908]","[0, 0, 0, 0, 0, 0, 0, 0, 0, 0]","[0.0, 0.0, 0.0, 0.0, 0.0, 0.0, 0.0, 0.0, 0.0, 0.0]",,,,,,,,,,
MovieLens-25M,arms,TS,Ours,1,1000000,10,,0.016442451420029897,817072,182928,51695.845932463315,4188900678,simulated,182878,injected samples,0.937418,1.0,120341,6948.555555555556,"[0, 0, 0, 0, 0, 0, 0, 0, 0, 817072]","[6973, 6913, 6973, 6973, 6953, 6933, 6953, 6933, 6933, 120341]","[5.0, 2.0, 5.0, 5.0, 4.0, 3.0, 4.0, 3.0, 3.0, 0.0]",0.0996091058886884,0.0,{},,,,,,,
MovieLens-25M,arms,TS,Clipped Suppression,1,1000000,10,,0.016442451420029897,1000000,0,51695.845932463315,316954773,simulated,208954,suppressed non-target rounds (including 0->0),0.791046,0.791046,0,0.0,"[23401, 23213, 23188, 23188, 23135, 23230, 23229, 23215, 23155, 791046]","[0, 0, 0, 0, 0, 0, 0, 0, 0, 0]","[0.0, 0.0, 0.0, 0.0, 0.0, 0.0, 0.0, 0.0, 0.0, 0.0]",,,,,,,,,,
MovieLens-25M,arms,UCB,Ours,1,1000000,15,,0.016442451420029897,853034,146966,59176.97111973348,296215604,simulated,146891,injected samples,0.945598,1.0,92559,3880.8571428571427,"[0, 0, 0, 0, 0, 0, 0, 0, 0, 0, 0, 0, 0, 0, 853034]","[3896, 3853, 3875, 3875, 3918, 3918, 3896, 3875, 3853, 3896, 3853, 3875, 3896, 3853, 92559]","[4.0, 2.0, 3.0, 3.0, 5.0, 5.0, 4.0, 3.0, 2.0, 4.0, 2.0, 3.0, 4.0, 2.0, 0.0]",0.08471632995766212,0.0,{},,,,,,,
MovieLens-25M,arms,UCB,Clipped Suppression,1,1000000,15,,0.016442451420029897,1000000,0,59176.97111973348,1736859150,simulated,645610,suppressed non-target rounds (including 0->0),0.35439,0.35439,0,0.0,"[46115, 46115, 46115, 46115, 46115, 46115, 46115, 46115, 46115, 46115, 46115, 46115, 46115, 46115, 354390]","[0, 0, 0, 0, 0, 0, 0, 0, 0, 0, 0, 0, 0, 0, 0]","[0.0, 0.0, 0.0, 0.0, 0.0, 0.0, 0.0, 0.0, 0.0, 0.0, 0.0, 0.0, 0.0, 0.0, 0.0]",,,,,,,,,,
MovieLens-25M,arms,TS,Ours,1,1000000,15,,0.016442451420029897,786125,213875,59176.97111973348,3598309847,simulated,213800,injected samples,0.925548,1.0,139418,5313.0,"[0, 0, 0, 0, 0, 0, 0, 0, 0, 0, 0, 0, 0, 0, 786125]","[5325, 5291, 5308, 5308, 5343, 5343, 5325, 5308, 5291, 5325, 5291, 5308, 5325, 5291, 139418]","[4.0, 2.0, 3.0, 3.0, 5.0, 5.0, 4.0, 3.0, 2.0, 4.0, 2.0, 3.0, 4.0, 2.0, 0.0]",0.1145730892950477,0.0,{},,,,,,,
MovieLens-25M,arms,TS,Clipped Suppression,1,1000000,15,,0.016442451420029897,1000000,0,59176.97111973348,3054142910,simulated,313534,suppressed non-target rounds (including 0->0),0.686466,0.686466,0,0.0,"[22447, 22363, 22402, 22459, 22413, 22385, 22359, 22311, 22383, 22389, 22338, 22464, 22462, 22359, 686466]","[0, 0, 0, 0, 0, 0, 0, 0, 0, 0, 0, 0, 0, 0, 0]","[0.0, 0.0, 0.0, 0.0, 0.0, 0.0, 0.0, 0.0, 0.0, 0.0, 0.0, 0.0, 0.0, 0.0, 0.0]",,,,,,,,,,
MovieLens-25M,arms,UCB,Ours,1,1000000,20,,0.016442451420029897,835244,164756,65132.68448243278,4067287444,simulated,164656,injected samples,0.938768,1.0,103519,3217.7368421052633,"[0, 0, 0, 0, 0, 0, 0, 0, 0, 0, 0, 0, 0, 0, 0, 0, 0, 0, 0, 835244]","[3203, 3223, 3243, 3223, 3223, 3183, 3203, 3223, 3223, 3243, 3223, 3243, 3243, 3223, 3183, 3183, 3223, 3203, 3223, 103519]","[3.0, 4.0, 5.0, 4.0, 4.0, 2.0, 3.0, 4.0, 4.0, 5.0, 4.0, 5.0, 5.0, 4.0, 2.0, 2.0, 4.0, 3.0, 4.0, 0.0]",0.09380723123350304,0.0,{},,,,,,,
MovieLens-25M,arms,UCB,Clipped Suppression,1,1000000,20,,0.016442451420029897,1000000,0,65132.68448243278,2350061345,simulated,762530,suppressed non-target rounds (including 0->0),0.23747,0.23747,0,0.0,"[40134, 40134, 40134, 40133, 40133, 40133, 40133, 40133, 40133, 40133, 40133, 40133, 40133, 40133, 40133, 40133, 40133, 40133, 40133, 237470]","[0, 0, 0, 0, 0, 0, 0, 0, 0, 0, 0, 0, 0, 0, 0, 0, 0, 0, 0, 0]","[0.0, 0.0, 0.0, 0.0, 0.0, 0.0, 0.0, 0.0, 0.0, 0.0, 0.0, 0.0, 0.0, 0.0, 0.0, 0.0, 0.0, 0.0, 0.0, 0.0]",,,,,,,,,,
MovieLens-25M,arms,TS,Ours,1,1000000,20,,0.016442451420029897,761109,238891,65132.68448243278,4264129536,simulated,238791,injected samples,0.915724,1.0,154610,4430.578947368421,"[0, 0, 0, 0, 0, 0, 0, 0, 0, 0, 0, 0, 0, 0, 0, 0, 0, 0, 0, 761109]","[4419, 4435, 4450, 4435, 4435, 4403, 4419, 4435, 4435, 4450, 4435, 4450, 4450, 4435, 4403, 4403, 4435, 4419, 4435, 154610]","[3.0, 4.0, 5.0, 4.0, 4.0, 2.0, 3.0, 4.0, 4.0, 5.0, 4.0, 5.0, 5.0, 4.0, 2.0, 2.0, 4.0, 3.0, 4.0, 0.0]",0.12614034858814682,0.0,{},,,,,,,
MovieLens-25M,arms,TS,Clipped Suppression,1,1000000,20,,0.016442451420029897,1000000,0,65132.68448243278,1332136009,simulated,418047,suppressed non-target rounds (including 0->0),0.581953,0.581953,0,0.0,"[22020, 21931, 22038, 22023, 22019, 22005, 22033, 22064, 22045, 21866, 22069, 22034, 21933, 22039, 22004, 21941, 22102, 21919, 21962, 581953]","[0, 0, 0, 0, 0, 0, 0, 0, 0, 0, 0, 0, 0, 0, 0, 0, 0, 0, 0, 0]","[0.0, 0.0, 0.0, 0.0, 0.0, 0.0, 0.0, 0.0, 0.0, 0.0, 0.0, 0.0, 0.0, 0.0, 0.0, 0.0, 0.0, 0.0, 0.0, 0.0]",,,,,,,,,,
MovieLens-25M,arms,UCB,Ours,1,1000000,30,,0.016442451420029897,807270,192730,74558.3115827732,3979570232,simulated,192580,injected samples,0.927977,1.0,120702,2478.551724137931,"[0, 0, 0, 0, 0, 0, 0, 0, 0, 0, 0, 0, 0, 0, 0, 0, 0, 0, 0, 0, 0, 0, 0, 0, 0, 0, 0, 0, 0, 807270]","[2506, 2488, 2488, 2453, 2488, 2506, 2488, 2506, 2506, 2488, 2488, 2453, 2471, 2488, 2488, 2488, 2453, 2488, 2453, 2471, 2488, 2471, 2471, 2471, 2471, 2453, 2488, 2436, 2471, 120702]","[5.0, 4.0, 4.0, 2.0, 4.0, 5.0, 4.0, 5.0, 5.0, 4.0, 4.0, 2.0, 3.0, 4.0, 4.0, 4.0, 2.0, 4.0, 2.0, 3.0, 4.0, 3.0, 3.0, 3.0, 3.0, 2.0, 4.0, 1.0, 3.0, 0.0]",0.10770119598277558,0.0,{},,,,,,,
MovieLens-25M,arms,UCB,Clipped Suppression,1,1000000,30,,0.016442451420029897,1000000,0,74558.3115827732,678882360,simulated,868289,suppressed non-target rounds (including 0->0),0.131711,0.131711,0,0.0,"[29941, 29941, 29941, 29941, 29941, 29941, 29941, 29941, 29941, 29941, 29941, 29941, 29941, 29941, 29941, 29941, 29941, 29941, 29941, 29941, 29941, 29941, 29941, 29941, 29941, 29941, 29941, 29941, 29941, 131711]","[0, 0, 0, 0, 0, 0, 0, 0, 0, 0, 0, 0, 0, 0, 0, 0, 0, 0, 0, 0, 0, 0, 0, 0, 0, 0, 0, 0, 0, 0]","[0.0, 0.0, 0.0, 0.0, 0.0, 0.0, 0.0, 0.0, 0.0, 0.0, 0.0, 0.0, 0.0, 0.0, 0.0, 0.0, 0.0, 0.0, 0.0, 0.0, 0.0, 0.0, 0.0, 0.0, 0.0, 0.0, 0.0, 0.0, 0.0, 0.0]",,,,,,,,,,
MovieLens-25M,arms,TS,Ours,1,1000000,30,,0.016442451420029897,721220,278780,74558.3115827732,2897260947,simulated,278630,injected samples,0.899854,1.0,178629,3448.310344827586,"[0, 0, 0, 0, 0, 0, 0, 0, 0, 0, 0, 0, 0, 0, 0, 0, 0, 0, 0, 0, 0, 0, 0, 0, 0, 0, 0, 0, 0, 721220]","[3470, 3456, 3456, 3428, 3456, 3470, 3456, 3470, 3470, 3456, 3456, 3428, 3442, 3456, 3456, 3456, 3428, 3456, 3428, 3442, 3456, 3442, 3442, 3442, 3442, 3428, 3456, 3415, 3442, 178629]","[5.0, 4.0, 4.0, 2.0, 4.0, 5.0, 4.0, 5.0, 5.0, 4.0, 4.0, 2.0, 3.0, 4.0, 4.0, 4.0, 2.0, 4.0, 2.0, 3.0, 4.0, 3.0, 3.0, 3.0, 3.0, 2.0, 4.0, 1.0, 3.0, 0.0]",0.1438247117753449,0.0,{},,,,,,,
MovieLens-25M,arms,TS,Clipped Suppression,1,1000000,30,,0.016442451420029897,1000000,0,74558.3115827732,413591721,simulated,593487,suppressed non-target rounds (including 0->0),0.406513,0.406513,0,0.0,"[20510, 20470, 20472, 20589, 20545, 20395, 20418, 20443, 20474, 20544, 20487, 20479, 20395, 20302, 20421, 20459, 20495, 20537, 20513, 20535, 20536, 20415, 20385, 20377, 20470, 20405, 20462, 20414, 20540, 406513]","[0, 0, 0, 0, 0, 0, 0, 0, 0, 0, 0, 0, 0, 0, 0, 0, 0, 0, 0, 0, 0, 0, 0, 0, 0, 0, 0, 0, 0, 0]","[0.0, 0.0, 0.0, 0.0, 0.0, 0.0, 0.0, 0.0, 0.0, 0.0, 0.0, 0.0, 0.0, 0.0, 0.0, 0.0, 0.0, 0.0, 0.0, 0.0, 0.0, 0.0, 0.0, 0.0, 0.0, 0.0, 0.0, 0.0, 0.0, 0.0]",,,,,,,,,,
MovieLens-25M,arms,UCB,Ours,1,1000000,40,,0.016442451420029897,784611,215389,82062.04021557822,356056065,simulated,215189,injected samples,0.919051,1.0,134435,2070.6153846153848,"[0, 0, 0, 0, 0, 0, 0, 0, 0, 0, 0, 0, 0, 0, 0, 0, 0, 0, 0, 0, 0, 0, 0, 0, 0, 0, 0, 0, 0, 0, 0, 0, 0, 0, 0, 0, 0, 0, 0, 784611]","[2094, 2094, 2047, 2079, 2079, 2079, 2094, 2079, 2079, 2063, 2079, 2079, 2094, 2063, 2094, 2063, 2063, 2079, 2063, 2063, 2079, 2094, 2079, 2079, 2094, 2079, 2063, 2063, 2079, 2063, 2047, 2047, 2015, 2047, 2047, 2063, 2047, 2063, 2079, 134435]","[5.0, 5.0, 2.0, 4.0, 4.0, 4.0, 5.0, 4.0, 4.0, 3.0, 4.0, 4.0, 5.0, 3.0, 5.0, 3.0, 3.0, 4.0, 3.0, 3.0, 4.0, 5.0, 4.0, 4.0, 5.0, 4.0, 3.0, 3.0, 4.0, 3.0, 2.0, 2.0, 0.0, 2.0, 2.0, 3.0, 2.0, 3.0, 4.0, 0.0]",0.11850295152381565,0.0,{},,,,,,,
MovieLens-25M,arms,UCB,Clipped Suppression,1,1000000,40,,0.016442451420029897,1000000,0,82062.04021557822,4022164711,simulated,921830,suppressed non-target rounds (including 0->0),0.07817,0.07817,0,0.0,"[23637, 23637, 23637, 23637, 23637, 23637, 23637, 23637, 23637, 23637, 23637, 23637, 23637, 23637, 23637, 23637, 23637, 23637, 23637, 23637, 23637, 23637, 23637, 23637, 23637, 23637, 23636, 23636, 23636, 23636, 23636, 23636, 23636, 23636, 23636, 23636, 23636, 23636, 23636, 78170]","[0, 0, 0, 0, 0, 0, 0, 0, 0, 0, 0, 0, 0, 0, 0, 0, 0, 0, 0, 0, 0, 0, 0, 0, 0, 0, 0, 0, 0, 0, 0, 0, 0, 0, 0, 0, 0, 0, 0, 0]","[0.0, 0.0, 0.0, 0.0, 0.0, 0.0, 0.0, 0.0, 0.0, 0.0, 0.0, 0.0, 0.0, 0.0, 0.0, 0.0, 0.0, 0.0, 0.0, 0.0, 0.0, 0.0, 0.0, 0.0, 0.0, 0.0, 0.0, 0.0, 0.0, 0.0, 0.0, 0.0, 0.0, 0.0, 0.0, 0.0, 0.0, 0.0, 0.0, 0.0]",,,,,,,,,,
MovieLens-25M,arms,TS,Ours,1,1000000,40,,0.016442451420029897,688721,311279,82062.04021557822,3243488492,simulated,311079,injected samples,0.886634,1.0,197908,2901.8205128205127,"[0, 0, 0, 0, 0, 0, 0, 0, 0, 0, 0, 0, 0, 0, 0, 0, 0, 0, 0, 0, 0, 0, 0, 0, 0, 0, 0, 0, 0, 0, 0, 0, 0, 0, 0, 0, 0, 0, 0, 688721]","[2921, 2921, 2883, 2908, 2908, 2908, 2921, 2908, 2908, 2896, 2908, 2908, 2921, 2896, 2921, 2896, 2896, 2908, 2896, 2896, 2908, 2921, 2908, 2908, 2921, 2908, 2896, 2896, 2908, 2896, 2883, 2883, 2858, 2883, 2883, 2896, 2883, 2896, 2908, 197908]","[5.0, 5.0, 2.0, 4.0, 4.0, 4.0, 5.0, 4.0, 4.0, 3.0, 4.0, 4.0, 5.0, 3.0, 5.0, 3.0, 3.0, 4.0, 3.0, 3.0, 4.0, 5.0, 4.0, 4.0, 5.0, 4.0, 3.0, 3.0, 4.0, 3.0, 2.0, 2.0, 0.0, 2.0, 2.0, 3.0, 2.0, 3.0, 4.0, 0.0]",0.15751076016649135,0.0,{},,,,,,,
MovieLens-25M,arms,TS,Clipped Suppression,1,1000000,40,,0.016442451420029897,1000000,0,82062.04021557822,1092714097,simulated,718348,suppressed non-target rounds (including 0->0),0.281652,0.281652,0,0.0,"[18427, 18383, 18417, 18381, 18376, 18378, 18512, 18456, 18332, 18433, 18389, 18418, 18475, 18346, 18411, 18370, 18403, 18334, 18291, 18351, 18456, 18414, 18516, 18385, 18359, 18488, 18469, 18424, 18492, 18349, 18479, 18533, 18411, 18500, 18427, 18431, 18445, 18413, 18474, 281652]","[0, 0, 0, 0, 0, 0, 0, 0, 0, 0, 0, 0, 0, 0, 0, 0, 0, 0, 0, 0, 0, 0, 0, 0, 0, 0, 0, 0, 0, 0, 0, 0, 0, 0, 0, 0, 0, 0, 0, 0]","[0.0, 0.0, 0.0, 0.0, 0.0, 0.0, 0.0, 0.0, 0.0, 0.0, 0.0, 0.0, 0.0, 0.0, 0.0, 0.0, 0.0, 0.0, 0.0, 0.0, 0.0, 0.0, 0.0, 0.0, 0.0, 0.0, 0.0, 0.0, 0.0, 0.0, 0.0, 0.0, 0.0, 0.0, 0.0, 0.0, 0.0, 0.0, 0.0, 0.0]",,,,,,,,,,
MovieLens-25M,arms,UCB,Ours,1,1000000,50,,0.016442451420029897,765329,234671,88398.65308761662,3426629078,simulated,234421,injected samples,0.911387,1.0,146053,1803.4285714285713,"[0, 0, 0, 0, 0, 0, 0, 0, 0, 0, 0, 0, 0, 0, 0, 0, 0, 0, 0, 0, 0, 0, 0, 0, 0, 0, 0, 0, 0, 0, 0, 0, 0, 0, 0, 0, 0, 0, 0, 0, 0, 0, 0, 0, 0, 0, 0, 0, 0, 765329]","[1797, 1812, 1782, 1812, 1812, 1827, 1812, 1812, 1797, 1812, 1827, 1782, 1827, 1812, 1812, 1827, 1797, 1797, 1797, 1812, 1827, 1782, 1827, 1782, 1797, 1827, 1812, 1782, 1812, 1797, 1812, 1797, 1797, 1812, 1797, 1797, 1812, 1782, 1812, 1797, 1797, 1812, 1797, 1827, 1782, 1797, 1782, 1782, 1767, 146053]","[3.0, 4.0, 2.0, 4.0, 4.0, 5.0, 4.0, 4.0, 3.0, 4.0, 5.0, 2.0, 5.0, 4.0, 4.0, 5.0, 3.0, 3.0, 3.0, 4.0, 5.0, 2.0, 5.0, 2.0, 3.0, 5.0, 4.0, 2.0, 4.0, 3.0, 4.0, 3.0, 3.0, 4.0, 3.0, 3.0, 4.0, 2.0, 4.0, 3.0, 3.0, 4.0, 3.0, 5.0, 2.0, 3.0, 2.0, 2.0, 1.0, 0.0]",0.12743853646401754,0.0,{},,,,,,,
MovieLens-25M,arms,UCB,Clipped Suppression,1,1000000,50,,0.016442451420029897,1000000,0,88398.65308761662,708305736,simulated,944965,suppressed non-target rounds (including 0->0),0.055035,0.055035,0,0.0,"[19285, 19285, 19285, 19285, 19285, 19285, 19285, 19285, 19285, 19285, 19285, 19285, 19285, 19285, 19285, 19285, 19285, 19285, 19285, 19285, 19285, 19285, 19285, 19285, 19285, 19285, 19285, 19285, 19285, 19285, 19285, 19285, 19285, 19285, 19285, 19285, 19285, 19285, 19285, 19285, 19285, 19285, 19285, 19285, 19285, 19285, 19285, 19285, 19285, 55035]","[0, 0, 0, 0, 0, 0, 0, 0, 0, 0, 0, 0, 0, 0, 0, 0, 0, 0, 0, 0, 0, 0, 0, 0, 0, 0, 0, 0, 0, 0, 0, 0, 0, 0, 0, 0, 0, 0, 0, 0, 0, 0, 0, 0, 0, 0, 0, 0, 0, 0]","[0.0, 0.0, 0.0, 0.0, 0.0, 0.0, 0.0, 0.0, 0.0, 0.0, 0.0, 0.0, 0.0, 0.0, 0.0, 0.0, 0.0, 0.0, 0.0, 0.0, 0.0, 0.0, 0.0, 0.0, 0.0, 0.0, 0.0, 0.0, 0.0, 0.0, 0.0, 0.0, 0.0, 0.0, 0.0, 0.0, 0.0, 0.0, 0.0, 0.0, 0.0, 0.0, 0.0, 0.0, 0.0, 0.0, 0.0, 0.0, 0.0, 0.0]",,,,,,,,,,
MovieLens-25M,arms,TS,Ours,1,1000000,50,,0.016442451420029897,660815,339185,88398.65308761662,2888679423,simulated,338935,injected samples,0.875116,1.0,214296,2543.6530612244896,"[0, 0, 0, 0, 0, 0, 0, 0, 0, 0, 0, 0, 0, 0, 0, 0, 0, 0, 0, 0, 0, 0, 0, 0, 0, 0, 0, 0, 0, 0, 0, 0, 0, 0, 0, 0, 0, 0, 0, 0, 0, 0, 0, 0, 0, 0, 0, 0, 0, 660815]","[2539, 2550, 2527, 2550, 2550, 2562, 2550, 2550, 2539, 2550, 2562, 2527, 2562, 2550, 2550, 2562, 2539, 2539, 2539, 2550, 2562, 2527, 2562, 2527, 2539, 2562, 2550, 2527, 2550, 2539, 2550, 2539, 2539, 2550, 2539, 2539, 2550, 2527, 2550, 2539, 2539, 2550, 2539, 2562, 2527, 2539, 2527, 2527, 2515, 214296]","[3.0, 4.0, 2.0, 4.0, 4.0, 5.0, 4.0, 4.0, 3.0, 4.0, 5.0, 2.0, 5.0, 4.0, 4.0, 5.0, 3.0, 3.0, 3.0, 4.0, 5.0, 2.0, 5.0, 2.0, 3.0, 5.0, 4.0, 2.0, 4.0, 3.0, 4.0, 3.0, 3.0, 4.0, 3.0, 3.0, 4.0, 2.0, 4.0, 3.0, 3.0, 4.0, 3.0, 5.0, 2.0, 3.0, 2.0, 2.0, 1.0, 0.0]",0.16880521364869244,0.0,{},,,,,,,
MovieLens-25M,arms,TS,Clipped Suppression,1,1000000,50,,0.016442451420029897,1000000,0,88398.65308761662,331117338,simulated,811507,suppressed non-target rounds (including 0->0),0.188493,0.188493,0,0.0,"[16524, 16652, 16588, 16517, 16661, 16579, 16631, 16462, 16518, 16605, 16544, 16552, 16579, 16571, 16597, 16501, 16653, 16530, 16628, 16559, 16572, 16518, 16424, 16493, 16619, 16460, 16572, 16547, 16653, 16557, 16506, 16677, 16636, 16575, 16578, 16644, 16515, 16502, 16558, 16532, 16568, 16566, 16469, 16682, 16535, 16555, 16544, 16506, 16493, 188493]","[0, 0, 0, 0, 0, 0, 0, 0, 0, 0, 0, 0, 0, 0, 0, 0, 0, 0, 0, 0, 0, 0, 0, 0, 0, 0, 0, 0, 0, 0, 0, 0, 0, 0, 0, 0, 0, 0, 0, 0, 0, 0, 0, 0, 0, 0, 0, 0, 0, 0]","[0.0, 0.0, 0.0, 0.0, 0.0, 0.0, 0.0, 0.0, 0.0, 0.0, 0.0, 0.0, 0.0, 0.0, 0.0, 0.0, 0.0, 0.0, 0.0, 0.0, 0.0, 0.0, 0.0, 0.0, 0.0, 0.0, 0.0, 0.0, 0.0, 0.0, 0.0, 0.0, 0.0, 0.0, 0.0, 0.0, 0.0, 0.0, 0.0, 0.0, 0.0, 0.0, 0.0, 0.0, 0.0, 0.0, 0.0, 0.0, 0.0, 0.0]",,,,,,,,,,
MovieLens-25M,gap,UCB,Ours,1,1000000,10,0.0,0.0,875067,124933,51695.845932463315,2600354213,simulated,124883,injected samples,0.953839,1.0,78767,5124.0,"[0, 0, 0, 0, 0, 0, 0, 0, 0, 875067]","[5155, 5079, 5155, 5155, 5130, 5104, 5130, 5104, 5104, 78767]","[5.0, 2.0, 5.0, 5.0, 4.0, 3.0, 4.0, 3.0, 3.0, 0.0]",0.07301425853331997,0.0,{},,,,,,,
MovieLens-25M,gap,UCB,Direct,1,1000000,10,0.0,0.0,884498,115502,51695.845932463315,982897170,simulated,115452,injected samples,0.957056,1.0,72553,4766.555555555556,"[0, 0, 0, 0, 0, 0, 0, 0, 0, 884498]","[4796, 4723, 4796, 4796, 4772, 4748, 4772, 4748, 4748, 72553]","[5.0, 2.0, 5.0, 5.0, 4.0, 3.0, 4.0, 3.0, 3.0, 0.0]",0.08150716674956697,0.0,"{""search"": ""same grid; exact integer TS target envelope"", ""z_stages"": [[0.0, 1.0055705112905038, 4097.0, 115454.0, 333.0], [0.08150620355186701, 0.08199720477808307, 1025.0, 115452.0, 3.0], [0.08150716253863696, 0.08150812152540692, 1025.0, 115452.0, 5.0], [0.08150716628467904, 0.08150716815770007, 1025.0, 115452.0, 255.0], [0.08150716674927605, 0.08150716675293429, 1025.0, 115452.0, 82.0], [0.08150716674956542, 0.08150716674957256, 1025.0, 115452.0, 222.0]]}",,,,,,,
MovieLens-25M,gap,UCB,Two-phase,1,1000000,10,0.0,0.0,1000000,0,51695.845932463315,1235905703,infeasible,,scheduled corrupted rounds,,,0,0.0,,"[0, 0, 0, 0, 0, 0, 0, 0, 0, 0]","[0.0, 0.0, 0.0, 0.0, 0.0, 0.0, 0.0, 0.0, 0.0, 0.0]",,,,0,0,"{""C1"": null, ""C2"": null, ""K"": 10, ""T"": 1000000, ""feasible"": false, ""learner"": ""UCB"", ""learner_setting"": ""mean + sqrt(log(T)/N)"", ""mu"": 0.0, ""reason"": ""undefined at mu_K=0"", ""source"": ""https://proceedings.neurips.cc/paper_files/paper/2021/file/be315e7f05e9f13629031915fe87ad44-Supplemental.pdf"", ""source_section"": ""A.2"", ""target_feedback"": ""deterministic mu_K"", ""total"": null, ""version"": ""xu2021-original-settings-v1""}",,,,
MovieLens-25M,gap,TS,Ours,1,1000000,10,0.0,0.0,817072,182928,51695.845932463315,4188900678,simulated,182878,injected samples,0.937418,1.0,120341,6948.555555555556,"[0, 0, 0, 0, 0, 0, 0, 0, 0, 817072]","[6973, 6913, 6973, 6973, 6953, 6933, 6953, 6933, 6933, 120341]","[5.0, 2.0, 5.0, 5.0, 4.0, 3.0, 4.0, 3.0, 3.0, 0.0]",0.0996091058886884,0.0,{},,,,,,,
MovieLens-25M,gap,TS,Direct,1,1000000,10,0.0,0.0,836534,163466,51695.845932463315,316954773,simulated,163416,injected samples,0.943572,1.0,107033,6264.777777777777,"[0, 0, 0, 0, 0, 0, 0, 0, 0, 836534]","[6288, 6231, 6288, 6288, 6269, 6250, 6269, 6250, 6250, 107033]","[5.0, 2.0, 5.0, 5.0, 4.0, 3.0, 4.0, 3.0, 3.0, 0.0]",0.10492937849872226,0.0,"{""search"": ""same grid; exact integer TS target envelope"", ""z_stages"": [[0.0, 0.9917340366815204, 4097.0, 163419.0, 433.0], [0.1045969491812541, 0.1050811943163525, 1025.0, 163416.0, 703.0], [0.10492892192035476, 0.10492986771163425, 1025.0, 163416.0, 495.0], [0.10492937819075716, 0.10492938003800577, 1025.0, 163416.0, 171.0], [0.1049293784974293, 0.1049293785010372, 1025.0, 163416.0, 367.0], [0.10492937849871883, 0.10492937849872588, 1025.0, 163416.0, 497.0]]}",,,,,,,
MovieLens-25M,gap,TS,Two-phase,1,1000000,10,0.0,0.0,1000000,0,51695.845932463315,1776693161,infeasible,,scheduled corrupted rounds,,,0,0.0,,"[0, 0, 0, 0, 0, 0, 0, 0, 0, 0]","[0.0, 0.0, 0.0, 0.0, 0.0, 0.0, 0.0, 0.0, 0.0, 0.0]",,,,0,0,"{""C1"": null, ""C2"": null, ""K"": 10, ""T"": 1000000, ""feasible"": false, ""learner"": ""TS"", ""learner_setting"": ""Beta(sum+1, N-sum+1)"", ""mu"": 0.0, ""reason"": ""undefined at mu_K=0"", ""source"": ""https://proceedings.neurips.cc/paper_files/paper/2021/file/be315e7f05e9f13629031915fe87ad44-Supplemental.pdf"", ""source_section"": ""A.4"", ""target_feedback"": ""Bernoulli(mu_K)"", ""total"": null, ""version"": ""xu2021-original-settings-v1""}",,,,
MovieLens-25M,gap,UCB,Ours,1,1000000,10,0.1,0.005169584593246332,880644,119356,51695.845932463315,2180435231,simulated,119306,injected samples,0.953988,1.0,73339,5107.444444444444,"[0, 0, 0, 0, 0, 0, 0, 0, 0, 880644]","[5138, 5063, 5138, 5138, 5113, 5088, 5113, 5088, 5088, 73339]","[5.0, 2.0, 5.0, 5.0, 4.0, 3.0, 4.0, 3.0, 3.0, 0.02584792296623166]",0.073143255359089,0.005169584593246332,{},,,,,,,
MovieLens-25M,gap,UCB,Direct,1,1000000,10,0.1,0.005169584593246332,889094,110906,51695.845932463315,3331076316,simulated,110856,injected samples,0.956969,1.0,67870,4776.222222222223,"[0, 0, 0, 0, 0, 0, 0, 0, 0, 889094]","[4806, 4733, 4806, 4806, 4782, 4757, 4782, 4757, 4757, 67870]","[5.0, 2.0, 5.0, 5.0, 4.0, 3.0, 4.0, 3.0, 3.0, 0.02584792296623166]",0.08142415912491556,0.005169584593246332,"{""search"": ""same grid; exact integer TS target envelope"", ""z_stages"": [[0.0, 1.005570537139616, 4097.0, 110858.0, 332.0], [0.08126070502763987, 0.08175170626647757, 1025.0, 110856.0, 341.0], [0.08142373278272269, 0.0814246917695173, 1025.0, 110856.0, 456.0], [0.08142415889501912, 0.08142416076804021, 1025.0, 110856.0, 126.0], [0.0814241591236594, 0.08142415912731764, 1025.0, 110856.0, 352.0], [0.08142415912491334, 0.08142415912492049, 1025.0, 110856.0, 318.0]]}",,,,,,,
MovieLens-25M,gap,UCB,Two-phase,1,1000000,10,0.1,0.005169584593246332,1000000,0,51695.845932463315,219935791,infeasible,5196454,scheduled corrupted rounds,,,0,0.0,,"[0, 0, 0, 0, 0, 0, 0, 0, 0, 0]","[0.0, 0.0, 0.0, 0.0, 0.0, 0.0, 0.0, 0.0, 0.0, 0.0]",,,,5169590,26864,"{""C1"": 5169590, ""C2"": 26864, ""K"": 10, ""T"": 1000000, ""feasible"": false, ""learner"": ""UCB"", ""learner_setting"": ""mean + sqrt(log(T)/N)"", ""mu"": 0.005169584593246332, ""reason"": ""original budget reaches/exceeds T"", ""source"": ""https://proceedings.neurips.cc/paper_files/paper/2021/file/be315e7f05e9f13629031915fe87ad44-Supplemental.pdf"", ""source_section"": ""A.2"", ""target_feedback"": ""deterministic mu_K"", ""total"": 5196454, ""version"": ""xu2021-original-settings-v1""}",,,,
MovieLens-25M,gap,TS,Ours,1,1000000,10,0.1,0.005169584593246332,822838,177162,51695.845932463315,2977556704,simulated,177112,injected samples,0.937616,1.0,114773,6926.555555555556,"[0, 0, 0, 0, 0, 0, 0, 0, 0, 822838]","[6951, 6891, 6951, 6951, 6931, 6911, 6931, 6911, 6911, 114773]","[5.0, 2.0, 5.0, 5.0, 4.0, 3.0, 4.0, 3.0, 3.0, 0.02584792296623166]",0.09976868375344408,0.005169584593246332,{},,,,,,,
MovieLens-25M,gap,TS,Direct,1,1000000,10,0.1,0.005169584593246332,840882,159118,51695.845932463315,3623411506,simulated,159068,injected samples,0.943725,1.0,102838,6247.777777777777,"[0, 0, 0, 0, 0, 0, 0, 0, 0, 840882]","[6271, 6214, 6271, 6271, 6252, 6233, 6252, 6233, 6233, 102838]","[5.0, 2.0, 5.0, 5.0, 4.0, 3.0, 4.0, 3.0, 3.0, 0.02584792296623166]",0.1050731345689616,0.005169584593246332,"{""search"": ""same grid; exact integer TS target envelope"", ""z_stages"": [[0.0, 0.9917340625306325, 4097.0, 159072.0, 433.0], [0.10459695190752764, 0.10508119705524768, 1025.0, 159068.0, 1007.0], [0.10507268493351042, 0.10507363072481456, 1025.0, 159068.0, 487.0], [0.10507313381493016, 0.1050731356621788, 1025.0, 159068.0, 418.0], [0.10507313456717887, 0.10507313457078678, 1025.0, 159068.0, 506.0], [0.10507313456895816, 0.1050731345689652, 1025.0, 159068.0, 499.0]]}",,,,,,,
MovieLens-25M,gap,TS,Two-phase,1,1000000,10,0.1,0.005169584593246332,1000000,0,51695.845932463315,1980406971,infeasible,2098502,scheduled corrupted rounds,,,0,0.0,,"[0, 0, 0, 0, 0, 0, 0, 0, 0, 0]","[0.0, 0.0, 0.0, 0.0, 0.0, 0.0, 0.0, 0.0, 0.0, 0.0]",,,,2067834,30668,"{""C1"": 2067834, ""C2"": 30668, ""K"": 10, ""T"": 1000000, ""beta"": 0.9545316954435116, ""feasible"": false, ""learner"": ""TS"", ""learner_setting"": ""Beta(sum+1, N-sum+1)"", ""mu"": 0.005169584593246332, ""n1"": 201972.97093474137, ""n2"": 211593.82906525867, ""n3"": 1.0496843132033238, ""promotion_term"": 21490.784001452565, ""reason"": ""original budget reaches/exceeds T"", ""source"": ""https://proceedings.neurips.cc/paper_files/paper/2021/file/be315e7f05e9f13629031915fe87ad44-Supplemental.pdf"", ""source_section"": ""A.4"", ""target_feedback"": ""Bernoulli(mu_K)"", ""total"": 2098502, ""version"": ""xu2021-original-settings-v1"", ""waiting_term"": 9176.919442654274}",,,,
MovieLens-25M,gap,UCB,Ours,1,1000000,10,0.2,0.010339169186492664,886225,113775,51695.845932463315,1005887248,simulated,113725,injected samples,0.954141,1.0,67911,5090.444444444444,"[0, 0, 0, 0, 0, 0, 0, 0, 0, 886225]","[5121, 5046, 5121, 5121, 5096, 5071, 5096, 5071, 5071, 67911]","[5.0, 2.0, 5.0, 5.0, 4.0, 3.0, 4.0, 3.0, 3.0, 0.05169584593246332]",0.07327312682217998,0.010339169186492664,{},,,,,,,
MovieLens-25M,gap,UCB,Direct,1,1000000,10,0.2,0.010339169186492664,893739,106261,51695.845932463315,3937810682,simulated,106211,injected samples,0.957172,1.0,63428,4753.666666666667,"[0, 0, 0, 0, 0, 0, 0, 0, 0, 893739]","[4783, 4711, 4783, 4783, 4759, 4735, 4759, 4735, 4735, 63428]","[5.0, 2.0, 5.0, 5.0, 4.0, 3.0, 4.0, 3.0, 3.0, 0.05169584593246332]",0.08161878450749456,0.010339169186492664,"{""search"": ""same grid; exact integer TS target envelope"", ""z_stages"": [[0.0, 1.005570562988728, 4097.0, 106213.0, 333.0], [0.08150620774225041, 0.08199720899370976, 1025.0, 106211.0, 235.0], [0.08161840920010342, 0.08161936818692268, 1025.0, 106211.0, 401.0], [0.0816187838043297, 0.08161878567735083, 1025.0, 106211.0, 385.0], [0.08161878450671262, 0.08161878451037087, 1025.0, 106211.0, 219.0], [0.08161878450749142, 0.08161878450749857, 1025.0, 106211.0, 449.0]]}",,,,,,,
MovieLens-25M,gap,UCB,Two-phase,1,1000000,10,0.2,0.010339169186492664,1000000,0,51695.845932463315,3692056280,infeasible,1305902,scheduled corrupted rounds,,,0,0.0,,"[0, 0, 0, 0, 0, 0, 0, 0, 0, 0]","[0.0, 0.0, 0.0, 0.0, 0.0, 0.0, 0.0, 0.0, 0.0, 0.0]",,,,1292400,13502,"{""C1"": 1292400, ""C2"": 13502, ""K"": 10, ""T"": 1000000, ""feasible"": false, ""learner"": ""UCB"", ""learner_setting"": ""mean + sqrt(log(T)/N)"", ""mu"": 0.010339169186492664, ""reason"": ""original budget reaches/exceeds T"", ""source"": ""https://proceedings.neurips.cc/paper_files/paper/2021/file/be315e7f05e9f13629031915fe87ad44-Supplemental.pdf"", ""source_section"": ""A.2"", ""target_feedback"": ""deterministic mu_K"", ""total"": 1305902, ""version"": ""xu2021-original-settings-v1""}",,,,
MovieLens-25M,gap,TS,Ours,1,1000000,10,0.2,0.010339169186492664,828605,171395,51695.845932463315,2116321736,simulated,171345,injected samples,0.937814,1.0,109204,6904.555555555556,"[0, 0, 0, 0, 0, 0, 0, 0, 0, 828605]","[6929, 6869, 6929, 6929, 6909, 6889, 6909, 6889, 6889, 109204]","[5.0, 2.0, 5.0, 5.0, 4.0, 3.0, 4.0, 3.0, 3.0, 0.05169584593246332]",0.09992932774908131,0.010339169186492664,{},,,,,,,
MovieLens-25M,gap,TS,Direct,1,1000000,10,0.2,0.010339169186492664,845274,154726,51695.845932463315,2687416920,simulated,154676,injected samples,0.943635,1.0,98356,6257.777777777777,"[0, 0, 0, 0, 0, 0, 0, 0, 0, 845274]","[6281, 6224, 6281, 6281, 6262, 6243, 6262, 6243, 6243, 98356]","[5.0, 2.0, 5.0, 5.0, 4.0, 3.0, 4.0, 3.0, 3.0, 0.05169584593246332]",0.10498850075507654,0.010339169186492664,"{""search"": ""same grid; exact integer TS target envelope"", ""z_stages"": [[0.0, 0.9917340883797444, 4097.0, 154679.0, 434.0], [0.10483907721397201, 0.10532332237431367, 1025.0, 154676.0, 316.0], [0.1049880393482568, 0.10498898513958559, 1025.0, 154676.0, 500.0], [0.10498850023680471, 0.1049885020840534, 1025.0, 154676.0, 288.0], [0.10498850075453946, 0.10498850075814736, 1025.0, 154676.0, 153.0], [0.104988500755075, 0.10498850075508205, 1025.0, 154676.0, 223.0]]}",,,,,,,
MovieLens-25M,gap,TS,Two-phase,1,1000000,10,0.2,0.010339169186492664,1000000,0,51695.845932463315,3108889291,simulated,539705,scheduled corrupted rounds,0.534788,0.534788,0,0.0,"[51650, 51674, 51668, 51669, 51631, 51898, 51664, 51683, 51675, 534788]","[0, 0, 0, 0, 0, 0, 0, 0, 0, 0]","[0.0, 0.0, 0.0, 0.0, 0.0, 0.0, 0.0, 0.0, 0.0, 0.0]",,,,516959,22746,"{""C1"": 516959, ""C2"": 22746, ""K"": 10, ""T"": 1000000, ""beta"": 0.9110860762152083, ""feasible"": true, ""learner"": ""TS"", ""learner_setting"": ""Beta(sum+1, N-sum+1)"", ""mu"": 0.010339169186492664, ""n1"": 49290.684304214476, ""n2"": 54101.115695785535, ""n3"": 1.0997390623339454, ""promotion_term"": 10801.53199371647, ""reason"": """", ""source"": ""https://proceedings.neurips.cc/paper_files/paper/2021/file/be315e7f05e9f13629031915fe87ad44-Supplemental.pdf"", ""source_section"": ""A.4"", ""target_feedback"": ""Bernoulli(mu_K)"", ""total"": 539705, ""version"": ""xu2021-original-settings-v1"", ""waiting_term"": 11943.844471723236}","[51649, 51674, 51668, 51667, 51630, 51896, 51662, 51683, 51673, 51757]","[1, 0, 0, 2, 1, 2, 2, 0, 2, 22736]","[0, 0, 0, 0, 0, 0, 0, 0, 0, 460295]",1.0
MovieLens-25M,gap,UCB,Ours,1,1000000,10,0.3,0.015508753779738994,891798,108202,51695.845932463315,3536935001,simulated,108152,injected samples,0.954286,1.0,62483,5074.333333333333,"[0, 0, 0, 0, 0, 0, 0, 0, 0, 891798]","[5105, 5029, 5105, 5105, 5080, 5055, 5080, 5055, 5055, 62483]","[5.0, 2.0, 5.0, 5.0, 4.0, 3.0, 4.0, 3.0, 3.0, 0.07754376889869496]",0.07340388368664566,0.015508753779738994,{},,,,,,,
MovieLens-25M,gap,UCB,Direct,1,1000000,10,0.3,0.015508753779738994,898432,101568,51695.845932463315,3671998526,simulated,101518,injected samples,0.957056,1.0,58619,4766.555555555556,"[0, 0, 0, 0, 0, 0, 0, 0, 0, 898432]","[4796, 4723, 4796, 4796, 4772, 4748, 4772, 4748, 4748, 58619]","[5.0, 2.0, 5.0, 5.0, 4.0, 3.0, 4.0, 3.0, 3.0, 0.07754376889869496]",0.08150716674956697,0.015508753779738994,"{""search"": ""same grid; exact integer TS target envelope"", ""z_stages"": [[0.0, 1.00557058883784, 4097.0, 101520.0, 333.0], [0.0815062098374421, 0.08199721110152308, 1025.0, 101518.0, 2.0], [0.08150668933086405, 0.08150764831770796, 1025.0, 101518.0, 510.0], [0.08150716601475423, 0.08150716788777541, 1025.0, 101518.0, 402.0], [0.08150716674823226, 0.0815071667518905, 1025.0, 101518.0, 374.0], [0.0815071667495648, 0.08150716674957195, 1025.0, 101518.0, 310.0]]}",,,,,,,
MovieLens-25M,gap,UCB,Two-phase,1,1000000,10,0.3,0.015508753779738994,1000000,0,51695.845932463315,93939417,simulated,583449,scheduled corrupted rounds,0.483031,0.483031,0,0.0,"[57441, 57441, 57441, 57441, 57441, 57441, 57441, 57441, 57441, 483031]","[0, 0, 0, 0, 0, 0, 0, 0, 0, 0]","[0.0, 0.0, 0.0, 0.0, 0.0, 0.0, 0.0, 0.0, 0.0, 0.0]",,,,574400,9049,"{""C1"": 574400, ""C2"": 9049, ""K"": 10, ""T"": 1000000, ""feasible"": true, ""learner"": ""UCB"", ""learner_setting"": ""mean + sqrt(log(T)/N)"", ""mu"": 0.015508753779738994, ""reason"": """", ""source"": ""https://proceedings.neurips.cc/paper_files/paper/2021/file/be315e7f05e9f13629031915fe87ad44-Supplemental.pdf"", ""source_section"": ""A.2"", ""target_feedback"": ""deterministic mu_K"", ""total"": 583449, ""version"": ""xu2021-original-settings-v1""}","[57440, 57440, 57440, 57440, 57440, 57440, 57440, 57440, 57440, 57440]","[1, 1, 1, 1, 1, 1, 1, 1, 1, 9040]","[0, 0, 0, 0, 0, 0, 0, 0, 0, 416551]",1.0
MovieLens-25M,gap,TS,Ours,1,1000000,10,0.3,0.015508753779738994,834372,165628,51695.845932463315,554183248,simulated,165578,injected samples,0.938012,1.0,103635,6882.555555555556,"[0, 0, 0, 0, 0, 0, 0, 0, 0, 834372]","[6907, 6847, 6907, 6907, 6887, 6867, 6887, 6867, 6867, 103635]","[5.0, 2.0, 5.0, 5.0, 4.0, 3.0, 4.0, 3.0, 3.0, 0.07754376889869496]",0.10009105248365782,0.015508753779738994,{},,,,,,,
MovieLens-25M,gap,TS,Direct,1,1000000,10,0.3,0.015508753779738994,849713,150287,51695.845932463315,3777396232,simulated,150237,injected samples,0.943725,1.0,94007,6247.777777777777,"[0, 0, 0, 0, 0, 0, 0, 0, 0, 849713]","[6271, 6214, 6271, 6271, 6252, 6233, 6252, 6233, 6233, 94007]","[5.0, 2.0, 5.0, 5.0, 4.0, 3.0, 4.0, 3.0, 3.0, 0.07754376889869496]",0.1050731345689616,0.015508753779738994,"{""search"": ""same grid; exact integer TS target envelope"", ""z_stages"": [[0.0, 0.9917341142288565, 4097.0, 150241.0, 433.0], [0.10459695736007471, 0.10508120253303802, 1025.0, 150237.0, 1007.0], [0.10507269041085703, 0.10507363620221047, 1025.0, 150237.0, 481.0], [0.10507313375055395, 0.1050731355978027, 1025.0, 150237.0, 454.0], [0.10507313456774504, 0.10507313457135295, 1025.0, 150237.0, 346.0], [0.1050731345689606, 0.10507313456896765, 1025.0, 150237.0, 145.0]]}",,,,,,,
MovieLens-25M,gap,TS,Two-phase,1,1000000,10,0.3,0.015508753779738994,1000000,0,51695.845932463315,3118488910,simulated,252629,scheduled corrupted rounds,0.793235,0.793235,0,0.0,"[22950, 23024, 22928, 23005, 22919, 23112, 22928, 22948, 22951, 793235]","[0, 0, 0, 0, 0, 0, 0, 0, 0, 0]","[0.0, 0.0, 0.0, 0.0, 0.0, 0.0, 0.0, 0.0, 0.0, 0.0]",,,,229760,22869,"{""C1"": 229760, ""C2"": 22869, ""K"": 10, ""T"": 1000000, ""beta"": 0.8695323470156004, ""feasible"": true, ""learner"": ""TS"", ""learner_setting"": ""Beta(sum+1, N-sum+1)"", ""mu"": 0.015508753779738994, ""n1"": 21372.5213186025, ""n2"": 24579.4786813975, ""n3"": 1.1522940470257748, ""promotion_term"": 7238.848048905075, ""reason"": """", ""source"": ""https://proceedings.neurips.cc/paper_files/paper/2021/file/be315e7f05e9f13629031915fe87ad44-Supplemental.pdf"", ""source_section"": ""A.4"", ""target_feedback"": ""Bernoulli(mu_K)"", ""total"": 252629, ""version"": ""xu2021-original-settings-v1"", ""waiting_term"": 15629.872243122792}","[22949, 23020, 22927, 23005, 22918, 23112, 22928, 22947, 22950, 23004]","[1, 4, 1, 0, 1, 0, 0, 1, 1, 22860]","[0, 0, 0, 0, 0, 0, 0, 0, 0, 747371]",1.0
MovieLens-25M,gap,UCB,Ours,1,1000000,10,0.4,0.020678338372985328,897379,102621,51695.845932463315,3012021118,simulated,102571,injected samples,0.954438,1.0,57054,5057.444444444444,"[0, 0, 0, 0, 0, 0, 0, 0, 0, 897379]","[5088, 5013, 5088, 5088, 5063, 5038, 5063, 5038, 5038, 57054]","[5.0, 2.0, 5.0, 5.0, 4.0, 3.0, 4.0, 3.0, 3.0, 0.10339169186492664]",0.07353553201943802,0.020678338372985328,{},,,,,,,
MovieLens-25M,gap,UCB,Direct,1,1000000,10,0.4,0.020678338372985328,903174,96826,51695.845932463315,2027319232,simulated,96776,injected samples,0.957055,1.0,53876,4766.666666666667,"[0, 0, 0, 0, 0, 0, 0, 0, 0, 903174]","[4796, 4724, 4796, 4796, 4772, 4748, 4772, 4748, 4748, 53876]","[5.0, 2.0, 5.0, 5.0, 4.0, 3.0, 4.0, 3.0, 3.0, 0.10339169186492664]",0.08150679431360629,0.020678338372985328,"{""search"": ""same grid; exact integer TS target envelope"", ""z_stages"": [[0.0, 1.0055706146869519, 4097.0, 96778.0, 333.0], [0.0815062119326338, 0.08199721320933641, 1025.0, 96776.0, 2.0], [0.08150669142606808, 0.08150765041293664, 1025.0, 96776.0, 110.0], [0.08150679350572498, 0.08150679537874621, 1025.0, 96776.0, 442.0], [0.08150679431236792, 0.08150679431602616, 1025.0, 96776.0, 347.0], [0.081506794313604, 0.08150679431361114, 1025.0, 96776.0, 328.0]]}",,,,,,,
MovieLens-25M,gap,UCB,Two-phase,1,1000000,10,0.4,0.020678338372985328,1000000,0,51695.845932463315,3369207276,simulated,329923,scheduled corrupted rounds,0.709201,0.709201,0,0.0,"[32311, 32311, 32311, 32311, 32311, 32311, 32311, 32311, 32311, 709201]","[0, 0, 0, 0, 0, 0, 0, 0, 0, 0]","[0.0, 0.0, 0.0, 0.0, 0.0, 0.0, 0.0, 0.0, 0.0, 0.0]",,,,323100,6823,"{""C1"": 323100, ""C2"": 6823, ""K"": 10, ""T"": 1000000, ""feasible"": true, ""learner"": ""UCB"", ""learner_setting"": ""mean + sqrt(log(T)/N)"", ""mu"": 0.020678338372985328, ""reason"": """", ""source"": ""https://proceedings.neurips.cc/paper_files/paper/2021/file/be315e7f05e9f13629031915fe87ad44-Supplemental.pdf"", ""source_section"": ""A.2"", ""target_feedback"": ""deterministic mu_K"", ""total"": 329923, ""version"": ""xu2021-original-settings-v1""}","[32310, 32310, 32310, 32310, 32310, 32310, 32310, 32310, 32310, 32310]","[1, 1, 1, 1, 1, 1, 1, 1, 1, 6814]","[0, 0, 0, 0, 0, 0, 0, 0, 0, 670077]",1.0
MovieLens-25M,gap,TS,Ours,1,1000000,10,0.4,0.020678338372985328,840143,159857,51695.845932463315,630913875,simulated,159807,injected samples,0.938213,1.0,98065,6860.222222222223,"[0, 0, 0, 0, 0, 0, 0, 0, 0, 840143]","[6884, 6825, 6884, 6884, 6865, 6845, 6865, 6845, 6845, 98065]","[5.0, 2.0, 5.0, 5.0, 4.0, 3.0, 4.0, 3.0, 3.0, 0.10339169186492664]",0.10025386943660289,0.020678338372985328,{},,,,,,,
MovieLens-25M,gap,TS,Direct,1,1000000,10,0.4,0.020678338372985328,854198,145802,51695.845932463315,1592764631,simulated,145752,injected samples,0.943635,1.0,89432,6257.777777777777,"[0, 0, 0, 0, 0, 0, 0, 0, 0, 854198]","[6281, 6224, 6281, 6281, 6262, 6243, 6262, 6243, 6243, 89432]","[5.0, 2.0, 5.0, 5.0, 4.0, 3.0, 4.0, 3.0, 3.0, 0.10339169186492664]",0.10498850075507654,0.020678338372985328,"{""search"": ""same grid; exact integer TS target envelope"", ""z_stages"": [[0.0, 0.9917341400779685, 4097.0, 145755.0, 434.0], [0.1048390826791407, 0.10532332786472565, 1025.0, 145752.0, 316.0], [0.10498804482119076, 0.10498899061256885, 1025.0, 145752.0, 494.0], [0.10498850016801634, 0.10498850201526512, 1025.0, 145752.0, 326.0], [0.10498850075430136, 0.10498850075790926, 1025.0, 145752.0, 221.0], [0.10498850075507649, 0.10498850075508354, 1025.0, 145752.0, 8.0]]}",,,,,,,
MovieLens-25M,gap,TS,Two-phase,1,1000000,10,0.4,0.020678338372985328,1000000,0,51695.845932463315,3517098803,simulated,155270,scheduled corrupted rounds,0.88373,0.88373,0,0.0,"[12874, 12899, 12966, 12927, 12902, 12882, 12957, 12945, 12918, 883730]","[0, 0, 0, 0, 0, 0, 0, 0, 0, 0]","[0.0, 0.0, 0.0, 0.0, 0.0, 0.0, 0.0, 0.0, 0.0, 0.0]",,,,129240,26030,"{""C1"": 129240, ""C2"": 26030, ""K"": 10, ""T"": 1000000, ""beta"": 0.8297505246489114, ""feasible"": true, ""learner"": ""TS"", ""learner_setting"": ""Beta(sum+1, N-sum+1)"", ""mu"": 0.020678338372985328, ""n1"": 11721.390988951873, ""n2"": 14126.609011048127, ""n3"": 1.2075399983463464, ""promotion_term"": 5457.795035156615, ""reason"": """", ""source"": ""https://proceedings.neurips.cc/paper_files/paper/2021/file/be315e7f05e9f13629031915fe87ad44-Supplemental.pdf"", ""source_section"": ""A.4"", ""target_feedback"": ""Bernoulli(mu_K)"", ""total"": 155270, ""version"": ""xu2021-original-settings-v1"", ""waiting_term"": 20571.576084349912}","[12873, 12899, 12966, 12926, 12900, 12881, 12957, 12944, 12916, 12978]","[1, 0, 0, 1, 2, 1, 0, 1, 2, 26022]","[0, 0, 0, 0, 0, 0, 0, 0, 0, 844730]",1.0
MovieLens-25M,gap,UCB,Ours,1,1000000,10,0.5,0.025847922966231656,902961,97039,51695.845932463315,1622348381,simulated,96989,injected samples,0.954591,1.0,51625,5040.444444444444,"[0, 0, 0, 0, 0, 0, 0, 0, 0, 902961]","[5071, 4996, 5071, 5071, 5046, 5021, 5046, 5021, 5021, 51625]","[5.0, 2.0, 5.0, 5.0, 4.0, 3.0, 4.0, 3.0, 3.0, 0.12923961483115828]",0.07366808885065629,0.025847922966231656,{},,,,,,,
MovieLens-25M,gap,UCB,Direct,1,1000000,10,0.5,0.025847922966231656,907967,92033,51695.845932463315,2838172618,simulated,91983,injected samples,0.957055,1.0,49083,4766.666666666667,"[0, 0, 0, 0, 0, 0, 0, 0, 0, 907967]","[4796, 4724, 4796, 4796, 4772, 4748, 4772, 4748, 4748, 49083]","[5.0, 2.0, 5.0, 5.0, 4.0, 3.0, 4.0, 3.0, 3.0, 0.12923961483115828]",0.08150679431360629,0.025847922966231656,"{""search"": ""same grid; exact integer TS target envelope"", ""z_stages"": [[0.0, 1.005570640536064, 4097.0, 91985.0, 333.0], [0.0815062140278255, 0.08199721531714975, 1025.0, 91983.0, 2.0], [0.0815066935212721, 0.08150765250816532, 1025.0, 91983.0, 108.0], [0.08150679372791035, 0.08150679560093163, 1025.0, 91983.0, 321.0], [0.0815067943132295, 0.08150679431688775, 1025.0, 91983.0, 106.0], [0.08150679431360462, 0.08150679431361177, 1025.0, 91983.0, 238.0]]}",,,,,,,
MovieLens-25M,gap,UCB,Two-phase,1,1000000,10,0.5,0.025847922966231656,1000000,0,51695.845932463315,2162995535,simulated,212277,scheduled corrupted rounds,0.81388,0.81388,0,0.0,"[20680, 20680, 20680, 20680, 20680, 20680, 20680, 20680, 20680, 813880]","[0, 0, 0, 0, 0, 0, 0, 0, 0, 0]","[0.0, 0.0, 0.0, 0.0, 0.0, 0.0, 0.0, 0.0, 0.0, 0.0]",,,,206790,5487,"{""C1"": 206790, ""C2"": 5487, ""K"": 10, ""T"": 1000000, ""feasible"": true, ""learner"": ""UCB"", ""learner_setting"": ""mean + sqrt(log(T)/N)"", ""mu"": 0.025847922966231656, ""reason"": """", ""source"": ""https://proceedings.neurips.cc/paper_files/paper/2021/file/be315e7f05e9f13629031915fe87ad44-Supplemental.pdf"", ""source_section"": ""A.2"", ""target_feedback"": ""deterministic mu_K"", ""total"": 212277, ""version"": ""xu2021-original-settings-v1""}","[20679, 20679, 20679, 20679, 20679, 20679, 20679, 20679, 20679, 20679]","[1, 1, 1, 1, 1, 1, 1, 1, 1, 5478]","[0, 0, 0, 0, 0, 0, 0, 0, 0, 787723]",1.0
MovieLens-25M,gap,TS,Ours,1,1000000,10,0.5,0.025847922966231656,845917,154083,51695.845932463315,181023644,simulated,154033,injected samples,0.938416,1.0,92494,6837.666666666667,"[0, 0, 0, 0, 0, 0, 0, 0, 0, 845917]","[6862, 6803, 6862, 6862, 6842, 6822, 6842, 6822, 6822, 92494]","[5.0, 2.0, 5.0, 5.0, 4.0, 3.0, 4.0, 3.0, 3.0, 0.12923961483115828]",0.10041779215942351,0.025847922966231656,{},,,,,,,
MovieLens-25M,gap,TS,Direct,1,1000000,10,0.5,0.025847922966231656,858731,141269,51695.845932463315,88737905,simulated,141219,injected samples,0.943635,1.0,84899,6257.777777777777,"[0, 0, 0, 0, 0, 0, 0, 0, 0, 858731]","[6281, 6224, 6281, 6281, 6262, 6243, 6262, 6243, 6243, 84899]","[5.0, 2.0, 5.0, 5.0, 4.0, 3.0, 4.0, 3.0, 3.0, 0.12923961483115828]",0.10498850075507654,0.025847922966231656,"{""search"": ""same grid; exact integer TS target envelope"", ""z_stages"": [[0.0, 0.9917341659270805, 4097.0, 141222.0, 434.0], [0.10483908541172507, 0.10532333060993165, 1025.0, 141219.0, 316.0], [0.10498804755765775, 0.1049889933490605, 1025.0, 141219.0, 491.0], [0.10498850013362196, 0.1049885019808708, 1025.0, 141219.0, 345.0], [0.10498850075418212, 0.10498850075779002, 1025.0, 141219.0, 254.0], [0.10498850075507353, 0.10498850075508057, 1025.0, 141219.0, 438.0]]}",,,,,,,
MovieLens-25M,gap,TS,Two-phase,1,1000000,10,0.5,0.025847922966231656,1000000,0,51695.845932463315,3066387525,simulated,114345,scheduled corrupted rounds,0.925509,0.925509,0,0.0,"[8327, 8267, 8275, 8281, 8300, 8247, 8237, 8241, 8316, 925509]","[0, 0, 0, 0, 0, 0, 0, 0, 0, 0]","[0.0, 0.0, 0.0, 0.0, 0.0, 0.0, 0.0, 0.0, 0.0, 0.0]",,,,82714,31631,"{""C1"": 82714, ""C2"": 31631, ""K"": 10, ""T"": 1000000, ""beta"": 0.7916312468634676, ""feasible"": true, ""learner"": ""TS"", ""learner_setting"": ""Beta(sum+1, N-sum+1)"", ""mu"": 0.025847922966231656, ""n1"": 7309.3104648547105, ""n2"": 9233.48953514529, ""n3"": 1.2656864558243412, ""promotion_term"": 4389.427791888336, ""reason"": """", ""source"": ""https://proceedings.neurips.cc/paper_files/paper/2021/file/be315e7f05e9f13629031915fe87ad44-Supplemental.pdf"", ""source_section"": ""A.4"", ""target_feedback"": ""Bernoulli(mu_K)"", ""total"": 114345, ""version"": ""xu2021-original-settings-v1"", ""waiting_term"": 27241.08315291435}","[8320, 8265, 8271, 8277, 8298, 8246, 8233, 8238, 8314, 8252]","[7, 2, 4, 4, 2, 1, 4, 3, 2, 31602]","[0, 0, 0, 0, 0, 0, 0, 0, 0, 885655]",1.0
MovieLens-25M,gap,UCB,Ours,1,1000000,10,0.75,0.03877188444934749,916915,83085,51695.845932463315,2441533303,simulated,83035,injected samples,0.954969,1.0,38049,4998.444444444444,"[0, 0, 0, 0, 0, 0, 0, 0, 0, 916915]","[5029, 4954, 5029, 5029, 5004, 4979, 5004, 4979, 4979, 38049]","[5.0, 2.0, 5.0, 5.0, 4.0, 3.0, 4.0, 3.0, 3.0, 0.19385942224673744]",0.07400351302862404,0.03877188444934749,{},,,,,,,
MovieLens-25M,gap,UCB,Direct,1,1000000,10,0.75,0.03877188444934749,920175,79825,51695.845932463315,2692391379,simulated,79775,injected samples,0.957055,1.0,36875,4766.666666666667,"[0, 0, 0, 0, 0, 0, 0, 0, 0, 920175]","[4796, 4724, 4796, 4796, 4772, 4748, 4772, 4748, 4748, 36875]","[5.0, 2.0, 5.0, 5.0, 4.0, 3.0, 4.0, 3.0, 3.0, 0.19385942224673744]",0.08150679431360629,0.03877188444934749,"{""search"": ""same grid; exact integer TS target envelope"", ""z_stages"": [[0.0, 1.005570705158844, 4097.0, 79777.0, 333.0], [0.08150621926580474, 0.08199722058668309, 1025.0, 79775.0, 2.0], [0.08150669875928217, 0.081507657746237, 1025.0, 79775.0, 103.0], [0.08150679428337337, 0.08150679615639476, 1025.0, 79775.0, 17.0], [0.08150679431263934, 0.08150679431629758, 1025.0, 79775.0, 271.0], [0.08150679431360391, 0.08150679431361106, 1025.0, 79775.0, 340.0]]}",,,,,,,
MovieLens-25M,gap,UCB,Two-phase,1,1000000,10,0.75,0.03877188444934749,1000000,0,51695.845932463315,4211234265,simulated,95618,scheduled corrupted rounds,0.917272,0.917272,0,0.0,"[9192, 9192, 9192, 9192, 9192, 9192, 9192, 9192, 9192, 917272]","[0, 0, 0, 0, 0, 0, 0, 0, 0, 0]","[0.0, 0.0, 0.0, 0.0, 0.0, 0.0, 0.0, 0.0, 0.0, 0.0]",,,,91910,3708,"{""C1"": 91910, ""C2"": 3708, ""K"": 10, ""T"": 1000000, ""feasible"": true, ""learner"": ""UCB"", ""learner_setting"": ""mean + sqrt(log(T)/N)"", ""mu"": 0.03877188444934749, ""reason"": """", ""source"": ""https://proceedings.neurips.cc/paper_files/paper/2021/file/be315e7f05e9f13629031915fe87ad44-Supplemental.pdf"", ""source_section"": ""A.2"", ""target_feedback"": ""deterministic mu_K"", ""total"": 95618, ""version"": ""xu2021-original-settings-v1""}","[9191, 9191, 9191, 9191, 9191, 9191, 9191, 9191, 9191, 9191]","[1, 1, 1, 1, 1, 1, 1, 1, 1, 3699]","[0, 0, 0, 0, 0, 0, 0, 0, 0, 904382]",1.0
MovieLens-25M,gap,TS,Ours,1,1000000,10,0.75,0.03877188444934749,860349,139651,51695.845932463315,3841726429,simulated,139601,injected samples,0.938917,1.0,78563,6782.0,"[0, 0, 0, 0, 0, 0, 0, 0, 0, 860349]","[6806, 6747, 6806, 6806, 6786, 6767, 6786, 6767, 6767, 78563]","[5.0, 2.0, 5.0, 5.0, 4.0, 3.0, 4.0, 3.0, 3.0, 0.19385942224673744]",0.1008325206553006,0.03877188444934749,{},,,,,,,
MovieLens-25M,gap,TS,Direct,1,1000000,10,0.75,0.03877188444934749,870277,129723,51695.845932463315,240811149,simulated,129673,injected samples,0.943635,1.0,73353,6257.777777777777,"[0, 0, 0, 0, 0, 0, 0, 0, 0, 870277]","[6281, 6224, 6281, 6281, 6262, 6243, 6262, 6243, 6243, 73353]","[5.0, 2.0, 5.0, 5.0, 4.0, 3.0, 4.0, 3.0, 3.0, 0.19385942224673744]",0.10498850075507654,0.03877188444934749,"{""search"": ""same grid; exact integer TS target envelope"", ""z_stages"": [[0.0, 0.9917342305498605, 4097.0, 129676.0, 434.0], [0.10483909224318594, 0.10532333747294662, 1025.0, 129673.0, 316.0], [0.1049880543988252, 0.10498900019028959, 1025.0, 129673.0, 484.0], [0.10498850050944757, 0.10498850235669652, 1025.0, 129673.0, 137.0], [0.10498850075478532, 0.10498850075839322, 1025.0, 129673.0, 83.0], [0.10498850075507422, 0.10498850075508127, 1025.0, 129673.0, 336.0]]}",,,,,,,
MovieLens-25M,gap,TS,Two-phase,1,1000000,10,0.75,0.03877188444934749,1000000,0,51695.845932463315,2102722229,simulated,96319,scheduled corrupted rounds,0.966938,0.966938,0,0.0,"[3697, 3639, 3663, 3659, 3703, 3651, 3727, 3649, 3674, 966938]","[0, 0, 0, 0, 0, 0, 0, 0, 0, 0]","[0.0, 0.0, 0.0, 0.0, 0.0, 0.0, 0.0, 0.0, 0.0, 0.0]",,,,36762,59557,"{""C1"": 36762, ""C2"": 59557, ""K"": 10, ""T"": 1000000, ""beta"": 0.7029612790013512, ""feasible"": true, ""learner"": ""TS"", ""learner_setting"": ""Beta(sum+1, N-sum+1)"", ""mu"": 0.03877188444934749, ""n1"": 3034.8050379860897, ""n2"": 4317.59496201391, ""n3"": 1.4253373223996604, ""promotion_term"": 2965.6477855111257, ""reason"": """", ""source"": ""https://proceedings.neurips.cc/paper_files/paper/2021/file/be315e7f05e9f13629031915fe87ad44-Supplemental.pdf"", ""source_section"": ""A.4"", ""target_feedback"": ""Bernoulli(mu_K)"", ""total"": 96319, ""version"": ""xu2021-original-settings-v1"", ""waiting_term"": 56590.68151852219}","[3695, 3639, 3662, 3659, 3700, 3651, 3726, 3649, 3674, 3707]","[2, 0, 1, 0, 3, 0, 1, 0, 0, 59550]","[0, 0, 0, 0, 0, 0, 0, 0, 0, 903681]",1.0
MovieLens-25M,gap,UCB,Ours,1,1000000,10,1.0,0.05169584593246331,930872,69128,51695.845932463315,3955065668,simulated,69078,injected samples,0.955347,1.0,24470,4956.444444444444,"[0, 0, 0, 0, 0, 0, 0, 0, 0, 930872]","[4987, 4912, 4987, 4987, 4962, 4937, 4962, 4937, 4937, 24470]","[5.0, 2.0, 5.0, 5.0, 4.0, 3.0, 4.0, 3.0, 3.0, 0.25847922966231657]",0.07434484521624202,0.05169584593246331,{},,,,,,,
MovieLens-25M,gap,UCB,Direct,1,1000000,10,1.0,0.05169584593246331,932716,67284,51695.845932463315,148179468,simulated,67234,injected samples,0.957056,1.0,24335,4766.555555555556,"[0, 0, 0, 0, 0, 0, 0, 0, 0, 932716]","[4796, 4723, 4796, 4796, 4772, 4748, 4772, 4748, 4748, 24335]","[5.0, 2.0, 5.0, 5.0, 4.0, 3.0, 4.0, 3.0, 3.0, 0.25847922966231657]",0.08150716674956697,0.05169584593246331,"{""search"": ""same grid; exact integer TS target envelope"", ""z_stages"": [[0.0, 1.005570769781624, 4097.0, 67236.0, 333.0], [0.08150622450378399, 0.08199722585621641, 1025.0, 67234.0, 2.0], [0.08150670399729222, 0.0815076629843087, 1025.0, 67234.0, 495.0], [0.08150716663360681, 0.08150716850662833, 1025.0, 67234.0, 64.0], [0.08150716674884154, 0.08150716675249978, 1025.0, 67234.0, 204.0], [0.08150716674956675, 0.0815071667495739, 1025.0, 67234.0, 31.0]]}",,,,,,,
MovieLens-25M,gap,UCB,Two-phase,1,1000000,10,1.0,0.05169584593246331,1000000,0,51695.845932463315,2703871362,simulated,54519,scheduled corrupted rounds,0.953461,0.953461,0,0.0,"[5171, 5171, 5171, 5171, 5171, 5171, 5171, 5171, 5171, 953461]","[0, 0, 0, 0, 0, 0, 0, 0, 0, 0]","[0.0, 0.0, 0.0, 0.0, 0.0, 0.0, 0.0, 0.0, 0.0, 0.0]",,,,51700,2819,"{""C1"": 51700, ""C2"": 2819, ""K"": 10, ""T"": 1000000, ""feasible"": true, ""learner"": ""UCB"", ""learner_setting"": ""mean + sqrt(log(T)/N)"", ""mu"": 0.05169584593246331, ""reason"": """", ""source"": ""https://proceedings.neurips.cc/paper_files/paper/2021/file/be315e7f05e9f13629031915fe87ad44-Supplemental.pdf"", ""source_section"": ""A.2"", ""target_feedback"": ""deterministic mu_K"", ""total"": 54519, ""version"": ""xu2021-original-settings-v1""}","[5170, 5170, 5170, 5170, 5170, 5170, 5170, 5170, 5170, 5170]","[1, 1, 1, 1, 1, 1, 1, 1, 1, 2810]","[0, 0, 0, 0, 0, 0, 0, 0, 0, 945481]",1.0
MovieLens-25M,gap,TS,Ours,1,1000000,10,1.0,0.05169584593246331,874789,125211,51695.845932463315,3384679959,simulated,125161,injected samples,0.939421,1.0,64627,6726.0,"[0, 0, 0, 0, 0, 0, 0, 0, 0, 874789]","[6750, 6691, 6750, 6750, 6730, 6711, 6730, 6711, 6711, 64627]","[5.0, 2.0, 5.0, 5.0, 4.0, 3.0, 4.0, 3.0, 3.0, 0.25847922966231657]",0.10125445957070298,0.05169584593246331,{},,,,,,,
MovieLens-25M,gap,TS,Direct,1,1000000,10,1.0,0.05169584593246331,882138,117862,51695.845932463315,1516062743,simulated,117812,injected samples,0.943716,1.0,61573,6248.777777777777,"[0, 0, 0, 0, 0, 0, 0, 0, 0, 882138]","[6272, 6215, 6272, 6272, 6253, 6234, 6253, 6234, 6234, 61573]","[5.0, 2.0, 5.0, 5.0, 4.0, 3.0, 4.0, 3.0, 3.0, 0.25847922966231657]",0.10506466198533698,0.05169584593246331,"{""search"": ""same grid; exact integer TS target envelope"", ""z_stages"": [[0.0, 0.9917342951726407, 4097.0, 117816.0, 433.0], [0.10459697644398945, 0.1050812217053042, 1025.0, 117812.0, 989.0], [0.10506419745783611, 0.10506514324936211, 1025.0, 117812.0, 503.0], [0.10506466111735374, 0.10506466296460282, 1025.0, 117812.0, 482.0], [0.1050646619850557, 0.10506466198866361, 1025.0, 117812.0, 80.0], [0.10506466198533404, 0.10506466198534109, 1025.0, 117812.0, 427.0]]}",,,,,,,
MovieLens-25M,gap,TS,Two-phase,1,1000000,10,1.0,0.05169584593246331,1000000,0,51695.845932463315,2569025041,simulated,146125,scheduled corrupted rounds,0.981384,0.981384,0,0.0,"[2054, 2090, 2038, 2083, 2069, 2084, 2062, 2074, 2062, 981384]","[0, 0, 0, 0, 0, 0, 0, 0, 0, 0]","[0.0, 0.0, 0.0, 0.0, 0.0, 0.0, 0.0, 0.0, 0.0, 0.0]",,,,20679,125446,"{""C1"": 20679, ""C2"": 125446, ""K"": 10, ""T"": 1000000, ""beta"": 0.6226981130941249, ""feasible"": true, ""learner"": ""TS"", ""learner_setting"": ""Beta(sum+1, N-sum+1)"", ""mu"": 0.05169584593246331, ""n1"": 1586.8494167025717, ""n2"": 2548.9505832974282, ""n3"": 1.6090573041626903, ""promotion_term"": 2254.589718819844, ""reason"": """", ""source"": ""https://proceedings.neurips.cc/paper_files/paper/2021/file/be315e7f05e9f13629031915fe87ad44-Supplemental.pdf"", ""source_section"": ""A.4"", ""target_feedback"": ""Bernoulli(mu_K)"", ""total"": 146125, ""version"": ""xu2021-original-settings-v1"", ""waiting_term"": 123191.31273692497}","[2053, 2089, 2036, 2081, 2068, 2084, 2059, 2074, 2062, 2073]","[1, 1, 2, 2, 1, 0, 3, 0, 0, 125436]","[0, 0, 0, 0, 0, 0, 0, 0, 0, 853875]",1.0
MovieLens-25M,gap,UCB,Ours,1,1000000,10,1.5,0.07754376889869498,958680,41320,51695.845932463315,1275438914,simulated,41270,injected samples,0.958687,1.0,2,4585.333333333333,"[0, 0, 0, 0, 0, 0, 0, 0, 0, 958680]","[4614, 4543, 4614, 4614, 4591, 4567, 4591, 4567, 4567, 2]","[5.0, 2.0, 5.0, 5.0, 4.0, 3.0, 4.0, 3.0, 3.0, 0.3877188444934749]",0.07754376889869508,0.07754376889869498,{},,,,,,,
MovieLens-25M,gap,UCB,Direct,1,1000000,10,1.5,0.07754376889869498,958800,41200,51695.845932463315,4161674124,simulated,41150,injected samples,0.958809,1.0,4,4571.777777777777,"[0, 0, 0, 0, 0, 0, 0, 0, 0, 958800]","[4601, 4530, 4601, 4601, 4577, 4553, 4577, 4553, 4553, 4]","[5.0, 2.0, 5.0, 5.0, 4.0, 3.0, 4.0, 3.0, 3.0, 0.3877188444934749]",0.08324059635136968,0.07754376889869498,"{""search"": ""same grid; exact integer TS target envelope"", ""z_stages"": [[0.0, 1.005570899027184, 4097.0, 41163.0, 339.0], [0.08297923922636431, 0.08347024064190493, 1025.0, 41150.0, 546.0], [0.08324056322194014, 0.08324152220907986, 1025.0, 41150.0, 36.0], [0.0832405959998209, 0.08324059787284264, 1025.0, 41150.0, 193.0], [0.08324059635101247, 0.08324059635467072, 1025.0, 41150.0, 100.0], [0.08324059635136614, 0.08324059635137329, 1025.0, 41150.0, 507.0]]}",,,,,,,
MovieLens-25M,gap,UCB,Two-phase,1,1000000,10,1.5,0.07754376889869498,1000000,0,51695.845932463315,1370926004,simulated,24912,scheduled corrupted rounds,0.979309,0.979309,0,0.0,"[2299, 2299, 2299, 2299, 2299, 2299, 2299, 2299, 2299, 979309]","[0, 0, 0, 0, 0, 0, 0, 0, 0, 0]","[0.0, 0.0, 0.0, 0.0, 0.0, 0.0, 0.0, 0.0, 0.0, 0.0]",,,,22980,1932,"{""C1"": 22980, ""C2"": 1932, ""K"": 10, ""T"": 1000000, ""feasible"": true, ""learner"": ""UCB"", ""learner_setting"": ""mean + sqrt(log(T)/N)"", ""mu"": 0.07754376889869498, ""reason"": """", ""source"": ""https://proceedings.neurips.cc/paper_files/paper/2021/file/be315e7f05e9f13629031915fe87ad44-Supplemental.pdf"", ""source_section"": ""A.2"", ""target_feedback"": ""deterministic mu_K"", ""total"": 24912, ""version"": ""xu2021-original-settings-v1""}","[2298, 2298, 2298, 2298, 2298, 2298, 2298, 2298, 2298, 2298]","[1, 1, 1, 1, 1, 1, 1, 1, 1, 1923]","[0, 0, 0, 0, 0, 0, 0, 0, 0, 975088]",1.0
MovieLens-25M,gap,TS,Ours,1,1000000,10,1.5,0.07754376889869498,903691,96309,51695.845932463315,1349419713,simulated,96259,injected samples,0.940438,1.0,36742,6613.0,"[0, 0, 0, 0, 0, 0, 0, 0, 0, 903691]","[6637, 6578, 6637, 6637, 6617, 6598, 6617, 6598, 6598, 36742]","[5.0, 2.0, 5.0, 5.0, 4.0, 3.0, 4.0, 3.0, 3.0, 0.3877188444934749]",0.10212086937703846,0.07754376889869498,{},,,,,,,
MovieLens-25M,gap,TS,Direct,1,1000000,10,1.5,0.07754376889869498,906856,93144,51695.845932463315,2532466202,simulated,93094,injected samples,0.943716,1.0,36855,6248.777777777777,"[0, 0, 0, 0, 0, 0, 0, 0, 0, 906856]","[6272, 6215, 6272, 6272, 6253, 6234, 6253, 6234, 6234, 36855]","[5.0, 2.0, 5.0, 5.0, 4.0, 3.0, 4.0, 3.0, 3.0, 0.3877188444934749]",0.10506466198533698,0.07754376889869498,"{""search"": ""same grid; exact integer TS target envelope"", ""z_stages"": [[0.0, 0.9917344244182007, 4097.0, 93098.0, 433.0], [0.10459699007535711, 0.10508123539978005, 1025.0, 93094.0, 989.0], [0.1050642111500933, 0.10506515694174257, 1025.0, 93094.0, 489.0], [0.10506466187892616, 0.10506466372617547, 1025.0, 93094.0, 59.0], [0.10506466198355552, 0.10506466198716342, 1025.0, 93094.0, 506.0], [0.1050646619853348, 0.10506466198534185, 1025.0, 93094.0, 316.0]]}",,,,,,,
MovieLens-25M,gap,TS,Two-phase,1,1000000,10,1.5,0.07754376889869498,1000000,0,51695.845932463315,1990328341,simulated,705094,scheduled corrupted rounds,0.99171,0.99171,0,0.0,"[916, 922, 930, 926, 914, 951, 902, 908, 921, 991710]","[0, 0, 0, 0, 0, 0, 0, 0, 0, 0]","[0.0, 0.0, 0.0, 0.0, 0.0, 0.0, 0.0, 0.0, 0.0, 0.0]",,,,9191,695903,"{""C1"": 9191, ""C2"": 695903, ""K"": 10, ""T"": 1000000, ""beta"": 0.483068019263162, ""feasible"": true, ""learner"": ""TS"", ""learner_setting"": ""Beta(sum+1, N-sum+1)"", ""mu"": 0.07754376889869498, ""n1"": 598.3937954981504, ""n2"": 1239.8062045018496, ""n3"": 2.0741529292101375, ""promotion_term"": 1545.232729572479, ""reason"": """", ""source"": ""https://proceedings.neurips.cc/paper_files/paper/2021/file/be315e7f05e9f13629031915fe87ad44-Supplemental.pdf"", ""source_section"": ""A.4"", ""target_feedback"": ""Bernoulli(mu_K)"", ""total"": 705094, ""version"": ""xu2021-original-settings-v1"", ""waiting_term"": 694356.9110103906}","[915, 921, 930, 926, 914, 950, 902, 907, 921, 905]","[1, 1, 0, 0, 0, 1, 0, 1, 0, 695899]","[0, 0, 0, 0, 0, 0, 0, 0, 0, 294906]",1.0
MovieLens-25M,gap,UCB,Ours,1,1000000,10,2.0,0.10339169186492662,975810,24190,51695.845932463315,4097839698,simulated,24140,injected samples,0.975817,1.0,2,2682.0,"[0, 0, 0, 0, 0, 0, 0, 0, 0, 975810]","[2704, 2650, 2704, 2704, 2686, 2668, 2686, 2668, 2668, 2]","[5.0, 2.0, 5.0, 5.0, 4.0, 3.0, 4.0, 3.0, 3.0, 0.5169584593246331]",0.10339169186492664,0.10339169186492662,{},,,,,,,
MovieLens-25M,gap,UCB,Direct,1,1000000,10,2.0,0.10339169186492662,975839,24161,51695.845932463315,2688117615,simulated,24111,injected samples,0.975844,1.0,0,2679.0,"[0, 0, 0, 0, 0, 0, 0, 0, 0, 975839]","[2701, 2647, 2701, 2701, 2683, 2665, 2683, 2665, 2665, 0]","[5.0, 2.0, 5.0, 5.0, 4.0, 3.0, 4.0, 3.0, 3.0, 0.5169584593246331]",0.10902702506316632,0.10339169186492662,"{""search"": ""same grid; exact integer TS target envelope"", ""z_stages"": [[0.0, 1.0055710282727444, 4097.0, 24128.0, 444.0], [0.1087568275207094, 0.10924782899935821, 1025.0, 24111.0, 564.0], [0.10902678243523996, 0.10902774142250293, 1025.0, 24111.0, 260.0], [0.1090270249915887, 0.1090270268646107, 1025.0, 24111.0, 40.0], [0.1090270250629245, 0.10902702506658274, 1025.0, 24111.0, 68.0], [0.10902702506316386, 0.109027025063171, 1025.0, 24111.0, 352.0]]}",,,,,,,
MovieLens-25M,gap,UCB,Two-phase,1,1000000,10,2.0,0.10339169186492662,1000000,0,51695.845932463315,2055836638,simulated,14422,scheduled corrupted rounds,0.988354,0.988354,0,0.0,"[1294, 1294, 1294, 1294, 1294, 1294, 1294, 1294, 1294, 988354]","[0, 0, 0, 0, 0, 0, 0, 0, 0, 0]","[0.0, 0.0, 0.0, 0.0, 0.0, 0.0, 0.0, 0.0, 0.0, 0.0]",,,,12930,1492,"{""C1"": 12930, ""C2"": 1492, ""K"": 10, ""T"": 1000000, ""feasible"": true, ""learner"": ""UCB"", ""learner_setting"": ""mean + sqrt(log(T)/N)"", ""mu"": 0.10339169186492662, ""reason"": """", ""source"": ""https://proceedings.neurips.cc/paper_files/paper/2021/file/be315e7f05e9f13629031915fe87ad44-Supplemental.pdf"", ""source_section"": ""A.2"", ""target_feedback"": ""deterministic mu_K"", ""total"": 14422, ""version"": ""xu2021-original-settings-v1""}","[1293, 1293, 1293, 1293, 1293, 1293, 1293, 1293, 1293, 1293]","[1, 1, 1, 1, 1, 1, 1, 1, 1, 1483]","[0, 0, 0, 0, 0, 0, 0, 0, 0, 985578]",1.0
MovieLens-25M,gap,TS,Ours,1,1000000,10,2.0,0.10339169186492662,932626,67374,51695.845932463315,1555946367,simulated,67324,injected samples,0.941467,1.0,8836,6498.666666666667,"[0, 0, 0, 0, 0, 0, 0, 0, 0, 932626]","[6522, 6464, 6522, 6522, 6503, 6484, 6503, 6484, 6484, 8836]","[5.0, 2.0, 5.0, 5.0, 4.0, 3.0, 4.0, 3.0, 3.0, 0.5169584593246331]",0.10301894316746107,0.10339169186492662,{},,,,,,,
MovieLens-25M,gap,TS,Direct,1,1000000,10,2.0,0.10339169186492662,932999,67001,51695.845932463315,2102606996,simulated,66951,injected samples,0.943572,1.0,10568,6264.777777777777,"[0, 0, 0, 0, 0, 0, 0, 0, 0, 932999]","[6288, 6231, 6288, 6288, 6269, 6250, 6269, 6250, 6250, 10568]","[5.0, 2.0, 5.0, 5.0, 4.0, 3.0, 4.0, 3.0, 3.0, 0.5169584593246331]",0.10492937849872226,0.10339169186492662,"{""search"": ""same grid; exact integer TS target envelope"", ""z_stages"": [[0.0, 0.9917345536637608, 4097.0, 66954.0, 434.0], [0.10483912640049034, 0.10532337178802148, 1025.0, 66951.0, 191.0], [0.10492897661887991, 0.10492992241065242, 1025.0, 66951.0, 436.0], [0.10492937839565827, 0.10492938024290784, 1025.0, 66951.0, 58.0], [0.10492937849848369, 0.1049293785020916, 1025.0, 66951.0, 68.0], [0.10492937849871975, 0.1049293784987268, 1025.0, 66951.0, 364.0]]}",,,,,,,
MovieLens-25M,gap,TS,Two-phase,1,1000000,10,2.0,0.10339169186492662,1000000,0,51695.845932463315,3685287637,infeasible,5343203,scheduled corrupted rounds,,,0,0.0,,"[0, 0, 0, 0, 0, 0, 0, 0, 0, 0]","[0.0, 0.0, 0.0, 0.0, 0.0, 0.0, 0.0, 0.0, 0.0, 0.0]",,,,5170,5338033,"{""C1"": 5170, ""C2"": 5338033, ""K"": 10, ""T"": 1000000, ""beta"": 0.36579764504492285, ""feasible"": false, ""learner"": ""TS"", ""learner_setting"": ""Beta(sum+1, N-sum+1)"", ""mu"": 0.10339169186492662, ""n1"": 276.46889273196496, ""n2"": 757.5311072680349, ""n3"": 2.739101688419504, ""promotion_term"": 1192.3490828531187, ""reason"": ""original budget reaches/exceeds T"", ""source"": ""https://proceedings.neurips.cc/paper_files/paper/2021/file/be315e7f05e9f13629031915fe87ad44-Supplemental.pdf"", ""source_section"": ""A.4"", ""target_feedback"": ""Bernoulli(mu_K)"", ""total"": 5343203, ""version"": ""xu2021-original-settings-v1"", ""waiting_term"": 5336840.012372333}",,,,
MovieLens-25M,gap,UCB,Ours,1,1000000,10,3.0,0.15508753779738996,988732,11268,51695.845932463315,3463193595,simulated,11218,injected samples,0.988738,1.0,1,1246.3333333333333,"[0, 0, 0, 0, 0, 0, 0, 0, 0, 988732]","[1261, 1225, 1261, 1261, 1249, 1237, 1249, 1237, 1237, 1]","[5.0, 2.0, 5.0, 5.0, 4.0, 3.0, 4.0, 3.0, 3.0, 0.7754376889869498]",0.15508753779738996,0.15508753779738996,{},,,,,,,
MovieLens-25M,gap,UCB,Direct,1,1000000,10,3.0,0.15508753779738996,988737,11263,51695.845932463315,3046058047,simulated,11213,injected samples,0.988742,1.0,0,1245.888888888889,"[0, 0, 0, 0, 0, 0, 0, 0, 0, 988737]","[1261, 1224, 1261, 1261, 1249, 1236, 1249, 1236, 1236, 0]","[5.0, 2.0, 5.0, 5.0, 4.0, 3.0, 4.0, 3.0, 3.0, 0.7754376889869498]",0.16068384687588622,0.15508753779738996,"{""search"": ""same grid; exact integer TS target envelope"", ""z_stages"": [[0.0, 1.0055712867638646, 4097.0, 11231.0, 654.0], [0.16031202398847744, 0.1608030255933426, 1025.0, 11213.0, 776.0], [0.16068363164840957, 0.16068459063591908, 1025.0, 11213.0, 230.0], [0.16068384610948347, 0.16068384798250596, 1025.0, 11213.0, 419.0], [0.1606838468740571, 0.16068384687771534, 1025.0, 11213.0, 512.0], [0.16068384687588264, 0.1606838468758898, 1025.0, 11213.0, 511.0]]}",,,,,,,
MovieLens-25M,gap,UCB,Two-phase,1,1000000,10,3.0,0.15508753779738996,1000000,0,51695.845932463315,52917911,simulated,6806,scheduled corrupted rounds,0.994816,0.994816,0,0.0,"[576, 576, 576, 576, 576, 576, 576, 576, 576, 994816]","[0, 0, 0, 0, 0, 0, 0, 0, 0, 0]","[0.0, 0.0, 0.0, 0.0, 0.0, 0.0, 0.0, 0.0, 0.0, 0.0]",,,,5750,1056,"{""C1"": 5750, ""C2"": 1056, ""K"": 10, ""T"": 1000000, ""feasible"": true, ""learner"": ""UCB"", ""learner_setting"": ""mean + sqrt(log(T)/N)"", ""mu"": 0.15508753779738996, ""reason"": """", ""source"": ""https://proceedings.neurips.cc/paper_files/paper/2021/file/be315e7f05e9f13629031915fe87ad44-Supplemental.pdf"", ""source_section"": ""A.2"", ""target_feedback"": ""deterministic mu_K"", ""total"": 6806, ""version"": ""xu2021-original-settings-v1""}","[575, 575, 575, 575, 575, 575, 575, 575, 575, 575]","[1, 1, 1, 1, 1, 1, 1, 1, 1, 1047]","[0, 0, 0, 0, 0, 0, 0, 0, 0, 993194]",1.0
MovieLens-25M,gap,TS,Ours,1,1000000,10,3.0,0.15508753779738996,968645,31355,51695.845932463315,3407417238,simulated,31305,injected samples,0.971434,1.0,2784,3169.0,"[0, 0, 0, 0, 0, 0, 0, 0, 0, 968645]","[3185, 3145, 3185, 3185, 3172, 3159, 3172, 3159, 3159, 2784]","[5.0, 2.0, 5.0, 5.0, 4.0, 3.0, 4.0, 3.0, 3.0, 0.7754376889869498]",0.1478298018677902,0.15508753779738996,{},,,,,,,
MovieLens-25M,gap,TS,Direct,1,1000000,10,3.0,0.15508753779738996,968822,31178,51695.845932463315,3107307871,simulated,31128,injected samples,0.971374,1.0,2547,3175.6666666666665,"[0, 0, 0, 0, 0, 0, 0, 0, 0, 968822]","[3192, 3152, 3192, 3192, 3179, 3165, 3179, 3165, 3165, 2547]","[5.0, 2.0, 5.0, 5.0, 4.0, 3.0, 4.0, 3.0, 3.0, 0.7754376889869498]",0.14766696114437936,0.15508753779738996,"{""search"": ""same grid; exact integer TS target envelope"", ""z_stages"": [[0.0, 0.9917348121548812, 4097.0, 31130.0, 610.0], [0.14745275893611393, 0.14793700444986144, 1025.0, 31128.0, 453.0], [0.14766650793241654, 0.14766745372443557, 1025.0, 31128.0, 491.0], [0.14766696050867564, 0.1476669623559257, 1025.0, 31128.0, 353.0], [0.14766696114366784, 0.14766696114727576, 1025.0, 31128.0, 202.0], [0.14766696114437602, 0.14766696114438307, 1025.0, 31128.0, 482.0]]}",,,,,,,
MovieLens-25M,gap,TS,Two-phase,1,1000000,10,3.0,0.15508753779738996,1000000,0,51695.845932463315,1461758627,infeasible,1713501677,scheduled corrupted rounds,,,0,0.0,,"[0, 0, 0, 0, 0, 0, 0, 0, 0, 0]","[0.0, 0.0, 0.0, 0.0, 0.0, 0.0, 0.0, 0.0, 0.0, 0.0]",,,,2298,1713499379,"{""C1"": 2298, ""C2"": 1713499379, ""K"": 10, ""T"": 1000000, ""beta"": 0.1800742558144034, ""feasible"": false, ""learner"": ""TS"", ""learner_setting"": ""Beta(sum+1, N-sum+1)"", ""mu"": 0.15508753779738996, ""n1"": 69.4381746100914, ""n2"": 390.1618253899086, ""n3"": 5.564132100010513, ""promotion_term"": 843.6167716814657, ""reason"": ""original budget reaches/exceeds T"", ""source"": ""https://proceedings.neurips.cc/paper_files/paper/2021/file/be315e7f05e9f13629031915fe87ad44-Supplemental.pdf"", ""source_section"": ""A.4"", ""target_feedback"": ""Bernoulli(mu_K)"", ""total"": 1713501677, ""version"": ""xu2021-original-settings-v1"", ""waiting_term"": 1713498534.950569}",,,,
MovieLens-25M,gap,UCB,Ours,1,1000000,10,4.0,0.20678338372985325,993469,6531,51695.845932463315,80101253,simulated,6481,injected samples,0.993475,1.0,1,720.0,"[0, 0, 0, 0, 0, 0, 0, 0, 0, 993469]","[731, 704, 731, 731, 722, 713, 722, 713, 713, 1]","[5.0, 2.0, 5.0, 5.0, 4.0, 3.0, 4.0, 3.0, 3.0, 1.0339169186492663]",0.20678338372985325,0.20678338372985325,{},,,,,,,
MovieLens-25M,gap,UCB,Direct,1,1000000,10,4.0,0.20678338372985325,993471,6529,51695.845932463315,3980018428,simulated,6479,injected samples,0.993476,1.0,0,719.8888888888889,"[0, 0, 0, 0, 0, 0, 0, 0, 0, 993471]","[731, 703, 731, 731, 722, 713, 722, 713, 713, 0]","[5.0, 2.0, 5.0, 5.0, 4.0, 3.0, 4.0, 3.0, 3.0, 1.0339169186492663]",0.21236059373040425,0.20678338372985325,"{""search"": ""same grid; exact integer TS target envelope"", ""z_stages"": [[0.0, 1.005571545254985, 4097.0, 6480.0, 865.0], [0.2121127478272234, 0.2126037495583049, 1025.0, 6479.0, 517.0], [0.2123601666682762, 0.2123611256560322, 1025.0, 6479.0, 457.0], [0.2123605937175113, 0.21236059559053427, 1025.0, 6479.0, 8.0], [0.21236059373031516, 0.2123605937339734, 1025.0, 6479.0, 25.0], [0.2123605937304009, 0.21236059373040805, 1025.0, 6479.0, 479.0]]}",,,,,,,
MovieLens-25M,gap,UCB,Two-phase,1,1000000,10,4.0,0.20678338372985325,1000000,0,51695.845932463315,3952956435,simulated,4085,scheduled corrupted rounds,0.997075,0.997075,0,0.0,"[325, 325, 325, 325, 325, 325, 325, 325, 325, 997075]","[0, 0, 0, 0, 0, 0, 0, 0, 0, 0]","[0.0, 0.0, 0.0, 0.0, 0.0, 0.0, 0.0, 0.0, 0.0, 0.0]",,,,3240,845,"{""C1"": 3240, ""C2"": 845, ""K"": 10, ""T"": 1000000, ""feasible"": true, ""learner"": ""UCB"", ""learner_setting"": ""mean + sqrt(log(T)/N)"", ""mu"": 0.20678338372985325, ""reason"": """", ""source"": ""https://proceedings.neurips.cc/paper_files/paper/2021/file/be315e7f05e9f13629031915fe87ad44-Supplemental.pdf"", ""source_section"": ""A.2"", ""target_feedback"": ""deterministic mu_K"", ""total"": 4085, ""version"": ""xu2021-original-settings-v1""}","[324, 324, 324, 324, 324, 324, 324, 324, 324, 324]","[1, 1, 1, 1, 1, 1, 1, 1, 1, 836]","[0, 0, 0, 0, 0, 0, 0, 0, 0, 995915]",1.0
MovieLens-25M,gap,TS,Ours,1,1000000,10,4.0,0.20678338372985325,981670,18330,51695.845932463315,1143784879,simulated,18280,injected samples,0.983568,1.0,1893,1820.7777777777778,"[0, 0, 0, 0, 0, 0, 0, 0, 0, 981670]","[1833, 1803, 1833, 1833, 1823, 1813, 1823, 1813, 1813, 1893]","[5.0, 2.0, 5.0, 5.0, 4.0, 3.0, 4.0, 3.0, 3.0, 1.0339169186492663]",0.195414042033556,0.20678338372985325,{},,,,,,,
MovieLens-25M,gap,TS,Direct,1,1000000,10,4.0,0.20678338372985325,981890,18110,51695.845932463315,2379796120,simulated,18060,injected samples,0.98355,1.0,1655,1822.7777777777778,"[0, 0, 0, 0, 0, 0, 0, 0, 0, 981890]","[1835, 1805, 1835, 1835, 1825, 1815, 1825, 1815, 1815, 1655]","[5.0, 2.0, 5.0, 5.0, 4.0, 3.0, 4.0, 3.0, 3.0, 1.0339169186492663]",0.19529765679943972,0.20678338372985325,"{""search"": ""same grid; exact integer TS target envelope"", ""z_stages"": [[0.0, 0.9917350706460014, 4097.0, 18063.0, 807.0], [0.19515099290543875, 0.19563523854540263, 1025.0, 18060.0, 311.0], [0.1952975907065997, 0.19529853649886525, 1025.0, 18060.0, 72.0], [0.1952976562839931, 0.1952976581312436, 1025.0, 18060.0, 286.0], [0.19529765679812044, 0.19529765680172834, 1025.0, 18060.0, 375.0], [0.19529765679943817, 0.19529765679944522, 1025.0, 18060.0, 224.0]]}",,,,,,,
MovieLens-25M,gap,TS,Two-phase,1,1000000,10,4.0,0.20678338372985325,1000000,0,51695.845932463315,1394738201,infeasible,1901480593645945,scheduled corrupted rounds,,,0,0.0,,"[0, 0, 0, 0, 0, 0, 0, 0, 0, 0]","[0.0, 0.0, 0.0, 0.0, 0.0, 0.0, 0.0, 0.0, 0.0, 0.0]",,,,1293,1901480593644652,"{""C1"": 1293, ""C2"": 1901480593644652, ""K"": 10, ""T"": 1000000, ""beta"": 0.03995065173165885, ""feasible"": false, ""learner"": ""TS"", ""learner_setting"": ""Beta(sum+1, N-sum+1)"", ""mu"": 0.20678338372985325, ""n1"": 9.011186419215505, ""n2"": 249.58881358078452, ""n3"": 25.07986487660793, ""promotion_term"": 674.1435055153747, ""reason"": ""original budget reaches/exceeds T"", ""source"": ""https://proceedings.neurips.cc/paper_files/paper/2021/file/be315e7f05e9f13629031915fe87ad44-Supplemental.pdf"", ""source_section"": ""A.4"", ""target_feedback"": ""Bernoulli(mu_K)"", ""total"": 1901480593645945, ""version"": ""xu2021-original-settings-v1"", ""waiting_term"": 1901480593643977.0}",,,,
MovieLens-25M,gap,UCB,Ours,1,1000000,10,5.0,0.25847922966231657,995725,4275,51695.845932463315,2079151306,simulated,4225,injected samples,0.995731,1.0,1,469.3333333333333,"[0, 0, 0, 0, 0, 0, 0, 0, 0, 995725]","[478, 456, 478, 478, 471, 464, 471, 464, 464, 1]","[5.0, 2.0, 5.0, 5.0, 4.0, 3.0, 4.0, 3.0, 3.0, 1.292396148311583]",0.25847922966231657,0.25847922966231657,{},,,,,,,
MovieLens-25M,gap,UCB,Direct,1,1000000,10,5.0,0.25847922966231657,995726,4274,51695.845932463315,4104212155,simulated,4224,injected samples,0.995731,1.0,0,469.3333333333333,"[0, 0, 0, 0, 0, 0, 0, 0, 0, 995726]","[478, 456, 478, 478, 471, 464, 471, 464, 464, 0]","[5.0, 2.0, 5.0, 5.0, 4.0, 3.0, 4.0, 3.0, 3.0, 1.292396148311583]",0.26404069038683686,0.25847922966231657,"{""search"": ""same grid; exact integer TS target envelope"", ""z_stages"": [[0.0, 1.0055718037461052, 4097.0, 4230.0, 1075.0], [0.2636679973689739, 0.2641589992262718, 1025.0, 4224.0, 778.0], [0.26404056420795874, 0.26404152319596125, 1025.0, 4224.0, 135.0], [0.2640406897005294, 0.2640406915735528, 1025.0, 4224.0, 376.0], [0.26404069038645106, 0.2640406903901093, 1025.0, 4224.0, 108.0], [0.2640406903868333, 0.26404069038684047, 1025.0, 4224.0, 505.0]]}",,,,,,,
MovieLens-25M,gap,UCB,Two-phase,1,1000000,10,5.0,0.25847922966231657,1000000,0,51695.845932463315,2729048323,simulated,2792,scheduled corrupted rounds,0.998128,0.998128,0,0.0,"[208, 208, 208, 208, 208, 208, 208, 208, 208, 998128]","[0, 0, 0, 0, 0, 0, 0, 0, 0, 0]","[0.0, 0.0, 0.0, 0.0, 0.0, 0.0, 0.0, 0.0, 0.0, 0.0]",,,,2070,722,"{""C1"": 2070, ""C2"": 722, ""K"": 10, ""T"": 1000000, ""feasible"": true, ""learner"": ""UCB"", ""learner_setting"": ""mean + sqrt(log(T)/N)"", ""mu"": 0.25847922966231657, ""reason"": """", ""source"": ""https://proceedings.neurips.cc/paper_files/paper/2021/file/be315e7f05e9f13629031915fe87ad44-Supplemental.pdf"", ""source_section"": ""A.2"", ""target_feedback"": ""deterministic mu_K"", ""total"": 2792, ""version"": ""xu2021-original-settings-v1""}","[207, 207, 207, 207, 207, 207, 207, 207, 207, 207]","[1, 1, 1, 1, 1, 1, 1, 1, 1, 713]","[0, 0, 0, 0, 0, 0, 0, 0, 0, 997208]",1.0
MovieLens-25M,gap,TS,Ours,1,1000000,10,5.0,0.25847922966231657,987826,12174,51695.845932463315,3016641345,simulated,12124,injected samples,0.989252,1.0,1421,1189.2222222222222,"[0, 0, 0, 0, 0, 0, 0, 0, 0, 987826]","[1199, 1175, 1199, 1199, 1191, 1183, 1191, 1183, 1183, 1421]","[5.0, 2.0, 5.0, 5.0, 4.0, 3.0, 4.0, 3.0, 3.0, 1.292396148311583]",0.24226773498780085,0.25847922966231657,{},,,,,,,
MovieLens-25M,gap,TS,Direct,1,1000000,10,5.0,0.25847922966231657,988055,11945,51695.845932463315,3929650773,simulated,11895,injected samples,0.989288,1.0,1228,1185.2222222222222,"[0, 0, 0, 0, 0, 0, 0, 0, 0, 988055]","[1195, 1171, 1195, 1195, 1187, 1179, 1187, 1179, 1179, 1228]","[5.0, 2.0, 5.0, 5.0, 4.0, 3.0, 4.0, 3.0, 3.0, 1.292396148311583]",0.242634644829729,0.25847922966231657,"{""search"": ""same grid; exact integer TS target envelope"", ""z_stages"": [[0.0, 0.9917353291371217, 4097.0, 11896.0, 1003.0], [0.24260712885629784, 0.24309137462247807, 1025.0, 11895.0, 59.0], [0.2426345568391479, 0.24263550263165998, 1025.0, 11895.0, 96.0], [0.2426346445835704, 0.2426346464308214, 1025.0, 11895.0, 137.0], [0.24263464482890842, 0.24263464483251634, 1025.0, 11895.0, 233.0], [0.24263464482972585, 0.2426346448297329, 1025.0, 11895.0, 454.0]]}",,,,,,,
MovieLens-25M,gap,TS,Two-phase,1,1000000,10,5.0,0.25847922966231657,1000000,0,51695.845932463315,432220436,infeasible,,scheduled corrupted rounds,,,0,0.0,,"[0, 0, 0, 0, 0, 0, 0, 0, 0, 0]","[0.0, 0.0, 0.0, 0.0, 0.0, 0.0, 0.0, 0.0, 0.0, 0.0]",,,,828,0,"{""C1"": 828, ""C2"": null, ""K"": 10, ""T"": 1000000, ""feasible"": false, ""learner"": ""TS"", ""learner_setting"": ""Beta(sum+1, N-sum+1)"", ""mu"": 0.25847922966231657, ""n1"": -13.458956056127466, ""n2"": 179.05895605612744, ""reason"": ""A.4 phase-one lower count bound is nonpositive"", ""source"": ""https://proceedings.neurips.cc/paper_files/paper/2021/file/be315e7f05e9f13629031915fe87ad44-Supplemental.pdf"", ""source_section"": ""A.4"", ""target_feedback"": ""Bernoulli(mu_K)"", ""total"": null, ""version"": ""xu2021-original-settings-v1""}",,,,
MovieLens-25M,gap,UCB,Ours,1,1000000,10,6.0,0.3101750755947799,996973,3027,51695.845932463315,716766013,simulated,2977,injected samples,0.996979,1.0,1,330.6666666666667,"[0, 0, 0, 0, 0, 0, 0, 0, 0, 996973]","[338, 320, 338, 338, 332, 326, 332, 326, 326, 1]","[5.0, 2.0, 5.0, 5.0, 4.0, 3.0, 4.0, 3.0, 3.0, 1.5508753779738995]",0.3101750755947799,0.3101750755947799,{},,,,,,,
MovieLens-25M,gap,UCB,Direct,1,1000000,10,6.0,0.3101750755947799,996974,3026,51695.845932463315,3660728016,simulated,2976,injected samples,0.996979,1.0,0,330.6666666666667,"[0, 0, 0, 0, 0, 0, 0, 0, 0, 996974]","[338, 320, 338, 338, 332, 326, 332, 326, 326, 0]","[5.0, 2.0, 5.0, 5.0, 4.0, 3.0, 4.0, 3.0, 3.0, 1.5508753779738995]",0.31561966011627557,0.3101750755947799,"{""search"": ""same grid; exact integer TS target envelope"", ""z_stages"": [[0.0, 1.0055720622372253, 4097.0, 2976.0, 1286.0], [0.3154687744079186, 0.31595977639143286, 1025.0, 2976.0, 315.0], [0.31561933556301963, 0.3156202945512687, 1025.0, 2976.0, 347.0], [0.3156196595961585, 0.3156196614691824, 1025.0, 2976.0, 285.0], [0.31561966011563, 0.3156196601192882, 1025.0, 2976.0, 181.0], [0.315619660116273, 0.3156196601162802, 1025.0, 2976.0, 362.0]]}",,,,,,,
MovieLens-25M,gap,UCB,Two-phase,1,1000000,10,6.0,0.3101750755947799,1000000,0,51695.845932463315,4168586069,simulated,2088,scheduled corrupted rounds,0.998695,0.998695,0,0.0,"[145, 145, 145, 145, 145, 145, 145, 145, 145, 998695]","[0, 0, 0, 0, 0, 0, 0, 0, 0, 0]","[0.0, 0.0, 0.0, 0.0, 0.0, 0.0, 0.0, 0.0, 0.0, 0.0]",,,,1440,648,"{""C1"": 1440, ""C2"": 648, ""K"": 10, ""T"": 1000000, ""feasible"": true, ""learner"": ""UCB"", ""learner_setting"": ""mean + sqrt(log(T)/N)"", ""mu"": 0.3101750755947799, ""reason"": """", ""source"": ""https://proceedings.neurips.cc/paper_files/paper/2021/file/be315e7f05e9f13629031915fe87ad44-Supplemental.pdf"", ""source_section"": ""A.2"", ""target_feedback"": ""deterministic mu_K"", ""total"": 2088, ""version"": ""xu2021-original-settings-v1""}","[144, 144, 144, 144, 144, 144, 144, 144, 144, 144]","[1, 1, 1, 1, 1, 1, 1, 1, 1, 639]","[0, 0, 0, 0, 0, 0, 0, 0, 0, 997912]",1.0
MovieLens-25M,gap,TS,Ours,1,1000000,10,6.0,0.3101750755947799,991235,8765,51695.845932463315,4246946526,simulated,8715,injected samples,0.992376,1.0,1136,842.1111111111111,"[0, 0, 0, 0, 0, 0, 0, 0, 0, 991235]","[850, 830, 850, 850, 844, 837, 844, 837, 837, 1136]","[5.0, 2.0, 5.0, 5.0, 4.0, 3.0, 4.0, 3.0, 3.0, 1.5508753779738995]",0.2883747994934689,0.3101750755947799,{},,,,,,,
MovieLens-25M,gap,TS,Direct,1,1000000,10,6.0,0.3101750755947799,991457,8543,51695.845932463315,106492228,simulated,8493,injected samples,0.992399,1.0,937,839.5555555555555,"[0, 0, 0, 0, 0, 0, 0, 0, 0, 991457]","[848, 828, 848, 848, 841, 834, 841, 834, 834, 937]","[5.0, 2.0, 5.0, 5.0, 4.0, 3.0, 4.0, 3.0, 3.0, 1.5508753779738995]",0.28876924387419894,0.3101750755947799,"{""search"": ""same grid; exact integer TS target envelope"", ""z_stages"": [[0.0, 0.9917355876282419, 4097.0, 8494.0, 1192.0], [0.2883684289221768, 0.2888526748145734, 1025.0, 8493.0, 848.0], [0.28876897215543845, 0.288769917948197, 1025.0, 8493.0, 295.0], [0.2887692437014062, 0.28876924554865774, 1025.0, 8493.0, 96.0], [0.2887692438727821, 0.28876924387639, 1025.0, 8493.0, 403.0], [0.2887692438741985, 0.28876924387420555, 1025.0, 8493.0, 61.0]]}",,,,,,,
MovieLens-25M,gap,TS,Two-phase,1,1000000,10,6.0,0.3101750755947799,1000000,0,51695.845932463315,2392180128,infeasible,,scheduled corrupted rounds,,,0,0.0,,"[0, 0, 0, 0, 0, 0, 0, 0, 0, 0]","[0.0, 0.0, 0.0, 0.0, 0.0, 0.0, 0.0, 0.0, 0.0, 0.0]",,,,575,0,"{""C1"": 575, ""C2"": null, ""K"": 10, ""T"": 1000000, ""feasible"": false, ""learner"": ""TS"", ""learner_setting"": ""Beta(sum+1, N-sum+1)"", ""mu"": 0.3101750755947799, ""n1"": -22.715796713439556, ""n2"": 137.71579671343957, ""reason"": ""A.4 phase-one lower count bound is nonpositive"", ""source"": ""https://proceedings.neurips.cc/paper_files/paper/2021/file/be315e7f05e9f13629031915fe87ad44-Supplemental.pdf"", ""source_section"": ""A.4"", ""target_feedback"": ""Bernoulli(mu_K)"", ""total"": null, ""version"": ""xu2021-original-settings-v1""}",,,,
MovieLens-25M,horizon,UCB,Ours,2,100000,10,,0.016442451420029897,73726,26274,10480.819243109449,2336421614,simulated,26224,injected samples,0.89542,1.0,15811,1157.0,"[0, 0, 0, 0, 0, 0, 0, 0, 0, 73726]","[1160, 1160, 1147, 1160, 1160, 1172, 1147, 1160, 1147, 15811]","[4.0, 4.0, 3.0, 4.0, 4.0, 5.0, 3.0, 4.0, 3.0, 0.0]",0.13651064580235672,0.0,{},,,,,,,
MovieLens-25M,horizon,UCB,Clipped Suppression,2,100000,10,,0.016442451420029897,100000,0,10480.819243109449,3404953980,simulated,81846,suppressed non-target rounds (including 0->0),0.18154,0.18154,0,0.0,"[9094, 9094, 9094, 9094, 9094, 9094, 9094, 9094, 9094, 18154]","[0, 0, 0, 0, 0, 0, 0, 0, 0, 0]","[0.0, 0.0, 0.0, 0.0, 0.0, 0.0, 0.0, 0.0, 0.0, 0.0]",,,,,,,,,,
MovieLens-25M,horizon,TS,Ours,2,100000,10,,0.016442451420029897,58082,41918,10480.819243109449,3599516061,simulated,41868,injected samples,0.84818,1.0,26731,1681.888888888889,"[0, 0, 0, 0, 0, 0, 0, 0, 0, 58082]","[1684, 1684, 1674, 1684, 1684, 1695, 1674, 1684, 1674, 26731]","[4.0, 4.0, 3.0, 4.0, 4.0, 5.0, 3.0, 4.0, 3.0, 0.0]",0.18933837047343227,0.0,{},,,,,,,
MovieLens-25M,horizon,TS,Clipped Suppression,2,100000,10,,0.016442451420029897,100000,0,10480.819243109449,3317289709,simulated,70119,suppressed non-target rounds (including 0->0),0.29881,0.29881,0,0.0,"[7819, 7822, 7794, 7748, 7847, 7800, 7718, 7856, 7715, 29881]","[0, 0, 0, 0, 0, 0, 0, 0, 0, 0]","[0.0, 0.0, 0.0, 0.0, 0.0, 0.0, 0.0, 0.0, 0.0, 0.0]",,,,,,,,,,
MovieLens-25M,horizon,UCB,Ours,2,250000,10,,0.016442451420029897,201255,48745,19804.988134665902,89004116,simulated,48695,injected samples,0.925028,1.0,29997,2077.5555555555557,"[0, 0, 0, 0, 0, 0, 0, 0, 0, 201255]","[2081, 2081, 2065, 2081, 2081, 2098, 2065, 2081, 2065, 29997]","[4.0, 4.0, 3.0, 4.0, 4.0, 5.0, 3.0, 4.0, 3.0, 0.0]",0.10712858488170235,0.0,{},,,,,,,
MovieLens-25M,horizon,UCB,Clipped Suppression,2,250000,10,,0.016442451420029897,250000,0,19804.988134665902,3644434968,simulated,185434,suppressed non-target rounds (including 0->0),0.258264,0.258264,0,0.0,"[20604, 20604, 20604, 20604, 20604, 20604, 20604, 20603, 20603, 64566]","[0, 0, 0, 0, 0, 0, 0, 0, 0, 0]","[0.0, 0.0, 0.0, 0.0, 0.0, 0.0, 0.0, 0.0, 0.0, 0.0]",,,,,,,,,,
MovieLens-25M,horizon,TS,Ours,2,250000,10,,0.016442451420029897,175266,74734,19804.988134665902,2138070285,simulated,74684,injected samples,0.894728,1.0,48411,2919.222222222222,"[0, 0, 0, 0, 0, 0, 0, 0, 0, 175266]","[2922, 2922, 2909, 2922, 2922, 2936, 2909, 2922, 2909, 48411]","[4.0, 4.0, 3.0, 4.0, 4.0, 5.0, 3.0, 4.0, 3.0, 0.0]",0.14773051189606007,0.0,{},,,,,,,
MovieLens-25M,horizon,TS,Clipped Suppression,2,250000,10,,0.016442451420029897,250000,0,19804.988134665902,4012201503,simulated,119508,suppressed non-target rounds (including 0->0),0.521968,0.521968,0,0.0,"[13336, 13227, 13223, 13267, 13254, 13248, 13376, 13284, 13293, 130492]","[0, 0, 0, 0, 0, 0, 0, 0, 0, 0]","[0.0, 0.0, 0.0, 0.0, 0.0, 0.0, 0.0, 0.0, 0.0, 0.0]",,,,,,,,,,
MovieLens-25M,horizon,UCB,Ours,2,400000,10,,0.016442451420029897,332977,67023,27430.126400660687,2786653177,simulated,66973,injected samples,0.9365325,1.0,41631,2815.777777777778,"[0, 0, 0, 0, 0, 0, 0, 0, 0, 332977]","[2820, 2820, 2801, 2820, 2820, 2839, 2801, 2820, 2801, 41631]","[4.0, 4.0, 3.0, 4.0, 4.0, 5.0, 3.0, 4.0, 3.0, 0.0]",0.09426251639678365,0.0,{},,,,,,,
MovieLens-25M,horizon,UCB,Clipped Suppression,2,400000,10,,0.016442451420029897,400000,0,27430.126400660687,1025920448,simulated,268389,suppressed non-target rounds (including 0->0),0.3290275,0.3290275,0,0.0,"[29821, 29821, 29821, 29821, 29821, 29821, 29821, 29821, 29821, 131611]","[0, 0, 0, 0, 0, 0, 0, 0, 0, 0]","[0.0, 0.0, 0.0, 0.0, 0.0, 0.0, 0.0, 0.0, 0.0, 0.0]",,,,,,,,,,
MovieLens-25M,horizon,TS,Ours,2,400000,10,,0.016442451420029897,299005,100995,27430.126400660687,1686139835,simulated,100945,injected samples,0.9120975,1.0,65829,3901.777777777778,"[0, 0, 0, 0, 0, 0, 0, 0, 0, 299005]","[3905, 3905, 3890, 3905, 3905, 3921, 3890, 3905, 3890, 65829]","[4.0, 4.0, 3.0, 4.0, 4.0, 5.0, 3.0, 4.0, 3.0, 0.0]",0.12953831633688523,0.0,{},,,,,,,
MovieLens-25M,horizon,TS,Clipped Suppression,2,400000,10,,0.016442451420029897,400000,0,27430.126400660687,4288182171,simulated,156176,suppressed non-target rounds (including 0->0),0.60956,0.60956,0,0.0,"[17382, 17370, 17263, 17378, 17381, 17369, 17384, 17418, 17231, 243824]","[0, 0, 0, 0, 0, 0, 0, 0, 0, 0]","[0.0, 0.0, 0.0, 0.0, 0.0, 0.0, 0.0, 0.0, 0.0, 0.0]",,,,,,,,,,
MovieLens-25M,horizon,UCB,Ours,2,550000,10,,0.016442451420029897,466803,83197,34194.80516566394,994150119,simulated,83147,injected samples,0.9432290909090909,1.0,51968,3464.3333333333335,"[0, 0, 0, 0, 0, 0, 0, 0, 0, 466803]","[3469, 3469, 3448, 3469, 3469, 3490, 3448, 3469, 3448, 51968]","[4.0, 4.0, 3.0, 4.0, 4.0, 5.0, 3.0, 4.0, 3.0, 0.0]",0.08632833605827442,0.0,{},,,,,,,
MovieLens-25M,horizon,UCB,Clipped Suppression,2,550000,10,,0.016442451420029897,550000,0,34194.80516566394,2244668545,simulated,342387,suppressed non-target rounds (including 0->0),0.3774781818181818,0.3774781818181818,0,0.0,"[38043, 38043, 38043, 38043, 38043, 38043, 38043, 38043, 38043, 207613]","[0, 0, 0, 0, 0, 0, 0, 0, 0, 0]","[0.0, 0.0, 0.0, 0.0, 0.0, 0.0, 0.0, 0.0, 0.0, 0.0]",,,,,,,,,,
MovieLens-25M,horizon,TS,Ours,2,550000,10,,0.016442451420029897,425961,124039,34194.80516566394,3204470824,simulated,123989,injected samples,0.9220072727272727,1.0,81138,4761.222222222223,"[0, 0, 0, 0, 0, 0, 0, 0, 0, 425961]","[4765, 4765, 4748, 4765, 4765, 4782, 4748, 4765, 4748, 81138]","[4.0, 4.0, 3.0, 4.0, 4.0, 5.0, 3.0, 4.0, 3.0, 0.0]",0.1183417706444928,0.0,{},,,,,,,
MovieLens-25M,horizon,TS,Clipped Suppression,2,550000,10,,0.016442451420029897,550000,0,34194.80516566394,154942069,simulated,169167,suppressed non-target rounds (including 0->0),0.6924236363636364,0.6924236363636364,0,0.0,"[18940, 18798, 18804, 18690, 18683, 18783, 18788, 18787, 18894, 380833]","[0, 0, 0, 0, 0, 0, 0, 0, 0, 0]","[0.0, 0.0, 0.0, 0.0, 0.0, 0.0, 0.0, 0.0, 0.0, 0.0]",,,,,,,,,,
MovieLens-25M,horizon,UCB,Ours,2,700000,10,,0.016442451420029897,601988,98012,40401.844201652595,23927083,simulated,97962,injected samples,0.9477971428571429,1.0,61465,4055.222222222222,"[0, 0, 0, 0, 0, 0, 0, 0, 0, 601988]","[4060, 4060, 4038, 4060, 4060, 4083, 4038, 4060, 4038, 61465]","[4.0, 4.0, 3.0, 4.0, 4.0, 5.0, 3.0, 4.0, 3.0, 0.0]",0.08071756860089524,0.0,{},,,,,,,
MovieLens-25M,horizon,UCB,Clipped Suppression,2,700000,10,,0.016442451420029897,700000,0,40401.844201652595,1864423327,simulated,390065,suppressed non-target rounds (including 0->0),0.4427642857142857,0.4427642857142857,0,0.0,"[43341, 43341, 43341, 43341, 43341, 43340, 43340, 43340, 43340, 309935]","[0, 0, 0, 0, 0, 0, 0, 0, 0, 0]","[0.0, 0.0, 0.0, 0.0, 0.0, 0.0, 0.0, 0.0, 0.0, 0.0]",,,,,,,,,,
MovieLens-25M,horizon,TS,Ours,2,700000,10,,0.016442451420029897,554973,145027,40401.844201652595,3872449487,simulated,144977,injected samples,0.9286814285714285,1.0,95099,5542.0,"[0, 0, 0, 0, 0, 0, 0, 0, 0, 554973]","[5546, 5546, 5528, 5546, 5546, 5564, 5528, 5546, 5528, 95099]","[4.0, 4.0, 3.0, 4.0, 4.0, 5.0, 3.0, 4.0, 3.0, 0.0]",0.11043783692005127,0.0,{},,,,,,,
MovieLens-25M,horizon,TS,Clipped Suppression,2,700000,10,,0.016442451420029897,700000,0,40401.844201652595,3487062857,simulated,188780,suppressed non-target rounds (including 0->0),0.7303142857142857,0.7303142857142857,0,0.0,"[21007, 21013, 21039, 21011, 20950, 20881, 20928, 20947, 21004, 511220]","[0, 0, 0, 0, 0, 0, 0, 0, 0, 0]","[0.0, 0.0, 0.0, 0.0, 0.0, 0.0, 0.0, 0.0, 0.0, 0.0]",,,,,,,,,,
MovieLens-25M,horizon,UCB,Ours,2,850000,10,,0.016442451420029897,738147,111853,46204.95572790959,3772306454,simulated,111803,injected samples,0.9511811764705882,1.0,70352,4605.666666666667,"[0, 0, 0, 0, 0, 0, 0, 0, 0, 738147]","[4611, 4611, 4587, 4611, 4611, 4635, 4587, 4611, 4587, 70352]","[4.0, 4.0, 3.0, 4.0, 4.0, 5.0, 3.0, 4.0, 3.0, 0.0]",0.07643859920397211,0.0,{},,,,,,,
MovieLens-25M,horizon,UCB,Clipped Suppression,2,850000,10,,0.016442451420029897,850000,0,46204.95572790959,2156766685,simulated,443491,suppressed non-target rounds (including 0->0),0.4782458823529412,0.4782458823529412,0,0.0,"[49277, 49277, 49277, 49277, 49277, 49277, 49277, 49276, 49276, 406509]","[0, 0, 0, 0, 0, 0, 0, 0, 0, 0]","[0.0, 0.0, 0.0, 0.0, 0.0, 0.0, 0.0, 0.0, 0.0, 0.0]",,,,,,,,,,
MovieLens-25M,horizon,TS,Ours,2,850000,10,,0.016442451420029897,685457,164543,46204.95572790959,1795923479,simulated,164493,injected samples,0.9335929411764706,1.0,108092,6266.777777777777,"[0, 0, 0, 0, 0, 0, 0, 0, 0, 685457]","[6271, 6271, 6252, 6271, 6271, 6290, 6252, 6271, 6252, 108092]","[4.0, 4.0, 3.0, 4.0, 4.0, 5.0, 3.0, 4.0, 3.0, 0.0]",0.10441920096784763,0.0,{},,,,,,,
MovieLens-25M,horizon,TS,Clipped Suppression,2,850000,10,,0.016442451420029897,850000,0,46204.95572790959,3514041593,simulated,193664,suppressed non-target rounds (including 0->0),0.77216,0.77216,0,0.0,"[21518, 21591, 21481, 21386, 21501, 21581, 21563, 21479, 21564, 656336]","[0, 0, 0, 0, 0, 0, 0, 0, 0, 0]","[0.0, 0.0, 0.0, 0.0, 0.0, 0.0, 0.0, 0.0, 0.0, 0.0]",,,,,,,,,,
MovieLens-25M,horizon,UCB,Ours,2,1000000,10,,0.016442451420029897,875066,124934,51695.845932463315,2758592392,simulated,124884,injected samples,0.953838,1.0,78767,5124.111111111111,"[0, 0, 0, 0, 0, 0, 0, 0, 0, 875066]","[5130, 5130, 5104, 5130, 5130, 5155, 5104, 5130, 5104, 78767]","[4.0, 4.0, 3.0, 4.0, 4.0, 5.0, 3.0, 4.0, 3.0, 0.0]",0.07301426208813258,0.0,{},,,,,,,
MovieLens-25M,horizon,UCB,Clipped Suppression,2,1000000,10,,0.016442451420029897,1000000,0,51695.845932463315,2421656169,simulated,469703,suppressed non-target rounds (including 0->0),0.530297,0.530297,0,0.0,"[52190, 52190, 52189, 52189, 52189, 52189, 52189, 52189, 52189, 530297]","[0, 0, 0, 0, 0, 0, 0, 0, 0, 0]","[0.0, 0.0, 0.0, 0.0, 0.0, 0.0, 0.0, 0.0, 0.0, 0.0]",,,,,,,,,,
MovieLens-25M,horizon,TS,Ours,2,1000000,10,,0.016442451420029897,817072,182928,51695.845932463315,424677641,simulated,182878,injected samples,0.937418,1.0,120341,6948.555555555556,"[0, 0, 0, 0, 0, 0, 0, 0, 0, 817072]","[6953, 6953, 6933, 6953, 6953, 6973, 6933, 6953, 6933, 120341]","[4.0, 4.0, 3.0, 4.0, 4.0, 5.0, 3.0, 4.0, 3.0, 0.0]",0.09960910588868846,0.0,{},,,,,,,
MovieLens-25M,horizon,TS,Clipped Suppression,2,1000000,10,,0.016442451420029897,1000000,0,51695.845932463315,4060286642,simulated,210197,suppressed non-target rounds (including 0->0),0.789803,0.789803,0,0.0,"[23337, 23315, 23349, 23324, 23351, 23421, 23447, 23302, 23351, 789803]","[0, 0, 0, 0, 0, 0, 0, 0, 0, 0]","[0.0, 0.0, 0.0, 0.0, 0.0, 0.0, 0.0, 0.0, 0.0, 0.0]",,,,,,,,,,
MovieLens-25M,arms,UCB,Ours,2,1000000,5,,0.016442451420029897,907379,92621,41031.02010778911,322732374,simulated,92596,injected samples,0.965736,1.0,58352,8561.0,"[0, 0, 0, 0, 907379]","[8561, 8528, 8594, 8561, 58352]","[4.0, 3.0, 5.0, 4.0, 0.0]",0.05513363102131247,0.0,{},,,,,,,
MovieLens-25M,arms,UCB,Clipped Suppression,2,1000000,5,,0.016442451420029897,1000000,0,41031.02010778911,294988878,simulated,237476,suppressed non-target rounds (including 0->0),0.762524,0.762524,0,0.0,"[59369, 59369, 59369, 59369, 762524]","[0, 0, 0, 0, 0]","[0.0, 0.0, 0.0, 0.0, 0.0]",,,,,,,,,,
MovieLens-25M,arms,TS,Ours,2,1000000,5,,0.016442451420029897,861790,138210,41031.02010778911,4133208251,simulated,138185,injected samples,0.954188,1.0,92393,11448.0,"[0, 0, 0, 0, 861790]","[11448, 11422, 11474, 11448, 92393]","[4.0, 3.0, 5.0, 4.0, 0.0]",0.07675400067010624,0.0,{},,,,,,,
MovieLens-25M,arms,TS,Clipped Suppression,2,1000000,5,,0.016442451420029897,1000000,0,41031.02010778911,3828102648,simulated,95598,suppressed non-target rounds (including 0->0),0.904402,0.904402,0,0.0,"[23924, 23889, 23892, 23893, 904402]","[0, 0, 0, 0, 0]","[0.0, 0.0, 0.0, 0.0, 0.0]",,,,,,,,,,
MovieLens-25M,arms,UCB,Ours,2,1000000,10,,0.016442451420029897,875066,124934,51695.845932463315,2758592392,simulated,124884,injected samples,0.953838,1.0,78767,5124.111111111111,"[0, 0, 0, 0, 0, 0, 0, 0, 0, 875066]","[5130, 5130, 5104, 5130, 5130, 5155, 5104, 5130, 5104, 78767]","[4.0, 4.0, 3.0, 4.0, 4.0, 5.0, 3.0, 4.0, 3.0, 0.0]",0.07301426208813258,0.0,{},,,,,,,
MovieLens-25M,arms,UCB,Clipped Suppression,2,1000000,10,,0.016442451420029897,1000000,0,51695.845932463315,2421656169,simulated,469703,suppressed non-target rounds (including 0->0),0.530297,0.530297,0,0.0,"[52190, 52190, 52189, 52189, 52189, 52189, 52189, 52189, 52189, 530297]","[0, 0, 0, 0, 0, 0, 0, 0, 0, 0]","[0.0, 0.0, 0.0, 0.0, 0.0, 0.0, 0.0, 0.0, 0.0, 0.0]",,,,,,,,,,
MovieLens-25M,arms,TS,Ours,2,1000000,10,,0.016442451420029897,817072,182928,51695.845932463315,424677641,simulated,182878,injected samples,0.937418,1.0,120341,6948.555555555556,"[0, 0, 0, 0, 0, 0, 0, 0, 0, 817072]","[6953, 6953, 6933, 6953, 6953, 6973, 6933, 6953, 6933, 120341]","[4.0, 4.0, 3.0, 4.0, 4.0, 5.0, 3.0, 4.0, 3.0, 0.0]",0.09960910588868846,0.0,{},,,,,,,
MovieLens-25M,arms,TS,Clipped Suppression,2,1000000,10,,0.016442451420029897,1000000,0,51695.845932463315,4060286642,simulated,210197,suppressed non-target rounds (including 0->0),0.789803,0.789803,0,0.0,"[23337, 23315, 23349, 23324, 23351, 23421, 23447, 23302, 23351, 789803]","[0, 0, 0, 0, 0, 0, 0, 0, 0, 0]","[0.0, 0.0, 0.0, 0.0, 0.0, 0.0, 0.0, 0.0, 0.0, 0.0]",,,,,,,,,,
MovieLens-25M,arms,UCB,Ours,2,1000000,15,,0.016442451420029897,852813,147187,59176.97111973348,1541941079,simulated,147112,injected samples,0.945446,1.0,92628,3891.714285714286,"[0, 0, 0, 0, 0, 0, 0, 0, 0, 0, 0, 0, 0, 0, 852813]","[3870, 3913, 3892, 3892, 3892, 3892, 3913, 3892, 3913, 3913, 3870, 3870, 3892, 3870, 92628]","[3.0, 5.0, 4.0, 4.0, 4.0, 4.0, 5.0, 4.0, 5.0, 5.0, 3.0, 3.0, 4.0, 3.0, 0.0]",0.08477451801457303,0.0,{},,,,,,,
MovieLens-25M,arms,UCB,Clipped Suppression,2,1000000,15,,0.016442451420029897,1000000,0,59176.97111973348,2505325528,simulated,646313,suppressed non-target rounds (including 0->0),0.353687,0.353687,0,0.0,"[46166, 46166, 46166, 46165, 46165, 46165, 46165, 46165, 46165, 46165, 46165, 46165, 46165, 46165, 353687]","[0, 0, 0, 0, 0, 0, 0, 0, 0, 0, 0, 0, 0, 0, 0]","[0.0, 0.0, 0.0, 0.0, 0.0, 0.0, 0.0, 0.0, 0.0, 0.0, 0.0, 0.0, 0.0, 0.0, 0.0]",,,,,,,,,,
MovieLens-25M,arms,TS,Ours,2,1000000,15,,0.016442451420029897,785949,214051,59176.97111973348,207672861,simulated,213976,injected samples,0.925426,1.0,139472,5321.714285714285,"[0, 0, 0, 0, 0, 0, 0, 0, 0, 0, 0, 0, 0, 0, 785949]","[5304, 5339, 5322, 5322, 5322, 5322, 5339, 5322, 5339, 5339, 5304, 5304, 5322, 5304, 139472]","[3.0, 5.0, 4.0, 4.0, 4.0, 4.0, 5.0, 4.0, 5.0, 5.0, 3.0, 3.0, 4.0, 3.0, 0.0]",0.11461458422704779,0.0,{},,,,,,,
MovieLens-25M,arms,TS,Clipped Suppression,2,1000000,15,,0.016442451420029897,1000000,0,59176.97111973348,1948013860,simulated,321508,suppressed non-target rounds (including 0->0),0.678492,0.678492,0,0.0,"[23031, 22972, 22891, 22998, 22966, 22987, 22979, 22895, 22898, 22982, 22952, 22977, 23029, 22951, 678492]","[0, 0, 0, 0, 0, 0, 0, 0, 0, 0, 0, 0, 0, 0, 0]","[0.0, 0.0, 0.0, 0.0, 0.0, 0.0, 0.0, 0.0, 0.0, 0.0, 0.0, 0.0, 0.0, 0.0, 0.0]",,,,,,,,,,
MovieLens-25M,arms,UCB,Ours,2,1000000,20,,0.016442451420029897,835356,164644,65132.68448243278,194076256,simulated,164544,injected samples,0.938849,1.0,103488,3213.4736842105262,"[0, 0, 0, 0, 0, 0, 0, 0, 0, 0, 0, 0, 0, 0, 0, 0, 0, 0, 0, 835356]","[3244, 3184, 3224, 3204, 3204, 3204, 3224, 3224, 3224, 3224, 3204, 3224, 3224, 3204, 3224, 3204, 3244, 3164, 3204, 103488]","[5.0, 2.0, 4.0, 3.0, 3.0, 3.0, 4.0, 4.0, 4.0, 4.0, 3.0, 4.0, 4.0, 3.0, 4.0, 3.0, 5.0, 1.0, 3.0, 1.0]",0.09378148109904103,0.0,{},,,,,,,
MovieLens-25M,arms,UCB,Clipped Suppression,2,1000000,20,,0.016442451420029897,1000000,0,65132.68448243278,3044445751,simulated,758689,suppressed non-target rounds (including 0->0),0.241311,0.241311,0,0.0,"[39931, 39931, 39931, 39931, 39931, 39931, 39931, 39931, 39931, 39931, 39931, 39931, 39931, 39931, 39931, 39931, 39931, 39931, 39931, 241311]","[0, 0, 0, 0, 0, 0, 0, 0, 0, 0, 0, 0, 0, 0, 0, 0, 0, 0, 0, 0]","[0.0, 0.0, 0.0, 0.0, 0.0, 0.0, 0.0, 0.0, 0.0, 0.0, 0.0, 0.0, 0.0, 0.0, 0.0, 0.0, 0.0, 0.0, 0.0, 0.0]",,,,,,,,,,
MovieLens-25M,arms,TS,Ours,2,1000000,20,,0.016442451420029897,761189,238811,65132.68448243278,2707519082,simulated,238711,injected samples,0.91578,1.0,154586,4427.631578947368,"[0, 0, 0, 0, 0, 0, 0, 0, 0, 0, 0, 0, 0, 0, 0, 0, 0, 0, 0, 761189]","[4452, 4404, 4436, 4420, 4420, 4420, 4436, 4436, 4436, 4436, 4420, 4436, 4436, 4420, 4436, 4420, 4452, 4389, 4420, 154586]","[5.0, 2.0, 4.0, 3.0, 3.0, 3.0, 4.0, 4.0, 4.0, 4.0, 3.0, 4.0, 4.0, 3.0, 4.0, 3.0, 5.0, 1.0, 3.0, 1.0]",0.1261221564755141,0.0,{},,,,,,,
MovieLens-25M,arms,TS,Clipped Suppression,2,1000000,20,,0.016442451420029897,1000000,0,65132.68448243278,418815657,simulated,424060,suppressed non-target rounds (including 0->0),0.57594,0.57594,0,0.0,"[22230, 22278, 22377, 22409, 22379, 22317, 22250, 22346, 22483, 22288, 22350, 22280, 22362, 22331, 22283, 22375, 22184, 22275, 22263, 575940]","[0, 0, 0, 0, 0, 0, 0, 0, 0, 0, 0, 0, 0, 0, 0, 0, 0, 0, 0, 0]","[0.0, 0.0, 0.0, 0.0, 0.0, 0.0, 0.0, 0.0, 0.0, 0.0, 0.0, 0.0, 0.0, 0.0, 0.0, 0.0, 0.0, 0.0, 0.0, 0.0]",,,,,,,,,,
MovieLens-25M,arms,UCB,Ours,2,1000000,30,,0.016442451420029897,807020,192980,74558.3115827732,1277634058,simulated,192830,injected samples,0.927804,1.0,120779,2484.5172413793102,"[0, 0, 0, 0, 0, 0, 0, 0, 0, 0, 0, 0, 0, 0, 0, 0, 0, 0, 0, 0, 0, 0, 0, 0, 0, 0, 0, 0, 0, 807020]","[2486, 2468, 2486, 2503, 2503, 2503, 2503, 2503, 2451, 2486, 2486, 2486, 2486, 2486, 2468, 2451, 2468, 2486, 2503, 2503, 2468, 2468, 2503, 2486, 2486, 2503, 2503, 2451, 2468, 120779]","[4.0, 3.0, 4.0, 5.0, 5.0, 5.0, 5.0, 5.0, 2.0, 4.0, 4.0, 4.0, 4.0, 4.0, 3.0, 2.0, 3.0, 4.0, 5.0, 5.0, 3.0, 3.0, 5.0, 4.0, 4.0, 5.0, 5.0, 2.0, 3.0, 1.0]",0.10776187282348126,0.0,{},,,,,,,
MovieLens-25M,arms,UCB,Clipped Suppression,2,1000000,30,,0.016442451420029897,1000000,0,74558.3115827732,3252749662,simulated,871995,suppressed non-target rounds (including 0->0),0.128005,0.128005,0,0.0,"[30069, 30069, 30069, 30069, 30069, 30069, 30069, 30069, 30069, 30069, 30069, 30069, 30069, 30069, 30069, 30069, 30069, 30069, 30069, 30069, 30069, 30069, 30069, 30068, 30068, 30068, 30068, 30068, 30068, 128005]","[0, 0, 0, 0, 0, 0, 0, 0, 0, 0, 0, 0, 0, 0, 0, 0, 0, 0, 0, 0, 0, 0, 0, 0, 0, 0, 0, 0, 0, 0]","[0.0, 0.0, 0.0, 0.0, 0.0, 0.0, 0.0, 0.0, 0.0, 0.0, 0.0, 0.0, 0.0, 0.0, 0.0, 0.0, 0.0, 0.0, 0.0, 0.0, 0.0, 0.0, 0.0, 0.0, 0.0, 0.0, 0.0, 0.0, 0.0, 0.0]",,,,,,,,,,
MovieLens-25M,arms,TS,Ours,2,1000000,30,,0.016442451420029897,721025,278975,74558.3115827732,3010948683,simulated,278825,injected samples,0.899717,1.0,178687,3453.0344827586205,"[0, 0, 0, 0, 0, 0, 0, 0, 0, 0, 0, 0, 0, 0, 0, 0, 0, 0, 0, 0, 0, 0, 0, 0, 0, 0, 0, 0, 0, 721025]","[3454, 3440, 3454, 3468, 3468, 3468, 3468, 3468, 3426, 3454, 3454, 3454, 3454, 3454, 3440, 3426, 3440, 3454, 3468, 3468, 3440, 3440, 3468, 3454, 3454, 3468, 3468, 3426, 3440, 178687]","[4.0, 3.0, 4.0, 5.0, 5.0, 5.0, 5.0, 5.0, 2.0, 4.0, 4.0, 4.0, 4.0, 4.0, 3.0, 2.0, 3.0, 4.0, 5.0, 5.0, 3.0, 3.0, 5.0, 4.0, 4.0, 5.0, 5.0, 2.0, 3.0, 1.0]",0.14386697904653284,0.0,{},,,,,,,
MovieLens-25M,arms,TS,Clipped Suppression,2,1000000,30,,0.016442451420029897,1000000,0,74558.3115827732,2211230233,simulated,604666,suppressed non-target rounds (including 0->0),0.395334,0.395334,0,0.0,"[20783, 20908, 20872, 20883, 20825, 20834, 21035, 20805, 20802, 20810, 20822, 20823, 20920, 20727, 20860, 20897, 20814, 20861, 20868, 20910, 20889, 20964, 20843, 20789, 20768, 20970, 20897, 20799, 20688, 395334]","[0, 0, 0, 0, 0, 0, 0, 0, 0, 0, 0, 0, 0, 0, 0, 0, 0, 0, 0, 0, 0, 0, 0, 0, 0, 0, 0, 0, 0, 0]","[0.0, 0.0, 0.0, 0.0, 0.0, 0.0, 0.0, 0.0, 0.0, 0.0, 0.0, 0.0, 0.0, 0.0, 0.0, 0.0, 0.0, 0.0, 0.0, 0.0, 0.0, 0.0, 0.0, 0.0, 0.0, 0.0, 0.0, 0.0, 0.0, 0.0]",,,,,,,,,,
MovieLens-25M,arms,UCB,Ours,2,1000000,40,,0.016442451420029897,784687,215313,82062.04021557822,2083626948,simulated,215113,injected samples,0.919108,1.0,134416,2069.153846153846,"[0, 0, 0, 0, 0, 0, 0, 0, 0, 0, 0, 0, 0, 0, 0, 0, 0, 0, 0, 0, 0, 0, 0, 0, 0, 0, 0, 0, 0, 0, 0, 0, 0, 0, 0, 0, 0, 0, 0, 784687]","[2063, 2079, 2063, 2079, 2063, 2079, 2095, 2095, 2063, 2047, 2079, 2079, 2047, 2079, 2079, 2063, 2063, 2063, 2079, 2047, 2063, 2079, 2047, 2095, 2079, 2079, 2063, 2063, 2079, 2063, 2095, 2063, 2063, 2063, 2063, 2047, 2079, 2047, 2063, 134416]","[3.0, 4.0, 3.0, 4.0, 3.0, 4.0, 5.0, 5.0, 3.0, 2.0, 4.0, 4.0, 2.0, 4.0, 4.0, 3.0, 3.0, 3.0, 4.0, 2.0, 3.0, 4.0, 2.0, 5.0, 4.0, 4.0, 3.0, 3.0, 4.0, 3.0, 5.0, 3.0, 3.0, 3.0, 3.0, 2.0, 4.0, 2.0, 3.0, 0.0]",0.11848763524014302,0.0,{},,,,,,,
MovieLens-25M,arms,UCB,Clipped Suppression,2,1000000,40,,0.016442451420029897,1000000,0,82062.04021557822,2772797633,simulated,917943,suppressed non-target rounds (including 0->0),0.082057,0.082057,0,0.0,"[23537, 23537, 23537, 23537, 23537, 23537, 23537, 23537, 23537, 23537, 23537, 23537, 23537, 23537, 23537, 23537, 23537, 23537, 23537, 23537, 23537, 23537, 23537, 23537, 23537, 23537, 23537, 23537, 23537, 23537, 23537, 23537, 23537, 23537, 23537, 23537, 23537, 23537, 23537, 82057]","[0, 0, 0, 0, 0, 0, 0, 0, 0, 0, 0, 0, 0, 0, 0, 0, 0, 0, 0, 0, 0, 0, 0, 0, 0, 0, 0, 0, 0, 0, 0, 0, 0, 0, 0, 0, 0, 0, 0, 0]","[0.0, 0.0, 0.0, 0.0, 0.0, 0.0, 0.0, 0.0, 0.0, 0.0, 0.0, 0.0, 0.0, 0.0, 0.0, 0.0, 0.0, 0.0, 0.0, 0.0, 0.0, 0.0, 0.0, 0.0, 0.0, 0.0, 0.0, 0.0, 0.0, 0.0, 0.0, 0.0, 0.0, 0.0, 0.0, 0.0, 0.0, 0.0, 0.0, 0.0]",,,,,,,,,,
MovieLens-25M,arms,TS,Ours,2,1000000,40,,0.016442451420029897,688766,311234,82062.04021557822,2576979700,simulated,311034,injected samples,0.886664,1.0,197893,2901.051282051282,"[0, 0, 0, 0, 0, 0, 0, 0, 0, 0, 0, 0, 0, 0, 0, 0, 0, 0, 0, 0, 0, 0, 0, 0, 0, 0, 0, 0, 0, 0, 0, 0, 0, 0, 0, 0, 0, 0, 0, 688766]","[2896, 2909, 2896, 2909, 2896, 2909, 2921, 2921, 2896, 2884, 2909, 2909, 2884, 2909, 2909, 2896, 2896, 2896, 2909, 2884, 2896, 2909, 2884, 2921, 2909, 2909, 2896, 2896, 2909, 2896, 2921, 2896, 2896, 2896, 2896, 2884, 2909, 2884, 2896, 197893]","[3.0, 4.0, 3.0, 4.0, 3.0, 4.0, 5.0, 5.0, 3.0, 2.0, 4.0, 4.0, 2.0, 4.0, 4.0, 3.0, 3.0, 3.0, 4.0, 2.0, 3.0, 4.0, 2.0, 5.0, 4.0, 4.0, 3.0, 3.0, 4.0, 3.0, 5.0, 3.0, 3.0, 3.0, 3.0, 2.0, 4.0, 2.0, 3.0, 0.0]",0.15750020572667006,0.0,{},,,,,,,
MovieLens-25M,arms,TS,Clipped Suppression,2,1000000,40,,0.016442451420029897,1000000,0,82062.04021557822,1590246440,simulated,716685,suppressed non-target rounds (including 0->0),0.283315,0.283315,0,0.0,"[18377, 18326, 18483, 18296, 18413, 18464, 18283, 18389, 18402, 18375, 18436, 18409, 18368, 18423, 18394, 18328, 18411, 18391, 18313, 18411, 18428, 18303, 18351, 18331, 18286, 18338, 18349, 18475, 18382, 18344, 18417, 18377, 18368, 18407, 18364, 18404, 18324, 18377, 18368, 283315]","[0, 0, 0, 0, 0, 0, 0, 0, 0, 0, 0, 0, 0, 0, 0, 0, 0, 0, 0, 0, 0, 0, 0, 0, 0, 0, 0, 0, 0, 0, 0, 0, 0, 0, 0, 0, 0, 0, 0, 0]","[0.0, 0.0, 0.0, 0.0, 0.0, 0.0, 0.0, 0.0, 0.0, 0.0, 0.0, 0.0, 0.0, 0.0, 0.0, 0.0, 0.0, 0.0, 0.0, 0.0, 0.0, 0.0, 0.0, 0.0, 0.0, 0.0, 0.0, 0.0, 0.0, 0.0, 0.0, 0.0, 0.0, 0.0, 0.0, 0.0, 0.0, 0.0, 0.0, 0.0]",,,,,,,,,,
MovieLens-25M,arms,UCB,Ours,2,1000000,50,,0.016442451420029897,765290,234710,88398.65308761662,3944923791,simulated,234460,injected samples,0.911357,1.0,146062,1804.0408163265306,"[0, 0, 0, 0, 0, 0, 0, 0, 0, 0, 0, 0, 0, 0, 0, 0, 0, 0, 0, 0, 0, 0, 0, 0, 0, 0, 0, 0, 0, 0, 0, 0, 0, 0, 0, 0, 0, 0, 0, 0, 0, 0, 0, 0, 0, 0, 0, 0, 0, 765290]","[1827, 1812, 1812, 1812, 1797, 1812, 1827, 1827, 1797, 1797, 1767, 1812, 1827, 1827, 1812, 1797, 1797, 1797, 1812, 1782, 1767, 1812, 1797, 1797, 1827, 1812, 1812, 1812, 1827, 1797, 1812, 1797, 1812, 1812, 1797, 1767, 1797, 1812, 1797, 1827, 1812, 1797, 1812, 1782, 1782, 1812, 1782, 1782, 1797, 146062]","[5.0, 4.0, 4.0, 4.0, 3.0, 4.0, 5.0, 5.0, 3.0, 3.0, 1.0, 4.0, 5.0, 5.0, 4.0, 3.0, 3.0, 3.0, 4.0, 2.0, 1.0, 4.0, 3.0, 3.0, 5.0, 4.0, 4.0, 4.0, 5.0, 3.0, 4.0, 3.0, 4.0, 4.0, 3.0, 1.0, 3.0, 4.0, 3.0, 5.0, 4.0, 3.0, 4.0, 2.0, 2.0, 4.0, 2.0, 2.0, 3.0, 0.0]",0.12744548772267528,0.0,{},,,,,,,
MovieLens-25M,arms,UCB,Clipped Suppression,2,1000000,50,,0.016442451420029897,1000000,0,88398.65308761662,1279202739,simulated,942052,suppressed non-target rounds (including 0->0),0.057948,0.057948,0,0.0,"[19226, 19226, 19226, 19226, 19226, 19226, 19226, 19226, 19226, 19226, 19226, 19226, 19226, 19226, 19226, 19226, 19226, 19226, 19226, 19226, 19226, 19226, 19226, 19226, 19226, 19226, 19226, 19225, 19225, 19225, 19225, 19225, 19225, 19225, 19225, 19225, 19225, 19225, 19225, 19225, 19225, 19225, 19225, 19225, 19225, 19225, 19225, 19225, 19225, 57948]","[0, 0, 0, 0, 0, 0, 0, 0, 0, 0, 0, 0, 0, 0, 0, 0, 0, 0, 0, 0, 0, 0, 0, 0, 0, 0, 0, 0, 0, 0, 0, 0, 0, 0, 0, 0, 0, 0, 0, 0, 0, 0, 0, 0, 0, 0, 0, 0, 0, 0]","[0.0, 0.0, 0.0, 0.0, 0.0, 0.0, 0.0, 0.0, 0.0, 0.0, 0.0, 0.0, 0.0, 0.0, 0.0, 0.0, 0.0, 0.0, 0.0, 0.0, 0.0, 0.0, 0.0, 0.0, 0.0, 0.0, 0.0, 0.0, 0.0, 0.0, 0.0, 0.0, 0.0, 0.0, 0.0, 0.0, 0.0, 0.0, 0.0, 0.0, 0.0, 0.0, 0.0, 0.0, 0.0, 0.0, 0.0, 0.0, 0.0, 0.0]",,,,,,,,,,
MovieLens-25M,arms,TS,Ours,2,1000000,50,,0.016442451420029897,660786,339214,88398.65308761662,3800561911,simulated,338964,injected samples,0.875094,1.0,214303,2544.1020408163267,"[0, 0, 0, 0, 0, 0, 0, 0, 0, 0, 0, 0, 0, 0, 0, 0, 0, 0, 0, 0, 0, 0, 0, 0, 0, 0, 0, 0, 0, 0, 0, 0, 0, 0, 0, 0, 0, 0, 0, 0, 0, 0, 0, 0, 0, 0, 0, 0, 0, 660786]","[2562, 2550, 2550, 2550, 2539, 2550, 2562, 2562, 2539, 2539, 2515, 2550, 2562, 2562, 2550, 2539, 2539, 2539, 2550, 2527, 2515, 2550, 2539, 2539, 2562, 2550, 2550, 2550, 2562, 2539, 2550, 2539, 2550, 2550, 2539, 2515, 2539, 2550, 2539, 2562, 2550, 2539, 2550, 2527, 2527, 2550, 2527, 2527, 2539, 214303]","[5.0, 4.0, 4.0, 4.0, 3.0, 4.0, 5.0, 5.0, 3.0, 3.0, 1.0, 4.0, 5.0, 5.0, 4.0, 3.0, 3.0, 3.0, 4.0, 2.0, 1.0, 4.0, 3.0, 3.0, 5.0, 4.0, 4.0, 4.0, 5.0, 3.0, 4.0, 3.0, 4.0, 4.0, 3.0, 1.0, 3.0, 4.0, 3.0, 5.0, 4.0, 3.0, 4.0, 2.0, 2.0, 4.0, 2.0, 2.0, 3.0, 0.0]",0.16880995966947848,0.0,{},,,,,,,
MovieLens-25M,arms,TS,Clipped Suppression,2,1000000,50,,0.016442451420029897,1000000,0,88398.65308761662,3490097142,simulated,806213,suppressed non-target rounds (including 0->0),0.193787,0.193787,0,0.0,"[16451, 16546, 16422, 16601, 16431, 16391, 16394, 16517, 16428, 16499, 16459, 16423, 16469, 16427, 16499, 16495, 16385, 16461, 16452, 16393, 16430, 16474, 16451, 16339, 16476, 16509, 16479, 16444, 16512, 16529, 16539, 16399, 16444, 16451, 16368, 16467, 16375, 16466, 16455, 16495, 16395, 16405, 16469, 16479, 16469, 16472, 16407, 16444, 16428, 193787]","[0, 0, 0, 0, 0, 0, 0, 0, 0, 0, 0, 0, 0, 0, 0, 0, 0, 0, 0, 0, 0, 0, 0, 0, 0, 0, 0, 0, 0, 0, 0, 0, 0, 0, 0, 0, 0, 0, 0, 0, 0, 0, 0, 0, 0, 0, 0, 0, 0, 0]","[0.0, 0.0, 0.0, 0.0, 0.0, 0.0, 0.0, 0.0, 0.0, 0.0, 0.0, 0.0, 0.0, 0.0, 0.0, 0.0, 0.0, 0.0, 0.0, 0.0, 0.0, 0.0, 0.0, 0.0, 0.0, 0.0, 0.0, 0.0, 0.0, 0.0, 0.0, 0.0, 0.0, 0.0, 0.0, 0.0, 0.0, 0.0, 0.0, 0.0, 0.0, 0.0, 0.0, 0.0, 0.0, 0.0, 0.0, 0.0, 0.0, 0.0]",,,,,,,,,,
MovieLens-25M,gap,UCB,Ours,2,1000000,10,0.0,0.0,875066,124934,51695.845932463315,2758592392,simulated,124884,injected samples,0.953838,1.0,78767,5124.111111111111,"[0, 0, 0, 0, 0, 0, 0, 0, 0, 875066]","[5130, 5130, 5104, 5130, 5130, 5155, 5104, 5130, 5104, 78767]","[4.0, 4.0, 3.0, 4.0, 4.0, 5.0, 3.0, 4.0, 3.0, 0.0]",0.07301426208813258,0.0,{},,,,,,,
MovieLens-25M,gap,UCB,Direct,2,1000000,10,0.0,0.0,884499,115501,51695.845932463315,2421656169,simulated,115451,injected samples,0.957072,1.0,72568,4764.777777777777,"[0, 0, 0, 0, 0, 0, 0, 0, 0, 884499]","[4770, 4770, 4746, 4770, 4770, 4795, 4746, 4770, 4746, 72568]","[4.0, 4.0, 3.0, 4.0, 4.0, 5.0, 3.0, 4.0, 3.0, 0.0]",0.0815218115060685,0.0,"{""search"": ""same grid; exact integer TS target envelope"", ""z_stages"": [[0.0, 1.0055705112905038, 4097.0, 115453.0, 332.0], [0.08126070293875898, 0.08175170416497504, 1025.0, 115451.0, 545.0], [0.08152154734018627, 0.08152250632695622, 1025.0, 115451.0, 283.0], [0.08152181143615221, 0.08152181330917324, 1025.0, 115451.0, 39.0], [0.08152181150565885, 0.0815218115093171, 1025.0, 115451.0, 115.0], [0.08152181150606612, 0.08152181150607327, 1025.0, 115451.0, 342.0]]}",,,,,,,
MovieLens-25M,gap,UCB,Two-phase,2,1000000,10,0.0,0.0,1000000,0,51695.845932463315,1081432376,infeasible,,scheduled corrupted rounds,,,0,0.0,,"[0, 0, 0, 0, 0, 0, 0, 0, 0, 0]","[0.0, 0.0, 0.0, 0.0, 0.0, 0.0, 0.0, 0.0, 0.0, 0.0]",,,,0,0,"{""C1"": null, ""C2"": null, ""K"": 10, ""T"": 1000000, ""feasible"": false, ""learner"": ""UCB"", ""learner_setting"": ""mean + sqrt(log(T)/N)"", ""mu"": 0.0, ""reason"": ""undefined at mu_K=0"", ""source"": ""https://proceedings.neurips.cc/paper_files/paper/2021/file/be315e7f05e9f13629031915fe87ad44-Supplemental.pdf"", ""source_section"": ""A.2"", ""target_feedback"": ""deterministic mu_K"", ""total"": null, ""version"": ""xu2021-original-settings-v1""}",,,,
MovieLens-25M,gap,TS,Ours,2,1000000,10,0.0,0.0,817072,182928,51695.845932463315,424677641,simulated,182878,injected samples,0.937418,1.0,120341,6948.555555555556,"[0, 0, 0, 0, 0, 0, 0, 0, 0, 817072]","[6953, 6953, 6933, 6953, 6953, 6973, 6933, 6953, 6933, 120341]","[4.0, 4.0, 3.0, 4.0, 4.0, 5.0, 3.0, 4.0, 3.0, 0.0]",0.09960910588868846,0.0,{},,,,,,,
MovieLens-25M,gap,TS,Direct,2,1000000,10,0.0,0.0,836535,163465,51695.845932463315,4060286642,simulated,163415,injected samples,0.94368,1.0,107140,6252.777777777777,"[0, 0, 0, 0, 0, 0, 0, 0, 0, 836535]","[6257, 6257, 6238, 6257, 6257, 6276, 6238, 6257, 6238, 107140]","[4.0, 4.0, 3.0, 4.0, 4.0, 5.0, 3.0, 4.0, 3.0, 0.0]",0.10503053530984027,0.0,"{""search"": ""same grid; exact integer TS target envelope"", ""z_stages"": [[0.0, 0.9917340366815204, 4097.0, 163418.0, 434.0], [0.1048390717488033, 0.1053233168839017, 1025.0, 163415.0, 405.0], [0.10503012158726009, 0.10503106737853958, 1025.0, 163415.0, 448.0], [0.10503053444732058, 0.10503053629456917, 1025.0, 163415.0, 479.0], [0.10503053530961044, 0.10503053531321835, 1025.0, 163415.0, 66.0], [0.10503053530983945, 0.1050305353098465, 1025.0, 163415.0, 118.0]]}",,,,,,,
MovieLens-25M,gap,TS,Two-phase,2,1000000,10,0.0,0.0,1000000,0,51695.845932463315,3983873313,infeasible,,scheduled corrupted rounds,,,0,0.0,,"[0, 0, 0, 0, 0, 0, 0, 0, 0, 0]","[0.0, 0.0, 0.0, 0.0, 0.0, 0.0, 0.0, 0.0, 0.0, 0.0]",,,,0,0,"{""C1"": null, ""C2"": null, ""K"": 10, ""T"": 1000000, ""feasible"": false, ""learner"": ""TS"", ""learner_setting"": ""Beta(sum+1, N-sum+1)"", ""mu"": 0.0, ""reason"": ""undefined at mu_K=0"", ""source"": ""https://proceedings.neurips.cc/paper_files/paper/2021/file/be315e7f05e9f13629031915fe87ad44-Supplemental.pdf"", ""source_section"": ""A.4"", ""target_feedback"": ""Bernoulli(mu_K)"", ""total"": null, ""version"": ""xu2021-original-settings-v1""}",,,,
MovieLens-25M,gap,UCB,Ours,2,1000000,10,0.1,0.005169584593246332,880644,119356,51695.845932463315,3878101523,simulated,119306,injected samples,0.953988,1.0,73339,5107.444444444444,"[0, 0, 0, 0, 0, 0, 0, 0, 0, 880644]","[5113, 5113, 5088, 5113, 5113, 5138, 5088, 5113, 5088, 73339]","[4.0, 4.0, 3.0, 4.0, 4.0, 5.0, 3.0, 4.0, 3.0, 0.02584792296623166]",0.07314325939747765,0.005169584593246332,{},,,,,,,
MovieLens-25M,gap,UCB,Direct,2,1000000,10,0.1,0.005169584593246332,889095,110905,51695.845932463315,215204073,simulated,110855,injected samples,0.956991,1.0,67891,4773.777777777777,"[0, 0, 0, 0, 0, 0, 0, 0, 0, 889095]","[4779, 4779, 4755, 4779, 4779, 4804, 4755, 4779, 4755, 67891]","[4.0, 4.0, 3.0, 4.0, 4.0, 5.0, 3.0, 4.0, 3.0, 0.02584792296623166]",0.08144430550515666,0.005169584593246332,"{""search"": ""same grid; exact integer TS target envelope"", ""z_stages"": [[0.0, 1.005570537139616, 4097.0, 110857.0, 332.0], [0.08126070502763987, 0.08175170626647757, 1025.0, 110855.0, 383.0], [0.0814438715054094, 0.08144483049220401, 1025.0, 110855.0, 464.0], [0.08144430510979016, 0.08144430698281124, 1025.0, 110855.0, 217.0], [0.08144430550488055, 0.08144430550853879, 1025.0, 110855.0, 78.0], [0.08144430550515563, 0.08144430550516278, 1025.0, 110855.0, 147.0]]}",,,,,,,
MovieLens-25M,gap,UCB,Two-phase,2,1000000,10,0.1,0.005169584593246332,1000000,0,51695.845932463315,2569166493,infeasible,5196454,scheduled corrupted rounds,,,0,0.0,,"[0, 0, 0, 0, 0, 0, 0, 0, 0, 0]","[0.0, 0.0, 0.0, 0.0, 0.0, 0.0, 0.0, 0.0, 0.0, 0.0]",,,,5169590,26864,"{""C1"": 5169590, ""C2"": 26864, ""K"": 10, ""T"": 1000000, ""feasible"": false, ""learner"": ""UCB"", ""learner_setting"": ""mean + sqrt(log(T)/N)"", ""mu"": 0.005169584593246332, ""reason"": ""original budget reaches/exceeds T"", ""source"": ""https://proceedings.neurips.cc/paper_files/paper/2021/file/be315e7f05e9f13629031915fe87ad44-Supplemental.pdf"", ""source_section"": ""A.2"", ""target_feedback"": ""deterministic mu_K"", ""total"": 5196454, ""version"": ""xu2021-original-settings-v1""}",,,,
MovieLens-25M,gap,TS,Ours,2,1000000,10,0.1,0.005169584593246332,822838,177162,51695.845932463315,1651236772,simulated,177112,injected samples,0.937616,1.0,114773,6926.555555555556,"[0, 0, 0, 0, 0, 0, 0, 0, 0, 822838]","[6931, 6931, 6911, 6931, 6931, 6951, 6911, 6931, 6911, 114773]","[4.0, 4.0, 3.0, 4.0, 4.0, 5.0, 3.0, 4.0, 3.0, 0.02584792296623166]",0.09976868375359049,0.005169584593246332,{},,,,,,,
MovieLens-25M,gap,TS,Direct,2,1000000,10,0.1,0.005169584593246332,840882,159118,51695.845932463315,2055089774,simulated,159068,injected samples,0.94368,1.0,102793,6252.777777777777,"[0, 0, 0, 0, 0, 0, 0, 0, 0, 840882]","[6257, 6257, 6238, 6257, 6257, 6276, 6238, 6257, 6238, 102793]","[4.0, 4.0, 3.0, 4.0, 4.0, 5.0, 3.0, 4.0, 3.0, 0.02584792296623166]",0.10503053530984027,0.005169584593246332,"{""search"": ""same grid; exact integer TS target envelope"", ""z_stages"": [[0.0, 0.9917340625306325, 4097.0, 159071.0, 434.0], [0.10483907448138766, 0.1053233196291077, 1025.0, 159068.0, 405.0], [0.10503012432482407, 0.10503107011612822, 1025.0, 159068.0, 445.0], [0.10503053441402235, 0.105030536261271, 1025.0, 159068.0, 497.0], [0.10503053530878341, 0.10503053531239133, 1025.0, 159068.0, 300.0], [0.1050305353098369, 0.10503053530984394, 1025.0, 159068.0, 490.0]]}",,,,,,,
MovieLens-25M,gap,TS,Two-phase,2,1000000,10,0.1,0.005169584593246332,1000000,0,51695.845932463315,1948985435,infeasible,2098502,scheduled corrupted rounds,,,0,0.0,,"[0, 0, 0, 0, 0, 0, 0, 0, 0, 0]","[0.0, 0.0, 0.0, 0.0, 0.0, 0.0, 0.0, 0.0, 0.0, 0.0]",,,,2067834,30668,"{""C1"": 2067834, ""C2"": 30668, ""K"": 10, ""T"": 1000000, ""beta"": 0.9545316954435116, ""feasible"": false, ""learner"": ""TS"", ""learner_setting"": ""Beta(sum+1, N-sum+1)"", ""mu"": 0.005169584593246332, ""n1"": 201972.97093474137, ""n2"": 211593.82906525867, ""n3"": 1.0496843132033238, ""promotion_term"": 21490.784001452565, ""reason"": ""original budget reaches/exceeds T"", ""source"": ""https://proceedings.neurips.cc/paper_files/paper/2021/file/be315e7f05e9f13629031915fe87ad44-Supplemental.pdf"", ""source_section"": ""A.4"", ""target_feedback"": ""Bernoulli(mu_K)"", ""total"": 2098502, ""version"": ""xu2021-original-settings-v1"", ""waiting_term"": 9176.919442654274}",,,,
MovieLens-25M,gap,UCB,Ours,2,1000000,10,0.2,0.010339169186492664,886225,113775,51695.845932463315,3040489195,simulated,113725,injected samples,0.954141,1.0,67911,5090.444444444444,"[0, 0, 0, 0, 0, 0, 0, 0, 0, 886225]","[5096, 5096, 5071, 5096, 5096, 5121, 5071, 5096, 5071, 67911]","[4.0, 4.0, 3.0, 4.0, 4.0, 5.0, 3.0, 4.0, 3.0, 0.05169584593246332]",0.07327313009302391,0.010339169186492664,{},,,,,,,
MovieLens-25M,gap,UCB,Direct,2,1000000,10,0.2,0.010339169186492664,893740,106260,51695.845932463315,388028071,simulated,106210,injected samples,0.957198,1.0,63453,4750.777777777777,"[0, 0, 0, 0, 0, 0, 0, 0, 0, 893740]","[4756, 4756, 4732, 4756, 4756, 4781, 4732, 4756, 4732, 63453]","[4.0, 4.0, 3.0, 4.0, 4.0, 5.0, 3.0, 4.0, 3.0, 0.05169584593246332]",0.08164281590967408,0.010339169186492664,"{""search"": ""same grid; exact integer TS target envelope"", ""z_stages"": [[0.0, 1.005570562988728, 4097.0, 106212.0, 332.0], [0.08126070711652074, 0.08175170836798008, 1025.0, 106210.0, 797.0], [0.08164238387058484, 0.0816433428574041, 1025.0, 106210.0, 462.0], [0.08164281560195562, 0.08164281747497674, 1025.0, 106210.0, 169.0], [0.08164281590924814, 0.0816428159129064, 1025.0, 106210.0, 120.0], [0.08164281590967327, 0.08164281590968042, 1025.0, 106210.0, 115.0]]}",,,,,,,
MovieLens-25M,gap,UCB,Two-phase,2,1000000,10,0.2,0.010339169186492664,1000000,0,51695.845932463315,2797732200,infeasible,1305902,scheduled corrupted rounds,,,0,0.0,,"[0, 0, 0, 0, 0, 0, 0, 0, 0, 0]","[0.0, 0.0, 0.0, 0.0, 0.0, 0.0, 0.0, 0.0, 0.0, 0.0]",,,,1292400,13502,"{""C1"": 1292400, ""C2"": 13502, ""K"": 10, ""T"": 1000000, ""feasible"": false, ""learner"": ""UCB"", ""learner_setting"": ""mean + sqrt(log(T)/N)"", ""mu"": 0.010339169186492664, ""reason"": ""original budget reaches/exceeds T"", ""source"": ""https://proceedings.neurips.cc/paper_files/paper/2021/file/be315e7f05e9f13629031915fe87ad44-Supplemental.pdf"", ""source_section"": ""A.2"", ""target_feedback"": ""deterministic mu_K"", ""total"": 1305902, ""version"": ""xu2021-original-settings-v1""}",,,,
MovieLens-25M,gap,TS,Ours,2,1000000,10,0.2,0.010339169186492664,828605,171395,51695.845932463315,4003774968,simulated,171345,injected samples,0.937814,1.0,109204,6904.555555555556,"[0, 0, 0, 0, 0, 0, 0, 0, 0, 828605]","[6909, 6909, 6889, 6909, 6909, 6929, 6889, 6909, 6889, 109204]","[4.0, 4.0, 3.0, 4.0, 4.0, 5.0, 3.0, 4.0, 3.0, 0.05169584593246332]",0.09992932847050248,0.010339169186492664,{},,,,,,,
MovieLens-25M,gap,TS,Direct,2,1000000,10,0.2,0.010339169186492664,845274,154726,51695.845932463315,1567880887,simulated,154676,injected samples,0.943617,1.0,98338,6259.777777777777,"[0, 0, 0, 0, 0, 0, 0, 0, 0, 845274]","[6264, 6264, 6245, 6264, 6264, 6283, 6245, 6264, 6245, 98338]","[4.0, 4.0, 3.0, 4.0, 4.0, 5.0, 3.0, 4.0, 3.0, 0.05169584593246332]",0.10497143270604688,0.010339169186492664,"{""search"": ""same grid; exact integer TS target envelope"", ""z_stages"": [[0.0, 0.9917340883797444, 4097.0, 154678.0, 434.0], [0.10483907721397201, 0.10532332237431367, 1025.0, 154676.0, 280.0], [0.10497101510433854, 0.10497196089566734, 1025.0, 154676.0, 453.0], [0.10497143258254227, 0.10497143442979096, 1025.0, 154676.0, 69.0], [0.10497143270521113, 0.10497143270881903, 1025.0, 154676.0, 238.0], [0.10497143270604616, 0.1049714327060532, 1025.0, 154676.0, 104.0]]}",,,,,,,
MovieLens-25M,gap,TS,Two-phase,2,1000000,10,0.2,0.010339169186492664,1000000,0,51695.845932463315,38721389,simulated,539705,scheduled corrupted rounds,0.534664,0.534664,0,0.0,"[51884, 51619, 51645, 51845, 51884, 51728, 51523, 51662, 51546, 534664]","[0, 0, 0, 0, 0, 0, 0, 0, 0, 0]","[0.0, 0.0, 0.0, 0.0, 0.0, 0.0, 0.0, 0.0, 0.0, 0.0]",,,,516959,22746,"{""C1"": 516959, ""C2"": 22746, ""K"": 10, ""T"": 1000000, ""beta"": 0.9110860762152083, ""feasible"": true, ""learner"": ""TS"", ""learner_setting"": ""Beta(sum+1, N-sum+1)"", ""mu"": 0.010339169186492664, ""n1"": 49290.684304214476, ""n2"": 54101.115695785535, ""n3"": 1.0997390623339454, ""promotion_term"": 10801.53199371647, ""reason"": """", ""source"": ""https://proceedings.neurips.cc/paper_files/paper/2021/file/be315e7f05e9f13629031915fe87ad44-Supplemental.pdf"", ""source_section"": ""A.4"", ""target_feedback"": ""Bernoulli(mu_K)"", ""total"": 539705, ""version"": ""xu2021-original-settings-v1"", ""waiting_term"": 11943.844471723236}","[51884, 51619, 51645, 51844, 51883, 51727, 51522, 51660, 51546, 51629]","[0, 0, 0, 1, 1, 1, 1, 2, 0, 22740]","[0, 0, 0, 0, 0, 0, 0, 0, 0, 460295]",1.0
MovieLens-25M,gap,UCB,Ours,2,1000000,10,0.3,0.015508753779738994,891797,108203,51695.845932463315,239405354,simulated,108153,injected samples,0.954285,1.0,62483,5074.444444444444,"[0, 0, 0, 0, 0, 0, 0, 0, 0, 891797]","[5080, 5080, 5055, 5080, 5080, 5105, 5055, 5080, 5055, 62483]","[4.0, 4.0, 3.0, 4.0, 4.0, 5.0, 3.0, 4.0, 3.0, 0.07754376889869496]",0.07340388379681309,0.015508753779738994,{},,,,,,,
MovieLens-25M,gap,UCB,Direct,2,1000000,10,0.3,0.015508753779738994,898433,101567,51695.845932463315,3615909415,simulated,101517,injected samples,0.957171,1.0,58733,4753.777777777777,"[0, 0, 0, 0, 0, 0, 0, 0, 0, 898433]","[4759, 4759, 4735, 4759, 4759, 4784, 4735, 4759, 4735, 58733]","[4.0, 4.0, 3.0, 4.0, 4.0, 5.0, 3.0, 4.0, 3.0, 0.07754376889869496]",0.0816168411929335,0.015508753779738994,"{""search"": ""same grid; exact integer TS target envelope"", ""z_stages"": [[0.0, 1.00557058883784, 4097.0, 101519.0, 332.0], [0.08126070920540161, 0.08175171046948258, 1025.0, 101517.0, 743.0], [0.08161649332449153, 0.08161745231133544, 1025.0, 101517.0, 372.0], [0.08161684076992033, 0.0816168426429415, 1025.0, 101517.0, 232.0], [0.08161684119244757, 0.08161684119610581, 1025.0, 101517.0, 137.0], [0.08161684119293343, 0.08161684119294058, 1025.0, 101517.0, 9.0]]}",,,,,,,
MovieLens-25M,gap,UCB,Two-phase,2,1000000,10,0.3,0.015508753779738994,1000000,0,51695.845932463315,667035376,simulated,583449,scheduled corrupted rounds,0.483031,0.483031,0,0.0,"[57441, 57441, 57441, 57441, 57441, 57441, 57441, 57441, 57441, 483031]","[0, 0, 0, 0, 0, 0, 0, 0, 0, 0]","[0.0, 0.0, 0.0, 0.0, 0.0, 0.0, 0.0, 0.0, 0.0, 0.0]",,,,574400,9049,"{""C1"": 574400, ""C2"": 9049, ""K"": 10, ""T"": 1000000, ""feasible"": true, ""learner"": ""UCB"", ""learner_setting"": ""mean + sqrt(log(T)/N)"", ""mu"": 0.015508753779738994, ""reason"": """", ""source"": ""https://proceedings.neurips.cc/paper_files/paper/2021/file/be315e7f05e9f13629031915fe87ad44-Supplemental.pdf"", ""source_section"": ""A.2"", ""target_feedback"": ""deterministic mu_K"", ""total"": 583449, ""version"": ""xu2021-original-settings-v1""}","[57440, 57440, 57440, 57440, 57440, 57440, 57440, 57440, 57440, 57440]","[1, 1, 1, 1, 1, 1, 1, 1, 1, 9040]","[0, 0, 0, 0, 0, 0, 0, 0, 0, 416551]",1.0
MovieLens-25M,gap,TS,Ours,2,1000000,10,0.3,0.015508753779738994,834372,165628,51695.845932463315,3431125494,simulated,165578,injected samples,0.938012,1.0,103635,6882.555555555556,"[0, 0, 0, 0, 0, 0, 0, 0, 0, 834372]","[6887, 6887, 6867, 6887, 6887, 6907, 6867, 6887, 6867, 103635]","[4.0, 4.0, 3.0, 4.0, 4.0, 5.0, 3.0, 4.0, 3.0, 0.07754376889869496]",0.1000910525031159,0.015508753779738994,{},,,,,,,
MovieLens-25M,gap,TS,Direct,2,1000000,10,0.3,0.015508753779738994,849713,150287,51695.845932463315,677494877,simulated,150237,injected samples,0.943671,1.0,93953,6253.777777777777,"[0, 0, 0, 0, 0, 0, 0, 0, 0, 849713]","[6258, 6258, 6239, 6258, 6258, 6277, 6239, 6258, 6239, 93953]","[4.0, 4.0, 3.0, 4.0, 4.0, 5.0, 3.0, 4.0, 3.0, 0.07754376889869496]",0.1050220859776921,0.015508753779738994,"{""search"": ""same grid; exact integer TS target envelope"", ""z_stages"": [[0.0, 0.9917341142288565, 4097.0, 150240.0, 434.0], [0.10483907994655636, 0.10532332511951967, 1025.0, 150237.0, 387.0], [0.10502161767777105, 0.10502256346912449, 1025.0, 150237.0, 508.0], [0.10502208595532593, 0.10502208780257466, 1025.0, 150237.0, 13.0], [0.10502208597697338, 0.10502208598058128, 1025.0, 150237.0, 204.0], [0.10502208597768861, 0.10502208597769566, 1025.0, 150237.0, 505.0]]}",,,,,,,
MovieLens-25M,gap,TS,Two-phase,2,1000000,10,0.3,0.015508753779738994,1000000,0,51695.845932463315,4157759627,simulated,252629,scheduled corrupted rounds,0.793193,0.793193,0,0.0,"[22996, 22912, 23051, 23035, 22911, 23052, 22872, 22950, 23028, 793193]","[0, 0, 0, 0, 0, 0, 0, 0, 0, 0]","[0.0, 0.0, 0.0, 0.0, 0.0, 0.0, 0.0, 0.0, 0.0, 0.0]",,,,229760,22869,"{""C1"": 229760, ""C2"": 22869, ""K"": 10, ""T"": 1000000, ""beta"": 0.8695323470156004, ""feasible"": true, ""learner"": ""TS"", ""learner_setting"": ""Beta(sum+1, N-sum+1)"", ""mu"": 0.015508753779738994, ""n1"": 21372.5213186025, ""n2"": 24579.4786813975, ""n3"": 1.1522940470257748, ""promotion_term"": 7238.848048905075, ""reason"": """", ""source"": ""https://proceedings.neurips.cc/paper_files/paper/2021/file/be315e7f05e9f13629031915fe87ad44-Supplemental.pdf"", ""source_section"": ""A.4"", ""target_feedback"": ""Bernoulli(mu_K)"", ""total"": 252629, ""version"": ""xu2021-original-settings-v1"", ""waiting_term"": 15629.872243122792}","[22995, 22909, 23050, 23034, 22909, 23051, 22871, 22948, 23025, 22968]","[1, 3, 1, 1, 2, 1, 1, 2, 3, 22854]","[0, 0, 0, 0, 0, 0, 0, 0, 0, 747371]",1.0
MovieLens-25M,gap,UCB,Ours,2,1000000,10,0.4,0.020678338372985328,897379,102621,51695.845932463315,124306013,simulated,102571,injected samples,0.954438,1.0,57054,5057.444444444444,"[0, 0, 0, 0, 0, 0, 0, 0, 0, 897379]","[5063, 5063, 5038, 5063, 5063, 5088, 5038, 5063, 5038, 57054]","[4.0, 4.0, 3.0, 4.0, 4.0, 5.0, 3.0, 4.0, 3.0, 0.10339169186492664]",0.07353553548342928,0.020678338372985328,{},,,,,,,
MovieLens-25M,gap,UCB,Direct,2,1000000,10,0.4,0.020678338372985328,903175,96825,51695.845932463315,2485530409,simulated,96775,injected samples,0.957,1.0,53820,4772.777777777777,"[0, 0, 0, 0, 0, 0, 0, 0, 0, 903175]","[4778, 4778, 4754, 4778, 4778, 4803, 4754, 4778, 4754, 53820]","[4.0, 4.0, 3.0, 4.0, 4.0, 5.0, 3.0, 4.0, 3.0, 0.10339169186492664]",0.08145290640554155,0.020678338372985328,"{""search"": ""same grid; exact integer TS target envelope"", ""z_stages"": [[0.0, 1.0055706146869519, 4097.0, 96777.0, 332.0], [0.08126071129428249, 0.0817517125709851, 1025.0, 96775.0, 401.0], [0.08145250866799444, 0.081453467654863, 1025.0, 96775.0, 425.0], [0.0814529057484947, 0.08145290762151593, 1025.0, 96775.0, 360.0], [0.0814529064051496, 0.08145290640880785, 1025.0, 96775.0, 110.0], [0.08145290640553901, 0.08145290640554614, 1025.0, 96775.0, 364.0]]}",,,,,,,
MovieLens-25M,gap,UCB,Two-phase,2,1000000,10,0.4,0.020678338372985328,1000000,0,51695.845932463315,3349395588,simulated,329923,scheduled corrupted rounds,0.709201,0.709201,0,0.0,"[32311, 32311, 32311, 32311, 32311, 32311, 32311, 32311, 32311, 709201]","[0, 0, 0, 0, 0, 0, 0, 0, 0, 0]","[0.0, 0.0, 0.0, 0.0, 0.0, 0.0, 0.0, 0.0, 0.0, 0.0]",,,,323100,6823,"{""C1"": 323100, ""C2"": 6823, ""K"": 10, ""T"": 1000000, ""feasible"": true, ""learner"": ""UCB"", ""learner_setting"": ""mean + sqrt(log(T)/N)"", ""mu"": 0.020678338372985328, ""reason"": """", ""source"": ""https://proceedings.neurips.cc/paper_files/paper/2021/file/be315e7f05e9f13629031915fe87ad44-Supplemental.pdf"", ""source_section"": ""A.2"", ""target_feedback"": ""deterministic mu_K"", ""total"": 329923, ""version"": ""xu2021-original-settings-v1""}","[32310, 32310, 32310, 32310, 32310, 32310, 32310, 32310, 32310, 32310]","[1, 1, 1, 1, 1, 1, 1, 1, 1, 6814]","[0, 0, 0, 0, 0, 0, 0, 0, 0, 670077]",1.0
MovieLens-25M,gap,TS,Ours,2,1000000,10,0.4,0.020678338372985328,840141,159859,51695.845932463315,3892593894,simulated,159809,injected samples,0.938211,1.0,98065,6860.444444444444,"[0, 0, 0, 0, 0, 0, 0, 0, 0, 840141]","[6865, 6865, 6845, 6865, 6865, 6884, 6845, 6865, 6845, 98065]","[4.0, 4.0, 3.0, 4.0, 4.0, 5.0, 3.0, 4.0, 3.0, 0.10339169186492664]",0.10025386945358239,0.020678338372985328,{},,,,,,,
MovieLens-25M,gap,TS,Direct,2,1000000,10,0.4,0.020678338372985328,854199,145801,51695.845932463315,976631776,simulated,145751,injected samples,0.943887,1.0,89683,6229.777777777777,"[0, 0, 0, 0, 0, 0, 0, 0, 0, 854199]","[6234, 6234, 6215, 6234, 6234, 6253, 6215, 6234, 6215, 89683]","[4.0, 4.0, 3.0, 4.0, 4.0, 5.0, 3.0, 4.0, 3.0, 0.10339169186492664]",0.10522543368951705,0.020678338372985328,"{""search"": ""same grid; exact integer TS target envelope"", ""z_stages"": [[0.0, 0.9917341400779685, 4097.0, 145754.0, 434.0], [0.1048390826791407, 0.10532332786472565, 1025.0, 145751.0, 817.0], [0.1052249655614037, 0.1052259113527818, 1025.0, 145751.0, 507.0], [0.10522543291534639, 0.10522543476259517, 1025.0, 145751.0, 430.0], [0.10522543368924261, 0.10522543369285052, 1025.0, 145751.0, 78.0], [0.10522543368951391, 0.10522543368952096, 1025.0, 145751.0, 455.0]]}",,,,,,,
MovieLens-25M,gap,TS,Two-phase,2,1000000,10,0.4,0.020678338372985328,1000000,0,51695.845932463315,3764678115,simulated,155270,scheduled corrupted rounds,0.88362,0.88362,0,0.0,"[12854, 12932, 12962, 12940, 12956, 12848, 12908, 12986, 12994, 883620]","[0, 0, 0, 0, 0, 0, 0, 0, 0, 0]","[0.0, 0.0, 0.0, 0.0, 0.0, 0.0, 0.0, 0.0, 0.0, 0.0]",,,,129240,26030,"{""C1"": 129240, ""C2"": 26030, ""K"": 10, ""T"": 1000000, ""beta"": 0.8297505246489114, ""feasible"": true, ""learner"": ""TS"", ""learner_setting"": ""Beta(sum+1, N-sum+1)"", ""mu"": 0.020678338372985328, ""n1"": 11721.390988951873, ""n2"": 14126.609011048127, ""n3"": 1.2075399983463464, ""promotion_term"": 5457.795035156615, ""reason"": """", ""source"": ""https://proceedings.neurips.cc/paper_files/paper/2021/file/be315e7f05e9f13629031915fe87ad44-Supplemental.pdf"", ""source_section"": ""A.4"", ""target_feedback"": ""Bernoulli(mu_K)"", ""total"": 155270, ""version"": ""xu2021-original-settings-v1"", ""waiting_term"": 20571.576084349912}","[12851, 12930, 12960, 12939, 12954, 12846, 12907, 12985, 12992, 12876]","[3, 2, 2, 1, 2, 2, 1, 1, 2, 26014]","[0, 0, 0, 0, 0, 0, 0, 0, 0, 844730]",1.0
MovieLens-25M,gap,UCB,Ours,2,1000000,10,0.5,0.025847922966231656,902961,97039,51695.845932463315,839472717,simulated,96989,injected samples,0.954591,1.0,51625,5040.444444444444,"[0, 0, 0, 0, 0, 0, 0, 0, 0, 902961]","[5046, 5046, 5021, 5046, 5046, 5071, 5021, 5046, 5021, 51625]","[4.0, 4.0, 3.0, 4.0, 4.0, 5.0, 3.0, 4.0, 3.0, 0.12923961483115828]",0.0736680906778901,0.025847922966231656,{},,,,,,,
MovieLens-25M,gap,UCB,Direct,2,1000000,10,0.5,0.025847922966231656,907968,92032,51695.845932463315,3249044458,simulated,91982,injected samples,0.957018,1.0,49045,4770.777777777777,"[0, 0, 0, 0, 0, 0, 0, 0, 0, 907968]","[4776, 4776, 4752, 4776, 4776, 4801, 4752, 4776, 4752, 49045]","[4.0, 4.0, 3.0, 4.0, 4.0, 5.0, 3.0, 4.0, 3.0, 0.12923961483115828]",0.08147011635585416,0.025847922966231656,"{""search"": ""same grid; exact integer TS target envelope"", ""z_stages"": [[0.0, 1.005570640536064, 4097.0, 91984.0, 332.0], [0.08126071338316337, 0.08175171467248762, 1025.0, 91982.0, 437.0], [0.08146977252588347, 0.08147073151277667, 1025.0, 91982.0, 368.0], [0.08147011622528758, 0.08147011809830886, 1025.0, 91982.0, 72.0], [0.08147011635515526, 0.0814701163588135, 1025.0, 91982.0, 196.0], [0.0814701163558519, 0.08147011635585905, 1025.0, 91982.0, 324.0]]}",,,,,,,
MovieLens-25M,gap,UCB,Two-phase,2,1000000,10,0.5,0.025847922966231656,1000000,0,51695.845932463315,861785141,simulated,212277,scheduled corrupted rounds,0.81388,0.81388,0,0.0,"[20680, 20680, 20680, 20680, 20680, 20680, 20680, 20680, 20680, 813880]","[0, 0, 0, 0, 0, 0, 0, 0, 0, 0]","[0.0, 0.0, 0.0, 0.0, 0.0, 0.0, 0.0, 0.0, 0.0, 0.0]",,,,206790,5487,"{""C1"": 206790, ""C2"": 5487, ""K"": 10, ""T"": 1000000, ""feasible"": true, ""learner"": ""UCB"", ""learner_setting"": ""mean + sqrt(log(T)/N)"", ""mu"": 0.025847922966231656, ""reason"": """", ""source"": ""https://proceedings.neurips.cc/paper_files/paper/2021/file/be315e7f05e9f13629031915fe87ad44-Supplemental.pdf"", ""source_section"": ""A.2"", ""target_feedback"": ""deterministic mu_K"", ""total"": 212277, ""version"": ""xu2021-original-settings-v1""}","[20679, 20679, 20679, 20679, 20679, 20679, 20679, 20679, 20679, 20679]","[1, 1, 1, 1, 1, 1, 1, 1, 1, 5478]","[0, 0, 0, 0, 0, 0, 0, 0, 0, 787723]",1.0
MovieLens-25M,gap,TS,Ours,2,1000000,10,0.5,0.025847922966231656,845918,154082,51695.845932463315,159985094,simulated,154032,injected samples,0.938417,1.0,92494,6837.555555555556,"[0, 0, 0, 0, 0, 0, 0, 0, 0, 845918]","[6842, 6842, 6822, 6842, 6842, 6862, 6822, 6842, 6822, 92494]","[4.0, 4.0, 3.0, 4.0, 4.0, 5.0, 3.0, 4.0, 3.0, 0.12923961483115828]",0.10041779099737727,0.025847922966231656,{},,,,,,,
MovieLens-25M,gap,TS,Direct,2,1000000,10,0.5,0.025847922966231656,858732,141268,51695.845932463315,3097358926,simulated,141218,injected samples,0.943887,1.0,85150,6229.777777777777,"[0, 0, 0, 0, 0, 0, 0, 0, 0, 858732]","[6234, 6234, 6215, 6234, 6234, 6253, 6215, 6234, 6215, 85150]","[4.0, 4.0, 3.0, 4.0, 4.0, 5.0, 3.0, 4.0, 3.0, 0.12923961483115828]",0.10522543368951705,0.025847922966231656,"{""search"": ""same grid; exact integer TS target envelope"", ""z_stages"": [[0.0, 0.9917341659270805, 4097.0, 141221.0, 434.0], [0.10483908541172507, 0.10532333060993165, 1025.0, 141218.0, 817.0], [0.10522496830404594, 0.1052259140954487, 1025.0, 141218.0, 504.0], [0.10522543288712757, 0.1052254347343764, 1025.0, 141218.0, 445.0], [0.10522543368808313, 0.10522543369169103, 1025.0, 141218.0, 407.0], [0.1052254336895136, 0.10522543368952066, 1025.0, 141218.0, 499.0]]}",,,,,,,
MovieLens-25M,gap,TS,Two-phase,2,1000000,10,0.5,0.025847922966231656,1000000,0,51695.845932463315,1992511595,simulated,114345,scheduled corrupted rounds,0.925477,0.925477,0,0.0,"[8272, 8322, 8258, 8291, 8268, 8335, 8242, 8272, 8263, 925477]","[0, 0, 0, 0, 0, 0, 0, 0, 0, 0]","[0.0, 0.0, 0.0, 0.0, 0.0, 0.0, 0.0, 0.0, 0.0, 0.0]",,,,82714,31631,"{""C1"": 82714, ""C2"": 31631, ""K"": 10, ""T"": 1000000, ""beta"": 0.7916312468634676, ""feasible"": true, ""learner"": ""TS"", ""learner_setting"": ""Beta(sum+1, N-sum+1)"", ""mu"": 0.025847922966231656, ""n1"": 7309.3104648547105, ""n2"": 9233.48953514529, ""n3"": 1.2656864558243412, ""promotion_term"": 4389.427791888336, ""reason"": """", ""source"": ""https://proceedings.neurips.cc/paper_files/paper/2021/file/be315e7f05e9f13629031915fe87ad44-Supplemental.pdf"", ""source_section"": ""A.4"", ""target_feedback"": ""Bernoulli(mu_K)"", ""total"": 114345, ""version"": ""xu2021-original-settings-v1"", ""waiting_term"": 27241.08315291435}","[8270, 8321, 8256, 8289, 8264, 8334, 8239, 8271, 8260, 8210]","[2, 1, 2, 2, 4, 1, 3, 1, 3, 31612]","[0, 0, 0, 0, 0, 0, 0, 0, 0, 885655]",1.0
MovieLens-25M,gap,UCB,Ours,2,1000000,10,0.75,0.03877188444934749,916915,83085,51695.845932463315,456976442,simulated,83035,injected samples,0.954969,1.0,38049,4998.444444444444,"[0, 0, 0, 0, 0, 0, 0, 0, 0, 916915]","[5004, 5004, 4979, 5004, 5004, 5029, 4979, 5004, 4979, 38049]","[4.0, 4.0, 3.0, 4.0, 4.0, 5.0, 3.0, 4.0, 3.0, 0.19385942224673744]",0.07400351592200805,0.03877188444934749,{},,,,,,,
MovieLens-25M,gap,UCB,Direct,2,1000000,10,0.75,0.03877188444934749,920176,79824,51695.845932463315,2988796413,simulated,79774,injected samples,0.957036,1.0,36855,4768.777777777777,"[0, 0, 0, 0, 0, 0, 0, 0, 0, 920176]","[4774, 4774, 4750, 4774, 4774, 4799, 4750, 4774, 4750, 36855]","[4.0, 4.0, 3.0, 4.0, 4.0, 5.0, 3.0, 4.0, 3.0, 0.19385942224673744]",0.08148733718174778,0.03877188444934749,"{""search"": ""same grid; exact integer TS target envelope"", ""z_stages"": [[0.0, 1.005570705158844, 4097.0, 79776.0, 332.0], [0.08126071860536557, 0.08175171992624392, 1025.0, 79774.0, 473.0], [0.08148703952670794, 0.08148799851366277, 1025.0, 79774.0, 318.0], [0.08148733640059923, 0.08148733827362062, 1025.0, 79774.0, 428.0], [0.08148733718163452, 0.08148733718529276, 1025.0, 79774.0, 32.0], [0.08148733718174526, 0.08148733718175241, 1025.0, 79774.0, 359.0]]}",,,,,,,
MovieLens-25M,gap,UCB,Two-phase,2,1000000,10,0.75,0.03877188444934749,1000000,0,51695.845932463315,2091609424,simulated,95618,scheduled corrupted rounds,0.917272,0.917272,0,0.0,"[9192, 9192, 9192, 9192, 9192, 9192, 9192, 9192, 9192, 917272]","[0, 0, 0, 0, 0, 0, 0, 0, 0, 0]","[0.0, 0.0, 0.0, 0.0, 0.0, 0.0, 0.0, 0.0, 0.0, 0.0]",,,,91910,3708,"{""C1"": 91910, ""C2"": 3708, ""K"": 10, ""T"": 1000000, ""feasible"": true, ""learner"": ""UCB"", ""learner_setting"": ""mean + sqrt(log(T)/N)"", ""mu"": 0.03877188444934749, ""reason"": """", ""source"": ""https://proceedings.neurips.cc/paper_files/paper/2021/file/be315e7f05e9f13629031915fe87ad44-Supplemental.pdf"", ""source_section"": ""A.2"", ""target_feedback"": ""deterministic mu_K"", ""total"": 95618, ""version"": ""xu2021-original-settings-v1""}","[9191, 9191, 9191, 9191, 9191, 9191, 9191, 9191, 9191, 9191]","[1, 1, 1, 1, 1, 1, 1, 1, 1, 3699]","[0, 0, 0, 0, 0, 0, 0, 0, 0, 904382]",1.0
MovieLens-25M,gap,TS,Ours,2,1000000,10,0.75,0.03877188444934749,860350,139650,51695.845932463315,3246810313,simulated,139600,injected samples,0.938918,1.0,78563,6781.888888888889,"[0, 0, 0, 0, 0, 0, 0, 0, 0, 860350]","[6786, 6786, 6767, 6786, 6786, 6806, 6767, 6786, 6767, 78563]","[4.0, 4.0, 3.0, 4.0, 4.0, 5.0, 3.0, 4.0, 3.0, 0.19385942224673744]",0.10083252290188138,0.03877188444934749,{},,,,,,,
MovieLens-25M,gap,TS,Direct,2,1000000,10,0.75,0.03877188444934749,870277,129723,51695.845932463315,3290060193,simulated,129673,injected samples,0.943617,1.0,73335,6259.777777777777,"[0, 0, 0, 0, 0, 0, 0, 0, 0, 870277]","[6264, 6264, 6245, 6264, 6264, 6283, 6245, 6264, 6245, 73335]","[4.0, 4.0, 3.0, 4.0, 4.0, 5.0, 3.0, 4.0, 3.0, 0.19385942224673744]",0.10497143270604688,0.03877188444934749,"{""search"": ""same grid; exact integer TS target envelope"", ""z_stages"": [[0.0, 0.9917342305498605, 4097.0, 129675.0, 434.0], [0.10483909224318594, 0.10532333747294662, 1025.0, 129673.0, 280.0], [0.10497103015246644, 0.10497197594393082, 1025.0, 129673.0, 436.0], [0.1049714319291139, 0.10497143377636285, 1025.0, 129673.0, 431.0], [0.10497143270481414, 0.10497143270842205, 1025.0, 129673.0, 350.0], [0.10497143270604378, 0.10497143270605083, 1025.0, 129673.0, 449.0]]}",,,,,,,
MovieLens-25M,gap,TS,Two-phase,2,1000000,10,0.75,0.03877188444934749,1000000,0,51695.845932463315,742413570,simulated,96319,scheduled corrupted rounds,0.966906,0.966906,0,0.0,"[3647, 3677, 3717, 3679, 3696, 3681, 3675, 3671, 3651, 966906]","[0, 0, 0, 0, 0, 0, 0, 0, 0, 0]","[0.0, 0.0, 0.0, 0.0, 0.0, 0.0, 0.0, 0.0, 0.0, 0.0]",,,,36762,59557,"{""C1"": 36762, ""C2"": 59557, ""K"": 10, ""T"": 1000000, ""beta"": 0.7029612790013512, ""feasible"": true, ""learner"": ""TS"", ""learner_setting"": ""Beta(sum+1, N-sum+1)"", ""mu"": 0.03877188444934749, ""n1"": 3034.8050379860897, ""n2"": 4317.59496201391, ""n3"": 1.4253373223996604, ""promotion_term"": 2965.6477855111257, ""reason"": """", ""source"": ""https://proceedings.neurips.cc/paper_files/paper/2021/file/be315e7f05e9f13629031915fe87ad44-Supplemental.pdf"", ""source_section"": ""A.4"", ""target_feedback"": ""Bernoulli(mu_K)"", ""total"": 96319, ""version"": ""xu2021-original-settings-v1"", ""waiting_term"": 56590.68151852219}","[3644, 3676, 3717, 3678, 3693, 3677, 3674, 3667, 3651, 3685]","[3, 1, 0, 1, 3, 4, 1, 4, 0, 59540]","[0, 0, 0, 0, 0, 0, 0, 0, 0, 903681]",1.0
MovieLens-25M,gap,UCB,Ours,2,1000000,10,1.0,0.05169584593246331,930872,69128,51695.845932463315,3397349435,simulated,69078,injected samples,0.955347,1.0,24470,4956.444444444444,"[0, 0, 0, 0, 0, 0, 0, 0, 0, 930872]","[4962, 4962, 4937, 4962, 4962, 4987, 4937, 4962, 4937, 24470]","[4.0, 4.0, 3.0, 4.0, 4.0, 5.0, 3.0, 4.0, 3.0, 0.25847922966231657]",0.07434484811826106,0.05169584593246331,{},,,,,,,
MovieLens-25M,gap,UCB,Direct,2,1000000,10,1.0,0.05169584593246331,932717,67283,51695.845932463315,420455381,simulated,67233,injected samples,0.957135,1.0,24413,4757.777777777777,"[0, 0, 0, 0, 0, 0, 0, 0, 0, 932717]","[4763, 4763, 4739, 4763, 4763, 4788, 4739, 4763, 4739, 24413]","[4.0, 4.0, 3.0, 4.0, 4.0, 5.0, 3.0, 4.0, 3.0, 0.25847922966231657]",0.08158224663739884,0.05169584593246331,"{""search"": ""same grid; exact integer TS target envelope"", ""z_stages"": [[0.0, 1.005570769781624, 4097.0, 67235.0, 332.0], [0.08126072382756777, 0.08175172518000019, 1025.0, 67233.0, 671.0], [0.08158198447808508, 0.08158294346510155, 1025.0, 67233.0, 280.0], [0.08158224576458664, 0.08158224763760816, 1025.0, 67233.0, 478.0], [0.08158224663707811, 0.08158224664073635, 1025.0, 67233.0, 90.0], [0.08158224663739606, 0.08158224663740321, 1025.0, 67233.0, 397.0]]}",,,,,,,
MovieLens-25M,gap,UCB,Two-phase,2,1000000,10,1.0,0.05169584593246331,1000000,0,51695.845932463315,3647097261,simulated,54519,scheduled corrupted rounds,0.953461,0.953461,0,0.0,"[5171, 5171, 5171, 5171, 5171, 5171, 5171, 5171, 5171, 953461]","[0, 0, 0, 0, 0, 0, 0, 0, 0, 0]","[0.0, 0.0, 0.0, 0.0, 0.0, 0.0, 0.0, 0.0, 0.0, 0.0]",,,,51700,2819,"{""C1"": 51700, ""C2"": 2819, ""K"": 10, ""T"": 1000000, ""feasible"": true, ""learner"": ""UCB"", ""learner_setting"": ""mean + sqrt(log(T)/N)"", ""mu"": 0.05169584593246331, ""reason"": """", ""source"": ""https://proceedings.neurips.cc/paper_files/paper/2021/file/be315e7f05e9f13629031915fe87ad44-Supplemental.pdf"", ""source_section"": ""A.2"", ""target_feedback"": ""deterministic mu_K"", ""total"": 54519, ""version"": ""xu2021-original-settings-v1""}","[5170, 5170, 5170, 5170, 5170, 5170, 5170, 5170, 5170, 5170]","[1, 1, 1, 1, 1, 1, 1, 1, 1, 2810]","[0, 0, 0, 0, 0, 0, 0, 0, 0, 945481]",1.0
MovieLens-25M,gap,TS,Ours,2,1000000,10,1.0,0.05169584593246331,874790,125210,51695.845932463315,3411232236,simulated,125160,injected samples,0.939422,1.0,64627,6725.888888888889,"[0, 0, 0, 0, 0, 0, 0, 0, 0, 874790]","[6730, 6730, 6711, 6730, 6730, 6750, 6711, 6730, 6711, 64627]","[4.0, 4.0, 3.0, 4.0, 4.0, 5.0, 3.0, 4.0, 3.0, 0.25847922966231657]",0.10125445991441756,0.05169584593246331,{},,,,,,,
MovieLens-25M,gap,TS,Direct,2,1000000,10,1.0,0.05169584593246331,882138,117862,51695.845932463315,3458690028,simulated,117812,injected samples,0.943671,1.0,61528,6253.777777777777,"[0, 0, 0, 0, 0, 0, 0, 0, 0, 882138]","[6258, 6258, 6239, 6258, 6258, 6277, 6239, 6258, 6239, 61528]","[4.0, 4.0, 3.0, 4.0, 4.0, 5.0, 3.0, 4.0, 3.0, 0.25847922966231657]",0.1050220859776921,0.05169584593246331,"{""search"": ""same grid; exact integer TS target envelope"", ""z_stages"": [[0.0, 0.9917342951726407, 4097.0, 117815.0, 434.0], [0.10483909907464682, 0.10532334433596159, 1025.0, 117812.0, 387.0], [0.10502163683916586, 0.10502258263069188, 1025.0, 117812.0, 487.0], [0.10502208572069091, 0.10502208756793997, 1025.0, 117812.0, 143.0], [0.1050220859768524, 0.10502208598046031, 1025.0, 117812.0, 239.0], [0.10502208597769096, 0.10502208597769801, 1025.0, 117812.0, 165.0]]}",,,,,,,
MovieLens-25M,gap,TS,Two-phase,2,1000000,10,1.0,0.05169584593246331,1000000,0,51695.845932463315,1765738335,simulated,146125,scheduled corrupted rounds,0.981405,0.981405,0,0.0,"[2061, 2058, 2033, 2060, 2072, 2065, 2088, 2091, 2067, 981405]","[0, 0, 0, 0, 0, 0, 0, 0, 0, 0]","[0.0, 0.0, 0.0, 0.0, 0.0, 0.0, 0.0, 0.0, 0.0, 0.0]",,,,20679,125446,"{""C1"": 20679, ""C2"": 125446, ""K"": 10, ""T"": 1000000, ""beta"": 0.6226981130941249, ""feasible"": true, ""learner"": ""TS"", ""learner_setting"": ""Beta(sum+1, N-sum+1)"", ""mu"": 0.05169584593246331, ""n1"": 1586.8494167025717, ""n2"": 2548.9505832974282, ""n3"": 1.6090573041626903, ""promotion_term"": 2254.589718819844, ""reason"": """", ""source"": ""https://proceedings.neurips.cc/paper_files/paper/2021/file/be315e7f05e9f13629031915fe87ad44-Supplemental.pdf"", ""source_section"": ""A.4"", ""target_feedback"": ""Bernoulli(mu_K)"", ""total"": 146125, ""version"": ""xu2021-original-settings-v1"", ""waiting_term"": 123191.31273692497}","[2061, 2058, 2033, 2059, 2070, 2065, 2087, 2091, 2066, 2089]","[0, 0, 0, 1, 2, 0, 1, 0, 1, 125441]","[0, 0, 0, 0, 0, 0, 0, 0, 0, 853875]",1.0
MovieLens-25M,gap,UCB,Ours,2,1000000,10,1.5,0.07754376889869498,958678,41322,51695.845932463315,2868935550,simulated,41272,injected samples,0.958685,1.0,2,4585.555555555556,"[0, 0, 0, 0, 0, 0, 0, 0, 0, 958678]","[4591, 4591, 4567, 4591, 4591, 4614, 4567, 4591, 4567, 2]","[4.0, 4.0, 3.0, 4.0, 4.0, 5.0, 3.0, 4.0, 3.0, 0.3877188444934749]",0.0775437688986951,0.07754376889869498,{},,,,,,,
MovieLens-25M,gap,UCB,Direct,2,1000000,10,1.5,0.07754376889869498,958801,41199,51695.845932463315,406420125,simulated,41149,injected samples,0.95881,1.0,4,4571.666666666667,"[0, 0, 0, 0, 0, 0, 0, 0, 0, 958801]","[4577, 4577, 4553, 4577, 4577, 4601, 4553, 4577, 4553, 4]","[4.0, 4.0, 3.0, 4.0, 4.0, 5.0, 3.0, 4.0, 3.0, 0.3877188444934749]",0.08324059635136968,0.07754376889869498,"{""search"": ""same grid; exact integer TS target envelope"", ""z_stages"": [[0.0, 1.005570899027184, 4097.0, 41163.0, 339.0], [0.08297923922636431, 0.08347024064190493, 1025.0, 41149.0, 546.0], [0.08324056322194014, 0.08324152220907986, 1025.0, 41149.0, 36.0], [0.0832405959998209, 0.08324059787284264, 1025.0, 41149.0, 193.0], [0.08324059635101247, 0.08324059635467072, 1025.0, 41149.0, 100.0], [0.08324059635136614, 0.08324059635137329, 1025.0, 41149.0, 507.0]]}",,,,,,,
MovieLens-25M,gap,UCB,Two-phase,2,1000000,10,1.5,0.07754376889869498,1000000,0,51695.845932463315,2786408240,simulated,24912,scheduled corrupted rounds,0.979309,0.979309,0,0.0,"[2299, 2299, 2299, 2299, 2299, 2299, 2299, 2299, 2299, 979309]","[0, 0, 0, 0, 0, 0, 0, 0, 0, 0]","[0.0, 0.0, 0.0, 0.0, 0.0, 0.0, 0.0, 0.0, 0.0, 0.0]",,,,22980,1932,"{""C1"": 22980, ""C2"": 1932, ""K"": 10, ""T"": 1000000, ""feasible"": true, ""learner"": ""UCB"", ""learner_setting"": ""mean + sqrt(log(T)/N)"", ""mu"": 0.07754376889869498, ""reason"": """", ""source"": ""https://proceedings.neurips.cc/paper_files/paper/2021/file/be315e7f05e9f13629031915fe87ad44-Supplemental.pdf"", ""source_section"": ""A.2"", ""target_feedback"": ""deterministic mu_K"", ""total"": 24912, ""version"": ""xu2021-original-settings-v1""}","[2298, 2298, 2298, 2298, 2298, 2298, 2298, 2298, 2298, 2298]","[1, 1, 1, 1, 1, 1, 1, 1, 1, 1923]","[0, 0, 0, 0, 0, 0, 0, 0, 0, 975088]",1.0
MovieLens-25M,gap,TS,Ours,2,1000000,10,1.5,0.07754376889869498,903692,96308,51695.845932463315,3409195458,simulated,96258,injected samples,0.940439,1.0,36742,6612.888888888889,"[0, 0, 0, 0, 0, 0, 0, 0, 0, 903692]","[6617, 6617, 6598, 6617, 6617, 6637, 6598, 6617, 6598, 36742]","[4.0, 4.0, 3.0, 4.0, 4.0, 5.0, 3.0, 4.0, 3.0, 0.3877188444934749]",0.1021208697181275,0.07754376889869498,{},,,,,,,
MovieLens-25M,gap,TS,Direct,2,1000000,10,1.5,0.07754376889869498,906856,93144,51695.845932463315,1452080462,simulated,93094,injected samples,0.943608,1.0,36747,6260.777777777777,"[0, 0, 0, 0, 0, 0, 0, 0, 0, 906856]","[6265, 6265, 6246, 6265, 6265, 6284, 6246, 6265, 6246, 36747]","[4.0, 4.0, 3.0, 4.0, 4.0, 5.0, 3.0, 4.0, 3.0, 0.3877188444934749]",0.10496299760670046,0.07754376889869498,"{""search"": ""same grid; exact integer TS target envelope"", ""z_stages"": [[0.0, 0.9917344244182007, 4097.0, 93097.0, 434.0], [0.10483911273756857, 0.10532335806199153, 1025.0, 93094.0, 262.0], [0.10496253854779747, 0.10496348433944673, 1025.0, 93094.0, 498.0], [0.10496299758925223, 0.10496299943650156, 1025.0, 93094.0, 10.0], [0.10496299760548783, 0.10496299760909573, 1025.0, 93094.0, 345.0], [0.10496299760669986, 0.10496299760670691, 1025.0, 93094.0, 86.0]]}",,,,,,,
MovieLens-25M,gap,TS,Two-phase,2,1000000,10,1.5,0.07754376889869498,1000000,0,51695.845932463315,1297548722,simulated,705094,scheduled corrupted rounds,0.991688,0.991688,0,0.0,"[933, 914, 923, 917, 916, 909, 943, 915, 942, 991688]","[0, 0, 0, 0, 0, 0, 0, 0, 0, 0]","[0.0, 0.0, 0.0, 0.0, 0.0, 0.0, 0.0, 0.0, 0.0, 0.0]",,,,9191,695903,"{""C1"": 9191, ""C2"": 695903, ""K"": 10, ""T"": 1000000, ""beta"": 0.483068019263162, ""feasible"": true, ""learner"": ""TS"", ""learner_setting"": ""Beta(sum+1, N-sum+1)"", ""mu"": 0.07754376889869498, ""n1"": 598.3937954981504, ""n2"": 1239.8062045018496, ""n3"": 2.0741529292101375, ""promotion_term"": 1545.232729572479, ""reason"": """", ""source"": ""https://proceedings.neurips.cc/paper_files/paper/2021/file/be315e7f05e9f13629031915fe87ad44-Supplemental.pdf"", ""source_section"": ""A.4"", ""target_feedback"": ""Bernoulli(mu_K)"", ""total"": 705094, ""version"": ""xu2021-original-settings-v1"", ""waiting_term"": 694356.9110103906}","[929, 912, 919, 914, 910, 906, 940, 909, 938, 914]","[4, 2, 4, 3, 6, 3, 3, 6, 4, 695868]","[0, 0, 0, 0, 0, 0, 0, 0, 0, 294906]",1.0
MovieLens-25M,gap,UCB,Ours,2,1000000,10,2.0,0.10339169186492662,975810,24190,51695.845932463315,3057748258,simulated,24140,injected samples,0.975817,1.0,2,2682.0,"[0, 0, 0, 0, 0, 0, 0, 0, 0, 975810]","[2686, 2686, 2668, 2686, 2686, 2704, 2668, 2686, 2668, 2]","[4.0, 4.0, 3.0, 4.0, 4.0, 5.0, 3.0, 4.0, 3.0, 0.5169584593246331]",0.10339169186492667,0.10339169186492662,{},,,,,,,
MovieLens-25M,gap,UCB,Direct,2,1000000,10,2.0,0.10339169186492662,975839,24161,51695.845932463315,707521142,simulated,24111,injected samples,0.975844,1.0,0,2679.0,"[0, 0, 0, 0, 0, 0, 0, 0, 0, 975839]","[2683, 2683, 2665, 2683, 2683, 2701, 2665, 2683, 2665, 0]","[4.0, 4.0, 3.0, 4.0, 4.0, 5.0, 3.0, 4.0, 3.0, 0.5169584593246331]",0.10902702506316632,0.10339169186492662,"{""search"": ""same grid; exact integer TS target envelope"", ""z_stages"": [[0.0, 1.0055710282727444, 4097.0, 24129.0, 444.0], [0.1087568275207094, 0.10924782899935821, 1025.0, 24111.0, 564.0], [0.10902678243523996, 0.10902774142250293, 1025.0, 24111.0, 260.0], [0.1090270249915887, 0.1090270268646107, 1025.0, 24111.0, 40.0], [0.1090270250629245, 0.10902702506658274, 1025.0, 24111.0, 68.0], [0.10902702506316386, 0.109027025063171, 1025.0, 24111.0, 352.0]]}",,,,,,,
MovieLens-25M,gap,UCB,Two-phase,2,1000000,10,2.0,0.10339169186492662,1000000,0,51695.845932463315,3977769899,simulated,14422,scheduled corrupted rounds,0.988354,0.988354,0,0.0,"[1294, 1294, 1294, 1294, 1294, 1294, 1294, 1294, 1294, 988354]","[0, 0, 0, 0, 0, 0, 0, 0, 0, 0]","[0.0, 0.0, 0.0, 0.0, 0.0, 0.0, 0.0, 0.0, 0.0, 0.0]",,,,12930,1492,"{""C1"": 12930, ""C2"": 1492, ""K"": 10, ""T"": 1000000, ""feasible"": true, ""learner"": ""UCB"", ""learner_setting"": ""mean + sqrt(log(T)/N)"", ""mu"": 0.10339169186492662, ""reason"": """", ""source"": ""https://proceedings.neurips.cc/paper_files/paper/2021/file/be315e7f05e9f13629031915fe87ad44-Supplemental.pdf"", ""source_section"": ""A.2"", ""target_feedback"": ""deterministic mu_K"", ""total"": 14422, ""version"": ""xu2021-original-settings-v1""}","[1293, 1293, 1293, 1293, 1293, 1293, 1293, 1293, 1293, 1293]","[1, 1, 1, 1, 1, 1, 1, 1, 1, 1483]","[0, 0, 0, 0, 0, 0, 0, 0, 0, 985578]",1.0
MovieLens-25M,gap,TS,Ours,2,1000000,10,2.0,0.10339169186492662,932625,67375,51695.845932463315,3009591072,simulated,67325,injected samples,0.941466,1.0,8836,6498.777777777777,"[0, 0, 0, 0, 0, 0, 0, 0, 0, 932625]","[6503, 6503, 6484, 6503, 6503, 6522, 6484, 6503, 6484, 8836]","[4.0, 4.0, 3.0, 4.0, 4.0, 5.0, 3.0, 4.0, 3.0, 0.5169584593246331]",0.1030189447361432,0.10339169186492662,{},,,,,,,
MovieLens-25M,gap,TS,Direct,2,1000000,10,2.0,0.10339169186492662,933000,67000,51695.845932463315,1643065473,simulated,66950,injected samples,0.943743,1.0,10738,6245.777777777777,"[0, 0, 0, 0, 0, 0, 0, 0, 0, 933000]","[6250, 6250, 6231, 6250, 6250, 6269, 6231, 6250, 6231, 10738]","[4.0, 4.0, 3.0, 4.0, 4.0, 5.0, 3.0, 4.0, 3.0, 0.5169584593246331]",0.10508973770334061,0.10339169186492662,"{""search"": ""same grid; exact integer TS target envelope"", ""z_stages"": [[0.0, 0.9917345536637608, 4097.0, 66953.0, 434.0], [0.10483912640049034, 0.10532337178802148, 1025.0, 66950.0, 530.0], [0.10508928832432235, 0.10509023411609486, 1025.0, 66950.0, 487.0], [0.10508973720596439, 0.10508973905321393, 1025.0, 66950.0, 276.0], [0.1050897377020519, 0.10508973770565982, 1025.0, 66950.0, 366.0], [0.10508973770333793, 0.10508973770334498, 1025.0, 66950.0, 389.0]]}",,,,,,,
MovieLens-25M,gap,TS,Two-phase,2,1000000,10,2.0,0.10339169186492662,1000000,0,51695.845932463315,1722736539,infeasible,5343203,scheduled corrupted rounds,,,0,0.0,,"[0, 0, 0, 0, 0, 0, 0, 0, 0, 0]","[0.0, 0.0, 0.0, 0.0, 0.0, 0.0, 0.0, 0.0, 0.0, 0.0]",,,,5170,5338033,"{""C1"": 5170, ""C2"": 5338033, ""K"": 10, ""T"": 1000000, ""beta"": 0.36579764504492285, ""feasible"": false, ""learner"": ""TS"", ""learner_setting"": ""Beta(sum+1, N-sum+1)"", ""mu"": 0.10339169186492662, ""n1"": 276.46889273196496, ""n2"": 757.5311072680349, ""n3"": 2.739101688419504, ""promotion_term"": 1192.3490828531187, ""reason"": ""original budget reaches/exceeds T"", ""source"": ""https://proceedings.neurips.cc/paper_files/paper/2021/file/be315e7f05e9f13629031915fe87ad44-Supplemental.pdf"", ""source_section"": ""A.4"", ""target_feedback"": ""Bernoulli(mu_K)"", ""total"": 5343203, ""version"": ""xu2021-original-settings-v1"", ""waiting_term"": 5336840.012372333}",,,,
MovieLens-25M,gap,UCB,Ours,2,1000000,10,3.0,0.15508753779738996,988732,11268,51695.845932463315,2527596267,simulated,11218,injected samples,0.988738,1.0,1,1246.3333333333333,"[0, 0, 0, 0, 0, 0, 0, 0, 0, 988732]","[1249, 1249, 1237, 1249, 1249, 1261, 1237, 1249, 1237, 1]","[4.0, 4.0, 3.0, 4.0, 4.0, 5.0, 3.0, 4.0, 3.0, 0.7754376889869498]",0.15508753779738996,0.15508753779738996,{},,,,,,,
MovieLens-25M,gap,UCB,Direct,2,1000000,10,3.0,0.15508753779738996,988736,11264,51695.845932463315,484678754,simulated,11214,injected samples,0.988741,1.0,0,1246.0,"[0, 0, 0, 0, 0, 0, 0, 0, 0, 988736]","[1249, 1249, 1236, 1249, 1249, 1261, 1236, 1249, 1236, 0]","[4.0, 4.0, 3.0, 4.0, 4.0, 5.0, 3.0, 4.0, 3.0, 0.7754376889869498]",0.16068384687588622,0.15508753779738996,"{""search"": ""same grid; exact integer TS target envelope"", ""z_stages"": [[0.0, 1.0055712867638646, 4097.0, 11232.0, 654.0], [0.16031202398847744, 0.1608030255933426, 1025.0, 11214.0, 776.0], [0.16068363164840957, 0.16068459063591908, 1025.0, 11214.0, 230.0], [0.16068384610948347, 0.16068384798250596, 1025.0, 11214.0, 419.0], [0.1606838468740571, 0.16068384687771534, 1025.0, 11214.0, 512.0], [0.16068384687588264, 0.1606838468758898, 1025.0, 11214.0, 511.0]]}",,,,,,,
MovieLens-25M,gap,UCB,Two-phase,2,1000000,10,3.0,0.15508753779738996,1000000,0,51695.845932463315,310992512,simulated,6806,scheduled corrupted rounds,0.994816,0.994816,0,0.0,"[576, 576, 576, 576, 576, 576, 576, 576, 576, 994816]","[0, 0, 0, 0, 0, 0, 0, 0, 0, 0]","[0.0, 0.0, 0.0, 0.0, 0.0, 0.0, 0.0, 0.0, 0.0, 0.0]",,,,5750,1056,"{""C1"": 5750, ""C2"": 1056, ""K"": 10, ""T"": 1000000, ""feasible"": true, ""learner"": ""UCB"", ""learner_setting"": ""mean + sqrt(log(T)/N)"", ""mu"": 0.15508753779738996, ""reason"": """", ""source"": ""https://proceedings.neurips.cc/paper_files/paper/2021/file/be315e7f05e9f13629031915fe87ad44-Supplemental.pdf"", ""source_section"": ""A.2"", ""target_feedback"": ""deterministic mu_K"", ""total"": 6806, ""version"": ""xu2021-original-settings-v1""}","[575, 575, 575, 575, 575, 575, 575, 575, 575, 575]","[1, 1, 1, 1, 1, 1, 1, 1, 1, 1047]","[0, 0, 0, 0, 0, 0, 0, 0, 0, 993194]",1.0
MovieLens-25M,gap,TS,Ours,2,1000000,10,3.0,0.15508753779738996,968644,31356,51695.845932463315,1452935358,simulated,31306,injected samples,0.971433,1.0,2784,3169.1111111111113,"[0, 0, 0, 0, 0, 0, 0, 0, 0, 968644]","[3172, 3172, 3159, 3172, 3172, 3185, 3159, 3172, 3159, 2784]","[4.0, 4.0, 3.0, 4.0, 4.0, 5.0, 3.0, 4.0, 3.0, 0.7754376889869498]",0.1478298018635396,0.15508753779738996,{},,,,,,,
MovieLens-25M,gap,TS,Direct,2,1000000,10,3.0,0.15508753779738996,968822,31178,51695.845932463315,1162968269,simulated,31128,injected samples,0.971378,1.0,2551,3175.222222222222,"[0, 0, 0, 0, 0, 0, 0, 0, 0, 968822]","[3178, 3178, 3165, 3178, 3178, 3192, 3165, 3178, 3165, 2551]","[4.0, 4.0, 3.0, 4.0, 4.0, 5.0, 3.0, 4.0, 3.0, 0.7754376889869498]",0.1476773405289769,0.15508753779738996,"{""search"": ""same grid; exact integer TS target envelope"", ""z_stages"": [[0.0, 0.9917348121548812, 4097.0, 31131.0, 610.0], [0.14745275893611393, 0.14793700444986144, 1025.0, 31128.0, 475.0], [0.14767691164462596, 0.147677857436645, 1025.0, 31128.0, 465.0], [0.1476773402066346, 0.1476773420538846, 1025.0, 31128.0, 179.0], [0.1476773405277386, 0.1476773405313465, 1025.0, 31128.0, 352.0], [0.1476773405289753, 0.14767734052898235, 1025.0, 31128.0, 232.0]]}",,,,,,,
MovieLens-25M,gap,TS,Two-phase,2,1000000,10,3.0,0.15508753779738996,1000000,0,51695.845932463315,2890407457,infeasible,1713501677,scheduled corrupted rounds,,,0,0.0,,"[0, 0, 0, 0, 0, 0, 0, 0, 0, 0]","[0.0, 0.0, 0.0, 0.0, 0.0, 0.0, 0.0, 0.0, 0.0, 0.0]",,,,2298,1713499379,"{""C1"": 2298, ""C2"": 1713499379, ""K"": 10, ""T"": 1000000, ""beta"": 0.1800742558144034, ""feasible"": false, ""learner"": ""TS"", ""learner_setting"": ""Beta(sum+1, N-sum+1)"", ""mu"": 0.15508753779738996, ""n1"": 69.4381746100914, ""n2"": 390.1618253899086, ""n3"": 5.564132100010513, ""promotion_term"": 843.6167716814657, ""reason"": ""original budget reaches/exceeds T"", ""source"": ""https://proceedings.neurips.cc/paper_files/paper/2021/file/be315e7f05e9f13629031915fe87ad44-Supplemental.pdf"", ""source_section"": ""A.4"", ""target_feedback"": ""Bernoulli(mu_K)"", ""total"": 1713501677, ""version"": ""xu2021-original-settings-v1"", ""waiting_term"": 1713498534.950569}",,,,
MovieLens-25M,gap,UCB,Ours,2,1000000,10,4.0,0.20678338372985325,993469,6531,51695.845932463315,783402163,simulated,6481,injected samples,0.993475,1.0,1,720.0,"[0, 0, 0, 0, 0, 0, 0, 0, 0, 993469]","[722, 722, 713, 722, 722, 731, 713, 722, 713, 1]","[4.0, 4.0, 3.0, 4.0, 4.0, 5.0, 3.0, 4.0, 3.0, 1.0339169186492663]",0.20678338372985325,0.20678338372985325,{},,,,,,,
MovieLens-25M,gap,UCB,Direct,2,1000000,10,4.0,0.20678338372985325,993470,6530,51695.845932463315,425446239,simulated,6480,injected samples,0.993475,1.0,0,720.0,"[0, 0, 0, 0, 0, 0, 0, 0, 0, 993470]","[722, 722, 713, 722, 722, 731, 713, 722, 713, 0]","[4.0, 4.0, 3.0, 4.0, 4.0, 5.0, 3.0, 4.0, 3.0, 1.0339169186492663]",0.21230483266070538,0.20678338372985325,"{""search"": ""same grid; exact integer TS target envelope"", ""z_stages"": [[0.0, 1.005571545254985, 4097.0, 6480.0, 865.0], [0.2121127478272234, 0.2126037495583049, 1025.0, 6480.0, 401.0], [0.2123045453784271, 0.21230550436618312, 1025.0, 6480.0, 307.0], [0.21230483195094013, 0.2123048338239631, 1025.0, 6480.0, 389.0], [0.21230483266064024, 0.21230483266429848, 1025.0, 6480.0, 19.0], [0.21230483266070455, 0.21230483266071168, 1025.0, 6480.0, 118.0]]}",,,,,,,
MovieLens-25M,gap,UCB,Two-phase,2,1000000,10,4.0,0.20678338372985325,1000000,0,51695.845932463315,3952161844,simulated,4085,scheduled corrupted rounds,0.997075,0.997075,0,0.0,"[325, 325, 325, 325, 325, 325, 325, 325, 325, 997075]","[0, 0, 0, 0, 0, 0, 0, 0, 0, 0]","[0.0, 0.0, 0.0, 0.0, 0.0, 0.0, 0.0, 0.0, 0.0, 0.0]",,,,3240,845,"{""C1"": 3240, ""C2"": 845, ""K"": 10, ""T"": 1000000, ""feasible"": true, ""learner"": ""UCB"", ""learner_setting"": ""mean + sqrt(log(T)/N)"", ""mu"": 0.20678338372985325, ""reason"": """", ""source"": ""https://proceedings.neurips.cc/paper_files/paper/2021/file/be315e7f05e9f13629031915fe87ad44-Supplemental.pdf"", ""source_section"": ""A.2"", ""target_feedback"": ""deterministic mu_K"", ""total"": 4085, ""version"": ""xu2021-original-settings-v1""}","[324, 324, 324, 324, 324, 324, 324, 324, 324, 324]","[1, 1, 1, 1, 1, 1, 1, 1, 1, 836]","[0, 0, 0, 0, 0, 0, 0, 0, 0, 995915]",1.0
MovieLens-25M,gap,TS,Ours,2,1000000,10,4.0,0.20678338372985325,981670,18330,51695.845932463315,943770401,simulated,18280,injected samples,0.983568,1.0,1893,1820.7777777777778,"[0, 0, 0, 0, 0, 0, 0, 0, 0, 981670]","[1823, 1823, 1813, 1823, 1823, 1833, 1813, 1823, 1813, 1893]","[4.0, 4.0, 3.0, 4.0, 4.0, 5.0, 3.0, 4.0, 3.0, 1.0339169186492663]",0.19541404291445968,0.20678338372985325,{},,,,,,,
MovieLens-25M,gap,TS,Direct,2,1000000,10,4.0,0.20678338372985325,981890,18110,51695.845932463315,1532891776,simulated,18060,injected samples,0.983567,1.0,1672,1820.888888888889,"[0, 0, 0, 0, 0, 0, 0, 0, 0, 981890]","[1823, 1823, 1813, 1823, 1823, 1834, 1813, 1823, 1813, 1672]","[4.0, 4.0, 3.0, 4.0, 4.0, 5.0, 3.0, 4.0, 3.0, 1.0339169186492663]",0.19539951685568338,0.20678338372985325,"{""search"": ""same grid; exact integer TS target envelope"", ""z_stages"": [[0.0, 0.9917350706460014, 4097.0, 18063.0, 808.0], [0.1953931157254207, 0.19587736136538456, 1025.0, 18060.0, 14.0], [0.1953992633751468, 0.19540020916741235, 1025.0, 18060.0, 275.0], [0.19539951644846784, 0.19539951829571836, 1025.0, 18060.0, 226.0], [0.19539951685435786, 0.19539951685796575, 1025.0, 18060.0, 377.0], [0.19539951685568263, 0.19539951685568968, 1025.0, 18060.0, 107.0]]}",,,,,,,
MovieLens-25M,gap,TS,Two-phase,2,1000000,10,4.0,0.20678338372985325,1000000,0,51695.845932463315,2963766617,infeasible,1901480593645945,scheduled corrupted rounds,,,0,0.0,,"[0, 0, 0, 0, 0, 0, 0, 0, 0, 0]","[0.0, 0.0, 0.0, 0.0, 0.0, 0.0, 0.0, 0.0, 0.0, 0.0]",,,,1293,1901480593644652,"{""C1"": 1293, ""C2"": 1901480593644652, ""K"": 10, ""T"": 1000000, ""beta"": 0.03995065173165885, ""feasible"": false, ""learner"": ""TS"", ""learner_setting"": ""Beta(sum+1, N-sum+1)"", ""mu"": 0.20678338372985325, ""n1"": 9.011186419215505, ""n2"": 249.58881358078452, ""n3"": 25.07986487660793, ""promotion_term"": 674.1435055153747, ""reason"": ""original budget reaches/exceeds T"", ""source"": ""https://proceedings.neurips.cc/paper_files/paper/2021/file/be315e7f05e9f13629031915fe87ad44-Supplemental.pdf"", ""source_section"": ""A.4"", ""target_feedback"": ""Bernoulli(mu_K)"", ""total"": 1901480593645945, ""version"": ""xu2021-original-settings-v1"", ""waiting_term"": 1901480593643977.0}",,,,
MovieLens-25M,gap,UCB,Ours,2,1000000,10,5.0,0.25847922966231657,995724,4276,51695.845932463315,1423638453,simulated,4226,injected samples,0.99573,1.0,1,469.44444444444446,"[0, 0, 0, 0, 0, 0, 0, 0, 0, 995724]","[471, 471, 464, 471, 471, 478, 464, 471, 464, 1]","[4.0, 4.0, 3.0, 4.0, 4.0, 5.0, 3.0, 4.0, 3.0, 1.292396148311583]",0.25847922966231657,0.25847922966231657,{},,,,,,,
MovieLens-25M,gap,UCB,Direct,2,1000000,10,5.0,0.25847922966231657,995725,4275,51695.845932463315,253297744,simulated,4225,injected samples,0.99573,1.0,0,469.44444444444446,"[0, 0, 0, 0, 0, 0, 0, 0, 0, 995725]","[471, 471, 464, 471, 471, 478, 464, 471, 464, 0]","[4.0, 4.0, 3.0, 4.0, 4.0, 5.0, 3.0, 4.0, 3.0, 1.292396148311583]",0.26404069038683686,0.25847922966231657,"{""search"": ""same grid; exact integer TS target envelope"", ""z_stages"": [[0.0, 1.0055718037461052, 4097.0, 4231.0, 1075.0], [0.2636679973689739, 0.2641589992262718, 1025.0, 4225.0, 778.0], [0.26404056420795874, 0.26404152319596125, 1025.0, 4225.0, 135.0], [0.2640406897005294, 0.2640406915735528, 1025.0, 4225.0, 376.0], [0.26404069038645106, 0.2640406903901093, 1025.0, 4225.0, 108.0], [0.2640406903868333, 0.26404069038684047, 1025.0, 4225.0, 505.0]]}",,,,,,,
MovieLens-25M,gap,UCB,Two-phase,2,1000000,10,5.0,0.25847922966231657,1000000,0,51695.845932463315,3495004976,simulated,2792,scheduled corrupted rounds,0.998128,0.998128,0,0.0,"[208, 208, 208, 208, 208, 208, 208, 208, 208, 998128]","[0, 0, 0, 0, 0, 0, 0, 0, 0, 0]","[0.0, 0.0, 0.0, 0.0, 0.0, 0.0, 0.0, 0.0, 0.0, 0.0]",,,,2070,722,"{""C1"": 2070, ""C2"": 722, ""K"": 10, ""T"": 1000000, ""feasible"": true, ""learner"": ""UCB"", ""learner_setting"": ""mean + sqrt(log(T)/N)"", ""mu"": 0.25847922966231657, ""reason"": """", ""source"": ""https://proceedings.neurips.cc/paper_files/paper/2021/file/be315e7f05e9f13629031915fe87ad44-Supplemental.pdf"", ""source_section"": ""A.2"", ""target_feedback"": ""deterministic mu_K"", ""total"": 2792, ""version"": ""xu2021-original-settings-v1""}","[207, 207, 207, 207, 207, 207, 207, 207, 207, 207]","[1, 1, 1, 1, 1, 1, 1, 1, 1, 713]","[0, 0, 0, 0, 0, 0, 0, 0, 0, 997208]",1.0
MovieLens-25M,gap,TS,Ours,2,1000000,10,5.0,0.25847922966231657,987826,12174,51695.845932463315,1613259070,simulated,12124,injected samples,0.989252,1.0,1421,1189.2222222222222,"[0, 0, 0, 0, 0, 0, 0, 0, 0, 987826]","[1191, 1191, 1183, 1191, 1191, 1199, 1183, 1191, 1183, 1421]","[4.0, 4.0, 3.0, 4.0, 4.0, 5.0, 3.0, 4.0, 3.0, 1.292396148311583]",0.24226773704984295,0.25847922966231657,{},,,,,,,
MovieLens-25M,gap,TS,Direct,2,1000000,10,5.0,0.25847922966231657,988055,11945,51695.845932463315,1109290180,simulated,11895,injected samples,0.989287,1.0,1227,1185.3333333333333,"[0, 0, 0, 0, 0, 0, 0, 0, 0, 988055]","[1187, 1187, 1179, 1187, 1187, 1196, 1179, 1187, 1179, 1227]","[4.0, 4.0, 3.0, 4.0, 4.0, 5.0, 3.0, 4.0, 3.0, 1.292396148311583]",0.24262257279784324,0.25847922966231657,"{""search"": ""same grid; exact integer TS target envelope"", ""z_stages"": [[0.0, 0.9917353291371217, 4097.0, 11896.0, 1003.0], [0.24260712885629784, 0.24309137462247807, 1025.0, 11895.0, 33.0], [0.24262226153649097, 0.24262320732900305, 1025.0, 11895.0, 337.0], [0.242622571874659, 0.24262257372190998, 1025.0, 11895.0, 512.0], [0.24262257279648053, 0.24262257280008845, 1025.0, 11895.0, 387.0], [0.24262257279784055, 0.2426225727978476, 1025.0, 11895.0, 390.0]]}",,,,,,,
MovieLens-25M,gap,TS,Two-phase,2,1000000,10,5.0,0.25847922966231657,1000000,0,51695.845932463315,585949069,infeasible,,scheduled corrupted rounds,,,0,0.0,,"[0, 0, 0, 0, 0, 0, 0, 0, 0, 0]","[0.0, 0.0, 0.0, 0.0, 0.0, 0.0, 0.0, 0.0, 0.0, 0.0]",,,,828,0,"{""C1"": 828, ""C2"": null, ""K"": 10, ""T"": 1000000, ""feasible"": false, ""learner"": ""TS"", ""learner_setting"": ""Beta(sum+1, N-sum+1)"", ""mu"": 0.25847922966231657, ""n1"": -13.458956056127466, ""n2"": 179.05895605612744, ""reason"": ""A.4 phase-one lower count bound is nonpositive"", ""source"": ""https://proceedings.neurips.cc/paper_files/paper/2021/file/be315e7f05e9f13629031915fe87ad44-Supplemental.pdf"", ""source_section"": ""A.4"", ""target_feedback"": ""Bernoulli(mu_K)"", ""total"": null, ""version"": ""xu2021-original-settings-v1""}",,,,
MovieLens-25M,gap,UCB,Ours,2,1000000,10,6.0,0.3101750755947799,996973,3027,51695.845932463315,3560993553,simulated,2977,injected samples,0.996979,1.0,1,330.6666666666667,"[0, 0, 0, 0, 0, 0, 0, 0, 0, 996973]","[332, 332, 326, 332, 332, 338, 326, 332, 326, 1]","[4.0, 4.0, 3.0, 4.0, 4.0, 5.0, 3.0, 4.0, 3.0, 1.5508753779738995]",0.3101750755947799,0.3101750755947799,{},,,,,,,
MovieLens-25M,gap,UCB,Direct,2,1000000,10,6.0,0.3101750755947799,996974,3026,51695.845932463315,179349524,simulated,2976,injected samples,0.996979,1.0,0,330.6666666666667,"[0, 0, 0, 0, 0, 0, 0, 0, 0, 996974]","[332, 332, 326, 332, 332, 338, 326, 332, 326, 0]","[4.0, 4.0, 3.0, 4.0, 4.0, 5.0, 3.0, 4.0, 3.0, 1.5508753779738995]",0.31561966011627557,0.3101750755947799,"{""search"": ""same grid; exact integer TS target envelope"", ""z_stages"": [[0.0, 1.0055720622372253, 4097.0, 2976.0, 1286.0], [0.3154687744079186, 0.31595977639143286, 1025.0, 2976.0, 315.0], [0.31561933556301963, 0.3156202945512687, 1025.0, 2976.0, 347.0], [0.3156196595961585, 0.3156196614691824, 1025.0, 2976.0, 285.0], [0.31561966011563, 0.3156196601192882, 1025.0, 2976.0, 181.0], [0.315619660116273, 0.3156196601162802, 1025.0, 2976.0, 362.0]]}",,,,,,,
MovieLens-25M,gap,UCB,Two-phase,2,1000000,10,6.0,0.3101750755947799,1000000,0,51695.845932463315,1176722520,simulated,2088,scheduled corrupted rounds,0.998695,0.998695,0,0.0,"[145, 145, 145, 145, 145, 145, 145, 145, 145, 998695]","[0, 0, 0, 0, 0, 0, 0, 0, 0, 0]","[0.0, 0.0, 0.0, 0.0, 0.0, 0.0, 0.0, 0.0, 0.0, 0.0]",,,,1440,648,"{""C1"": 1440, ""C2"": 648, ""K"": 10, ""T"": 1000000, ""feasible"": true, ""learner"": ""UCB"", ""learner_setting"": ""mean + sqrt(log(T)/N)"", ""mu"": 0.3101750755947799, ""reason"": """", ""source"": ""https://proceedings.neurips.cc/paper_files/paper/2021/file/be315e7f05e9f13629031915fe87ad44-Supplemental.pdf"", ""source_section"": ""A.2"", ""target_feedback"": ""deterministic mu_K"", ""total"": 2088, ""version"": ""xu2021-original-settings-v1""}","[144, 144, 144, 144, 144, 144, 144, 144, 144, 144]","[1, 1, 1, 1, 1, 1, 1, 1, 1, 639]","[0, 0, 0, 0, 0, 0, 0, 0, 0, 997912]",1.0
MovieLens-25M,gap,TS,Ours,2,1000000,10,6.0,0.3101750755947799,991233,8767,51695.845932463315,1046897744,simulated,8717,injected samples,0.992374,1.0,1136,842.3333333333334,"[0, 0, 0, 0, 0, 0, 0, 0, 0, 991233]","[844, 844, 837, 844, 844, 850, 837, 844, 837, 1136]","[4.0, 4.0, 3.0, 4.0, 4.0, 5.0, 3.0, 4.0, 3.0, 1.5508753779738995]",0.2883748035710113,0.3101750755947799,{},,,,,,,
MovieLens-25M,gap,TS,Direct,2,1000000,10,6.0,0.3101750755947799,991458,8542,51695.845932463315,1906444416,simulated,8492,injected samples,0.9924,1.0,937,839.4444444444445,"[0, 0, 0, 0, 0, 0, 0, 0, 0, 991458]","[841, 841, 834, 841, 841, 848, 834, 841, 834, 937]","[4.0, 4.0, 3.0, 4.0, 4.0, 5.0, 3.0, 4.0, 3.0, 1.5508753779738995]",0.28876924387419894,0.3101750755947799,"{""search"": ""same grid; exact integer TS target envelope"", ""z_stages"": [[0.0, 0.9917355876282419, 4097.0, 8493.0, 1192.0], [0.2883684289221768, 0.2888526748145734, 1025.0, 8492.0, 848.0], [0.28876897215543845, 0.288769917948197, 1025.0, 8492.0, 295.0], [0.2887692437014062, 0.28876924554865774, 1025.0, 8492.0, 96.0], [0.2887692438727821, 0.28876924387639, 1025.0, 8492.0, 403.0], [0.2887692438741985, 0.28876924387420555, 1025.0, 8492.0, 61.0]]}",,,,,,,
MovieLens-25M,gap,TS,Two-phase,2,1000000,10,6.0,0.3101750755947799,1000000,0,51695.845932463315,3786508714,infeasible,,scheduled corrupted rounds,,,0,0.0,,"[0, 0, 0, 0, 0, 0, 0, 0, 0, 0]","[0.0, 0.0, 0.0, 0.0, 0.0, 0.0, 0.0, 0.0, 0.0, 0.0]",,,,575,0,"{""C1"": 575, ""C2"": null, ""K"": 10, ""T"": 1000000, ""feasible"": false, ""learner"": ""TS"", ""learner_setting"": ""Beta(sum+1, N-sum+1)"", ""mu"": 0.3101750755947799, ""n1"": -22.715796713439556, ""n2"": 137.71579671343957, ""reason"": ""A.4 phase-one lower count bound is nonpositive"", ""source"": ""https://proceedings.neurips.cc/paper_files/paper/2021/file/be315e7f05e9f13629031915fe87ad44-Supplemental.pdf"", ""source_section"": ""A.4"", ""target_feedback"": ""Bernoulli(mu_K)"", ""total"": null, ""version"": ""xu2021-original-settings-v1""}",,,,
MovieLens-25M,horizon,UCB,Ours,3,100000,10,,0.016442451420029897,73780,26220,10480.819243109449,949130994,simulated,26170,injected samples,0.8958,1.0,15795,1152.7777777777778,"[0, 0, 0, 0, 0, 0, 0, 0, 0, 73780]","[1149, 1161, 1136, 1161, 1161, 1161, 1149, 1161, 1136, 15795]","[3.0, 4.0, 2.0, 4.0, 4.0, 4.0, 3.0, 4.0, 2.0, 0.0]",0.13639342465744664,0.0,{},,,,,,,
MovieLens-25M,horizon,UCB,Clipped Suppression,3,100000,10,,0.016442451420029897,100000,0,10480.819243109449,1753298086,simulated,80874,suppressed non-target rounds (including 0->0),0.19126,0.19126,0,0.0,"[8986, 8986, 8986, 8986, 8986, 8986, 8986, 8986, 8986, 19126]","[0, 0, 0, 0, 0, 0, 0, 0, 0, 0]","[0.0, 0.0, 0.0, 0.0, 0.0, 0.0, 0.0, 0.0, 0.0, 0.0]",,,,,,,,,,
MovieLens-25M,horizon,TS,Ours,3,100000,10,,0.016442451420029897,58126,41874,10480.819243109449,3549352824,simulated,41824,injected samples,0.8485,1.0,26719,1678.3333333333333,"[0, 0, 0, 0, 0, 0, 0, 0, 0, 58126]","[1675, 1685, 1665, 1685, 1685, 1685, 1675, 1685, 1665, 26719]","[3.0, 4.0, 2.0, 4.0, 4.0, 4.0, 3.0, 4.0, 2.0, 0.0]",0.18926130814915726,0.0,{},,,,,,,
MovieLens-25M,horizon,TS,Clipped Suppression,3,100000,10,,0.016442451420029897,100000,0,10480.819243109449,2914945853,simulated,67330,suppressed non-target rounds (including 0->0),0.3267,0.3267,0,0.0,"[7437, 7514, 7548, 7426, 7525, 7483, 7473, 7443, 7481, 32670]","[0, 0, 0, 0, 0, 0, 0, 0, 0, 0]","[0.0, 0.0, 0.0, 0.0, 0.0, 0.0, 0.0, 0.0, 0.0, 0.0]",,,,,,,,,,
MovieLens-25M,horizon,UCB,Ours,3,250000,10,,0.016442451420029897,201320,48680,19804.988134665902,1528214473,simulated,48630,injected samples,0.925204,1.0,29976,2072.6666666666665,"[0, 0, 0, 0, 0, 0, 0, 0, 0, 201320]","[2067, 2084, 2050, 2084, 2084, 2084, 2067, 2084, 2050, 29976]","[3.0, 4.0, 2.0, 4.0, 4.0, 4.0, 3.0, 4.0, 2.0, 0.0]",0.107061882944982,0.0,{},,,,,,,
MovieLens-25M,horizon,UCB,Clipped Suppression,3,250000,10,,0.016442451420029897,250000,0,19804.988134665902,2963007476,simulated,186690,suppressed non-target rounds (including 0->0),0.25324,0.25324,0,0.0,"[20744, 20744, 20744, 20743, 20743, 20743, 20743, 20743, 20743, 63310]","[0, 0, 0, 0, 0, 0, 0, 0, 0, 0]","[0.0, 0.0, 0.0, 0.0, 0.0, 0.0, 0.0, 0.0, 0.0, 0.0]",,,,,,,,,,
MovieLens-25M,horizon,TS,Ours,3,250000,10,,0.016442451420029897,175321,74679,19804.988134665902,3925425030,simulated,74629,injected samples,0.894884,1.0,48395,2914.8888888888887,"[0, 0, 0, 0, 0, 0, 0, 0, 0, 175321]","[2910, 2924, 2897, 2924, 2924, 2924, 2910, 2924, 2897, 48395]","[3.0, 4.0, 2.0, 4.0, 4.0, 4.0, 3.0, 4.0, 2.0, 0.0]",0.14768460506285946,0.0,{},,,,,,,
MovieLens-25M,horizon,TS,Clipped Suppression,3,250000,10,,0.016442451420029897,250000,0,19804.988134665902,2106792738,simulated,125337,suppressed non-target rounds (including 0->0),0.498652,0.498652,0,0.0,"[13849, 13913, 13853, 13859, 13972, 13962, 13909, 14068, 13952, 124663]","[0, 0, 0, 0, 0, 0, 0, 0, 0, 0]","[0.0, 0.0, 0.0, 0.0, 0.0, 0.0, 0.0, 0.0, 0.0, 0.0]",,,,,,,,,,
MovieLens-25M,horizon,UCB,Ours,3,400000,10,,0.016442451420029897,333053,66947,27430.126400660687,849648913,simulated,66897,injected samples,0.93666,1.0,41606,2810.1111111111113,"[0, 0, 0, 0, 0, 0, 0, 0, 0, 333053]","[2804, 2823, 2784, 2823, 2823, 2823, 2804, 2823, 2784, 41606]","[3.0, 4.0, 2.0, 4.0, 4.0, 4.0, 3.0, 4.0, 2.0, 0.0]",0.0942128606902691,0.0,{},,,,,,,
MovieLens-25M,horizon,UCB,Clipped Suppression,3,400000,10,,0.016442451420029897,400000,0,27430.126400660687,452496913,simulated,266379,suppressed non-target rounds (including 0->0),0.3340525,0.3340525,0,0.0,"[29598, 29598, 29598, 29598, 29598, 29598, 29597, 29597, 29597, 133621]","[0, 0, 0, 0, 0, 0, 0, 0, 0, 0]","[0.0, 0.0, 0.0, 0.0, 0.0, 0.0, 0.0, 0.0, 0.0, 0.0]",,,,,,,,,,
MovieLens-25M,horizon,TS,Ours,3,400000,10,,0.016442451420029897,299067,100933,27430.126400660687,2481610265,simulated,100883,injected samples,0.912205,1.0,65810,3897.0,"[0, 0, 0, 0, 0, 0, 0, 0, 0, 299067]","[3892, 3907, 3877, 3907, 3907, 3907, 3892, 3907, 3877, 65810]","[3.0, 4.0, 2.0, 4.0, 4.0, 4.0, 3.0, 4.0, 2.0, 0.0]",0.12950349726704186,0.0,{},,,,,,,
MovieLens-25M,horizon,TS,Clipped Suppression,3,400000,10,,0.016442451420029897,400000,0,27430.126400660687,3200487505,simulated,162166,suppressed non-target rounds (including 0->0),0.594585,0.594585,0,0.0,"[17983, 18049, 18098, 18091, 17986, 17898, 18012, 18055, 17994, 237834]","[0, 0, 0, 0, 0, 0, 0, 0, 0, 0]","[0.0, 0.0, 0.0, 0.0, 0.0, 0.0, 0.0, 0.0, 0.0, 0.0]",,,,,,,,,,
MovieLens-25M,horizon,UCB,Ours,3,550000,10,,0.016442451420029897,466886,83114,34194.80516566394,2785885882,simulated,83064,injected samples,0.9433327272727273,1.0,51942,3458.0,"[0, 0, 0, 0, 0, 0, 0, 0, 0, 466886]","[3451, 3472, 3430, 3472, 3472, 3472, 3451, 3472, 3430, 51942]","[3.0, 4.0, 2.0, 4.0, 4.0, 4.0, 3.0, 4.0, 2.0, 0.0]",0.08628775696051816,0.0,{},,,,,,,
MovieLens-25M,horizon,UCB,Clipped Suppression,3,550000,10,,0.016442451420029897,550000,0,34194.80516566394,605341123,simulated,332427,suppressed non-target rounds (including 0->0),0.39558727272727273,0.39558727272727273,0,0.0,"[36937, 36937, 36937, 36936, 36936, 36936, 36936, 36936, 36936, 217573]","[0, 0, 0, 0, 0, 0, 0, 0, 0, 0]","[0.0, 0.0, 0.0, 0.0, 0.0, 0.0, 0.0, 0.0, 0.0, 0.0]",,,,,,,,,,
MovieLens-25M,horizon,TS,Ours,3,550000,10,,0.016442451420029897,426032,123968,34194.80516566394,2187389945,simulated,123918,injected samples,0.9220981818181818,1.0,81117,4755.666666666667,"[0, 0, 0, 0, 0, 0, 0, 0, 0, 426032]","[4750, 4767, 4733, 4767, 4767, 4767, 4750, 4767, 4733, 81117]","[3.0, 4.0, 2.0, 4.0, 4.0, 4.0, 3.0, 4.0, 2.0, 0.0]",0.11831300010073795,0.0,{},,,,,,,
MovieLens-25M,horizon,TS,Clipped Suppression,3,550000,10,,0.016442451420029897,550000,0,34194.80516566394,884571407,simulated,172347,suppressed non-target rounds (including 0->0),0.6866418181818181,0.6866418181818181,0,0.0,"[19075, 19262, 19129, 19159, 19202, 19165, 19105, 19252, 18998, 377653]","[0, 0, 0, 0, 0, 0, 0, 0, 0, 0]","[0.0, 0.0, 0.0, 0.0, 0.0, 0.0, 0.0, 0.0, 0.0, 0.0]",,,,,,,,,,
MovieLens-25M,horizon,UCB,Ours,3,700000,10,,0.016442451420029897,602076,97924,40401.844201652595,4229165547,simulated,97874,injected samples,0.9478814285714285,1.0,61436,4048.6666666666665,"[0, 0, 0, 0, 0, 0, 0, 0, 0, 602076]","[4041, 4064, 4018, 4064, 4064, 4064, 4041, 4064, 4018, 61436]","[3.0, 4.0, 2.0, 4.0, 4.0, 4.0, 3.0, 4.0, 2.0, 0.0]",0.08068277628727394,0.0,{},,,,,,,
MovieLens-25M,horizon,UCB,Clipped Suppression,3,700000,10,,0.016442451420029897,700000,0,40401.844201652595,3203996052,simulated,387855,suppressed non-target rounds (including 0->0),0.4459214285714286,0.4459214285714286,0,0.0,"[43095, 43095, 43095, 43095, 43095, 43095, 43095, 43095, 43095, 312145]","[0, 0, 0, 0, 0, 0, 0, 0, 0, 0]","[0.0, 0.0, 0.0, 0.0, 0.0, 0.0, 0.0, 0.0, 0.0, 0.0]",,,,,,,,,,
MovieLens-25M,horizon,TS,Ours,3,700000,10,,0.016442451420029897,555049,144951,40401.844201652595,1886349796,simulated,144901,injected samples,0.9287585714285714,1.0,95077,5536.0,"[0, 0, 0, 0, 0, 0, 0, 0, 0, 555049]","[5530, 5548, 5512, 5548, 5548, 5548, 5530, 5548, 5512, 95077]","[3.0, 4.0, 2.0, 4.0, 4.0, 4.0, 3.0, 4.0, 2.0, 0.0]",0.11041297567997538,0.0,{},,,,,,,
MovieLens-25M,horizon,TS,Clipped Suppression,3,700000,10,,0.016442451420029897,700000,0,40401.844201652595,1460610369,simulated,187148,suppressed non-target rounds (including 0->0),0.7326457142857142,0.7326457142857142,0,0.0,"[20826, 20697, 20768, 20750, 20827, 20801, 20814, 20868, 20797, 512852]","[0, 0, 0, 0, 0, 0, 0, 0, 0, 0]","[0.0, 0.0, 0.0, 0.0, 0.0, 0.0, 0.0, 0.0, 0.0, 0.0]",,,,,,,,,,
MovieLens-25M,horizon,UCB,Ours,3,850000,10,,0.016442451420029897,738247,111753,46204.95572790959,1052433245,simulated,111703,injected samples,0.9512623529411764,1.0,70321,4598.0,"[0, 0, 0, 0, 0, 0, 0, 0, 0, 738247]","[4590, 4614, 4566, 4614, 4614, 4614, 4590, 4614, 4566, 70321]","[3.0, 4.0, 2.0, 4.0, 4.0, 4.0, 3.0, 4.0, 2.0, 0.0]",0.07640787564258947,0.0,{},,,,,,,
MovieLens-25M,horizon,UCB,Clipped Suppression,3,850000,10,,0.016442451420029897,850000,0,46204.95572790959,425674346,simulated,433302,suppressed non-target rounds (including 0->0),0.4902329411764706,0.4902329411764706,0,0.0,"[48145, 48145, 48145, 48145, 48145, 48145, 48144, 48144, 48144, 416698]","[0, 0, 0, 0, 0, 0, 0, 0, 0, 0]","[0.0, 0.0, 0.0, 0.0, 0.0, 0.0, 0.0, 0.0, 0.0, 0.0]",,,,,,,,,,
MovieLens-25M,horizon,TS,Ours,3,850000,10,,0.016442451420029897,685534,164466,46204.95572790959,1455142914,simulated,164416,injected samples,0.933655294117647,1.0,108068,6260.888888888889,"[0, 0, 0, 0, 0, 0, 0, 0, 0, 685534]","[6254, 6274, 6235, 6274, 6274, 6274, 6254, 6274, 6235, 108068]","[3.0, 4.0, 2.0, 4.0, 4.0, 4.0, 3.0, 4.0, 2.0, 0.0]",0.10439712030483575,0.0,{},,,,,,,
MovieLens-25M,horizon,TS,Clipped Suppression,3,850000,10,,0.016442451420029897,850000,0,46204.95572790959,2656457952,simulated,199304,suppressed non-target rounds (including 0->0),0.765524705882353,0.765524705882353,0,0.0,"[22131, 22111, 22121, 22187, 22182, 22155, 22151, 22156, 22110, 650696]","[0, 0, 0, 0, 0, 0, 0, 0, 0, 0]","[0.0, 0.0, 0.0, 0.0, 0.0, 0.0, 0.0, 0.0, 0.0, 0.0]",,,,,,,,,,
MovieLens-25M,horizon,UCB,Ours,3,1000000,10,,0.016442451420029897,875168,124832,51695.845932463315,3919247529,simulated,124782,injected samples,0.953908,1.0,78735,5116.333333333333,"[0, 0, 0, 0, 0, 0, 0, 0, 0, 875168]","[5108, 5133, 5083, 5133, 5133, 5133, 5108, 5133, 5083, 78735]","[3.0, 4.0, 2.0, 4.0, 4.0, 4.0, 3.0, 4.0, 2.0, 0.0]",0.07298658552245693,0.0,{},,,,,,,
MovieLens-25M,horizon,UCB,Clipped Suppression,3,1000000,10,,0.016442451420029897,1000000,0,51695.845932463315,2230905441,simulated,484452,suppressed non-target rounds (including 0->0),0.515548,0.515548,0,0.0,"[53828, 53828, 53828, 53828, 53828, 53828, 53828, 53828, 53828, 515548]","[0, 0, 0, 0, 0, 0, 0, 0, 0, 0]","[0.0, 0.0, 0.0, 0.0, 0.0, 0.0, 0.0, 0.0, 0.0, 0.0]",,,,,,,,,,
MovieLens-25M,horizon,TS,Ours,3,1000000,10,,0.016442451420029897,817150,182850,51695.845932463315,2885590746,simulated,182800,injected samples,0.937471,1.0,120316,6942.666666666667,"[0, 0, 0, 0, 0, 0, 0, 0, 0, 817150]","[6936, 6956, 6916, 6956, 6956, 6956, 6936, 6956, 6916, 120316]","[3.0, 4.0, 2.0, 4.0, 4.0, 4.0, 3.0, 4.0, 2.0, 0.0]",0.09958912579188509,0.0,{},,,,,,,
MovieLens-25M,horizon,TS,Clipped Suppression,3,1000000,10,,0.016442451420029897,1000000,0,51695.845932463315,1720222035,simulated,199976,suppressed non-target rounds (including 0->0),0.800024,0.800024,0,0.0,"[22256, 22220, 22223, 22199, 22266, 22217, 22219, 22212, 22164, 800024]","[0, 0, 0, 0, 0, 0, 0, 0, 0, 0]","[0.0, 0.0, 0.0, 0.0, 0.0, 0.0, 0.0, 0.0, 0.0, 0.0]",,,,,,,,,,
MovieLens-25M,arms,UCB,Ours,3,1000000,5,,0.016442451420029897,907346,92654,41031.02010778911,1648788501,simulated,92629,injected samples,0.965714,1.0,58363,8566.5,"[0, 0, 0, 0, 907346]","[8591, 8526, 8558, 8591, 58363]","[5.0, 3.0, 4.0, 5.0, 0.0]",0.05514305261239258,0.0,{},,,,,,,
MovieLens-25M,arms,UCB,Clipped Suppression,3,1000000,5,,0.016442451420029897,1000000,0,41031.02010778911,1264819091,simulated,240148,suppressed non-target rounds (including 0->0),0.759852,0.759852,0,0.0,"[60037, 60037, 60037, 60037, 759852]","[0, 0, 0, 0, 0]","[0.0, 0.0, 0.0, 0.0, 0.0]",,,,,,,,,,
MovieLens-25M,arms,TS,Ours,3,1000000,5,,0.016442451420029897,861764,138236,41031.02010778911,2528695588,simulated,138211,injected samples,0.95417,1.0,92401,11452.5,"[0, 0, 0, 0, 861764]","[11472, 11420, 11446, 11472, 92401]","[5.0, 3.0, 4.0, 5.0, 0.0]",0.07676093357769362,0.0,{},,,,,,,
MovieLens-25M,arms,TS,Clipped Suppression,3,1000000,5,,0.016442451420029897,1000000,0,41031.02010778911,1543882035,simulated,95431,suppressed non-target rounds (including 0->0),0.904569,0.904569,0,0.0,"[23829, 23906, 23919, 23777, 904569]","[0, 0, 0, 0, 0]","[0.0, 0.0, 0.0, 0.0, 0.0]",,,,,,,,,,
MovieLens-25M,arms,UCB,Ours,3,1000000,10,,0.016442451420029897,875168,124832,51695.845932463315,3919247529,simulated,124782,injected samples,0.953908,1.0,78735,5116.333333333333,"[0, 0, 0, 0, 0, 0, 0, 0, 0, 875168]","[5108, 5133, 5083, 5133, 5133, 5133, 5108, 5133, 5083, 78735]","[3.0, 4.0, 2.0, 4.0, 4.0, 4.0, 3.0, 4.0, 2.0, 0.0]",0.07298658552245693,0.0,{},,,,,,,
MovieLens-25M,arms,UCB,Clipped Suppression,3,1000000,10,,0.016442451420029897,1000000,0,51695.845932463315,2230905441,simulated,484452,suppressed non-target rounds (including 0->0),0.515548,0.515548,0,0.0,"[53828, 53828, 53828, 53828, 53828, 53828, 53828, 53828, 53828, 515548]","[0, 0, 0, 0, 0, 0, 0, 0, 0, 0]","[0.0, 0.0, 0.0, 0.0, 0.0, 0.0, 0.0, 0.0, 0.0, 0.0]",,,,,,,,,,
MovieLens-25M,arms,TS,Ours,3,1000000,10,,0.016442451420029897,817150,182850,51695.845932463315,2885590746,simulated,182800,injected samples,0.937471,1.0,120316,6942.666666666667,"[0, 0, 0, 0, 0, 0, 0, 0, 0, 817150]","[6936, 6956, 6916, 6956, 6956, 6956, 6936, 6956, 6916, 120316]","[3.0, 4.0, 2.0, 4.0, 4.0, 4.0, 3.0, 4.0, 2.0, 0.0]",0.09958912579188509,0.0,{},,,,,,,
MovieLens-25M,arms,TS,Clipped Suppression,3,1000000,10,,0.016442451420029897,1000000,0,51695.845932463315,1720222035,simulated,199976,suppressed non-target rounds (including 0->0),0.800024,0.800024,0,0.0,"[22256, 22220, 22223, 22199, 22266, 22217, 22219, 22212, 22164, 800024]","[0, 0, 0, 0, 0, 0, 0, 0, 0, 0]","[0.0, 0.0, 0.0, 0.0, 0.0, 0.0, 0.0, 0.0, 0.0, 0.0]",,,,,,,,,,
MovieLens-25M,arms,UCB,Ours,3,1000000,15,,0.016442451420029897,853013,146987,59176.97111973348,2248076740,simulated,146912,injected samples,0.945584,1.0,92566,3881.8571428571427,"[0, 0, 0, 0, 0, 0, 0, 0, 0, 0, 0, 0, 0, 0, 853013]","[3874, 3896, 3896, 3874, 3896, 3852, 3918, 3896, 3874, 3852, 3874, 3874, 3874, 3896, 92566]","[3.0, 4.0, 4.0, 3.0, 4.0, 2.0, 5.0, 4.0, 3.0, 2.0, 3.0, 3.0, 3.0, 4.0, 0.0]",0.08472215167001731,0.0,{},,,,,,,
MovieLens-25M,arms,UCB,Clipped Suppression,3,1000000,15,,0.016442451420029897,1000000,0,59176.97111973348,2604213381,simulated,652242,suppressed non-target rounds (including 0->0),0.347758,0.347758,0,0.0,"[46589, 46589, 46589, 46589, 46589, 46589, 46589, 46589, 46589, 46589, 46588, 46588, 46588, 46588, 347758]","[0, 0, 0, 0, 0, 0, 0, 0, 0, 0, 0, 0, 0, 0, 0]","[0.0, 0.0, 0.0, 0.0, 0.0, 0.0, 0.0, 0.0, 0.0, 0.0, 0.0, 0.0, 0.0, 0.0, 0.0]",,,,,,,,,,
MovieLens-25M,arms,TS,Ours,3,1000000,15,,0.016442451420029897,786107,213893,59176.97111973348,1387666560,simulated,213818,injected samples,0.925535,1.0,139423,5313.928571428572,"[0, 0, 0, 0, 0, 0, 0, 0, 0, 0, 0, 0, 0, 0, 786107]","[5308, 5325, 5325, 5308, 5325, 5290, 5342, 5325, 5308, 5290, 5308, 5308, 5308, 5325, 139423]","[3.0, 4.0, 4.0, 3.0, 4.0, 2.0, 5.0, 4.0, 3.0, 2.0, 3.0, 3.0, 3.0, 4.0, 0.0]",0.11457724133766953,0.0,{},,,,,,,
MovieLens-25M,arms,TS,Clipped Suppression,3,1000000,15,,0.016442451420029897,1000000,0,59176.97111973348,1768675849,simulated,323396,suppressed non-target rounds (including 0->0),0.676604,0.676604,0,0.0,"[23074, 23120, 23161, 23079, 23145, 23110, 23100, 23251, 23003, 23087, 23112, 23031, 23040, 23083, 676604]","[0, 0, 0, 0, 0, 0, 0, 0, 0, 0, 0, 0, 0, 0, 0]","[0.0, 0.0, 0.0, 0.0, 0.0, 0.0, 0.0, 0.0, 0.0, 0.0, 0.0, 0.0, 0.0, 0.0, 0.0]",,,,,,,,,,
MovieLens-25M,arms,UCB,Ours,3,1000000,20,,0.016442451420029897,835303,164697,65132.68448243278,2176357703,simulated,164597,injected samples,0.938809,1.0,103501,3215.5789473684213,"[0, 0, 0, 0, 0, 0, 0, 0, 0, 0, 0, 0, 0, 0, 0, 0, 0, 0, 0, 835303]","[3244, 3184, 3224, 3224, 3224, 3204, 3204, 3224, 3204, 3184, 3224, 3224, 3224, 3244, 3204, 3204, 3224, 3204, 3224, 103501]","[5.0, 2.0, 4.0, 4.0, 4.0, 3.0, 3.0, 4.0, 3.0, 2.0, 4.0, 4.0, 4.0, 5.0, 3.0, 3.0, 4.0, 3.0, 4.0, 0.0]",0.0937917833757857,0.0,{},,,,,,,
MovieLens-25M,arms,UCB,Clipped Suppression,3,1000000,20,,0.016442451420029897,1000000,0,65132.68448243278,2365180765,simulated,768124,suppressed non-target rounds (including 0->0),0.231876,0.231876,0,0.0,"[40428, 40428, 40428, 40428, 40428, 40428, 40428, 40428, 40428, 40428, 40428, 40427, 40427, 40427, 40427, 40427, 40427, 40427, 40427, 231876]","[0, 0, 0, 0, 0, 0, 0, 0, 0, 0, 0, 0, 0, 0, 0, 0, 0, 0, 0, 0]","[0.0, 0.0, 0.0, 0.0, 0.0, 0.0, 0.0, 0.0, 0.0, 0.0, 0.0, 0.0, 0.0, 0.0, 0.0, 0.0, 0.0, 0.0, 0.0, 0.0]",,,,,,,,,,
MovieLens-25M,arms,TS,Ours,3,1000000,20,,0.016442451420029897,761159,238841,65132.68448243278,2713334301,simulated,238741,injected samples,0.91576,1.0,154596,4428.684210526316,"[0, 0, 0, 0, 0, 0, 0, 0, 0, 0, 0, 0, 0, 0, 0, 0, 0, 0, 0, 761159]","[4451, 4404, 4435, 4435, 4435, 4420, 4420, 4435, 4420, 4404, 4435, 4435, 4435, 4451, 4420, 4420, 4435, 4420, 4435, 154596]","[5.0, 2.0, 4.0, 4.0, 4.0, 3.0, 3.0, 4.0, 3.0, 2.0, 4.0, 4.0, 4.0, 5.0, 3.0, 3.0, 4.0, 3.0, 4.0, 0.0]",0.12612943475264077,0.0,{},,,,,,,
MovieLens-25M,arms,TS,Clipped Suppression,3,1000000,20,,0.016442451420029897,1000000,0,65132.68448243278,3448775171,simulated,402059,suppressed non-target rounds (including 0->0),0.597941,0.597941,0,0.0,"[21178, 21151, 21126, 21190, 21205, 21163, 21213, 21153, 21203, 21066, 21208, 21248, 21107, 21133, 21177, 21103, 21120, 21097, 21218, 597941]","[0, 0, 0, 0, 0, 0, 0, 0, 0, 0, 0, 0, 0, 0, 0, 0, 0, 0, 0, 0]","[0.0, 0.0, 0.0, 0.0, 0.0, 0.0, 0.0, 0.0, 0.0, 0.0, 0.0, 0.0, 0.0, 0.0, 0.0, 0.0, 0.0, 0.0, 0.0, 0.0]",,,,,,,,,,
MovieLens-25M,arms,UCB,Ours,3,1000000,30,,0.016442451420029897,807292,192708,74558.3115827732,1358224736,simulated,192558,injected samples,0.927994,1.0,120697,2477.9655172413795,"[0, 0, 0, 0, 0, 0, 0, 0, 0, 0, 0, 0, 0, 0, 0, 0, 0, 0, 0, 0, 0, 0, 0, 0, 0, 0, 0, 0, 0, 807292]","[2506, 2488, 2471, 2453, 2471, 2488, 2488, 2488, 2488, 2471, 2488, 2471, 2488, 2471, 2488, 2506, 2506, 2471, 2488, 2506, 2471, 2471, 2471, 2453, 2488, 2453, 2453, 2453, 2453, 120697]","[5.0, 4.0, 3.0, 2.0, 3.0, 4.0, 4.0, 4.0, 4.0, 3.0, 4.0, 3.0, 4.0, 3.0, 4.0, 5.0, 5.0, 3.0, 4.0, 5.0, 3.0, 3.0, 3.0, 2.0, 4.0, 2.0, 2.0, 2.0, 2.0, 0.0]",0.10769686116308286,0.0,{},,,,,,,
MovieLens-25M,arms,UCB,Clipped Suppression,3,1000000,30,,0.016442451420029897,1000000,0,74558.3115827732,2016077788,simulated,876286,suppressed non-target rounds (including 0->0),0.123714,0.123714,0,0.0,"[30217, 30217, 30217, 30217, 30217, 30217, 30217, 30217, 30217, 30217, 30217, 30217, 30217, 30217, 30217, 30217, 30217, 30217, 30217, 30217, 30217, 30217, 30216, 30216, 30216, 30216, 30216, 30216, 30216, 123714]","[0, 0, 0, 0, 0, 0, 0, 0, 0, 0, 0, 0, 0, 0, 0, 0, 0, 0, 0, 0, 0, 0, 0, 0, 0, 0, 0, 0, 0, 0]","[0.0, 0.0, 0.0, 0.0, 0.0, 0.0, 0.0, 0.0, 0.0, 0.0, 0.0, 0.0, 0.0, 0.0, 0.0, 0.0, 0.0, 0.0, 0.0, 0.0, 0.0, 0.0, 0.0, 0.0, 0.0, 0.0, 0.0, 0.0, 0.0, 0.0]",,,,,,,,,,
MovieLens-25M,arms,TS,Ours,3,1000000,30,,0.016442451420029897,721233,278767,74558.3115827732,1655442622,simulated,278617,injected samples,0.899863,1.0,178625,3448.0,"[0, 0, 0, 0, 0, 0, 0, 0, 0, 0, 0, 0, 0, 0, 0, 0, 0, 0, 0, 0, 0, 0, 0, 0, 0, 0, 0, 0, 0, 721233]","[3470, 3456, 3442, 3429, 3442, 3456, 3456, 3456, 3456, 3442, 3456, 3442, 3456, 3442, 3456, 3470, 3470, 3442, 3456, 3470, 3442, 3442, 3442, 3429, 3456, 3429, 3429, 3429, 3429, 178625]","[5.0, 4.0, 3.0, 2.0, 3.0, 4.0, 4.0, 4.0, 4.0, 3.0, 4.0, 3.0, 4.0, 3.0, 4.0, 5.0, 5.0, 3.0, 4.0, 5.0, 3.0, 3.0, 3.0, 2.0, 4.0, 2.0, 2.0, 2.0, 2.0, 0.0]",0.14382169409632667,0.0,{},,,,,,,
MovieLens-25M,arms,TS,Clipped Suppression,3,1000000,30,,0.016442451420029897,1000000,0,74558.3115827732,3558074494,simulated,568521,suppressed non-target rounds (including 0->0),0.431479,0.431479,0,0.0,"[19534, 19570, 19618, 19633, 19591, 19604, 19619, 19504, 19599, 19633, 19607, 19629, 19629, 19610, 19556, 19671, 19672, 19575, 19621, 19655, 19513, 19667, 19591, 19624, 19624, 19534, 19684, 19584, 19570, 431479]","[0, 0, 0, 0, 0, 0, 0, 0, 0, 0, 0, 0, 0, 0, 0, 0, 0, 0, 0, 0, 0, 0, 0, 0, 0, 0, 0, 0, 0, 0]","[0.0, 0.0, 0.0, 0.0, 0.0, 0.0, 0.0, 0.0, 0.0, 0.0, 0.0, 0.0, 0.0, 0.0, 0.0, 0.0, 0.0, 0.0, 0.0, 0.0, 0.0, 0.0, 0.0, 0.0, 0.0, 0.0, 0.0, 0.0, 0.0, 0.0]",,,,,,,,,,
MovieLens-25M,arms,UCB,Ours,3,1000000,40,,0.016442451420029897,784708,215292,82062.04021557822,313307759,simulated,215092,injected samples,0.919124,1.0,134411,2068.74358974359,"[0, 0, 0, 0, 0, 0, 0, 0, 0, 0, 0, 0, 0, 0, 0, 0, 0, 0, 0, 0, 0, 0, 0, 0, 0, 0, 0, 0, 0, 0, 0, 0, 0, 0, 0, 0, 0, 0, 0, 784708]","[2079, 2063, 2079, 2079, 2095, 2095, 2095, 2079, 2047, 2079, 2095, 2079, 2063, 2079, 2047, 2079, 2079, 2063, 2079, 2095, 2095, 2079, 2063, 2063, 2063, 2047, 2047, 2095, 2047, 2063, 2063, 2047, 2079, 2031, 2047, 2079, 2079, 2015, 2031, 134411]","[4.0, 3.0, 4.0, 4.0, 5.0, 5.0, 5.0, 4.0, 2.0, 4.0, 5.0, 4.0, 3.0, 4.0, 2.0, 4.0, 4.0, 3.0, 4.0, 5.0, 5.0, 4.0, 3.0, 3.0, 3.0, 2.0, 2.0, 5.0, 2.0, 3.0, 3.0, 2.0, 4.0, 1.0, 2.0, 4.0, 4.0, 0.0, 1.0, 0.0]",0.11848378916154009,0.0,{},,,,,,,
MovieLens-25M,arms,UCB,Clipped Suppression,3,1000000,40,,0.016442451420029897,1000000,0,82062.04021557822,2375462960,simulated,926214,suppressed non-target rounds (including 0->0),0.073786,0.073786,0,0.0,"[23750, 23750, 23750, 23749, 23749, 23749, 23749, 23749, 23749, 23749, 23749, 23749, 23749, 23749, 23749, 23749, 23749, 23749, 23749, 23749, 23749, 23749, 23749, 23749, 23749, 23749, 23749, 23749, 23749, 23749, 23749, 23749, 23749, 23749, 23749, 23749, 23749, 23749, 23749, 73786]","[0, 0, 0, 0, 0, 0, 0, 0, 0, 0, 0, 0, 0, 0, 0, 0, 0, 0, 0, 0, 0, 0, 0, 0, 0, 0, 0, 0, 0, 0, 0, 0, 0, 0, 0, 0, 0, 0, 0, 0]","[0.0, 0.0, 0.0, 0.0, 0.0, 0.0, 0.0, 0.0, 0.0, 0.0, 0.0, 0.0, 0.0, 0.0, 0.0, 0.0, 0.0, 0.0, 0.0, 0.0, 0.0, 0.0, 0.0, 0.0, 0.0, 0.0, 0.0, 0.0, 0.0, 0.0, 0.0, 0.0, 0.0, 0.0, 0.0, 0.0, 0.0, 0.0, 0.0, 0.0]",,,,,,,,,,
MovieLens-25M,arms,TS,Ours,3,1000000,40,,0.016442451420029897,688782,311218,82062.04021557822,1811164378,simulated,311018,injected samples,0.886676,1.0,197889,2900.74358974359,"[0, 0, 0, 0, 0, 0, 0, 0, 0, 0, 0, 0, 0, 0, 0, 0, 0, 0, 0, 0, 0, 0, 0, 0, 0, 0, 0, 0, 0, 0, 0, 0, 0, 0, 0, 0, 0, 0, 0, 688782]","[2909, 2896, 2909, 2909, 2921, 2921, 2921, 2909, 2884, 2909, 2921, 2909, 2896, 2909, 2884, 2909, 2909, 2896, 2909, 2921, 2921, 2909, 2896, 2896, 2896, 2884, 2884, 2921, 2884, 2896, 2896, 2884, 2909, 2871, 2884, 2909, 2909, 2858, 2871, 197889]","[4.0, 3.0, 4.0, 4.0, 5.0, 5.0, 5.0, 4.0, 2.0, 4.0, 5.0, 4.0, 3.0, 4.0, 2.0, 4.0, 4.0, 3.0, 4.0, 5.0, 5.0, 4.0, 3.0, 3.0, 3.0, 2.0, 2.0, 5.0, 2.0, 3.0, 3.0, 2.0, 4.0, 1.0, 2.0, 4.0, 4.0, 0.0, 1.0, 0.0]",0.15749756248955205,0.0,{},,,,,,,
MovieLens-25M,arms,TS,Clipped Suppression,3,1000000,40,,0.016442451420029897,1000000,0,82062.04021557822,3536895888,simulated,704646,suppressed non-target rounds (including 0->0),0.295354,0.295354,0,0.0,"[18068, 18032, 18164, 18076, 18131, 18070, 17979, 18066, 18071, 18016, 18070, 18041, 17988, 18148, 18084, 18089, 18117, 18067, 18017, 18044, 18058, 18101, 18087, 18083, 18079, 18039, 18016, 18031, 17990, 18037, 18091, 18108, 18097, 18063, 18110, 18110, 18018, 18102, 18088, 295354]","[0, 0, 0, 0, 0, 0, 0, 0, 0, 0, 0, 0, 0, 0, 0, 0, 0, 0, 0, 0, 0, 0, 0, 0, 0, 0, 0, 0, 0, 0, 0, 0, 0, 0, 0, 0, 0, 0, 0, 0]","[0.0, 0.0, 0.0, 0.0, 0.0, 0.0, 0.0, 0.0, 0.0, 0.0, 0.0, 0.0, 0.0, 0.0, 0.0, 0.0, 0.0, 0.0, 0.0, 0.0, 0.0, 0.0, 0.0, 0.0, 0.0, 0.0, 0.0, 0.0, 0.0, 0.0, 0.0, 0.0, 0.0, 0.0, 0.0, 0.0, 0.0, 0.0, 0.0, 0.0]",,,,,,,,,,
MovieLens-25M,arms,UCB,Ours,3,1000000,50,,0.016442451420029897,765181,234819,88398.65308761662,2424037565,simulated,234569,injected samples,0.911284,1.0,146098,1805.530612244898,"[0, 0, 0, 0, 0, 0, 0, 0, 0, 0, 0, 0, 0, 0, 0, 0, 0, 0, 0, 0, 0, 0, 0, 0, 0, 0, 0, 0, 0, 0, 0, 0, 0, 0, 0, 0, 0, 0, 0, 0, 0, 0, 0, 0, 0, 0, 0, 0, 0, 765181]","[1826, 1826, 1826, 1796, 1826, 1811, 1811, 1826, 1811, 1796, 1826, 1826, 1826, 1826, 1796, 1796, 1826, 1811, 1781, 1796, 1826, 1781, 1811, 1796, 1796, 1796, 1811, 1811, 1811, 1826, 1796, 1796, 1796, 1826, 1811, 1826, 1781, 1781, 1796, 1811, 1811, 1796, 1796, 1811, 1796, 1796, 1767, 1781, 1767, 146098]","[5.0, 5.0, 5.0, 3.0, 5.0, 4.0, 4.0, 5.0, 4.0, 3.0, 5.0, 5.0, 5.0, 5.0, 3.0, 3.0, 5.0, 4.0, 2.0, 3.0, 5.0, 2.0, 4.0, 3.0, 3.0, 3.0, 4.0, 4.0, 4.0, 5.0, 3.0, 3.0, 3.0, 5.0, 4.0, 5.0, 2.0, 2.0, 3.0, 4.0, 4.0, 3.0, 3.0, 4.0, 3.0, 3.0, 1.0, 2.0, 1.0, 0.0]",0.1274732976567623,0.0,{},,,,,,,
MovieLens-25M,arms,UCB,Clipped Suppression,3,1000000,50,,0.016442451420029897,1000000,0,88398.65308761662,2222847764,simulated,940417,suppressed non-target rounds (including 0->0),0.059583,0.059583,0,0.0,"[19193, 19193, 19193, 19193, 19193, 19193, 19193, 19193, 19193, 19192, 19192, 19192, 19192, 19192, 19192, 19192, 19192, 19192, 19192, 19192, 19192, 19192, 19192, 19192, 19192, 19192, 19192, 19192, 19192, 19192, 19192, 19192, 19192, 19192, 19192, 19192, 19192, 19192, 19192, 19192, 19192, 19192, 19192, 19192, 19192, 19192, 19192, 19192, 19192, 59583]","[0, 0, 0, 0, 0, 0, 0, 0, 0, 0, 0, 0, 0, 0, 0, 0, 0, 0, 0, 0, 0, 0, 0, 0, 0, 0, 0, 0, 0, 0, 0, 0, 0, 0, 0, 0, 0, 0, 0, 0, 0, 0, 0, 0, 0, 0, 0, 0, 0, 0]","[0.0, 0.0, 0.0, 0.0, 0.0, 0.0, 0.0, 0.0, 0.0, 0.0, 0.0, 0.0, 0.0, 0.0, 0.0, 0.0, 0.0, 0.0, 0.0, 0.0, 0.0, 0.0, 0.0, 0.0, 0.0, 0.0, 0.0, 0.0, 0.0, 0.0, 0.0, 0.0, 0.0, 0.0, 0.0, 0.0, 0.0, 0.0, 0.0, 0.0, 0.0, 0.0, 0.0, 0.0, 0.0, 0.0, 0.0, 0.0, 0.0, 0.0]",,,,,,,,,,
MovieLens-25M,arms,TS,Ours,3,1000000,50,,0.016442451420029897,660699,339301,88398.65308761662,1124542861,simulated,339051,injected samples,0.875035,1.0,214331,2545.3061224489797,"[0, 0, 0, 0, 0, 0, 0, 0, 0, 0, 0, 0, 0, 0, 0, 0, 0, 0, 0, 0, 0, 0, 0, 0, 0, 0, 0, 0, 0, 0, 0, 0, 0, 0, 0, 0, 0, 0, 0, 0, 0, 0, 0, 0, 0, 0, 0, 0, 0, 660699]","[2561, 2561, 2561, 2538, 2561, 2550, 2550, 2561, 2550, 2538, 2561, 2561, 2561, 2561, 2538, 2538, 2561, 2550, 2526, 2538, 2561, 2526, 2550, 2538, 2538, 2538, 2550, 2550, 2550, 2561, 2538, 2538, 2538, 2561, 2550, 2561, 2526, 2526, 2538, 2550, 2550, 2538, 2538, 2550, 2538, 2538, 2514, 2526, 2514, 214331]","[5.0, 5.0, 5.0, 3.0, 5.0, 4.0, 4.0, 5.0, 4.0, 3.0, 5.0, 5.0, 5.0, 5.0, 3.0, 3.0, 5.0, 4.0, 2.0, 3.0, 5.0, 2.0, 4.0, 3.0, 3.0, 3.0, 4.0, 4.0, 4.0, 5.0, 3.0, 3.0, 3.0, 5.0, 4.0, 5.0, 2.0, 2.0, 3.0, 4.0, 4.0, 3.0, 3.0, 4.0, 3.0, 3.0, 1.0, 2.0, 1.0, 0.0]",0.1688289539767423,0.0,{},,,,,,,
MovieLens-25M,arms,TS,Clipped Suppression,3,1000000,50,,0.016442451420029897,1000000,0,88398.65308761662,771859025,simulated,801228,suppressed non-target rounds (including 0->0),0.198772,0.198772,0,0.0,"[16384, 16424, 16228, 16316, 16387, 16398, 16333, 16367, 16354, 16357, 16424, 16345, 16363, 16374, 16386, 16347, 16282, 16371, 16356, 16332, 16337, 16393, 16396, 16299, 16352, 16353, 16389, 16407, 16390, 16385, 16446, 16279, 16410, 16322, 16376, 16414, 16232, 16318, 16333, 16306, 16365, 16359, 16283, 16282, 16318, 16370, 16301, 16375, 16310, 198772]","[0, 0, 0, 0, 0, 0, 0, 0, 0, 0, 0, 0, 0, 0, 0, 0, 0, 0, 0, 0, 0, 0, 0, 0, 0, 0, 0, 0, 0, 0, 0, 0, 0, 0, 0, 0, 0, 0, 0, 0, 0, 0, 0, 0, 0, 0, 0, 0, 0, 0]","[0.0, 0.0, 0.0, 0.0, 0.0, 0.0, 0.0, 0.0, 0.0, 0.0, 0.0, 0.0, 0.0, 0.0, 0.0, 0.0, 0.0, 0.0, 0.0, 0.0, 0.0, 0.0, 0.0, 0.0, 0.0, 0.0, 0.0, 0.0, 0.0, 0.0, 0.0, 0.0, 0.0, 0.0, 0.0, 0.0, 0.0, 0.0, 0.0, 0.0, 0.0, 0.0, 0.0, 0.0, 0.0, 0.0, 0.0, 0.0, 0.0, 0.0]",,,,,,,,,,
MovieLens-25M,gap,UCB,Ours,3,1000000,10,0.0,0.0,875168,124832,51695.845932463315,3919247529,simulated,124782,injected samples,0.953908,1.0,78735,5116.333333333333,"[0, 0, 0, 0, 0, 0, 0, 0, 0, 875168]","[5108, 5133, 5083, 5133, 5133, 5133, 5108, 5133, 5083, 78735]","[3.0, 4.0, 2.0, 4.0, 4.0, 4.0, 3.0, 4.0, 2.0, 0.0]",0.07298658552245693,0.0,{},,,,,,,
MovieLens-25M,gap,UCB,Direct,3,1000000,10,0.0,0.0,884588,115412,51695.845932463315,2230905441,simulated,115362,injected samples,0.957079,1.0,72486,4764.0,"[0, 0, 0, 0, 0, 0, 0, 0, 0, 884588]","[4756, 4780, 4732, 4780, 4780, 4780, 4756, 4780, 4732, 72486]","[3.0, 4.0, 2.0, 4.0, 4.0, 4.0, 3.0, 4.0, 2.0, 0.0]",0.08143570731938335,0.0,"{""search"": ""same grid; exact integer TS target envelope"", ""z_stages"": [[0.0, 1.0055705112905038, 4097.0, 115364.0, 332.0], [0.08126070293875898, 0.08175170416497504, 1025.0, 115362.0, 365.0], [0.08143523853089046, 0.08143619751766042, 1025.0, 115362.0, 501.0], [0.08143570678614923, 0.08143570865917027, 1025.0, 115362.0, 292.0], [0.08143570731842376, 0.08143570732208201, 1025.0, 115362.0, 269.0], [0.08143570731938118, 0.08143570731938833, 1025.0, 115362.0, 310.0]]}",,,,,,,
MovieLens-25M,gap,UCB,Two-phase,3,1000000,10,0.0,0.0,1000000,0,51695.845932463315,2747770710,infeasible,,scheduled corrupted rounds,,,0,0.0,,"[0, 0, 0, 0, 0, 0, 0, 0, 0, 0]","[0.0, 0.0, 0.0, 0.0, 0.0, 0.0, 0.0, 0.0, 0.0, 0.0]",,,,0,0,"{""C1"": null, ""C2"": null, ""K"": 10, ""T"": 1000000, ""feasible"": false, ""learner"": ""UCB"", ""learner_setting"": ""mean + sqrt(log(T)/N)"", ""mu"": 0.0, ""reason"": ""undefined at mu_K=0"", ""source"": ""https://proceedings.neurips.cc/paper_files/paper/2021/file/be315e7f05e9f13629031915fe87ad44-Supplemental.pdf"", ""source_section"": ""A.2"", ""target_feedback"": ""deterministic mu_K"", ""total"": null, ""version"": ""xu2021-original-settings-v1""}",,,,
MovieLens-25M,gap,TS,Ours,3,1000000,10,0.0,0.0,817150,182850,51695.845932463315,2885590746,simulated,182800,injected samples,0.937471,1.0,120316,6942.666666666667,"[0, 0, 0, 0, 0, 0, 0, 0, 0, 817150]","[6936, 6956, 6916, 6956, 6956, 6956, 6936, 6956, 6916, 120316]","[3.0, 4.0, 2.0, 4.0, 4.0, 4.0, 3.0, 4.0, 2.0, 0.0]",0.09958912579188509,0.0,{},,,,,,,
MovieLens-25M,gap,TS,Direct,3,1000000,10,0.0,0.0,836602,163398,51695.845932463315,1720222035,simulated,163348,injected samples,0.943648,1.0,107041,6256.333333333333,"[0, 0, 0, 0, 0, 0, 0, 0, 0, 836602]","[6250, 6269, 6231, 6269, 6269, 6269, 6250, 6269, 6231, 107041]","[3.0, 4.0, 2.0, 4.0, 4.0, 4.0, 3.0, 4.0, 2.0, 0.0]",0.10492937849872226,0.0,"{""search"": ""same grid; exact integer TS target envelope"", ""z_stages"": [[0.0, 0.9917340366815204, 4097.0, 163351.0, 433.0], [0.1045969491812541, 0.1050811943163525, 1025.0, 163348.0, 703.0], [0.10492892192035476, 0.10492986771163425, 1025.0, 163348.0, 495.0], [0.10492937819075716, 0.10492938003800577, 1025.0, 163348.0, 171.0], [0.1049293784974293, 0.1049293785010372, 1025.0, 163348.0, 367.0], [0.10492937849871883, 0.10492937849872588, 1025.0, 163348.0, 497.0]]}",,,,,,,
MovieLens-25M,gap,TS,Two-phase,3,1000000,10,0.0,0.0,1000000,0,51695.845932463315,3733274786,infeasible,,scheduled corrupted rounds,,,0,0.0,,"[0, 0, 0, 0, 0, 0, 0, 0, 0, 0]","[0.0, 0.0, 0.0, 0.0, 0.0, 0.0, 0.0, 0.0, 0.0, 0.0]",,,,0,0,"{""C1"": null, ""C2"": null, ""K"": 10, ""T"": 1000000, ""feasible"": false, ""learner"": ""TS"", ""learner_setting"": ""Beta(sum+1, N-sum+1)"", ""mu"": 0.0, ""reason"": ""undefined at mu_K=0"", ""source"": ""https://proceedings.neurips.cc/paper_files/paper/2021/file/be315e7f05e9f13629031915fe87ad44-Supplemental.pdf"", ""source_section"": ""A.4"", ""target_feedback"": ""Bernoulli(mu_K)"", ""total"": null, ""version"": ""xu2021-original-settings-v1""}",,,,
MovieLens-25M,gap,UCB,Ours,3,1000000,10,0.1,0.005169584593246332,880744,119256,51695.845932463315,1332673975,simulated,119206,injected samples,0.954056,1.0,73307,5099.888888888889,"[0, 0, 0, 0, 0, 0, 0, 0, 0, 880744]","[5091, 5117, 5066, 5117, 5117, 5117, 5091, 5117, 5066, 73307]","[3.0, 4.0, 2.0, 4.0, 4.0, 4.0, 3.0, 4.0, 2.0, 0.02584792296623166]",0.07311549571503356,0.005169584593246332,{},,,,,,,
MovieLens-25M,gap,UCB,Direct,3,1000000,10,0.1,0.005169584593246332,889185,110815,51695.845932463315,3572402105,simulated,110765,injected samples,0.957133,1.0,67943,4758.0,"[0, 0, 0, 0, 0, 0, 0, 0, 0, 889185]","[4750, 4774, 4726, 4774, 4774, 4774, 4750, 4774, 4726, 67943]","[3.0, 4.0, 2.0, 4.0, 4.0, 4.0, 3.0, 4.0, 2.0, 0.02584792296623166]",0.08148733718174778,0.005169584593246332,"{""search"": ""same grid; exact integer TS target envelope"", ""z_stages"": [[0.0, 1.005570537139616, 4097.0, 110767.0, 332.0], [0.08126070502763987, 0.08175170626647757, 1025.0, 110765.0, 473.0], [0.08148702591116662, 0.08148798489796122, 1025.0, 110765.0, 333.0], [0.08148733683266643, 0.08148733870568751, 1025.0, 110765.0, 191.0], [0.08148733718019964, 0.08148733718385788, 1025.0, 110765.0, 434.0], [0.08148733718174653, 0.08148733718175367, 1025.0, 110765.0, 178.0]]}",,,,,,,
MovieLens-25M,gap,UCB,Two-phase,3,1000000,10,0.1,0.005169584593246332,1000000,0,51695.845932463315,14506974,infeasible,5196454,scheduled corrupted rounds,,,0,0.0,,"[0, 0, 0, 0, 0, 0, 0, 0, 0, 0]","[0.0, 0.0, 0.0, 0.0, 0.0, 0.0, 0.0, 0.0, 0.0, 0.0]",,,,5169590,26864,"{""C1"": 5169590, ""C2"": 26864, ""K"": 10, ""T"": 1000000, ""feasible"": false, ""learner"": ""UCB"", ""learner_setting"": ""mean + sqrt(log(T)/N)"", ""mu"": 0.005169584593246332, ""reason"": ""original budget reaches/exceeds T"", ""source"": ""https://proceedings.neurips.cc/paper_files/paper/2021/file/be315e7f05e9f13629031915fe87ad44-Supplemental.pdf"", ""source_section"": ""A.2"", ""target_feedback"": ""deterministic mu_K"", ""total"": 5196454, ""version"": ""xu2021-original-settings-v1""}",,,,
MovieLens-25M,gap,TS,Ours,3,1000000,10,0.1,0.005169584593246332,822916,177084,51695.845932463315,2856859980,simulated,177034,injected samples,0.937669,1.0,114748,6920.666666666667,"[0, 0, 0, 0, 0, 0, 0, 0, 0, 822916]","[6914, 6934, 6894, 6934, 6934, 6934, 6914, 6934, 6894, 114748]","[3.0, 4.0, 2.0, 4.0, 4.0, 4.0, 3.0, 4.0, 2.0, 0.02584792296623166]",0.0997486436030004,0.005169584593246332,{},,,,,,,
MovieLens-25M,gap,TS,Direct,3,1000000,10,0.1,0.005169584593246332,840950,159050,51695.845932463315,2871897644,simulated,159000,injected samples,0.943801,1.0,102846,6239.333333333333,"[0, 0, 0, 0, 0, 0, 0, 0, 0, 840950]","[6233, 6252, 6214, 6252, 6252, 6252, 6233, 6252, 6214, 102846]","[3.0, 4.0, 2.0, 4.0, 4.0, 4.0, 3.0, 4.0, 2.0, 0.02584792296623166]",0.1050731345689616,0.005169584593246332,"{""search"": ""same grid; exact integer TS target envelope"", ""z_stages"": [[0.0, 0.9917340625306325, 4097.0, 159004.0, 433.0], [0.10459695190752764, 0.10508119705524768, 1025.0, 159000.0, 1007.0], [0.10507268493351042, 0.10507363072481456, 1025.0, 159000.0, 487.0], [0.10507313381493016, 0.1050731356621788, 1025.0, 159000.0, 418.0], [0.10507313456717887, 0.10507313457078678, 1025.0, 159000.0, 506.0], [0.10507313456895816, 0.1050731345689652, 1025.0, 159000.0, 499.0]]}",,,,,,,
MovieLens-25M,gap,TS,Two-phase,3,1000000,10,0.1,0.005169584593246332,1000000,0,51695.845932463315,3533891927,infeasible,2098502,scheduled corrupted rounds,,,0,0.0,,"[0, 0, 0, 0, 0, 0, 0, 0, 0, 0]","[0.0, 0.0, 0.0, 0.0, 0.0, 0.0, 0.0, 0.0, 0.0, 0.0]",,,,2067834,30668,"{""C1"": 2067834, ""C2"": 30668, ""K"": 10, ""T"": 1000000, ""beta"": 0.9545316954435116, ""feasible"": false, ""learner"": ""TS"", ""learner_setting"": ""Beta(sum+1, N-sum+1)"", ""mu"": 0.005169584593246332, ""n1"": 201972.97093474137, ""n2"": 211593.82906525867, ""n3"": 1.0496843132033238, ""promotion_term"": 21490.784001452565, ""reason"": ""original budget reaches/exceeds T"", ""source"": ""https://proceedings.neurips.cc/paper_files/paper/2021/file/be315e7f05e9f13629031915fe87ad44-Supplemental.pdf"", ""source_section"": ""A.4"", ""target_feedback"": ""Bernoulli(mu_K)"", ""total"": 2098502, ""version"": ""xu2021-original-settings-v1"", ""waiting_term"": 9176.919442654274}",,,,
MovieLens-25M,gap,UCB,Ours,3,1000000,10,0.2,0.010339169186492664,886321,113679,51695.845932463315,505810268,simulated,113629,injected samples,0.954205,1.0,67879,5083.333333333333,"[0, 0, 0, 0, 0, 0, 0, 0, 0, 886321]","[5075, 5100, 5050, 5100, 5100, 5100, 5075, 5100, 5050, 67879]","[3.0, 4.0, 2.0, 4.0, 4.0, 4.0, 3.0, 4.0, 2.0, 0.05169584593246332]",0.07324527809639067,0.010339169186492664,{},,,,,,,
MovieLens-25M,gap,UCB,Direct,3,1000000,10,0.2,0.010339169186492664,893830,106170,51695.845932463315,3308462407,simulated,106120,injected samples,0.957205,1.0,63370,4750.0,"[0, 0, 0, 0, 0, 0, 0, 0, 0, 893830]","[4742, 4766, 4718, 4766, 4766, 4766, 4742, 4766, 4718, 63370]","[3.0, 4.0, 2.0, 4.0, 4.0, 4.0, 3.0, 4.0, 2.0, 0.05169584593246332]",0.08155632947025344,0.010339169186492664,"{""search"": ""same grid; exact integer TS target envelope"", ""z_stages"": [[0.0, 1.005570562988728, 4097.0, 106122.0, 332.0], [0.08126070711652074, 0.08175170836798008, 1025.0, 106120.0, 617.0], [0.08155607505685175, 0.08155703404367101, 1025.0, 106120.0, 272.0], [0.08155632885121505, 0.08155633072423618, 1025.0, 106120.0, 339.0], [0.08155632946945836, 0.0815563294731166, 1025.0, 106120.0, 223.0], [0.08155632947025146, 0.08155632947025859, 1025.0, 106120.0, 284.0]]}",,,,,,,
MovieLens-25M,gap,UCB,Two-phase,3,1000000,10,0.2,0.010339169186492664,1000000,0,51695.845932463315,3613457886,infeasible,1305902,scheduled corrupted rounds,,,0,0.0,,"[0, 0, 0, 0, 0, 0, 0, 0, 0, 0]","[0.0, 0.0, 0.0, 0.0, 0.0, 0.0, 0.0, 0.0, 0.0, 0.0]",,,,1292400,13502,"{""C1"": 1292400, ""C2"": 13502, ""K"": 10, ""T"": 1000000, ""feasible"": false, ""learner"": ""UCB"", ""learner_setting"": ""mean + sqrt(log(T)/N)"", ""mu"": 0.010339169186492664, ""reason"": ""original budget reaches/exceeds T"", ""source"": ""https://proceedings.neurips.cc/paper_files/paper/2021/file/be315e7f05e9f13629031915fe87ad44-Supplemental.pdf"", ""source_section"": ""A.2"", ""target_feedback"": ""deterministic mu_K"", ""total"": 1305902, ""version"": ""xu2021-original-settings-v1""}",,,,
MovieLens-25M,gap,TS,Ours,3,1000000,10,0.2,0.010339169186492664,828683,171317,51695.845932463315,4057539504,simulated,171267,injected samples,0.937867,1.0,109179,6898.666666666667,"[0, 0, 0, 0, 0, 0, 0, 0, 0, 828683]","[6892, 6912, 6872, 6912, 6912, 6912, 6892, 6912, 6872, 109179]","[3.0, 4.0, 2.0, 4.0, 4.0, 4.0, 3.0, 4.0, 2.0, 0.05169584593246332]",0.09990922654781134,0.010339169186492664,{},,,,,,,
MovieLens-25M,gap,TS,Direct,3,1000000,10,0.2,0.010339169186492664,845342,154658,51695.845932463315,1221380638,simulated,154608,injected samples,0.943648,1.0,98301,6256.333333333333,"[0, 0, 0, 0, 0, 0, 0, 0, 0, 845342]","[6250, 6269, 6231, 6269, 6269, 6269, 6250, 6269, 6231, 98301]","[3.0, 4.0, 2.0, 4.0, 4.0, 4.0, 3.0, 4.0, 2.0, 0.05169584593246332]",0.10492937849872226,0.010339169186492664,"{""search"": ""same grid; exact integer TS target envelope"", ""z_stages"": [[0.0, 0.9917340883797444, 4097.0, 154611.0, 433.0], [0.10459695463380117, 0.10508119979414283, 1025.0, 154608.0, 703.0], [0.10492892739020727, 0.10492987318153607, 1025.0, 154608.0, 489.0], [0.1049293781188874, 0.10492937996613609, 1025.0, 154608.0, 211.0], [0.1049293784977177, 0.10492937850132561, 1025.0, 154608.0, 286.0], [0.10492937849872186, 0.10492937849872891, 1025.0, 154608.0, 58.0]]}",,,,,,,
MovieLens-25M,gap,TS,Two-phase,3,1000000,10,0.2,0.010339169186492664,1000000,0,51695.845932463315,644386080,simulated,539705,scheduled corrupted rounds,0.534609,0.534609,0,0.0,"[51641, 51769, 51752, 51563, 51744, 51592, 51742, 51777, 51811, 534609]","[0, 0, 0, 0, 0, 0, 0, 0, 0, 0]","[0.0, 0.0, 0.0, 0.0, 0.0, 0.0, 0.0, 0.0, 0.0, 0.0]",,,,516959,22746,"{""C1"": 516959, ""C2"": 22746, ""K"": 10, ""T"": 1000000, ""beta"": 0.9110860762152083, ""feasible"": true, ""learner"": ""TS"", ""learner_setting"": ""Beta(sum+1, N-sum+1)"", ""mu"": 0.010339169186492664, ""n1"": 49290.684304214476, ""n2"": 54101.115695785535, ""n3"": 1.0997390623339454, ""promotion_term"": 10801.53199371647, ""reason"": """", ""source"": ""https://proceedings.neurips.cc/paper_files/paper/2021/file/be315e7f05e9f13629031915fe87ad44-Supplemental.pdf"", ""source_section"": ""A.4"", ""target_feedback"": ""Bernoulli(mu_K)"", ""total"": 539705, ""version"": ""xu2021-original-settings-v1"", ""waiting_term"": 11943.844471723236}","[51638, 51768, 51751, 51561, 51742, 51591, 51741, 51777, 51807, 51583]","[3, 1, 1, 2, 2, 1, 1, 0, 4, 22731]","[0, 0, 0, 0, 0, 0, 0, 0, 0, 460295]",1.0
MovieLens-25M,gap,UCB,Ours,3,1000000,10,0.3,0.015508753779738994,891902,108098,51695.845932463315,2791780604,simulated,108048,injected samples,0.954358,1.0,62451,5066.333333333333,"[0, 0, 0, 0, 0, 0, 0, 0, 0, 891902]","[5058, 5083, 5033, 5083, 5083, 5083, 5058, 5083, 5033, 62451]","[3.0, 4.0, 2.0, 4.0, 4.0, 4.0, 3.0, 4.0, 2.0, 0.07754376889869496]",0.0733759435346927,0.015508753779738994,{},,,,,,,
MovieLens-25M,gap,UCB,Direct,3,1000000,10,0.3,0.015508753779738994,898523,101477,51695.845932463315,3595243559,simulated,101427,injected samples,0.957079,1.0,58551,4764.0,"[0, 0, 0, 0, 0, 0, 0, 0, 0, 898523]","[4756, 4780, 4732, 4780, 4780, 4780, 4756, 4780, 4732, 58551]","[3.0, 4.0, 2.0, 4.0, 4.0, 4.0, 3.0, 4.0, 2.0, 0.07754376889869496]",0.08143570731938335,0.015508753779738994,"{""search"": ""same grid; exact integer TS target envelope"", ""z_stages"": [[0.0, 1.00557058883784, 4097.0, 101429.0, 332.0], [0.08126070920540161, 0.08175171046948258, 1025.0, 101427.0, 365.0], [0.0814352448109929, 0.08143620379783681, 1025.0, 101427.0, 494.0], [0.08143570651071365, 0.08143570838373483, 1025.0, 101427.0, 443.0], [0.08143570731918569, 0.08143570732284393, 1025.0, 101427.0, 56.0], [0.08143570731938217, 0.08143570731938932, 1025.0, 101427.0, 169.0]]}",,,,,,,
MovieLens-25M,gap,UCB,Two-phase,3,1000000,10,0.3,0.015508753779738994,1000000,0,51695.845932463315,3014108305,simulated,583449,scheduled corrupted rounds,0.483031,0.483031,0,0.0,"[57441, 57441, 57441, 57441, 57441, 57441, 57441, 57441, 57441, 483031]","[0, 0, 0, 0, 0, 0, 0, 0, 0, 0]","[0.0, 0.0, 0.0, 0.0, 0.0, 0.0, 0.0, 0.0, 0.0, 0.0]",,,,574400,9049,"{""C1"": 574400, ""C2"": 9049, ""K"": 10, ""T"": 1000000, ""feasible"": true, ""learner"": ""UCB"", ""learner_setting"": ""mean + sqrt(log(T)/N)"", ""mu"": 0.015508753779738994, ""reason"": """", ""source"": ""https://proceedings.neurips.cc/paper_files/paper/2021/file/be315e7f05e9f13629031915fe87ad44-Supplemental.pdf"", ""source_section"": ""A.2"", ""target_feedback"": ""deterministic mu_K"", ""total"": 583449, ""version"": ""xu2021-original-settings-v1""}","[57440, 57440, 57440, 57440, 57440, 57440, 57440, 57440, 57440, 57440]","[1, 1, 1, 1, 1, 1, 1, 1, 1, 9040]","[0, 0, 0, 0, 0, 0, 0, 0, 0, 416551]",1.0
MovieLens-25M,gap,TS,Ours,3,1000000,10,0.3,0.015508753779738994,834450,165550,51695.845932463315,283573166,simulated,165500,injected samples,0.938065,1.0,103610,6876.666666666667,"[0, 0, 0, 0, 0, 0, 0, 0, 0, 834450]","[6870, 6890, 6850, 6890, 6890, 6890, 6870, 6890, 6850, 103610]","[3.0, 4.0, 2.0, 4.0, 4.0, 4.0, 3.0, 4.0, 2.0, 0.07754376889869496]",0.10007088784608623,0.015508753779738994,{},,,,,,,
MovieLens-25M,gap,TS,Direct,3,1000000,10,0.3,0.015508753779738994,849781,150219,51695.845932463315,4264605802,simulated,150169,injected samples,0.943648,1.0,93862,6256.333333333333,"[0, 0, 0, 0, 0, 0, 0, 0, 0, 849781]","[6250, 6269, 6231, 6269, 6269, 6269, 6250, 6269, 6231, 93862]","[3.0, 4.0, 2.0, 4.0, 4.0, 4.0, 3.0, 4.0, 2.0, 0.07754376889869496]",0.10492937849872226,0.015508753779738994,"{""search"": ""same grid; exact integer TS target envelope"", ""z_stages"": [[0.0, 0.9917341142288565, 4097.0, 150172.0, 433.0], [0.10459695736007471, 0.10508120253303802, 1025.0, 150169.0, 703.0], [0.10492893012513353, 0.10492987591648698, 1025.0, 150169.0, 486.0], [0.1049293780829523, 0.10492937993020104, 1025.0, 150169.0, 231.0], [0.10492937849786169, 0.10492937850146959, 1025.0, 150169.0, 245.0], [0.10492937849872139, 0.10492937849872842, 1025.0, 150169.0, 127.0]]}",,,,,,,
MovieLens-25M,gap,TS,Two-phase,3,1000000,10,0.3,0.015508753779738994,1000000,0,51695.845932463315,2507085107,simulated,252629,scheduled corrupted rounds,0.793092,0.793092,0,0.0,"[22947, 23021, 22989, 23017, 22994, 22966, 23058, 22870, 23046, 793092]","[0, 0, 0, 0, 0, 0, 0, 0, 0, 0]","[0.0, 0.0, 0.0, 0.0, 0.0, 0.0, 0.0, 0.0, 0.0, 0.0]",,,,229760,22869,"{""C1"": 229760, ""C2"": 22869, ""K"": 10, ""T"": 1000000, ""beta"": 0.8695323470156004, ""feasible"": true, ""learner"": ""TS"", ""learner_setting"": ""Beta(sum+1, N-sum+1)"", ""mu"": 0.015508753779738994, ""n1"": 21372.5213186025, ""n2"": 24579.4786813975, ""n3"": 1.1522940470257748, ""promotion_term"": 7238.848048905075, ""reason"": """", ""source"": ""https://proceedings.neurips.cc/paper_files/paper/2021/file/be315e7f05e9f13629031915fe87ad44-Supplemental.pdf"", ""source_section"": ""A.4"", ""target_feedback"": ""Bernoulli(mu_K)"", ""total"": 252629, ""version"": ""xu2021-original-settings-v1"", ""waiting_term"": 15629.872243122792}","[22947, 23020, 22988, 23015, 22993, 22965, 23057, 22870, 23046, 22859]","[0, 1, 1, 2, 1, 1, 1, 0, 0, 22862]","[0, 0, 0, 0, 0, 0, 0, 0, 0, 747371]",1.0
MovieLens-25M,gap,UCB,Ours,3,1000000,10,0.4,0.020678338372985328,897484,102516,51695.845932463315,2113952129,simulated,102466,injected samples,0.954511,1.0,57022,5049.333333333333,"[0, 0, 0, 0, 0, 0, 0, 0, 0, 897484]","[5041, 5066, 5016, 5066, 5066, 5066, 5041, 5066, 5016, 57022]","[3.0, 4.0, 2.0, 4.0, 4.0, 4.0, 3.0, 4.0, 2.0, 0.10339169186492664]",0.07350750266735026,0.020678338372985328,{},,,,,,,
MovieLens-25M,gap,UCB,Direct,3,1000000,10,0.4,0.020678338372985328,903266,96734,51695.845932463315,770479022,simulated,96684,injected samples,0.957079,1.0,53808,4764.0,"[0, 0, 0, 0, 0, 0, 0, 0, 0, 903266]","[4756, 4780, 4732, 4780, 4780, 4780, 4756, 4780, 4732, 53808]","[3.0, 4.0, 2.0, 4.0, 4.0, 4.0, 3.0, 4.0, 2.0, 0.10339169186492664]",0.08143570731938335,0.020678338372985328,"{""search"": ""same grid; exact integer TS target envelope"", ""z_stages"": [[0.0, 1.0055706146869519, 4097.0, 96685.0, 332.0], [0.08126071129428249, 0.0817517125709851, 1025.0, 96684.0, 365.0], [0.08143524690436037, 0.08143620589122892, 1025.0, 96684.0, 492.0], [0.08143570673107176, 0.08143570860409298, 1025.0, 96684.0, 322.0], [0.08143570731822002, 0.08143570732187826, 1025.0, 96684.0, 326.0], [0.08143570731938107, 0.08143570731938822, 1025.0, 96684.0, 326.0]]}",,,,,,,
MovieLens-25M,gap,UCB,Two-phase,3,1000000,10,0.4,0.020678338372985328,1000000,0,51695.845932463315,3734394014,simulated,329923,scheduled corrupted rounds,0.709201,0.709201,0,0.0,"[32311, 32311, 32311, 32311, 32311, 32311, 32311, 32311, 32311, 709201]","[0, 0, 0, 0, 0, 0, 0, 0, 0, 0]","[0.0, 0.0, 0.0, 0.0, 0.0, 0.0, 0.0, 0.0, 0.0, 0.0]",,,,323100,6823,"{""C1"": 323100, ""C2"": 6823, ""K"": 10, ""T"": 1000000, ""feasible"": true, ""learner"": ""UCB"", ""learner_setting"": ""mean + sqrt(log(T)/N)"", ""mu"": 0.020678338372985328, ""reason"": """", ""source"": ""https://proceedings.neurips.cc/paper_files/paper/2021/file/be315e7f05e9f13629031915fe87ad44-Supplemental.pdf"", ""source_section"": ""A.2"", ""target_feedback"": ""deterministic mu_K"", ""total"": 329923, ""version"": ""xu2021-original-settings-v1""}","[32310, 32310, 32310, 32310, 32310, 32310, 32310, 32310, 32310, 32310]","[1, 1, 1, 1, 1, 1, 1, 1, 1, 6814]","[0, 0, 0, 0, 0, 0, 0, 0, 0, 670077]",1.0
MovieLens-25M,gap,TS,Ours,3,1000000,10,0.4,0.020678338372985328,840225,159775,51695.845932463315,3950498825,simulated,159725,injected samples,0.93827,1.0,98040,6853.888888888889,"[0, 0, 0, 0, 0, 0, 0, 0, 0, 840225]","[6847, 6867, 6828, 6867, 6867, 6867, 6847, 6867, 6828, 98040]","[3.0, 4.0, 2.0, 4.0, 4.0, 4.0, 3.0, 4.0, 2.0, 0.10339169186492664]",0.1002336416131635,0.020678338372985328,{},,,,,,,
MovieLens-25M,gap,TS,Direct,3,1000000,10,0.4,0.020678338372985328,854267,145733,51695.845932463315,1557106326,simulated,145683,injected samples,0.943711,1.0,89439,6249.333333333333,"[0, 0, 0, 0, 0, 0, 0, 0, 0, 854267]","[6243, 6262, 6224, 6262, 6262, 6262, 6243, 6262, 6224, 89439]","[3.0, 4.0, 2.0, 4.0, 4.0, 4.0, 3.0, 4.0, 2.0, 0.10339169186492664]",0.10498850075507654,0.020678338372985328,"{""search"": ""same grid; exact integer TS target envelope"", ""z_stages"": [[0.0, 0.9917341400779685, 4097.0, 145686.0, 434.0], [0.1048390826791407, 0.10532332786472565, 1025.0, 145683.0, 316.0], [0.10498804482119076, 0.10498899061256885, 1025.0, 145683.0, 494.0], [0.10498850016801634, 0.10498850201526512, 1025.0, 145683.0, 326.0], [0.10498850075430136, 0.10498850075790926, 1025.0, 145683.0, 221.0], [0.10498850075507649, 0.10498850075508354, 1025.0, 145683.0, 8.0]]}",,,,,,,
MovieLens-25M,gap,TS,Two-phase,3,1000000,10,0.4,0.020678338372985328,1000000,0,51695.845932463315,932741310,simulated,155270,scheduled corrupted rounds,0.883671,0.883671,0,0.0,"[12890, 12965, 12822, 12904, 12942, 12995, 12899, 12957, 12955, 883671]","[0, 0, 0, 0, 0, 0, 0, 0, 0, 0]","[0.0, 0.0, 0.0, 0.0, 0.0, 0.0, 0.0, 0.0, 0.0, 0.0]",,,,129240,26030,"{""C1"": 129240, ""C2"": 26030, ""K"": 10, ""T"": 1000000, ""beta"": 0.8297505246489114, ""feasible"": true, ""learner"": ""TS"", ""learner_setting"": ""Beta(sum+1, N-sum+1)"", ""mu"": 0.020678338372985328, ""n1"": 11721.390988951873, ""n2"": 14126.609011048127, ""n3"": 1.2075399983463464, ""promotion_term"": 5457.795035156615, ""reason"": """", ""source"": ""https://proceedings.neurips.cc/paper_files/paper/2021/file/be315e7f05e9f13629031915fe87ad44-Supplemental.pdf"", ""source_section"": ""A.4"", ""target_feedback"": ""Bernoulli(mu_K)"", ""total"": 155270, ""version"": ""xu2021-original-settings-v1"", ""waiting_term"": 20571.576084349912}","[12890, 12963, 12822, 12903, 12942, 12993, 12899, 12956, 12953, 12919]","[0, 2, 0, 1, 0, 2, 0, 1, 2, 26022]","[0, 0, 0, 0, 0, 0, 0, 0, 0, 844730]",1.0
MovieLens-25M,gap,UCB,Ours,3,1000000,10,0.5,0.025847922966231656,903057,96943,51695.845932463315,3352329352,simulated,96893,injected samples,0.954655,1.0,51593,5033.333333333333,"[0, 0, 0, 0, 0, 0, 0, 0, 0, 903057]","[5025, 5050, 5000, 5050, 5050, 5050, 5025, 5050, 5000, 51593]","[3.0, 4.0, 2.0, 4.0, 4.0, 4.0, 3.0, 4.0, 2.0, 0.12923961483115828]",0.07363996817298804,0.025847922966231656,{},,,,,,,
MovieLens-25M,gap,UCB,Direct,3,1000000,10,0.5,0.025847922966231656,908060,91940,51695.845932463315,706653721,simulated,91890,injected samples,0.957187,1.0,49122,4752.0,"[0, 0, 0, 0, 0, 0, 0, 0, 0, 908060]","[4744, 4768, 4720, 4768, 4768, 4768, 4744, 4768, 4720, 49122]","[3.0, 4.0, 2.0, 4.0, 4.0, 4.0, 3.0, 4.0, 2.0, 0.12923961483115828]",0.08153906502743304,0.025847922966231656,"{""search"": ""same grid; exact integer TS target envelope"", ""z_stages"": [[0.0, 1.005570640536064, 4097.0, 91892.0, 332.0], [0.08126071338316337, 0.08175171467248762, 1025.0, 91890.0, 581.0], [0.0815388195821947, 0.0815397785690879, 1025.0, 91890.0, 263.0], [0.08153906494798183, 0.08153906682100309, 1025.0, 91890.0, 44.0], [0.08153906502663409, 0.08153906503029233, 1025.0, 91890.0, 224.0], [0.08153906502743076, 0.08153906502743791, 1025.0, 91890.0, 326.0]]}",,,,,,,
MovieLens-25M,gap,UCB,Two-phase,3,1000000,10,0.5,0.025847922966231656,1000000,0,51695.845932463315,2353503564,simulated,212277,scheduled corrupted rounds,0.81388,0.81388,0,0.0,"[20680, 20680, 20680, 20680, 20680, 20680, 20680, 20680, 20680, 813880]","[0, 0, 0, 0, 0, 0, 0, 0, 0, 0]","[0.0, 0.0, 0.0, 0.0, 0.0, 0.0, 0.0, 0.0, 0.0, 0.0]",,,,206790,5487,"{""C1"": 206790, ""C2"": 5487, ""K"": 10, ""T"": 1000000, ""feasible"": true, ""learner"": ""UCB"", ""learner_setting"": ""mean + sqrt(log(T)/N)"", ""mu"": 0.025847922966231656, ""reason"": """", ""source"": ""https://proceedings.neurips.cc/paper_files/paper/2021/file/be315e7f05e9f13629031915fe87ad44-Supplemental.pdf"", ""source_section"": ""A.2"", ""target_feedback"": ""deterministic mu_K"", ""total"": 212277, ""version"": ""xu2021-original-settings-v1""}","[20679, 20679, 20679, 20679, 20679, 20679, 20679, 20679, 20679, 20679]","[1, 1, 1, 1, 1, 1, 1, 1, 1, 5478]","[0, 0, 0, 0, 0, 0, 0, 0, 0, 787723]",1.0
MovieLens-25M,gap,TS,Ours,3,1000000,10,0.5,0.025847922966231656,845996,154004,51695.845932463315,2190938236,simulated,153954,injected samples,0.93847,1.0,92469,6831.666666666667,"[0, 0, 0, 0, 0, 0, 0, 0, 0, 845996]","[6825, 6845, 6805, 6845, 6845, 6845, 6825, 6845, 6805, 92469]","[3.0, 4.0, 2.0, 4.0, 4.0, 4.0, 3.0, 4.0, 2.0, 0.12923961483115828]",0.10039749911071921,0.025847922966231656,{},,,,,,,
MovieLens-25M,gap,TS,Direct,3,1000000,10,0.5,0.025847922966231656,858800,141200,51695.845932463315,22863125,simulated,141150,injected samples,0.943648,1.0,84843,6256.333333333333,"[0, 0, 0, 0, 0, 0, 0, 0, 0, 858800]","[6250, 6269, 6231, 6269, 6269, 6269, 6250, 6269, 6231, 84843]","[3.0, 4.0, 2.0, 4.0, 4.0, 4.0, 3.0, 4.0, 2.0, 0.12923961483115828]",0.10492937849872226,0.025847922966231656,"{""search"": ""same grid; exact integer TS target envelope"", ""z_stages"": [[0.0, 0.9917341659270805, 4097.0, 141153.0, 433.0], [0.10459696281262178, 0.10508120801082836, 1025.0, 141150.0, 703.0], [0.10492893559498606, 0.1049298813863888, 1025.0, 141150.0, 480.0], [0.10492937801108168, 0.10492937985833051, 1025.0, 141150.0, 271.0], [0.10492937849814925, 0.10492937850175715, 1025.0, 141150.0, 163.0], [0.10492937849872003, 0.10492937849872708, 1025.0, 141150.0, 324.0]]}",,,,,,,
MovieLens-25M,gap,TS,Two-phase,3,1000000,10,0.5,0.025847922966231656,1000000,0,51695.845932463315,1409880012,simulated,114345,scheduled corrupted rounds,0.925571,0.925571,0,0.0,"[8261, 8315, 8251, 8292, 8219, 8317, 8222, 8266, 8286, 925571]","[0, 0, 0, 0, 0, 0, 0, 0, 0, 0]","[0.0, 0.0, 0.0, 0.0, 0.0, 0.0, 0.0, 0.0, 0.0, 0.0]",,,,82714,31631,"{""C1"": 82714, ""C2"": 31631, ""K"": 10, ""T"": 1000000, ""beta"": 0.7916312468634676, ""feasible"": true, ""learner"": ""TS"", ""learner_setting"": ""Beta(sum+1, N-sum+1)"", ""mu"": 0.025847922966231656, ""n1"": 7309.3104648547105, ""n2"": 9233.48953514529, ""n3"": 1.2656864558243412, ""promotion_term"": 4389.427791888336, ""reason"": """", ""source"": ""https://proceedings.neurips.cc/paper_files/paper/2021/file/be315e7f05e9f13629031915fe87ad44-Supplemental.pdf"", ""source_section"": ""A.4"", ""target_feedback"": ""Bernoulli(mu_K)"", ""total"": 114345, ""version"": ""xu2021-original-settings-v1"", ""waiting_term"": 27241.08315291435}","[8259, 8314, 8251, 8291, 8218, 8316, 8221, 8265, 8286, 8293]","[2, 1, 0, 1, 1, 1, 1, 1, 0, 31623]","[0, 0, 0, 0, 0, 0, 0, 0, 0, 885655]",1.0
MovieLens-25M,gap,UCB,Ours,3,1000000,10,0.75,0.03877188444934749,917011,82989,51695.845932463315,1213222089,simulated,82939,injected samples,0.955033,1.0,38017,4991.333333333333,"[0, 0, 0, 0, 0, 0, 0, 0, 0, 917011]","[4983, 5008, 4958, 5008, 5008, 5008, 4983, 5008, 4958, 38017]","[3.0, 4.0, 2.0, 4.0, 4.0, 4.0, 3.0, 4.0, 2.0, 0.19385942224673744]",0.07397516190911149,0.03877188444934749,{},,,,,,,
MovieLens-25M,gap,UCB,Direct,3,1000000,10,0.75,0.03877188444934749,920269,79731,51695.845932463315,2308683036,simulated,79681,injected samples,0.957142,1.0,36868,4757.0,"[0, 0, 0, 0, 0, 0, 0, 0, 0, 920269]","[4749, 4773, 4725, 4773, 4773, 4773, 4749, 4773, 4725, 36868]","[3.0, 4.0, 2.0, 4.0, 4.0, 4.0, 3.0, 4.0, 2.0, 0.19385942224673744]",0.08149595167661286,0.03877188444934749,"{""search"": ""same grid; exact integer TS target envelope"", ""z_stages"": [[0.0, 1.005570705158844, 4097.0, 79683.0, 332.0], [0.08126071860536557, 0.08175171992624392, 1025.0, 79681.0, 491.0], [0.0814956704093015, 0.08149662939625633, 1025.0, 79681.0, 301.0], [0.08149595136251092, 0.08149595323553233, 1025.0, 79681.0, 172.0], [0.08149595167529086, 0.0814959516789491, 1025.0, 79681.0, 371.0], [0.0814959516766127, 0.08149595167661983, 1025.0, 79681.0, 23.0]]}",,,,,,,
MovieLens-25M,gap,UCB,Two-phase,3,1000000,10,0.75,0.03877188444934749,1000000,0,51695.845932463315,656909880,simulated,95618,scheduled corrupted rounds,0.917272,0.917272,0,0.0,"[9192, 9192, 9192, 9192, 9192, 9192, 9192, 9192, 9192, 917272]","[0, 0, 0, 0, 0, 0, 0, 0, 0, 0]","[0.0, 0.0, 0.0, 0.0, 0.0, 0.0, 0.0, 0.0, 0.0, 0.0]",,,,91910,3708,"{""C1"": 91910, ""C2"": 3708, ""K"": 10, ""T"": 1000000, ""feasible"": true, ""learner"": ""UCB"", ""learner_setting"": ""mean + sqrt(log(T)/N)"", ""mu"": 0.03877188444934749, ""reason"": """", ""source"": ""https://proceedings.neurips.cc/paper_files/paper/2021/file/be315e7f05e9f13629031915fe87ad44-Supplemental.pdf"", ""source_section"": ""A.2"", ""target_feedback"": ""deterministic mu_K"", ""total"": 95618, ""version"": ""xu2021-original-settings-v1""}","[9191, 9191, 9191, 9191, 9191, 9191, 9191, 9191, 9191, 9191]","[1, 1, 1, 1, 1, 1, 1, 1, 1, 3699]","[0, 0, 0, 0, 0, 0, 0, 0, 0, 904382]",1.0
MovieLens-25M,gap,TS,Ours,3,1000000,10,0.75,0.03877188444934749,860429,139571,51695.845932463315,1754658911,simulated,139521,injected samples,0.938972,1.0,78538,6775.888888888889,"[0, 0, 0, 0, 0, 0, 0, 0, 0, 860429]","[6769, 6789, 6750, 6789, 6789, 6789, 6769, 6789, 6750, 78538]","[3.0, 4.0, 2.0, 4.0, 4.0, 4.0, 3.0, 4.0, 2.0, 0.19385942224673744]",0.10081206936854453,0.03877188444934749,{},,,,,,,
MovieLens-25M,gap,TS,Direct,3,1000000,10,0.75,0.03877188444934749,870347,129653,51695.845932463315,3366752957,simulated,129603,injected samples,0.943648,1.0,73296,6256.333333333333,"[0, 0, 0, 0, 0, 0, 0, 0, 0, 870347]","[6250, 6269, 6231, 6269, 6269, 6269, 6250, 6269, 6231, 73296]","[3.0, 4.0, 2.0, 4.0, 4.0, 4.0, 3.0, 4.0, 2.0, 0.19385942224673744]",0.10492937849872226,0.03877188444934749,"{""search"": ""same grid; exact integer TS target envelope"", ""z_stages"": [[0.0, 0.9917342305498605, 4097.0, 129606.0, 433.0], [0.1045969696283056, 0.10508121485806628, 1025.0, 129603.0, 703.0], [0.10492894243230169, 0.10492988822376606, 1025.0, 129603.0, 473.0], [0.1049293783830548, 0.10492938023030375, 1025.0, 129603.0, 65.0], [0.10492937849850786, 0.10492937850211577, 1025.0, 129603.0, 61.0], [0.10492937849871926, 0.10492937849872631, 1025.0, 129603.0, 435.0]]}",,,,,,,
MovieLens-25M,gap,TS,Two-phase,3,1000000,10,0.75,0.03877188444934749,1000000,0,51695.845932463315,1075856613,simulated,96319,scheduled corrupted rounds,0.966882,0.966882,0,0.0,"[3677, 3693, 3659, 3678, 3664, 3683, 3684, 3700, 3680, 966882]","[0, 0, 0, 0, 0, 0, 0, 0, 0, 0]","[0.0, 0.0, 0.0, 0.0, 0.0, 0.0, 0.0, 0.0, 0.0, 0.0]",,,,36762,59557,"{""C1"": 36762, ""C2"": 59557, ""K"": 10, ""T"": 1000000, ""beta"": 0.7029612790013512, ""feasible"": true, ""learner"": ""TS"", ""learner_setting"": ""Beta(sum+1, N-sum+1)"", ""mu"": 0.03877188444934749, ""n1"": 3034.8050379860897, ""n2"": 4317.59496201391, ""n3"": 1.4253373223996604, ""promotion_term"": 2965.6477855111257, ""reason"": """", ""source"": ""https://proceedings.neurips.cc/paper_files/paper/2021/file/be315e7f05e9f13629031915fe87ad44-Supplemental.pdf"", ""source_section"": ""A.4"", ""target_feedback"": ""Bernoulli(mu_K)"", ""total"": 96319, ""version"": ""xu2021-original-settings-v1"", ""waiting_term"": 56590.68151852219}","[3677, 3690, 3659, 3677, 3664, 3681, 3684, 3700, 3679, 3651]","[0, 3, 0, 1, 0, 2, 0, 0, 1, 59550]","[0, 0, 0, 0, 0, 0, 0, 0, 0, 903681]",1.0
MovieLens-25M,gap,UCB,Ours,3,1000000,10,1.0,0.05169584593246331,930973,69027,51695.845932463315,3787374935,simulated,68977,injected samples,0.955416,1.0,24438,4948.777777777777,"[0, 0, 0, 0, 0, 0, 0, 0, 0, 930973]","[4941, 4965, 4916, 4965, 4965, 4965, 4941, 4965, 4916, 24438]","[3.0, 4.0, 2.0, 4.0, 4.0, 4.0, 3.0, 4.0, 2.0, 0.25847922966231657]",0.07431625984722387,0.05169584593246331,{},,,,,,,
MovieLens-25M,gap,UCB,Direct,3,1000000,10,1.0,0.05169584593246331,932811,67189,51695.845932463315,807835633,simulated,67139,injected samples,0.95716,1.0,24344,4755.0,"[0, 0, 0, 0, 0, 0, 0, 0, 0, 932811]","[4747, 4771, 4723, 4771, 4771, 4771, 4747, 4771, 4723, 24344]","[3.0, 4.0, 2.0, 4.0, 4.0, 4.0, 3.0, 4.0, 2.0, 0.25847922966231657]",0.08151318883733963,0.05169584593246331,"{""search"": ""same grid; exact integer TS target envelope"", ""z_stages"": [[0.0, 1.005570769781624, 4097.0, 67141.0, 332.0], [0.08126072382756777, 0.08175172518000019, 1025.0, 67139.0, 527.0], [0.08151293741289926, 0.08151389639991574, 1025.0, 67139.0, 269.0], [0.08151318839778249, 0.081513190270804, 1025.0, 67139.0, 241.0], [0.0815131888367719, 0.08151318884043016, 1025.0, 67139.0, 159.0], [0.08151318883733635, 0.0815131888373435, 1025.0, 67139.0, 469.0]]}",,,,,,,
MovieLens-25M,gap,UCB,Two-phase,3,1000000,10,1.0,0.05169584593246331,1000000,0,51695.845932463315,3627956349,simulated,54519,scheduled corrupted rounds,0.953461,0.953461,0,0.0,"[5171, 5171, 5171, 5171, 5171, 5171, 5171, 5171, 5171, 953461]","[0, 0, 0, 0, 0, 0, 0, 0, 0, 0]","[0.0, 0.0, 0.0, 0.0, 0.0, 0.0, 0.0, 0.0, 0.0, 0.0]",,,,51700,2819,"{""C1"": 51700, ""C2"": 2819, ""K"": 10, ""T"": 1000000, ""feasible"": true, ""learner"": ""UCB"", ""learner_setting"": ""mean + sqrt(log(T)/N)"", ""mu"": 0.05169584593246331, ""reason"": """", ""source"": ""https://proceedings.neurips.cc/paper_files/paper/2021/file/be315e7f05e9f13629031915fe87ad44-Supplemental.pdf"", ""source_section"": ""A.2"", ""target_feedback"": ""deterministic mu_K"", ""total"": 54519, ""version"": ""xu2021-original-settings-v1""}","[5170, 5170, 5170, 5170, 5170, 5170, 5170, 5170, 5170, 5170]","[1, 1, 1, 1, 1, 1, 1, 1, 1, 2810]","[0, 0, 0, 0, 0, 0, 0, 0, 0, 945481]",1.0
MovieLens-25M,gap,TS,Ours,3,1000000,10,1.0,0.05169584593246331,874868,125132,51695.845932463315,4025777664,simulated,125082,injected samples,0.939476,1.0,64603,6719.888888888889,"[0, 0, 0, 0, 0, 0, 0, 0, 0, 874868]","[6713, 6733, 6694, 6733, 6733, 6733, 6713, 6733, 6694, 64603]","[3.0, 4.0, 2.0, 4.0, 4.0, 4.0, 3.0, 4.0, 2.0, 0.25847922966231657]",0.1012338422373884,0.05169584593246331,{},,,,,,,
MovieLens-25M,gap,TS,Direct,3,1000000,10,1.0,0.05169584593246331,882209,117791,51695.845932463315,678698837,simulated,117741,injected samples,0.943711,1.0,61497,6249.333333333333,"[0, 0, 0, 0, 0, 0, 0, 0, 0, 882209]","[6243, 6262, 6224, 6262, 6262, 6262, 6243, 6262, 6224, 61497]","[3.0, 4.0, 2.0, 4.0, 4.0, 4.0, 3.0, 4.0, 2.0, 0.25847922966231657]",0.10498850075507654,0.05169584593246331,"{""search"": ""same grid; exact integer TS target envelope"", ""z_stages"": [[0.0, 0.9917342951726407, 4097.0, 117744.0, 434.0], [0.10483909907464682, 0.10532334433596159, 1025.0, 117741.0, 316.0], [0.10498806123999267, 0.10498900703151869, 1025.0, 117741.0, 476.0], [0.1049884999616478, 0.10498850180889688, 1025.0, 117741.0, 440.0], [0.10498850075358368, 0.1049885007571916, 1025.0, 117741.0, 424.0], [0.10498850075507406, 0.10498850075508111, 1025.0, 117741.0, 360.0]]}",,,,,,,
MovieLens-25M,gap,TS,Two-phase,3,1000000,10,1.0,0.05169584593246331,1000000,0,51695.845932463315,3709203296,simulated,146125,scheduled corrupted rounds,0.981382,0.981382,0,0.0,"[2061, 2042, 2025, 2092, 2069, 2096, 2049, 2088, 2096, 981382]","[0, 0, 0, 0, 0, 0, 0, 0, 0, 0]","[0.0, 0.0, 0.0, 0.0, 0.0, 0.0, 0.0, 0.0, 0.0, 0.0]",,,,20679,125446,"{""C1"": 20679, ""C2"": 125446, ""K"": 10, ""T"": 1000000, ""beta"": 0.6226981130941249, ""feasible"": true, ""learner"": ""TS"", ""learner_setting"": ""Beta(sum+1, N-sum+1)"", ""mu"": 0.05169584593246331, ""n1"": 1586.8494167025717, ""n2"": 2548.9505832974282, ""n3"": 1.6090573041626903, ""promotion_term"": 2254.589718819844, ""reason"": """", ""source"": ""https://proceedings.neurips.cc/paper_files/paper/2021/file/be315e7f05e9f13629031915fe87ad44-Supplemental.pdf"", ""source_section"": ""A.4"", ""target_feedback"": ""Bernoulli(mu_K)"", ""total"": 146125, ""version"": ""xu2021-original-settings-v1"", ""waiting_term"": 123191.31273692497}","[2061, 2042, 2025, 2091, 2069, 2095, 2049, 2087, 2096, 2064]","[0, 0, 0, 1, 0, 1, 0, 1, 0, 125443]","[0, 0, 0, 0, 0, 0, 0, 0, 0, 853875]",1.0
MovieLens-25M,gap,UCB,Ours,3,1000000,10,1.5,0.07754376889869498,958773,41227,51695.845932463315,1643710450,simulated,41177,injected samples,0.95878,1.0,2,4575.0,"[0, 0, 0, 0, 0, 0, 0, 0, 0, 958773]","[4567, 4591, 4543, 4591, 4591, 4591, 4567, 4591, 4543, 2]","[3.0, 4.0, 2.0, 4.0, 4.0, 4.0, 3.0, 4.0, 2.0, 0.3877188444934749]",0.07754376889869558,0.07754376889869498,{},,,,,,,
MovieLens-25M,gap,UCB,Direct,3,1000000,10,1.5,0.07754376889869498,958896,41104,51695.845932463315,3848688456,simulated,41054,injected samples,0.958906,1.0,5,4561.0,"[0, 0, 0, 0, 0, 0, 0, 0, 0, 958896]","[4553, 4577, 4529, 4577, 4577, 4577, 4553, 4577, 4529, 5]","[3.0, 4.0, 2.0, 4.0, 4.0, 4.0, 3.0, 4.0, 2.0, 0.3877188444934749]",0.08324180442513153,0.07754376889869498,"{""search"": ""same grid; exact integer TS target envelope"", ""z_stages"": [[0.0, 1.005570899027184, 4097.0, 41067.0, 339.0], [0.08297923922636431, 0.08347024064190493, 1025.0, 41054.0, 548.0], [0.08324152220907986, 0.08324248119621959, 1025.0, 41054.0, 302.0], [0.08324180409885433, 0.0832418059718761, 1025.0, 41054.0, 179.0], [0.0832418044244382, 0.08324180442809644, 1025.0, 41054.0, 195.0], [0.08324180442513127, 0.0832418044251384, 1025.0, 41054.0, 37.0]]}",,,,,,,
MovieLens-25M,gap,UCB,Two-phase,3,1000000,10,1.5,0.07754376889869498,1000000,0,51695.845932463315,2232932102,simulated,24912,scheduled corrupted rounds,0.979309,0.979309,0,0.0,"[2299, 2299, 2299, 2299, 2299, 2299, 2299, 2299, 2299, 979309]","[0, 0, 0, 0, 0, 0, 0, 0, 0, 0]","[0.0, 0.0, 0.0, 0.0, 0.0, 0.0, 0.0, 0.0, 0.0, 0.0]",,,,22980,1932,"{""C1"": 22980, ""C2"": 1932, ""K"": 10, ""T"": 1000000, ""feasible"": true, ""learner"": ""UCB"", ""learner_setting"": ""mean + sqrt(log(T)/N)"", ""mu"": 0.07754376889869498, ""reason"": """", ""source"": ""https://proceedings.neurips.cc/paper_files/paper/2021/file/be315e7f05e9f13629031915fe87ad44-Supplemental.pdf"", ""source_section"": ""A.2"", ""target_feedback"": ""deterministic mu_K"", ""total"": 24912, ""version"": ""xu2021-original-settings-v1""}","[2298, 2298, 2298, 2298, 2298, 2298, 2298, 2298, 2298, 2298]","[1, 1, 1, 1, 1, 1, 1, 1, 1, 1923]","[0, 0, 0, 0, 0, 0, 0, 0, 0, 975088]",1.0
MovieLens-25M,gap,TS,Ours,3,1000000,10,1.5,0.07754376889869498,903771,96229,51695.845932463315,3767314950,simulated,96179,injected samples,0.940493,1.0,36717,6606.888888888889,"[0, 0, 0, 0, 0, 0, 0, 0, 0, 903771]","[6600, 6620, 6581, 6620, 6620, 6620, 6600, 6620, 6581, 36717]","[3.0, 4.0, 2.0, 4.0, 4.0, 4.0, 3.0, 4.0, 2.0, 0.3877188444934749]",0.10209991301690485,0.07754376889869498,{},,,,,,,
MovieLens-25M,gap,TS,Direct,3,1000000,10,1.5,0.07754376889869498,906929,93071,51695.845932463315,2912653416,simulated,93021,injected samples,0.943648,1.0,36714,6256.333333333333,"[0, 0, 0, 0, 0, 0, 0, 0, 0, 906929]","[6250, 6269, 6231, 6269, 6269, 6269, 6250, 6269, 6231, 36714]","[3.0, 4.0, 2.0, 4.0, 4.0, 4.0, 3.0, 4.0, 2.0, 0.3877188444934749]",0.10492937849872226,0.07754376889869498,"{""search"": ""same grid; exact integer TS target envelope"", ""z_stages"": [[0.0, 0.9917344244182007, 4097.0, 93024.0, 434.0], [0.10483911273756857, 0.10532335806199153, 1025.0, 93021.0, 191.0], [0.10492896294424861, 0.10492990873589787, 1025.0, 93021.0, 450.0], [0.10492937765171982, 0.10492937949896913, 1025.0, 93021.0, 470.0], [0.10492937849777444, 0.10492937850138234, 1025.0, 93021.0, 270.0], [0.10492937849872222, 0.10492937849872927, 1025.0, 93021.0, 6.0]]}",,,,,,,
MovieLens-25M,gap,TS,Two-phase,3,1000000,10,1.5,0.07754376889869498,1000000,0,51695.845932463315,3304453767,simulated,705094,scheduled corrupted rounds,0.991708,0.991708,0,0.0,"[923, 905, 938, 908, 919, 910, 920, 949, 920, 991708]","[0, 0, 0, 0, 0, 0, 0, 0, 0, 0]","[0.0, 0.0, 0.0, 0.0, 0.0, 0.0, 0.0, 0.0, 0.0, 0.0]",,,,9191,695903,"{""C1"": 9191, ""C2"": 695903, ""K"": 10, ""T"": 1000000, ""beta"": 0.483068019263162, ""feasible"": true, ""learner"": ""TS"", ""learner_setting"": ""Beta(sum+1, N-sum+1)"", ""mu"": 0.07754376889869498, ""n1"": 598.3937954981504, ""n2"": 1239.8062045018496, ""n3"": 2.0741529292101375, ""promotion_term"": 1545.232729572479, ""reason"": """", ""source"": ""https://proceedings.neurips.cc/paper_files/paper/2021/file/be315e7f05e9f13629031915fe87ad44-Supplemental.pdf"", ""source_section"": ""A.4"", ""target_feedback"": ""Bernoulli(mu_K)"", ""total"": 705094, ""version"": ""xu2021-original-settings-v1"", ""waiting_term"": 694356.9110103906}","[923, 904, 938, 906, 917, 910, 920, 948, 919, 906]","[0, 1, 0, 2, 2, 0, 0, 1, 1, 695896]","[0, 0, 0, 0, 0, 0, 0, 0, 0, 294906]",1.0
MovieLens-25M,gap,UCB,Ours,3,1000000,10,2.0,0.10339169186492662,975882,24118,51695.845932463315,841277416,simulated,24068,injected samples,0.975889,1.0,2,2674.0,"[0, 0, 0, 0, 0, 0, 0, 0, 0, 975882]","[2668, 2686, 2650, 2686, 2686, 2686, 2668, 2686, 2650, 2]","[3.0, 4.0, 2.0, 4.0, 4.0, 4.0, 3.0, 4.0, 2.0, 0.5169584593246331]",0.10339169186492664,0.10339169186492662,{},,,,,,,
MovieLens-25M,gap,UCB,Direct,3,1000000,10,2.0,0.10339169186492662,975911,24089,51695.845932463315,967027841,simulated,24039,injected samples,0.975916,1.0,0,2671.0,"[0, 0, 0, 0, 0, 0, 0, 0, 0, 975911]","[2665, 2683, 2647, 2683, 2683, 2683, 2665, 2683, 2647, 0]","[3.0, 4.0, 2.0, 4.0, 4.0, 4.0, 3.0, 4.0, 2.0, 0.5169584593246331]",0.10902563497958798,0.10339169186492662,"{""search"": ""same grid; exact integer TS target envelope"", ""z_stages"": [[0.0, 1.0055710282727444, 4097.0, 24055.0, 444.0], [0.1087568275207094, 0.10924782899935821, 1025.0, 24039.0, 561.0], [0.10902534395434547, 0.10902630294160846, 1025.0, 24039.0, 311.0], [0.10902563427275516, 0.10902563614577716, 1025.0, 24039.0, 387.0], [0.10902563497879666, 0.1090256349824549, 1025.0, 24039.0, 222.0], [0.10902563497958619, 0.10902563497959333, 1025.0, 24039.0, 256.0]]}",,,,,,,
MovieLens-25M,gap,UCB,Two-phase,3,1000000,10,2.0,0.10339169186492662,1000000,0,51695.845932463315,2073001479,simulated,14422,scheduled corrupted rounds,0.988354,0.988354,0,0.0,"[1294, 1294, 1294, 1294, 1294, 1294, 1294, 1294, 1294, 988354]","[0, 0, 0, 0, 0, 0, 0, 0, 0, 0]","[0.0, 0.0, 0.0, 0.0, 0.0, 0.0, 0.0, 0.0, 0.0, 0.0]",,,,12930,1492,"{""C1"": 12930, ""C2"": 1492, ""K"": 10, ""T"": 1000000, ""feasible"": true, ""learner"": ""UCB"", ""learner_setting"": ""mean + sqrt(log(T)/N)"", ""mu"": 0.10339169186492662, ""reason"": """", ""source"": ""https://proceedings.neurips.cc/paper_files/paper/2021/file/be315e7f05e9f13629031915fe87ad44-Supplemental.pdf"", ""source_section"": ""A.2"", ""target_feedback"": ""deterministic mu_K"", ""total"": 14422, ""version"": ""xu2021-original-settings-v1""}","[1293, 1293, 1293, 1293, 1293, 1293, 1293, 1293, 1293, 1293]","[1, 1, 1, 1, 1, 1, 1, 1, 1, 1483]","[0, 0, 0, 0, 0, 0, 0, 0, 0, 985578]",1.0
MovieLens-25M,gap,TS,Ours,3,1000000,10,2.0,0.10339169186492662,932702,67298,51695.845932463315,3967160033,simulated,67248,injected samples,0.941519,1.0,8812,6492.888888888889,"[0, 0, 0, 0, 0, 0, 0, 0, 0, 932702]","[6486, 6506, 6467, 6506, 6506, 6506, 6486, 6506, 6467, 8812]","[3.0, 4.0, 2.0, 4.0, 4.0, 4.0, 3.0, 4.0, 2.0, 0.5169584593246331]",0.1029976342889806,0.10339169186492662,{},,,,,,,
MovieLens-25M,gap,TS,Direct,3,1000000,10,2.0,0.10339169186492662,933075,66925,51695.845932463315,382520680,simulated,66875,injected samples,0.943792,1.0,10712,6240.333333333333,"[0, 0, 0, 0, 0, 0, 0, 0, 0, 933075]","[6234, 6253, 6215, 6253, 6253, 6253, 6234, 6253, 6215, 10712]","[3.0, 4.0, 2.0, 4.0, 4.0, 4.0, 3.0, 4.0, 2.0, 0.5169584593246331]",0.10506466198533698,0.10339169186492662,"{""search"": ""same grid; exact integer TS target envelope"", ""z_stages"": [[0.0, 0.9917345536637608, 4097.0, 66879.0, 433.0], [0.10459700370672477, 0.10508124909425591, 1025.0, 66875.0, 989.0], [0.10506422484235052, 0.10506517063412305, 1025.0, 66875.0, 474.0], [0.10506466171687044, 0.10506466356412, 1025.0, 66875.0, 149.0], [0.10506466198385574, 0.10506466198746364, 1025.0, 66875.0, 421.0], [0.10506466198533554, 0.10506466198534259, 1025.0, 66875.0, 209.0]]}",,,,,,,
MovieLens-25M,gap,TS,Two-phase,3,1000000,10,2.0,0.10339169186492662,1000000,0,51695.845932463315,4266680470,infeasible,5343203,scheduled corrupted rounds,,,0,0.0,,"[0, 0, 0, 0, 0, 0, 0, 0, 0, 0]","[0.0, 0.0, 0.0, 0.0, 0.0, 0.0, 0.0, 0.0, 0.0, 0.0]",,,,5170,5338033,"{""C1"": 5170, ""C2"": 5338033, ""K"": 10, ""T"": 1000000, ""beta"": 0.36579764504492285, ""feasible"": false, ""learner"": ""TS"", ""learner_setting"": ""Beta(sum+1, N-sum+1)"", ""mu"": 0.10339169186492662, ""n1"": 276.46889273196496, ""n2"": 757.5311072680349, ""n3"": 2.739101688419504, ""promotion_term"": 1192.3490828531187, ""reason"": ""original budget reaches/exceeds T"", ""source"": ""https://proceedings.neurips.cc/paper_files/paper/2021/file/be315e7f05e9f13629031915fe87ad44-Supplemental.pdf"", ""source_section"": ""A.4"", ""target_feedback"": ""Bernoulli(mu_K)"", ""total"": 5343203, ""version"": ""xu2021-original-settings-v1"", ""waiting_term"": 5336840.012372333}",,,,
MovieLens-25M,gap,UCB,Ours,3,1000000,10,3.0,0.15508753779738996,988780,11220,51695.845932463315,756562639,simulated,11170,injected samples,0.988786,1.0,1,1241.0,"[0, 0, 0, 0, 0, 0, 0, 0, 0, 988780]","[1237, 1249, 1225, 1249, 1249, 1249, 1237, 1249, 1225, 1]","[3.0, 4.0, 2.0, 4.0, 4.0, 4.0, 3.0, 4.0, 2.0, 0.7754376889869498]",0.15508753779738996,0.15508753779738996,{},,,,,,,
MovieLens-25M,gap,UCB,Direct,3,1000000,10,3.0,0.15508753779738996,988785,11215,51695.845932463315,372607449,simulated,11165,injected samples,0.98879,1.0,0,1240.5555555555557,"[0, 0, 0, 0, 0, 0, 0, 0, 0, 988785]","[1236, 1249, 1224, 1249, 1249, 1249, 1236, 1249, 1224, 0]","[3.0, 4.0, 2.0, 4.0, 4.0, 4.0, 3.0, 4.0, 2.0, 0.7754376889869498]",0.16068384687588622,0.15508753779738996,"{""search"": ""same grid; exact integer TS target envelope"", ""z_stages"": [[0.0, 1.0055712867638646, 4097.0, 11183.0, 654.0], [0.16031202398847744, 0.1608030255933426, 1025.0, 11165.0, 776.0], [0.16068363164840957, 0.16068459063591908, 1025.0, 11165.0, 230.0], [0.16068384610948347, 0.16068384798250596, 1025.0, 11165.0, 419.0], [0.1606838468740571, 0.16068384687771534, 1025.0, 11165.0, 512.0], [0.16068384687588264, 0.1606838468758898, 1025.0, 11165.0, 511.0]]}",,,,,,,
MovieLens-25M,gap,UCB,Two-phase,3,1000000,10,3.0,0.15508753779738996,1000000,0,51695.845932463315,3424264592,simulated,6806,scheduled corrupted rounds,0.994816,0.994816,0,0.0,"[576, 576, 576, 576, 576, 576, 576, 576, 576, 994816]","[0, 0, 0, 0, 0, 0, 0, 0, 0, 0]","[0.0, 0.0, 0.0, 0.0, 0.0, 0.0, 0.0, 0.0, 0.0, 0.0]",,,,5750,1056,"{""C1"": 5750, ""C2"": 1056, ""K"": 10, ""T"": 1000000, ""feasible"": true, ""learner"": ""UCB"", ""learner_setting"": ""mean + sqrt(log(T)/N)"", ""mu"": 0.15508753779738996, ""reason"": """", ""source"": ""https://proceedings.neurips.cc/paper_files/paper/2021/file/be315e7f05e9f13629031915fe87ad44-Supplemental.pdf"", ""source_section"": ""A.2"", ""target_feedback"": ""deterministic mu_K"", ""total"": 6806, ""version"": ""xu2021-original-settings-v1""}","[575, 575, 575, 575, 575, 575, 575, 575, 575, 575]","[1, 1, 1, 1, 1, 1, 1, 1, 1, 1047]","[0, 0, 0, 0, 0, 0, 0, 0, 0, 993194]",1.0
MovieLens-25M,gap,TS,Ours,3,1000000,10,3.0,0.15508753779738996,968700,31300,51695.845932463315,1113442069,simulated,31250,injected samples,0.971487,1.0,2782,3163.1111111111113,"[0, 0, 0, 0, 0, 0, 0, 0, 0, 968700]","[3159, 3172, 3145, 3172, 3172, 3172, 3159, 3172, 3145, 2782]","[3.0, 4.0, 2.0, 4.0, 4.0, 4.0, 3.0, 4.0, 2.0, 0.7754376889869498]",0.14782657185402187,0.15508753779738996,{},,,,,,,
MovieLens-25M,gap,TS,Direct,3,1000000,10,3.0,0.15508753779738996,968876,31124,51695.845932463315,1845900633,simulated,31074,injected samples,0.971397,1.0,2516,3173.1111111111113,"[0, 0, 0, 0, 0, 0, 0, 0, 0, 968876]","[3169, 3182, 3155, 3182, 3182, 3182, 3169, 3182, 3155, 2516]","[3.0, 4.0, 2.0, 4.0, 4.0, 4.0, 3.0, 4.0, 2.0, 0.7754376889869498]",0.14758546975240402,0.15508753779738996,"{""search"": ""same grid; exact integer TS target envelope"", ""z_stages"": [[0.0, 0.9917348121548812, 4097.0, 31078.0, 610.0], [0.14745275893611393, 0.14793700444986144, 1025.0, 31074.0, 281.0], [0.14758516981877925, 0.1475861156107983, 1025.0, 31074.0, 325.0], [0.1475854690732853, 0.1475854709205353, 1025.0, 31074.0, 377.0], [0.1475854697515724, 0.14758546975518033, 1025.0, 31074.0, 237.0], [0.1475854697524039, 0.14758546975241096, 1025.0, 31074.0, 15.0]]}",,,,,,,
MovieLens-25M,gap,TS,Two-phase,3,1000000,10,3.0,0.15508753779738996,1000000,0,51695.845932463315,725263942,infeasible,1713501677,scheduled corrupted rounds,,,0,0.0,,"[0, 0, 0, 0, 0, 0, 0, 0, 0, 0]","[0.0, 0.0, 0.0, 0.0, 0.0, 0.0, 0.0, 0.0, 0.0, 0.0]",,,,2298,1713499379,"{""C1"": 2298, ""C2"": 1713499379, ""K"": 10, ""T"": 1000000, ""beta"": 0.1800742558144034, ""feasible"": false, ""learner"": ""TS"", ""learner_setting"": ""Beta(sum+1, N-sum+1)"", ""mu"": 0.15508753779738996, ""n1"": 69.4381746100914, ""n2"": 390.1618253899086, ""n3"": 5.564132100010513, ""promotion_term"": 843.6167716814657, ""reason"": ""original budget reaches/exceeds T"", ""source"": ""https://proceedings.neurips.cc/paper_files/paper/2021/file/be315e7f05e9f13629031915fe87ad44-Supplemental.pdf"", ""source_section"": ""A.4"", ""target_feedback"": ""Bernoulli(mu_K)"", ""total"": 1713501677, ""version"": ""xu2021-original-settings-v1"", ""waiting_term"": 1713498534.950569}",,,,
MovieLens-25M,gap,UCB,Ours,3,1000000,10,4.0,0.20678338372985325,993505,6495,51695.845932463315,1029968515,simulated,6445,injected samples,0.993511,1.0,1,716.0,"[0, 0, 0, 0, 0, 0, 0, 0, 0, 993505]","[713, 722, 704, 722, 722, 722, 713, 722, 704, 1]","[3.0, 4.0, 2.0, 4.0, 4.0, 4.0, 3.0, 4.0, 2.0, 1.0339169186492663]",0.20678338372985325,0.20678338372985325,{},,,,,,,
MovieLens-25M,gap,UCB,Direct,3,1000000,10,4.0,0.20678338372985325,993508,6492,51695.845932463315,1136315307,simulated,6442,injected samples,0.993513,1.0,0,715.7777777777778,"[0, 0, 0, 0, 0, 0, 0, 0, 0, 993508]","[713, 722, 703, 722, 722, 722, 713, 722, 703, 0]","[3.0, 4.0, 2.0, 4.0, 4.0, 4.0, 3.0, 4.0, 2.0, 1.0339169186492663]",0.21236059373040425,0.20678338372985325,"{""search"": ""same grid; exact integer TS target envelope"", ""z_stages"": [[0.0, 1.005571545254985, 4097.0, 6444.0, 865.0], [0.2121127478272234, 0.2126037495583049, 1025.0, 6442.0, 517.0], [0.2123601666682762, 0.2123611256560322, 1025.0, 6442.0, 457.0], [0.2123605937175113, 0.21236059559053427, 1025.0, 6442.0, 8.0], [0.21236059373031516, 0.2123605937339734, 1025.0, 6442.0, 25.0], [0.2123605937304009, 0.21236059373040805, 1025.0, 6442.0, 479.0]]}",,,,,,,
MovieLens-25M,gap,UCB,Two-phase,3,1000000,10,4.0,0.20678338372985325,1000000,0,51695.845932463315,2518146302,simulated,4085,scheduled corrupted rounds,0.997075,0.997075,0,0.0,"[325, 325, 325, 325, 325, 325, 325, 325, 325, 997075]","[0, 0, 0, 0, 0, 0, 0, 0, 0, 0]","[0.0, 0.0, 0.0, 0.0, 0.0, 0.0, 0.0, 0.0, 0.0, 0.0]",,,,3240,845,"{""C1"": 3240, ""C2"": 845, ""K"": 10, ""T"": 1000000, ""feasible"": true, ""learner"": ""UCB"", ""learner_setting"": ""mean + sqrt(log(T)/N)"", ""mu"": 0.20678338372985325, ""reason"": """", ""source"": ""https://proceedings.neurips.cc/paper_files/paper/2021/file/be315e7f05e9f13629031915fe87ad44-Supplemental.pdf"", ""source_section"": ""A.2"", ""target_feedback"": ""deterministic mu_K"", ""total"": 4085, ""version"": ""xu2021-original-settings-v1""}","[324, 324, 324, 324, 324, 324, 324, 324, 324, 324]","[1, 1, 1, 1, 1, 1, 1, 1, 1, 836]","[0, 0, 0, 0, 0, 0, 0, 0, 0, 995915]",1.0
MovieLens-25M,gap,TS,Ours,3,1000000,10,4.0,0.20678338372985325,981711,18289,51695.845932463315,1749883779,simulated,18239,injected samples,0.983608,1.0,1892,1816.3333333333333,"[0, 0, 0, 0, 0, 0, 0, 0, 0, 981711]","[1813, 1823, 1803, 1823, 1823, 1823, 1813, 1823, 1803, 1892]","[3.0, 4.0, 2.0, 4.0, 4.0, 4.0, 3.0, 4.0, 2.0, 1.0339169186492663]",0.19540745375821356,0.20678338372985325,{},,,,,,,
MovieLens-25M,gap,TS,Direct,3,1000000,10,4.0,0.20678338372985325,981931,18069,51695.845932463315,1963421544,simulated,18019,injected samples,0.98359,1.0,1654,1818.3333333333333,"[0, 0, 0, 0, 0, 0, 0, 0, 0, 981931]","[1815, 1825, 1805, 1825, 1825, 1825, 1815, 1825, 1805, 1654]","[3.0, 4.0, 2.0, 4.0, 4.0, 4.0, 3.0, 4.0, 2.0, 1.0339169186492663]",0.19529151657179727,0.20678338372985325,"{""search"": ""same grid; exact integer TS target envelope"", ""z_stages"": [[0.0, 0.9917350706460014, 4097.0, 18023.0, 807.0], [0.19515099290543875, 0.19563523854540263, 1025.0, 18019.0, 298.0], [0.19529144305687357, 0.19529238884913913, 1025.0, 18019.0, 80.0], [0.19529151602326905, 0.19529151787051957, 1025.0, 18019.0, 305.0], [0.19529151657167154, 0.19529151657527946, 1025.0, 18019.0, 36.0], [0.19529151657179486, 0.1952915165718019, 1025.0, 18019.0, 349.0]]}",,,,,,,
MovieLens-25M,gap,TS,Two-phase,3,1000000,10,4.0,0.20678338372985325,1000000,0,51695.845932463315,1833566661,infeasible,1901480593645945,scheduled corrupted rounds,,,0,0.0,,"[0, 0, 0, 0, 0, 0, 0, 0, 0, 0]","[0.0, 0.0, 0.0, 0.0, 0.0, 0.0, 0.0, 0.0, 0.0, 0.0]",,,,1293,1901480593644652,"{""C1"": 1293, ""C2"": 1901480593644652, ""K"": 10, ""T"": 1000000, ""beta"": 0.03995065173165885, ""feasible"": false, ""learner"": ""TS"", ""learner_setting"": ""Beta(sum+1, N-sum+1)"", ""mu"": 0.20678338372985325, ""n1"": 9.011186419215505, ""n2"": 249.58881358078452, ""n3"": 25.07986487660793, ""promotion_term"": 674.1435055153747, ""reason"": ""original budget reaches/exceeds T"", ""source"": ""https://proceedings.neurips.cc/paper_files/paper/2021/file/be315e7f05e9f13629031915fe87ad44-Supplemental.pdf"", ""source_section"": ""A.4"", ""target_feedback"": ""Bernoulli(mu_K)"", ""total"": 1901480593645945, ""version"": ""xu2021-original-settings-v1"", ""waiting_term"": 1901480593643977.0}",,,,
MovieLens-25M,gap,UCB,Ours,3,1000000,10,5.0,0.25847922966231657,995754,4246,51695.845932463315,1341220466,simulated,4196,injected samples,0.99576,1.0,1,466.1111111111111,"[0, 0, 0, 0, 0, 0, 0, 0, 0, 995754]","[464, 471, 456, 471, 471, 471, 464, 471, 456, 1]","[3.0, 4.0, 2.0, 4.0, 4.0, 4.0, 3.0, 4.0, 2.0, 1.292396148311583]",0.25847922966231657,0.25847922966231657,{},,,,,,,
MovieLens-25M,gap,UCB,Direct,3,1000000,10,5.0,0.25847922966231657,995755,4245,51695.845932463315,3907492009,simulated,4195,injected samples,0.99576,1.0,0,466.1111111111111,"[0, 0, 0, 0, 0, 0, 0, 0, 0, 995755]","[464, 471, 456, 471, 471, 471, 464, 471, 456, 0]","[3.0, 4.0, 2.0, 4.0, 4.0, 4.0, 3.0, 4.0, 2.0, 1.292396148311583]",0.26400988237991146,0.25847922966231657,"{""search"": ""same grid; exact integer TS target envelope"", ""z_stages"": [[0.0, 1.0055718037461052, 4097.0, 4202.0, 1075.0], [0.2636679973689739, 0.2641589992262718, 1025.0, 4195.0, 714.0], [0.2640098765918776, 0.26401083557988014, 1025.0, 4195.0, 7.0], [0.2640098822109479, 0.26400988408397136, 1025.0, 4195.0, 93.0], [0.26400988237922735, 0.2640098823828856, 1025.0, 4195.0, 192.0], [0.2640098823799097, 0.26400988237991685, 1025.0, 4195.0, 251.0]]}",,,,,,,
MovieLens-25M,gap,UCB,Two-phase,3,1000000,10,5.0,0.25847922966231657,1000000,0,51695.845932463315,2958467090,simulated,2792,scheduled corrupted rounds,0.998128,0.998128,0,0.0,"[208, 208, 208, 208, 208, 208, 208, 208, 208, 998128]","[0, 0, 0, 0, 0, 0, 0, 0, 0, 0]","[0.0, 0.0, 0.0, 0.0, 0.0, 0.0, 0.0, 0.0, 0.0, 0.0]",,,,2070,722,"{""C1"": 2070, ""C2"": 722, ""K"": 10, ""T"": 1000000, ""feasible"": true, ""learner"": ""UCB"", ""learner_setting"": ""mean + sqrt(log(T)/N)"", ""mu"": 0.25847922966231657, ""reason"": """", ""source"": ""https://proceedings.neurips.cc/paper_files/paper/2021/file/be315e7f05e9f13629031915fe87ad44-Supplemental.pdf"", ""source_section"": ""A.2"", ""target_feedback"": ""deterministic mu_K"", ""total"": 2792, ""version"": ""xu2021-original-settings-v1""}","[207, 207, 207, 207, 207, 207, 207, 207, 207, 207]","[1, 1, 1, 1, 1, 1, 1, 1, 1, 713]","[0, 0, 0, 0, 0, 0, 0, 0, 0, 997208]",1.0
MovieLens-25M,gap,TS,Ours,3,1000000,10,5.0,0.25847922966231657,987859,12141,51695.845932463315,1194080414,simulated,12091,injected samples,0.989284,1.0,1420,1185.6666666666667,"[0, 0, 0, 0, 0, 0, 0, 0, 0, 987859]","[1183, 1191, 1175, 1191, 1191, 1191, 1183, 1191, 1175, 1420]","[3.0, 4.0, 2.0, 4.0, 4.0, 4.0, 3.0, 4.0, 2.0, 1.292396148311583]",0.24225625534598688,0.25847922966231657,{},,,,,,,
MovieLens-25M,gap,TS,Direct,3,1000000,10,5.0,0.25847922966231657,988088,11912,51695.845932463315,1905830984,simulated,11862,injected samples,0.98932,1.0,1227,1181.6666666666667,"[0, 0, 0, 0, 0, 0, 0, 0, 0, 988088]","[1179, 1187, 1171, 1187, 1187, 1187, 1179, 1187, 1171, 1227]","[3.0, 4.0, 2.0, 4.0, 4.0, 4.0, 3.0, 4.0, 2.0, 1.292396148311583]",0.24262257279784324,0.25847922966231657,"{""search"": ""same grid; exact integer TS target envelope"", ""z_stages"": [[0.0, 0.9917353291371217, 4097.0, 11864.0, 1003.0], [0.24260712885629784, 0.24309137462247807, 1025.0, 11862.0, 33.0], [0.24262226153649097, 0.24262320732900305, 1025.0, 11862.0, 337.0], [0.242622571874659, 0.24262257372190998, 1025.0, 11862.0, 512.0], [0.24262257279648053, 0.24262257280008845, 1025.0, 11862.0, 387.0], [0.24262257279784055, 0.2426225727978476, 1025.0, 11862.0, 390.0]]}",,,,,,,
MovieLens-25M,gap,TS,Two-phase,3,1000000,10,5.0,0.25847922966231657,1000000,0,51695.845932463315,2750483883,infeasible,,scheduled corrupted rounds,,,0,0.0,,"[0, 0, 0, 0, 0, 0, 0, 0, 0, 0]","[0.0, 0.0, 0.0, 0.0, 0.0, 0.0, 0.0, 0.0, 0.0, 0.0]",,,,828,0,"{""C1"": 828, ""C2"": null, ""K"": 10, ""T"": 1000000, ""feasible"": false, ""learner"": ""TS"", ""learner_setting"": ""Beta(sum+1, N-sum+1)"", ""mu"": 0.25847922966231657, ""n1"": -13.458956056127466, ""n2"": 179.05895605612744, ""reason"": ""A.4 phase-one lower count bound is nonpositive"", ""source"": ""https://proceedings.neurips.cc/paper_files/paper/2021/file/be315e7f05e9f13629031915fe87ad44-Supplemental.pdf"", ""source_section"": ""A.4"", ""target_feedback"": ""Bernoulli(mu_K)"", ""total"": null, ""version"": ""xu2021-original-settings-v1""}",,,,
MovieLens-25M,gap,UCB,Ours,3,1000000,10,6.0,0.3101750755947799,996997,3003,51695.845932463315,3864201814,simulated,2953,injected samples,0.997003,1.0,1,328.0,"[0, 0, 0, 0, 0, 0, 0, 0, 0, 996997]","[326, 332, 320, 332, 332, 332, 326, 332, 320, 1]","[3.0, 4.0, 2.0, 4.0, 4.0, 4.0, 3.0, 4.0, 2.0, 1.5508753779738995]",0.3101750755947799,0.3101750755947799,{},,,,,,,
MovieLens-25M,gap,UCB,Direct,3,1000000,10,6.0,0.3101750755947799,996998,3002,51695.845932463315,162220309,simulated,2952,injected samples,0.997003,1.0,0,328.0,"[0, 0, 0, 0, 0, 0, 0, 0, 0, 996998]","[326, 332, 320, 332, 332, 332, 326, 332, 320, 0]","[3.0, 4.0, 2.0, 4.0, 4.0, 4.0, 3.0, 4.0, 2.0, 1.5508753779738995]",0.3155799161889948,0.3101750755947799,"{""search"": ""same grid; exact integer TS target envelope"", ""z_stages"": [[0.0, 1.0055720622372253, 4097.0, 2952.0, 1286.0], [0.3154687744079186, 0.31595977639143286, 1025.0, 2952.0, 232.0], [0.315579537550684, 0.31558049653893305, 1025.0, 2952.0, 405.0], [0.3155799159015166, 0.3155799177745406, 1025.0, 2952.0, 158.0], [0.31557991618868925, 0.3155799161923475, 1025.0, 2952.0, 86.0], [0.3155799161889929, 0.31557991618900005, 1025.0, 2952.0, 266.0]]}",,,,,,,
MovieLens-25M,gap,UCB,Two-phase,3,1000000,10,6.0,0.3101750755947799,1000000,0,51695.845932463315,1261395291,simulated,2088,scheduled corrupted rounds,0.998695,0.998695,0,0.0,"[145, 145, 145, 145, 145, 145, 145, 145, 145, 998695]","[0, 0, 0, 0, 0, 0, 0, 0, 0, 0]","[0.0, 0.0, 0.0, 0.0, 0.0, 0.0, 0.0, 0.0, 0.0, 0.0]",,,,1440,648,"{""C1"": 1440, ""C2"": 648, ""K"": 10, ""T"": 1000000, ""feasible"": true, ""learner"": ""UCB"", ""learner_setting"": ""mean + sqrt(log(T)/N)"", ""mu"": 0.3101750755947799, ""reason"": """", ""source"": ""https://proceedings.neurips.cc/paper_files/paper/2021/file/be315e7f05e9f13629031915fe87ad44-Supplemental.pdf"", ""source_section"": ""A.2"", ""target_feedback"": ""deterministic mu_K"", ""total"": 2088, ""version"": ""xu2021-original-settings-v1""}","[144, 144, 144, 144, 144, 144, 144, 144, 144, 144]","[1, 1, 1, 1, 1, 1, 1, 1, 1, 639]","[0, 0, 0, 0, 0, 0, 0, 0, 0, 997912]",1.0
MovieLens-25M,gap,TS,Ours,3,1000000,10,6.0,0.3101750755947799,991261,8739,51695.845932463315,2037758191,simulated,8689,injected samples,0.992401,1.0,1135,839.3333333333334,"[0, 0, 0, 0, 0, 0, 0, 0, 0, 991261]","[837, 844, 830, 844, 844, 844, 837, 844, 830, 1135]","[3.0, 4.0, 2.0, 4.0, 4.0, 4.0, 3.0, 4.0, 2.0, 1.5508753779738995]",0.28835668302929085,0.3101750755947799,{},,,,,,,
MovieLens-25M,gap,TS,Direct,3,1000000,10,6.0,0.3101750755947799,991485,8515,51695.845932463315,1676808415,simulated,8465,injected samples,0.992437,1.0,947,835.3333333333334,"[0, 0, 0, 0, 0, 0, 0, 0, 0, 991485]","[833, 840, 826, 840, 840, 840, 833, 840, 826, 947]","[3.0, 4.0, 2.0, 4.0, 4.0, 4.0, 3.0, 4.0, 2.0, 1.5508753779738995]",0.28896978215073854,0.3101750755947799,"{""search"": ""same grid; exact integer TS target envelope"", ""z_stages"": [[0.0, 0.9917355876282419, 4097.0, 8466.0, 1194.0], [0.2888526748145734, 0.28933692070697, 1025.0, 8465.0, 248.0], [0.28896948022025887, 0.2889704260130175, 1025.0, 8465.0, 327.0], [0.2889697813222504, 0.28896978316950184, 1025.0, 8465.0, 460.0], [0.2889697821502664, 0.2889697821538743, 1025.0, 8465.0, 134.0], [0.28896978215073504, 0.2889697821507421, 1025.0, 8465.0, 504.0]]}",,,,,,,
MovieLens-25M,gap,TS,Two-phase,3,1000000,10,6.0,0.3101750755947799,1000000,0,51695.845932463315,64122784,infeasible,,scheduled corrupted rounds,,,0,0.0,,"[0, 0, 0, 0, 0, 0, 0, 0, 0, 0]","[0.0, 0.0, 0.0, 0.0, 0.0, 0.0, 0.0, 0.0, 0.0, 0.0]",,,,575,0,"{""C1"": 575, ""C2"": null, ""K"": 10, ""T"": 1000000, ""feasible"": false, ""learner"": ""TS"", ""learner_setting"": ""Beta(sum+1, N-sum+1)"", ""mu"": 0.3101750755947799, ""n1"": -22.715796713439556, ""n2"": 137.71579671343957, ""reason"": ""A.4 phase-one lower count bound is nonpositive"", ""source"": ""https://proceedings.neurips.cc/paper_files/paper/2021/file/be315e7f05e9f13629031915fe87ad44-Supplemental.pdf"", ""source_section"": ""A.4"", ""target_feedback"": ""Bernoulli(mu_K)"", ""total"": null, ""version"": ""xu2021-original-settings-v1""}",,,,
MovieLens-25M,horizon,UCB,Ours,4,100000,10,,0.016442451420029897,73700,26300,10480.819243109449,3588009723,simulated,26250,injected samples,0.89524,1.0,15819,1159.0,"[0, 0, 0, 0, 0, 0, 0, 0, 0, 73700]","[1172, 1159, 1172, 1133, 1146, 1172, 1172, 1159, 1146, 15819]","[5.0, 4.0, 5.0, 2.0, 3.0, 5.0, 5.0, 4.0, 3.0, 0.0]",0.13656916082467235,0.0,{},,,,,,,
MovieLens-25M,horizon,UCB,Clipped Suppression,4,100000,10,,0.016442451420029897,100000,0,10480.819243109449,2500427296,simulated,81850,suppressed non-target rounds (including 0->0),0.1815,0.1815,0,0.0,"[9095, 9095, 9095, 9095, 9094, 9094, 9094, 9094, 9094, 18150]","[0, 0, 0, 0, 0, 0, 0, 0, 0, 0]","[0.0, 0.0, 0.0, 0.0, 0.0, 0.0, 0.0, 0.0, 0.0, 0.0]",,,,,,,,,,
MovieLens-25M,horizon,TS,Ours,4,100000,10,,0.016442451420029897,58061,41939,10480.819243109449,2260146100,simulated,41889,injected samples,0.84804,1.0,26738,1683.4444444444443,"[0, 0, 0, 0, 0, 0, 0, 0, 0, 58061]","[1694, 1683, 1694, 1663, 1673, 1694, 1694, 1683, 1673, 26738]","[5.0, 4.0, 5.0, 2.0, 3.0, 5.0, 5.0, 4.0, 3.0, 0.0]",0.1893768759436104,0.0,{},,,,,,,
MovieLens-25M,horizon,TS,Clipped Suppression,4,100000,10,,0.016442451420029897,100000,0,10480.819243109449,3353801427,simulated,67308,suppressed non-target rounds (including 0->0),0.32692,0.32692,0,0.0,"[7486, 7500, 7558, 7465, 7501, 7439, 7516, 7443, 7400, 32692]","[0, 0, 0, 0, 0, 0, 0, 0, 0, 0]","[0.0, 0.0, 0.0, 0.0, 0.0, 0.0, 0.0, 0.0, 0.0, 0.0]",,,,,,,,,,
MovieLens-25M,horizon,UCB,Ours,4,250000,10,,0.016442451420029897,201220,48780,19804.988134665902,2779562392,simulated,48730,injected samples,0.924928,1.0,30007,2080.3333333333335,"[0, 0, 0, 0, 0, 0, 0, 0, 0, 201220]","[2097, 2080, 2097, 2047, 2064, 2097, 2097, 2080, 2064, 30007]","[5.0, 4.0, 5.0, 2.0, 3.0, 5.0, 5.0, 4.0, 3.0, 0.0]",0.10716190421770483,0.0,{},,,,,,,
MovieLens-25M,horizon,UCB,Clipped Suppression,4,250000,10,,0.016442451420029897,250000,0,19804.988134665902,4278642133,simulated,185343,suppressed non-target rounds (including 0->0),0.258628,0.258628,0,0.0,"[20594, 20594, 20594, 20594, 20594, 20594, 20593, 20593, 20593, 64657]","[0, 0, 0, 0, 0, 0, 0, 0, 0, 0]","[0.0, 0.0, 0.0, 0.0, 0.0, 0.0, 0.0, 0.0, 0.0, 0.0]",,,,,,,,,,
MovieLens-25M,horizon,TS,Ours,4,250000,10,,0.016442451420029897,175239,74761,19804.988134665902,3075769739,simulated,74711,injected samples,0.894652,1.0,48419,2921.3333333333335,"[0, 0, 0, 0, 0, 0, 0, 0, 0, 175239]","[2935, 2921, 2935, 2894, 2908, 2935, 2935, 2921, 2908, 48419]","[5.0, 4.0, 5.0, 2.0, 3.0, 5.0, 5.0, 4.0, 3.0, 0.0]",0.14775345788712135,0.0,{},,,,,,,
MovieLens-25M,horizon,TS,Clipped Suppression,4,250000,10,,0.016442451420029897,250000,0,19804.988134665902,2788524349,simulated,118443,suppressed non-target rounds (including 0->0),0.526228,0.526228,0,0.0,"[13211, 13158, 13169, 13241, 13130, 13204, 13085, 13065, 13180, 131557]","[0, 0, 0, 0, 0, 0, 0, 0, 0, 0]","[0.0, 0.0, 0.0, 0.0, 0.0, 0.0, 0.0, 0.0, 0.0, 0.0]",,,,,,,,,,
MovieLens-25M,horizon,UCB,Ours,4,400000,10,,0.016442451420029897,332937,67063,27430.126400660687,2780001435,simulated,67013,injected samples,0.9364625,1.0,41643,2818.8888888888887,"[0, 0, 0, 0, 0, 0, 0, 0, 0, 332937]","[2838, 2819, 2838, 2780, 2800, 2838, 2838, 2819, 2800, 41643]","[5.0, 4.0, 5.0, 2.0, 3.0, 5.0, 5.0, 4.0, 3.0, 0.0]",0.09428732959286837,0.0,{},,,,,,,
MovieLens-25M,horizon,UCB,Clipped Suppression,4,400000,10,,0.016442451420029897,400000,0,27430.126400660687,763717920,simulated,267546,suppressed non-target rounds (including 0->0),0.331135,0.331135,0,0.0,"[29728, 29728, 29728, 29727, 29727, 29727, 29727, 29727, 29727, 132454]","[0, 0, 0, 0, 0, 0, 0, 0, 0, 0]","[0.0, 0.0, 0.0, 0.0, 0.0, 0.0, 0.0, 0.0, 0.0, 0.0]",,,,,,,,,,
MovieLens-25M,horizon,TS,Ours,4,400000,10,,0.016442451420029897,298972,101028,27430.126400660687,13938833,simulated,100978,injected samples,0.9120375,1.0,65838,3904.4444444444443,"[0, 0, 0, 0, 0, 0, 0, 0, 0, 298972]","[3920, 3904, 3920, 3874, 3889, 3920, 3920, 3904, 3889, 65838]","[5.0, 4.0, 5.0, 2.0, 3.0, 5.0, 5.0, 4.0, 3.0, 0.0]",0.1295557216048137,0.0,{},,,,,,,
MovieLens-25M,horizon,TS,Clipped Suppression,4,400000,10,,0.016442451420029897,400000,0,27430.126400660687,2346099778,simulated,153423,suppressed non-target rounds (including 0->0),0.6164425,0.6164425,0,0.0,"[17028, 17093, 17077, 17024, 17037, 17067, 17026, 17082, 16989, 246577]","[0, 0, 0, 0, 0, 0, 0, 0, 0, 0]","[0.0, 0.0, 0.0, 0.0, 0.0, 0.0, 0.0, 0.0, 0.0, 0.0]",,,,,,,,,,
MovieLens-25M,horizon,UCB,Ours,4,550000,10,,0.016442451420029897,466759,83241,34194.80516566394,1147742379,simulated,83191,injected samples,0.9431745454545455,1.0,51982,3467.6666666666665,"[0, 0, 0, 0, 0, 0, 0, 0, 0, 466759]","[3489, 3468, 3489, 3425, 3446, 3489, 3489, 3468, 3446, 51982]","[5.0, 4.0, 5.0, 2.0, 3.0, 5.0, 5.0, 4.0, 3.0, 0.0]",0.08634861417785086,0.0,{},,,,,,,
MovieLens-25M,horizon,UCB,Clipped Suppression,4,550000,10,,0.016442451420029897,550000,0,34194.80516566394,1338658641,simulated,340443,suppressed non-target rounds (including 0->0),0.3810127272727273,0.3810127272727273,0,0.0,"[37827, 37827, 37827, 37827, 37827, 37827, 37827, 37827, 37827, 209557]","[0, 0, 0, 0, 0, 0, 0, 0, 0, 0]","[0.0, 0.0, 0.0, 0.0, 0.0, 0.0, 0.0, 0.0, 0.0, 0.0]",,,,,,,,,,
MovieLens-25M,horizon,TS,Ours,4,550000,10,,0.016442451420029897,425930,124070,34194.80516566394,1100418731,simulated,124020,injected samples,0.921969090909091,1.0,81148,4763.555555555556,"[0, 0, 0, 0, 0, 0, 0, 0, 0, 425930]","[4780, 4764, 4780, 4730, 4747, 4780, 4780, 4764, 4747, 81148]","[5.0, 4.0, 5.0, 2.0, 3.0, 5.0, 5.0, 4.0, 3.0, 0.0]",0.118356154373258,0.0,{},,,,,,,
MovieLens-25M,horizon,TS,Clipped Suppression,4,550000,10,,0.016442451420029897,550000,0,34194.80516566394,2572566485,simulated,174029,suppressed non-target rounds (including 0->0),0.6835836363636364,0.6835836363636364,0,0.0,"[19384, 19306, 19361, 19258, 19456, 19362, 19284, 19347, 19271, 375971]","[0, 0, 0, 0, 0, 0, 0, 0, 0, 0]","[0.0, 0.0, 0.0, 0.0, 0.0, 0.0, 0.0, 0.0, 0.0, 0.0]",,,,,,,,,,
MovieLens-25M,horizon,UCB,Ours,4,700000,10,,0.016442451420029897,601940,98060,40401.844201652595,2658038610,simulated,98010,injected samples,0.9477485714285714,1.0,61479,4059.0,"[0, 0, 0, 0, 0, 0, 0, 0, 0, 601940]","[4082, 4059, 4082, 4013, 4036, 4082, 4082, 4059, 4036, 61479]","[5.0, 4.0, 5.0, 2.0, 3.0, 5.0, 5.0, 4.0, 3.0, 0.0]",0.08073495941203437,0.0,{},,,,,,,
MovieLens-25M,horizon,UCB,Clipped Suppression,4,700000,10,,0.016442451420029897,700000,0,40401.844201652595,4220811548,simulated,393930,suppressed non-target rounds (including 0->0),0.43724285714285716,0.43724285714285716,0,0.0,"[43770, 43770, 43770, 43770, 43770, 43770, 43770, 43770, 43770, 306070]","[0, 0, 0, 0, 0, 0, 0, 0, 0, 0]","[0.0, 0.0, 0.0, 0.0, 0.0, 0.0, 0.0, 0.0, 0.0, 0.0]",,,,,,,,,,
MovieLens-25M,horizon,TS,Ours,4,700000,10,,0.016442451420029897,554935,145065,40401.844201652595,1390505648,simulated,145015,injected samples,0.9286428571428571,1.0,95110,5545.0,"[0, 0, 0, 0, 0, 0, 0, 0, 0, 554935]","[5563, 5545, 5563, 5509, 5527, 5563, 5563, 5545, 5527, 95110]","[5.0, 4.0, 5.0, 2.0, 3.0, 5.0, 5.0, 4.0, 3.0, 0.0]",0.11045026544133396,0.0,{},,,,,,,
MovieLens-25M,horizon,TS,Clipped Suppression,4,700000,10,,0.016442451420029897,700000,0,40401.844201652595,2044911002,simulated,183613,suppressed non-target rounds (including 0->0),0.7376957142857142,0.7376957142857142,0,0.0,"[20469, 20315, 20454, 20281, 20481, 20469, 20356, 20332, 20456, 516387]","[0, 0, 0, 0, 0, 0, 0, 0, 0, 0]","[0.0, 0.0, 0.0, 0.0, 0.0, 0.0, 0.0, 0.0, 0.0, 0.0]",,,,,,,,,,
MovieLens-25M,horizon,UCB,Ours,4,850000,10,,0.016442451420029897,738102,111898,46204.95572790959,4256849782,simulated,111848,injected samples,0.9511458823529412,1.0,70367,4609.0,"[0, 0, 0, 0, 0, 0, 0, 0, 0, 738102]","[4633, 4609, 4633, 4561, 4585, 4633, 4633, 4609, 4585, 70367]","[5.0, 4.0, 5.0, 2.0, 3.0, 5.0, 5.0, 4.0, 3.0, 0.0]",0.07645395572701652,0.0,{},,,,,,,
MovieLens-25M,horizon,UCB,Clipped Suppression,4,850000,10,,0.016442451420029897,850000,0,46204.95572790959,3769747343,simulated,432396,suppressed non-target rounds (including 0->0),0.4912988235294118,0.4912988235294118,0,0.0,"[48044, 48044, 48044, 48044, 48044, 48044, 48044, 48044, 48044, 417604]","[0, 0, 0, 0, 0, 0, 0, 0, 0, 0]","[0.0, 0.0, 0.0, 0.0, 0.0, 0.0, 0.0, 0.0, 0.0, 0.0]",,,,,,,,,,
MovieLens-25M,horizon,TS,Ours,4,850000,10,,0.016442451420029897,685417,164583,46204.95572790959,3777638692,simulated,164533,injected samples,0.93356,1.0,108104,6269.888888888889,"[0, 0, 0, 0, 0, 0, 0, 0, 0, 685417]","[6289, 6270, 6289, 6231, 6251, 6289, 6289, 6270, 6251, 108104]","[5.0, 4.0, 5.0, 2.0, 3.0, 5.0, 5.0, 4.0, 3.0, 0.0]",0.10443023828872136,0.0,{},,,,,,,
MovieLens-25M,horizon,TS,Clipped Suppression,4,850000,10,,0.016442451420029897,850000,0,46204.95572790959,1144962472,simulated,196023,suppressed non-target rounds (including 0->0),0.769384705882353,0.769384705882353,0,0.0,"[21811, 21755, 21828, 21861, 21719, 21728, 21778, 21802, 21741, 653977]","[0, 0, 0, 0, 0, 0, 0, 0, 0, 0]","[0.0, 0.0, 0.0, 0.0, 0.0, 0.0, 0.0, 0.0, 0.0, 0.0]",,,,,,,,,,
MovieLens-25M,horizon,UCB,Ours,4,1000000,10,,0.016442451420029897,875016,124984,51695.845932463315,1335143756,simulated,124934,injected samples,0.953804,1.0,78783,5127.888888888889,"[0, 0, 0, 0, 0, 0, 0, 0, 0, 875016]","[5153, 5128, 5153, 5077, 5103, 5153, 5153, 5128, 5103, 78783]","[5.0, 4.0, 5.0, 2.0, 3.0, 5.0, 5.0, 4.0, 3.0, 0.0]",0.07302809509547015,0.0,{},,,,,,,
MovieLens-25M,horizon,UCB,Clipped Suppression,4,1000000,10,,0.016442451420029897,1000000,0,51695.845932463315,3023384595,simulated,471162,suppressed non-target rounds (including 0->0),0.528838,0.528838,0,0.0,"[52352, 52352, 52352, 52351, 52351, 52351, 52351, 52351, 52351, 528838]","[0, 0, 0, 0, 0, 0, 0, 0, 0, 0]","[0.0, 0.0, 0.0, 0.0, 0.0, 0.0, 0.0, 0.0, 0.0, 0.0]",,,,,,,,,,
MovieLens-25M,horizon,TS,Ours,4,1000000,10,,0.016442451420029897,817028,182972,51695.845932463315,2588965120,simulated,182922,injected samples,0.937387,1.0,120354,6952.0,"[0, 0, 0, 0, 0, 0, 0, 0, 0, 817028]","[6972, 6952, 6972, 6912, 6932, 6972, 6972, 6952, 6932, 120354]","[5.0, 4.0, 5.0, 2.0, 3.0, 5.0, 5.0, 4.0, 3.0, 0.0]",0.0996190940718078,0.0,{},,,,,,,
MovieLens-25M,horizon,TS,Clipped Suppression,4,1000000,10,,0.016442451420029897,1000000,0,51695.845932463315,1614954400,simulated,210450,suppressed non-target rounds (including 0->0),0.78955,0.78955,0,0.0,"[23382, 23329, 23215, 23440, 23493, 23506, 23343, 23413, 23329, 789550]","[0, 0, 0, 0, 0, 0, 0, 0, 0, 0]","[0.0, 0.0, 0.0, 0.0, 0.0, 0.0, 0.0, 0.0, 0.0, 0.0]",,,,,,,,,,
MovieLens-25M,arms,UCB,Ours,4,1000000,5,,0.016442451420029897,907280,92720,41031.02010778911,3971507224,simulated,92695,injected samples,0.965669,1.0,58384,8577.75,"[0, 0, 0, 0, 907280]","[8586, 8553, 8586, 8586, 58384]","[5.0, 4.0, 5.0, 5.0, 0.0]",0.05516189762011954,0.0,{},,,,,,,
MovieLens-25M,arms,UCB,Clipped Suppression,4,1000000,5,,0.016442451420029897,1000000,0,41031.02010778911,4286139757,simulated,239592,suppressed non-target rounds (including 0->0),0.760408,0.760408,0,0.0,"[59898, 59898, 59898, 59898, 760408]","[0, 0, 0, 0, 0]","[0.0, 0.0, 0.0, 0.0, 0.0]",,,,,,,,,,
MovieLens-25M,arms,TS,Ours,4,1000000,5,,0.016442451420029897,861716,138284,41031.02010778911,2493494799,simulated,138259,injected samples,0.954138,1.0,92417,11460.5,"[0, 0, 0, 0, 861716]","[11467, 11441, 11467, 11467, 92417]","[5.0, 4.0, 5.0, 5.0, 0.0]",0.07677480219538915,0.0,{},,,,,,,
MovieLens-25M,arms,TS,Clipped Suppression,4,1000000,5,,0.016442451420029897,1000000,0,41031.02010778911,4220745594,simulated,93662,suppressed non-target rounds (including 0->0),0.906338,0.906338,0,0.0,"[23380, 23386, 23548, 23348, 906338]","[0, 0, 0, 0, 0]","[0.0, 0.0, 0.0, 0.0, 0.0]",,,,,,,,,,
MovieLens-25M,arms,UCB,Ours,4,1000000,10,,0.016442451420029897,875016,124984,51695.845932463315,1335143756,simulated,124934,injected samples,0.953804,1.0,78783,5127.888888888889,"[0, 0, 0, 0, 0, 0, 0, 0, 0, 875016]","[5153, 5128, 5153, 5077, 5103, 5153, 5153, 5128, 5103, 78783]","[5.0, 4.0, 5.0, 2.0, 3.0, 5.0, 5.0, 4.0, 3.0, 0.0]",0.07302809509547015,0.0,{},,,,,,,
MovieLens-25M,arms,UCB,Clipped Suppression,4,1000000,10,,0.016442451420029897,1000000,0,51695.845932463315,3023384595,simulated,471162,suppressed non-target rounds (including 0->0),0.528838,0.528838,0,0.0,"[52352, 52352, 52352, 52351, 52351, 52351, 52351, 52351, 52351, 528838]","[0, 0, 0, 0, 0, 0, 0, 0, 0, 0]","[0.0, 0.0, 0.0, 0.0, 0.0, 0.0, 0.0, 0.0, 0.0, 0.0]",,,,,,,,,,
MovieLens-25M,arms,TS,Ours,4,1000000,10,,0.016442451420029897,817028,182972,51695.845932463315,2588965120,simulated,182922,injected samples,0.937387,1.0,120354,6952.0,"[0, 0, 0, 0, 0, 0, 0, 0, 0, 817028]","[6972, 6952, 6972, 6912, 6932, 6972, 6972, 6952, 6932, 120354]","[5.0, 4.0, 5.0, 2.0, 3.0, 5.0, 5.0, 4.0, 3.0, 0.0]",0.0996190940718078,0.0,{},,,,,,,
MovieLens-25M,arms,TS,Clipped Suppression,4,1000000,10,,0.016442451420029897,1000000,0,51695.845932463315,1614954400,simulated,210450,suppressed non-target rounds (including 0->0),0.78955,0.78955,0,0.0,"[23382, 23329, 23215, 23440, 23493, 23506, 23343, 23413, 23329, 789550]","[0, 0, 0, 0, 0, 0, 0, 0, 0, 0]","[0.0, 0.0, 0.0, 0.0, 0.0, 0.0, 0.0, 0.0, 0.0, 0.0]",,,,,,,,,,
MovieLens-25M,arms,UCB,Ours,4,1000000,15,,0.016442451420029897,852969,147031,59176.97111973348,2853704878,simulated,146956,injected samples,0.945554,1.0,92580,3884.0,"[0, 0, 0, 0, 0, 0, 0, 0, 0, 0, 0, 0, 0, 0, 852969]","[3895, 3895, 3895, 3895, 3917, 3851, 3895, 3895, 3851, 3873, 3895, 3917, 3851, 3851, 92580]","[4.0, 4.0, 4.0, 4.0, 5.0, 2.0, 4.0, 4.0, 2.0, 3.0, 4.0, 5.0, 2.0, 2.0, 0.0]",0.0847337869830336,0.0,{},,,,,,,
MovieLens-25M,arms,UCB,Clipped Suppression,4,1000000,15,,0.016442451420029897,1000000,0,59176.97111973348,1879931180,simulated,657342,suppressed non-target rounds (including 0->0),0.342658,0.342658,0,0.0,"[46953, 46953, 46953, 46953, 46953, 46953, 46953, 46953, 46953, 46953, 46953, 46953, 46953, 46953, 342658]","[0, 0, 0, 0, 0, 0, 0, 0, 0, 0, 0, 0, 0, 0, 0]","[0.0, 0.0, 0.0, 0.0, 0.0, 0.0, 0.0, 0.0, 0.0, 0.0, 0.0, 0.0, 0.0, 0.0, 0.0]",,,,,,,,,,
MovieLens-25M,arms,TS,Ours,4,1000000,15,,0.016442451420029897,786076,213924,59176.97111973348,877640254,simulated,213849,injected samples,0.925515,1.0,139434,5315.357142857143,"[0, 0, 0, 0, 0, 0, 0, 0, 0, 0, 0, 0, 0, 0, 786076]","[5324, 5324, 5324, 5324, 5342, 5289, 5324, 5324, 5289, 5307, 5324, 5342, 5289, 5289, 139434]","[4.0, 4.0, 4.0, 4.0, 5.0, 2.0, 4.0, 4.0, 2.0, 3.0, 4.0, 5.0, 2.0, 2.0, 0.0]",0.11458553782284422,0.0,{},,,,,,,
MovieLens-25M,arms,TS,Clipped Suppression,4,1000000,15,,0.016442451420029897,1000000,0,59176.97111973348,1074161217,simulated,313008,suppressed non-target rounds (including 0->0),0.686992,0.686992,0,0.0,"[22402, 22310, 22299, 22325, 22421, 22293, 22411, 22346, 22410, 22258, 22432, 22401, 22325, 22375, 686992]","[0, 0, 0, 0, 0, 0, 0, 0, 0, 0, 0, 0, 0, 0, 0]","[0.0, 0.0, 0.0, 0.0, 0.0, 0.0, 0.0, 0.0, 0.0, 0.0, 0.0, 0.0, 0.0, 0.0, 0.0]",,,,,,,,,,
MovieLens-25M,arms,UCB,Ours,4,1000000,20,,0.016442451420029897,835244,164756,65132.68448243278,3962515461,simulated,164656,injected samples,0.938768,1.0,103519,3217.7368421052633,"[0, 0, 0, 0, 0, 0, 0, 0, 0, 0, 0, 0, 0, 0, 0, 0, 0, 0, 0, 835244]","[3243, 3243, 3223, 3223, 3243, 3223, 3203, 3203, 3203, 3223, 3223, 3223, 3223, 3243, 3183, 3203, 3203, 3203, 3203, 103519]","[5.0, 5.0, 4.0, 4.0, 5.0, 4.0, 3.0, 3.0, 3.0, 4.0, 4.0, 4.0, 4.0, 5.0, 2.0, 3.0, 3.0, 3.0, 3.0, 1.0]",0.09380723410961506,0.0,{},,,,,,,
MovieLens-25M,arms,UCB,Clipped Suppression,4,1000000,20,,0.016442451420029897,1000000,0,65132.68448243278,1572798675,simulated,756670,suppressed non-target rounds (including 0->0),0.24333,0.24333,0,0.0,"[39825, 39825, 39825, 39825, 39825, 39825, 39825, 39825, 39825, 39825, 39825, 39825, 39825, 39825, 39824, 39824, 39824, 39824, 39824, 243330]","[0, 0, 0, 0, 0, 0, 0, 0, 0, 0, 0, 0, 0, 0, 0, 0, 0, 0, 0, 0]","[0.0, 0.0, 0.0, 0.0, 0.0, 0.0, 0.0, 0.0, 0.0, 0.0, 0.0, 0.0, 0.0, 0.0, 0.0, 0.0, 0.0, 0.0, 0.0, 0.0]",,,,,,,,,,
MovieLens-25M,arms,TS,Ours,4,1000000,20,,0.016442451420029897,761109,238891,65132.68448243278,91923391,simulated,238791,injected samples,0.915724,1.0,154610,4430.578947368421,"[0, 0, 0, 0, 0, 0, 0, 0, 0, 0, 0, 0, 0, 0, 0, 0, 0, 0, 0, 761109]","[4450, 4450, 4435, 4435, 4450, 4435, 4419, 4419, 4419, 4435, 4435, 4435, 4435, 4450, 4403, 4419, 4419, 4419, 4419, 154610]","[5.0, 5.0, 4.0, 4.0, 5.0, 4.0, 3.0, 3.0, 3.0, 4.0, 4.0, 4.0, 4.0, 5.0, 2.0, 3.0, 3.0, 3.0, 3.0, 1.0]",0.12614034860312184,0.0,{},,,,,,,
MovieLens-25M,arms,TS,Clipped Suppression,4,1000000,20,,0.016442451420029897,1000000,0,65132.68448243278,2795059446,simulated,411714,suppressed non-target rounds (including 0->0),0.588286,0.588286,0,0.0,"[21632, 21688, 21633, 21721, 21659, 21721, 21654, 21724, 21588, 21715, 21670, 21530, 21661, 21716, 21666, 21726, 21583, 21662, 21765, 588286]","[0, 0, 0, 0, 0, 0, 0, 0, 0, 0, 0, 0, 0, 0, 0, 0, 0, 0, 0, 0]","[0.0, 0.0, 0.0, 0.0, 0.0, 0.0, 0.0, 0.0, 0.0, 0.0, 0.0, 0.0, 0.0, 0.0, 0.0, 0.0, 0.0, 0.0, 0.0, 0.0]",,,,,,,,,,
MovieLens-25M,arms,UCB,Ours,4,1000000,30,,0.016442451420029897,807293,192707,74558.3115827732,3041546781,simulated,192557,injected samples,0.927995,1.0,120697,2477.9310344827586,"[0, 0, 0, 0, 0, 0, 0, 0, 0, 0, 0, 0, 0, 0, 0, 0, 0, 0, 0, 0, 0, 0, 0, 0, 0, 0, 0, 0, 0, 807293]","[2471, 2506, 2506, 2471, 2506, 2488, 2488, 2506, 2488, 2471, 2488, 2453, 2488, 2471, 2488, 2488, 2488, 2453, 2488, 2471, 2471, 2488, 2453, 2488, 2453, 2488, 2488, 2436, 2418, 120697]","[3.0, 5.0, 5.0, 3.0, 5.0, 4.0, 4.0, 5.0, 4.0, 3.0, 4.0, 2.0, 4.0, 3.0, 4.0, 4.0, 4.0, 2.0, 4.0, 3.0, 3.0, 4.0, 2.0, 4.0, 2.0, 4.0, 4.0, 1.0, 0.0, 0.0]",0.10769685658152034,0.0,{},,,,,,,
MovieLens-25M,arms,UCB,Clipped Suppression,4,1000000,30,,0.016442451420029897,1000000,0,74558.3115827732,3866857041,simulated,870464,suppressed non-target rounds (including 0->0),0.129536,0.129536,0,0.0,"[30016, 30016, 30016, 30016, 30016, 30016, 30016, 30016, 30016, 30016, 30016, 30016, 30016, 30016, 30016, 30016, 30016, 30016, 30016, 30016, 30016, 30016, 30016, 30016, 30016, 30016, 30016, 30016, 30016, 129536]","[0, 0, 0, 0, 0, 0, 0, 0, 0, 0, 0, 0, 0, 0, 0, 0, 0, 0, 0, 0, 0, 0, 0, 0, 0, 0, 0, 0, 0, 0]","[0.0, 0.0, 0.0, 0.0, 0.0, 0.0, 0.0, 0.0, 0.0, 0.0, 0.0, 0.0, 0.0, 0.0, 0.0, 0.0, 0.0, 0.0, 0.0, 0.0, 0.0, 0.0, 0.0, 0.0, 0.0, 0.0, 0.0, 0.0, 0.0, 0.0]",,,,,,,,,,
MovieLens-25M,arms,TS,Ours,4,1000000,30,,0.016442451420029897,721233,278767,74558.3115827732,305858811,simulated,278617,injected samples,0.899863,1.0,178625,3448.0,"[0, 0, 0, 0, 0, 0, 0, 0, 0, 0, 0, 0, 0, 0, 0, 0, 0, 0, 0, 0, 0, 0, 0, 0, 0, 0, 0, 0, 0, 721233]","[3442, 3470, 3470, 3442, 3470, 3456, 3456, 3470, 3456, 3442, 3456, 3429, 3456, 3442, 3456, 3456, 3456, 3429, 3456, 3442, 3442, 3456, 3429, 3456, 3429, 3456, 3456, 3415, 3401, 178625]","[3.0, 5.0, 5.0, 3.0, 5.0, 4.0, 4.0, 5.0, 4.0, 3.0, 4.0, 2.0, 4.0, 3.0, 4.0, 4.0, 4.0, 2.0, 4.0, 3.0, 3.0, 4.0, 2.0, 4.0, 2.0, 4.0, 4.0, 1.0, 0.0, 0.0]",0.1438216954305358,0.0,{},,,,,,,
MovieLens-25M,arms,TS,Clipped Suppression,4,1000000,30,,0.016442451420029897,1000000,0,74558.3115827732,1528147004,simulated,582795,suppressed non-target rounds (including 0->0),0.417205,0.417205,0,0.0,"[20127, 20189, 20038, 20051, 20114, 20052, 20070, 20151, 20144, 20097, 20037, 20040, 20082, 20101, 20049, 20116, 20006, 20109, 20118, 20070, 20135, 20122, 20059, 20173, 20092, 20121, 20079, 20113, 20140, 417205]","[0, 0, 0, 0, 0, 0, 0, 0, 0, 0, 0, 0, 0, 0, 0, 0, 0, 0, 0, 0, 0, 0, 0, 0, 0, 0, 0, 0, 0, 0]","[0.0, 0.0, 0.0, 0.0, 0.0, 0.0, 0.0, 0.0, 0.0, 0.0, 0.0, 0.0, 0.0, 0.0, 0.0, 0.0, 0.0, 0.0, 0.0, 0.0, 0.0, 0.0, 0.0, 0.0, 0.0, 0.0, 0.0, 0.0, 0.0, 0.0]",,,,,,,,,,
MovieLens-25M,arms,UCB,Ours,4,1000000,40,,0.016442451420029897,784625,215375,82062.04021557822,2196948306,simulated,215175,injected samples,0.91906,1.0,134430,2070.3846153846152,"[0, 0, 0, 0, 0, 0, 0, 0, 0, 0, 0, 0, 0, 0, 0, 0, 0, 0, 0, 0, 0, 0, 0, 0, 0, 0, 0, 0, 0, 0, 0, 0, 0, 0, 0, 0, 0, 0, 0, 784625]","[2095, 2095, 2095, 2095, 2063, 2079, 2095, 2079, 2063, 2063, 2095, 2063, 2095, 2079, 2079, 2063, 2079, 2047, 2063, 2079, 2079, 2063, 2079, 2047, 2063, 2063, 2079, 2079, 2095, 2047, 2063, 2063, 2063, 2031, 2079, 2047, 2063, 2031, 2047, 134430]","[5.0, 5.0, 5.0, 5.0, 3.0, 4.0, 5.0, 4.0, 3.0, 3.0, 5.0, 3.0, 5.0, 4.0, 4.0, 3.0, 4.0, 2.0, 3.0, 4.0, 4.0, 3.0, 4.0, 2.0, 3.0, 3.0, 4.0, 4.0, 5.0, 2.0, 3.0, 3.0, 3.0, 1.0, 4.0, 2.0, 3.0, 1.0, 2.0, 0.0]",0.11849911729424123,0.0,{},,,,,,,
MovieLens-25M,arms,UCB,Clipped Suppression,4,1000000,40,,0.016442451420029897,1000000,0,82062.04021557822,69195323,simulated,923343,suppressed non-target rounds (including 0->0),0.076657,0.076657,0,0.0,"[23676, 23676, 23676, 23676, 23676, 23676, 23676, 23676, 23676, 23676, 23676, 23676, 23676, 23676, 23676, 23676, 23676, 23676, 23675, 23675, 23675, 23675, 23675, 23675, 23675, 23675, 23675, 23675, 23675, 23675, 23675, 23675, 23675, 23675, 23675, 23675, 23675, 23675, 23675, 76657]","[0, 0, 0, 0, 0, 0, 0, 0, 0, 0, 0, 0, 0, 0, 0, 0, 0, 0, 0, 0, 0, 0, 0, 0, 0, 0, 0, 0, 0, 0, 0, 0, 0, 0, 0, 0, 0, 0, 0, 0]","[0.0, 0.0, 0.0, 0.0, 0.0, 0.0, 0.0, 0.0, 0.0, 0.0, 0.0, 0.0, 0.0, 0.0, 0.0, 0.0, 0.0, 0.0, 0.0, 0.0, 0.0, 0.0, 0.0, 0.0, 0.0, 0.0, 0.0, 0.0, 0.0, 0.0, 0.0, 0.0, 0.0, 0.0, 0.0, 0.0, 0.0, 0.0, 0.0, 0.0]",,,,,,,,,,
MovieLens-25M,arms,TS,Ours,4,1000000,40,,0.016442451420029897,688735,311265,82062.04021557822,4269890041,simulated,311065,injected samples,0.886644,1.0,197904,2901.5641025641025,"[0, 0, 0, 0, 0, 0, 0, 0, 0, 0, 0, 0, 0, 0, 0, 0, 0, 0, 0, 0, 0, 0, 0, 0, 0, 0, 0, 0, 0, 0, 0, 0, 0, 0, 0, 0, 0, 0, 0, 688735]","[2921, 2921, 2921, 2921, 2896, 2908, 2921, 2908, 2896, 2896, 2921, 2896, 2921, 2908, 2908, 2896, 2908, 2883, 2896, 2908, 2908, 2896, 2908, 2883, 2896, 2896, 2908, 2908, 2921, 2883, 2896, 2896, 2896, 2871, 2908, 2883, 2896, 2871, 2883, 197904]","[5.0, 5.0, 5.0, 5.0, 3.0, 4.0, 5.0, 4.0, 3.0, 3.0, 5.0, 3.0, 5.0, 4.0, 4.0, 3.0, 4.0, 2.0, 3.0, 4.0, 4.0, 3.0, 4.0, 2.0, 3.0, 3.0, 4.0, 4.0, 5.0, 2.0, 3.0, 3.0, 3.0, 1.0, 4.0, 2.0, 3.0, 1.0, 2.0, 0.0]",0.15750812222069127,0.0,{},,,,,,,
MovieLens-25M,arms,TS,Clipped Suppression,4,1000000,40,,0.016442451420029897,1000000,0,82062.04021557822,1605632463,simulated,729645,suppressed non-target rounds (including 0->0),0.270355,0.270355,0,0.0,"[18662, 18627, 18708, 18774, 18765, 18699, 18704, 18577, 18642, 18819, 18627, 18722, 18821, 18720, 18710, 18655, 18777, 18716, 18750, 18596, 18726, 18737, 18799, 18666, 18798, 18747, 18655, 18642, 18699, 18621, 18829, 18733, 18717, 18717, 18671, 18649, 18680, 18751, 18737, 270355]","[0, 0, 0, 0, 0, 0, 0, 0, 0, 0, 0, 0, 0, 0, 0, 0, 0, 0, 0, 0, 0, 0, 0, 0, 0, 0, 0, 0, 0, 0, 0, 0, 0, 0, 0, 0, 0, 0, 0, 0]","[0.0, 0.0, 0.0, 0.0, 0.0, 0.0, 0.0, 0.0, 0.0, 0.0, 0.0, 0.0, 0.0, 0.0, 0.0, 0.0, 0.0, 0.0, 0.0, 0.0, 0.0, 0.0, 0.0, 0.0, 0.0, 0.0, 0.0, 0.0, 0.0, 0.0, 0.0, 0.0, 0.0, 0.0, 0.0, 0.0, 0.0, 0.0, 0.0, 0.0]",,,,,,,,,,
MovieLens-25M,arms,UCB,Ours,4,1000000,50,,0.016442451420029897,765422,234578,88398.65308761662,228736703,simulated,234328,injected samples,0.911448,1.0,146021,1802.1836734693877,"[0, 0, 0, 0, 0, 0, 0, 0, 0, 0, 0, 0, 0, 0, 0, 0, 0, 0, 0, 0, 0, 0, 0, 0, 0, 0, 0, 0, 0, 0, 0, 0, 0, 0, 0, 0, 0, 0, 0, 0, 0, 0, 0, 0, 0, 0, 0, 0, 0, 765422]","[1813, 1783, 1827, 1813, 1813, 1827, 1813, 1798, 1813, 1798, 1798, 1783, 1813, 1813, 1798, 1783, 1783, 1813, 1798, 1813, 1813, 1827, 1798, 1783, 1798, 1813, 1827, 1783, 1813, 1783, 1813, 1798, 1813, 1813, 1827, 1813, 1783, 1813, 1813, 1813, 1783, 1798, 1798, 1798, 1783, 1768, 1783, 1783, 1783, 146021]","[4.0, 2.0, 5.0, 4.0, 4.0, 5.0, 4.0, 3.0, 4.0, 3.0, 3.0, 2.0, 4.0, 4.0, 3.0, 2.0, 2.0, 4.0, 3.0, 4.0, 4.0, 5.0, 3.0, 2.0, 3.0, 4.0, 5.0, 2.0, 4.0, 2.0, 4.0, 3.0, 4.0, 4.0, 5.0, 4.0, 2.0, 4.0, 4.0, 4.0, 2.0, 3.0, 3.0, 3.0, 2.0, 1.0, 2.0, 2.0, 2.0, 0.0]",0.12741419437558799,0.0,{},,,,,,,
MovieLens-25M,arms,UCB,Clipped Suppression,4,1000000,50,,0.016442451420029897,1000000,0,88398.65308761662,1381515657,simulated,942119,suppressed non-target rounds (including 0->0),0.057881,0.057881,0,0.0,"[19227, 19227, 19227, 19227, 19227, 19227, 19227, 19227, 19227, 19227, 19227, 19227, 19227, 19227, 19227, 19227, 19227, 19227, 19227, 19227, 19227, 19227, 19227, 19227, 19227, 19227, 19227, 19227, 19227, 19227, 19227, 19227, 19227, 19227, 19227, 19227, 19227, 19227, 19227, 19227, 19227, 19227, 19227, 19227, 19227, 19226, 19226, 19226, 19226, 57881]","[0, 0, 0, 0, 0, 0, 0, 0, 0, 0, 0, 0, 0, 0, 0, 0, 0, 0, 0, 0, 0, 0, 0, 0, 0, 0, 0, 0, 0, 0, 0, 0, 0, 0, 0, 0, 0, 0, 0, 0, 0, 0, 0, 0, 0, 0, 0, 0, 0, 0]","[0.0, 0.0, 0.0, 0.0, 0.0, 0.0, 0.0, 0.0, 0.0, 0.0, 0.0, 0.0, 0.0, 0.0, 0.0, 0.0, 0.0, 0.0, 0.0, 0.0, 0.0, 0.0, 0.0, 0.0, 0.0, 0.0, 0.0, 0.0, 0.0, 0.0, 0.0, 0.0, 0.0, 0.0, 0.0, 0.0, 0.0, 0.0, 0.0, 0.0, 0.0, 0.0, 0.0, 0.0, 0.0, 0.0, 0.0, 0.0, 0.0, 0.0]",,,,,,,,,,
MovieLens-25M,arms,TS,Ours,4,1000000,50,,0.016442451420029897,660898,339102,88398.65308761662,365927750,simulated,338852,injected samples,0.875175,1.0,214272,2542.4489795918366,"[0, 0, 0, 0, 0, 0, 0, 0, 0, 0, 0, 0, 0, 0, 0, 0, 0, 0, 0, 0, 0, 0, 0, 0, 0, 0, 0, 0, 0, 0, 0, 0, 0, 0, 0, 0, 0, 0, 0, 0, 0, 0, 0, 0, 0, 0, 0, 0, 0, 660898]","[2551, 2527, 2563, 2551, 2551, 2563, 2551, 2539, 2551, 2539, 2539, 2527, 2551, 2551, 2539, 2527, 2527, 2551, 2539, 2551, 2551, 2563, 2539, 2527, 2539, 2551, 2563, 2527, 2551, 2527, 2551, 2539, 2551, 2551, 2563, 2551, 2527, 2551, 2551, 2551, 2527, 2539, 2539, 2539, 2527, 2516, 2527, 2527, 2527, 214272]","[4.0, 2.0, 5.0, 4.0, 4.0, 5.0, 4.0, 3.0, 4.0, 3.0, 3.0, 2.0, 4.0, 4.0, 3.0, 2.0, 2.0, 4.0, 3.0, 4.0, 4.0, 5.0, 3.0, 2.0, 3.0, 4.0, 5.0, 2.0, 4.0, 2.0, 4.0, 3.0, 4.0, 4.0, 5.0, 4.0, 2.0, 4.0, 4.0, 4.0, 2.0, 3.0, 3.0, 3.0, 2.0, 1.0, 2.0, 2.0, 2.0, 0.0]",0.16878859417986108,0.0,{},,,,,,,
MovieLens-25M,arms,TS,Clipped Suppression,4,1000000,50,,0.016442451420029897,1000000,0,88398.65308761662,2965758161,simulated,812936,suppressed non-target rounds (including 0->0),0.187064,0.187064,0,0.0,"[16572, 16584, 16601, 16601, 16659, 16525, 16531, 16681, 16610, 16521, 16703, 16598, 16632, 16550, 16538, 16603, 16582, 16629, 16482, 16695, 16494, 16660, 16684, 16600, 16570, 16666, 16555, 16603, 16599, 16618, 16638, 16622, 16652, 16583, 16549, 16453, 16520, 16510, 16574, 16549, 16573, 16635, 16503, 16645, 16629, 16513, 16648, 16627, 16567, 187064]","[0, 0, 0, 0, 0, 0, 0, 0, 0, 0, 0, 0, 0, 0, 0, 0, 0, 0, 0, 0, 0, 0, 0, 0, 0, 0, 0, 0, 0, 0, 0, 0, 0, 0, 0, 0, 0, 0, 0, 0, 0, 0, 0, 0, 0, 0, 0, 0, 0, 0]","[0.0, 0.0, 0.0, 0.0, 0.0, 0.0, 0.0, 0.0, 0.0, 0.0, 0.0, 0.0, 0.0, 0.0, 0.0, 0.0, 0.0, 0.0, 0.0, 0.0, 0.0, 0.0, 0.0, 0.0, 0.0, 0.0, 0.0, 0.0, 0.0, 0.0, 0.0, 0.0, 0.0, 0.0, 0.0, 0.0, 0.0, 0.0, 0.0, 0.0, 0.0, 0.0, 0.0, 0.0, 0.0, 0.0, 0.0, 0.0, 0.0, 0.0]",,,,,,,,,,
MovieLens-25M,gap,UCB,Ours,4,1000000,10,0.0,0.0,875016,124984,51695.845932463315,1335143756,simulated,124934,injected samples,0.953804,1.0,78783,5127.888888888889,"[0, 0, 0, 0, 0, 0, 0, 0, 0, 875016]","[5153, 5128, 5153, 5077, 5103, 5153, 5153, 5128, 5103, 78783]","[5.0, 4.0, 5.0, 2.0, 3.0, 5.0, 5.0, 4.0, 3.0, 0.0]",0.07302809509547015,0.0,{},,,,,,,
MovieLens-25M,gap,UCB,Direct,4,1000000,10,0.0,0.0,884454,115546,51695.845932463315,3023384595,simulated,115496,injected samples,0.957061,1.0,72602,4766.0,"[0, 0, 0, 0, 0, 0, 0, 0, 0, 884454]","[4790, 4766, 4790, 4718, 4742, 4790, 4790, 4766, 4742, 72602]","[5.0, 4.0, 5.0, 2.0, 3.0, 5.0, 5.0, 4.0, 3.0, 0.0]",0.08155842502566507,0.0,"{""search"": ""same grid; exact integer TS target envelope"", ""z_stages"": [[0.0, 1.0055705112905038, 4097.0, 115498.0, 333.0], [0.08150620355186701, 0.08199720477808307, 1025.0, 115496.0, 109.0], [0.08155798883744449, 0.08155894782421444, 1025.0, 115496.0, 466.0], [0.08155842431483513, 0.08155842618785618, 1025.0, 115496.0, 389.0], [0.08155842502453452, 0.08155842502819276, 1025.0, 115496.0, 317.0], [0.08155842502566343, 0.08155842502567057, 1025.0, 115496.0, 235.0]]}",,,,,,,
MovieLens-25M,gap,UCB,Two-phase,4,1000000,10,0.0,0.0,1000000,0,51695.845932463315,336822473,infeasible,,scheduled corrupted rounds,,,0,0.0,,"[0, 0, 0, 0, 0, 0, 0, 0, 0, 0]","[0.0, 0.0, 0.0, 0.0, 0.0, 0.0, 0.0, 0.0, 0.0, 0.0]",,,,0,0,"{""C1"": null, ""C2"": null, ""K"": 10, ""T"": 1000000, ""feasible"": false, ""learner"": ""UCB"", ""learner_setting"": ""mean + sqrt(log(T)/N)"", ""mu"": 0.0, ""reason"": ""undefined at mu_K=0"", ""source"": ""https://proceedings.neurips.cc/paper_files/paper/2021/file/be315e7f05e9f13629031915fe87ad44-Supplemental.pdf"", ""source_section"": ""A.2"", ""target_feedback"": ""deterministic mu_K"", ""total"": null, ""version"": ""xu2021-original-settings-v1""}",,,,
MovieLens-25M,gap,TS,Ours,4,1000000,10,0.0,0.0,817028,182972,51695.845932463315,2588965120,simulated,182922,injected samples,0.937387,1.0,120354,6952.0,"[0, 0, 0, 0, 0, 0, 0, 0, 0, 817028]","[6972, 6952, 6972, 6912, 6932, 6972, 6972, 6952, 6932, 120354]","[5.0, 4.0, 5.0, 2.0, 3.0, 5.0, 5.0, 4.0, 3.0, 0.0]",0.0996190940718078,0.0,{},,,,,,,
MovieLens-25M,gap,TS,Direct,4,1000000,10,0.0,0.0,836501,163499,51695.845932463315,1614954400,simulated,163449,injected samples,0.943687,1.0,107181,6252.0,"[0, 0, 0, 0, 0, 0, 0, 0, 0, 836501]","[6271, 6252, 6271, 6214, 6233, 6271, 6271, 6252, 6233, 107181]","[5.0, 4.0, 5.0, 2.0, 3.0, 5.0, 5.0, 4.0, 3.0, 0.0]",0.1050731345689616,0.0,"{""search"": ""same grid; exact integer TS target envelope"", ""z_stages"": [[0.0, 0.9917340366815204, 4097.0, 163452.0, 434.0], [0.1048390717488033, 0.1053233168839017, 1025.0, 163449.0, 495.0], [0.1050726821948371, 0.1050736279861166, 1025.0, 163449.0, 490.0], [0.10507313384711803, 0.10507313569436663, 1025.0, 163449.0, 401.0], [0.10507313456869952, 0.10507313457230742, 1025.0, 163449.0, 75.0], [0.10507313456896024, 0.10507313456896729, 1025.0, 163449.0, 197.0]]}",,,,,,,
MovieLens-25M,gap,TS,Two-phase,4,1000000,10,0.0,0.0,1000000,0,51695.845932463315,1381293812,infeasible,,scheduled corrupted rounds,,,0,0.0,,"[0, 0, 0, 0, 0, 0, 0, 0, 0, 0]","[0.0, 0.0, 0.0, 0.0, 0.0, 0.0, 0.0, 0.0, 0.0, 0.0]",,,,0,0,"{""C1"": null, ""C2"": null, ""K"": 10, ""T"": 1000000, ""feasible"": false, ""learner"": ""TS"", ""learner_setting"": ""Beta(sum+1, N-sum+1)"", ""mu"": 0.0, ""reason"": ""undefined at mu_K=0"", ""source"": ""https://proceedings.neurips.cc/paper_files/paper/2021/file/be315e7f05e9f13629031915fe87ad44-Supplemental.pdf"", ""source_section"": ""A.4"", ""target_feedback"": ""Bernoulli(mu_K)"", ""total"": null, ""version"": ""xu2021-original-settings-v1""}",,,,
MovieLens-25M,gap,UCB,Ours,4,1000000,10,0.1,0.005169584593246332,880596,119404,51695.845932463315,1614095474,simulated,119354,injected samples,0.953956,1.0,73355,5111.0,"[0, 0, 0, 0, 0, 0, 0, 0, 0, 880596]","[5136, 5111, 5136, 5061, 5086, 5136, 5136, 5111, 5086, 73355]","[5.0, 4.0, 5.0, 2.0, 3.0, 5.0, 5.0, 4.0, 3.0, 0.02584792296623166]",0.07315713543184554,0.005169584593246332,{},,,,,,,
MovieLens-25M,gap,UCB,Direct,4,1000000,10,0.1,0.005169584593246332,889050,110950,51695.845932463315,67625605,simulated,110900,injected samples,0.957052,1.0,67997,4767.0,"[0, 0, 0, 0, 0, 0, 0, 0, 0, 889050]","[4791, 4767, 4791, 4719, 4743, 4791, 4791, 4767, 4743, 67997]","[5.0, 4.0, 5.0, 2.0, 3.0, 5.0, 5.0, 4.0, 3.0, 0.02584792296623166]",0.08154981312247982,0.005169584593246332,"{""search"": ""same grid; exact integer TS target envelope"", ""z_stages"": [[0.0, 1.005570537139616, 4097.0, 110902.0, 333.0], [0.08150620564705871, 0.08199720688589641, 1025.0, 110900.0, 91.0], [0.08154936005281593, 0.08155031903961053, 1025.0, 110900.0, 484.0], [0.08154981238740752, 0.08154981426042861, 1025.0, 110900.0, 402.0], [0.08154981312088551, 0.08154981312454375, 1025.0, 110900.0, 447.0], [0.08154981312247885, 0.08154981312248599, 1025.0, 110900.0, 139.0]]}",,,,,,,
MovieLens-25M,gap,UCB,Two-phase,4,1000000,10,0.1,0.005169584593246332,1000000,0,51695.845932463315,251099736,infeasible,5196454,scheduled corrupted rounds,,,0,0.0,,"[0, 0, 0, 0, 0, 0, 0, 0, 0, 0]","[0.0, 0.0, 0.0, 0.0, 0.0, 0.0, 0.0, 0.0, 0.0, 0.0]",,,,5169590,26864,"{""C1"": 5169590, ""C2"": 26864, ""K"": 10, ""T"": 1000000, ""feasible"": false, ""learner"": ""UCB"", ""learner_setting"": ""mean + sqrt(log(T)/N)"", ""mu"": 0.005169584593246332, ""reason"": ""original budget reaches/exceeds T"", ""source"": ""https://proceedings.neurips.cc/paper_files/paper/2021/file/be315e7f05e9f13629031915fe87ad44-Supplemental.pdf"", ""source_section"": ""A.2"", ""target_feedback"": ""deterministic mu_K"", ""total"": 5196454, ""version"": ""xu2021-original-settings-v1""}",,,,
MovieLens-25M,gap,TS,Ours,4,1000000,10,0.1,0.005169584593246332,822794,177206,51695.845932463315,2053077750,simulated,177156,injected samples,0.937585,1.0,114786,6930.0,"[0, 0, 0, 0, 0, 0, 0, 0, 0, 822794]","[6950, 6930, 6950, 6890, 6910, 6950, 6950, 6930, 6910, 114786]","[5.0, 4.0, 5.0, 2.0, 3.0, 5.0, 5.0, 4.0, 3.0, 0.02584792296623166]",0.09977870264303018,0.005169584593246332,{},,,,,,,
MovieLens-25M,gap,TS,Direct,4,1000000,10,0.1,0.005169584593246332,840847,159153,51695.845932463315,1139386934,simulated,159103,injected samples,0.943534,1.0,102682,6269.0,"[0, 0, 0, 0, 0, 0, 0, 0, 0, 840847]","[6288, 6269, 6288, 6231, 6250, 6288, 6288, 6269, 6250, 102682]","[5.0, 4.0, 5.0, 2.0, 3.0, 5.0, 5.0, 4.0, 3.0, 0.02584792296623166]",0.10492937849872226,0.005169584593246332,"{""search"": ""same grid; exact integer TS target envelope"", ""z_stages"": [[0.0, 0.9917340625306325, 4097.0, 159105.0, 434.0], [0.10483907448138766, 0.1053233196291077, 1025.0, 159103.0, 191.0], [0.10492892465528102, 0.10492987044658517, 1025.0, 159103.0, 492.0], [0.10492937815482237, 0.104929380002071, 1025.0, 159103.0, 191.0], [0.10492937849757358, 0.10492937850118149, 1025.0, 159103.0, 327.0], [0.10492937849872219, 0.10492937849872924, 1025.0, 159103.0, 10.0]]}",,,,,,,
MovieLens-25M,gap,TS,Two-phase,4,1000000,10,0.1,0.005169584593246332,1000000,0,51695.845932463315,1622241053,infeasible,2098502,scheduled corrupted rounds,,,0,0.0,,"[0, 0, 0, 0, 0, 0, 0, 0, 0, 0]","[0.0, 0.0, 0.0, 0.0, 0.0, 0.0, 0.0, 0.0, 0.0, 0.0]",,,,2067834,30668,"{""C1"": 2067834, ""C2"": 30668, ""K"": 10, ""T"": 1000000, ""beta"": 0.9545316954435116, ""feasible"": false, ""learner"": ""TS"", ""learner_setting"": ""Beta(sum+1, N-sum+1)"", ""mu"": 0.005169584593246332, ""n1"": 201972.97093474137, ""n2"": 211593.82906525867, ""n3"": 1.0496843132033238, ""promotion_term"": 21490.784001452565, ""reason"": ""original budget reaches/exceeds T"", ""source"": ""https://proceedings.neurips.cc/paper_files/paper/2021/file/be315e7f05e9f13629031915fe87ad44-Supplemental.pdf"", ""source_section"": ""A.4"", ""target_feedback"": ""Bernoulli(mu_K)"", ""total"": 2098502, ""version"": ""xu2021-original-settings-v1"", ""waiting_term"": 9176.919442654274}",,,,
MovieLens-25M,gap,UCB,Ours,4,1000000,10,0.2,0.010339169186492664,886171,113829,51695.845932463315,2261730012,simulated,113779,injected samples,0.954103,1.0,67927,5094.666666666667,"[0, 0, 0, 0, 0, 0, 0, 0, 0, 886171]","[5120, 5095, 5120, 5044, 5069, 5120, 5120, 5095, 5069, 67927]","[5.0, 4.0, 5.0, 2.0, 3.0, 5.0, 5.0, 4.0, 3.0, 0.05169584593246332]",0.07328705145109937,0.010339169186492664,{},,,,,,,
MovieLens-25M,gap,UCB,Direct,4,1000000,10,0.2,0.010339169186492664,893694,106306,51695.845932463315,486090334,simulated,106256,injected samples,0.957035,1.0,63336,4768.888888888889,"[0, 0, 0, 0, 0, 0, 0, 0, 0, 893694]","[4793, 4769, 4793, 4720, 4745, 4793, 4793, 4769, 4745, 63336]","[5.0, 4.0, 5.0, 2.0, 3.0, 5.0, 5.0, 4.0, 3.0, 0.05169584593246332]",0.08153317224549629,0.010339169186492664,"{""search"": ""same grid; exact integer TS target envelope"", ""z_stages"": [[0.0, 1.005570562988728, 4097.0, 106258.0, 333.0], [0.08150620774225041, 0.08199720899370976, 1025.0, 106256.0, 57.0], [0.0815330593731896, 0.08153401836000886, 1025.0, 106256.0, 121.0], [0.08153317175445748, 0.08153317362747861, 1025.0, 106256.0, 269.0], [0.08153317224466224, 0.08153317224832048, 1025.0, 106256.0, 234.0], [0.08153317224549463, 0.08153317224550177, 1025.0, 106256.0, 238.0]]}",,,,,,,
MovieLens-25M,gap,UCB,Two-phase,4,1000000,10,0.2,0.010339169186492664,1000000,0,51695.845932463315,1877471028,infeasible,1305902,scheduled corrupted rounds,,,0,0.0,,"[0, 0, 0, 0, 0, 0, 0, 0, 0, 0]","[0.0, 0.0, 0.0, 0.0, 0.0, 0.0, 0.0, 0.0, 0.0, 0.0]",,,,1292400,13502,"{""C1"": 1292400, ""C2"": 13502, ""K"": 10, ""T"": 1000000, ""feasible"": false, ""learner"": ""UCB"", ""learner_setting"": ""mean + sqrt(log(T)/N)"", ""mu"": 0.010339169186492664, ""reason"": ""original budget reaches/exceeds T"", ""source"": ""https://proceedings.neurips.cc/paper_files/paper/2021/file/be315e7f05e9f13629031915fe87ad44-Supplemental.pdf"", ""source_section"": ""A.2"", ""target_feedback"": ""deterministic mu_K"", ""total"": 1305902, ""version"": ""xu2021-original-settings-v1""}",,,,
MovieLens-25M,gap,TS,Ours,4,1000000,10,0.2,0.010339169186492664,828561,171439,51695.845932463315,1153110822,simulated,171389,injected samples,0.937783,1.0,109217,6908.0,"[0, 0, 0, 0, 0, 0, 0, 0, 0, 828561]","[6928, 6908, 6928, 6868, 6888, 6928, 6928, 6908, 6888, 109217]","[5.0, 4.0, 5.0, 2.0, 3.0, 5.0, 5.0, 4.0, 3.0, 0.05169584593246332]",0.09993937855331825,0.010339169186492664,{},,,,,,,
MovieLens-25M,gap,TS,Direct,4,1000000,10,0.2,0.010339169186492664,845240,154760,51695.845932463315,3283241913,simulated,154710,injected samples,0.943687,1.0,98442,6252.0,"[0, 0, 0, 0, 0, 0, 0, 0, 0, 845240]","[6271, 6252, 6271, 6214, 6233, 6271, 6271, 6252, 6233, 98442]","[5.0, 4.0, 5.0, 2.0, 3.0, 5.0, 5.0, 4.0, 3.0, 0.05169584593246332]",0.1050731345689616,0.010339169186492664,"{""search"": ""same grid; exact integer TS target envelope"", ""z_stages"": [[0.0, 0.9917340883797444, 4097.0, 154713.0, 434.0], [0.10483907721397201, 0.10532332237431367, 1025.0, 154710.0, 495.0], [0.10507268767218371, 0.1050736334635125, 1025.0, 154710.0, 484.0], [0.10507313378274212, 0.10507313562999081, 1025.0, 154710.0, 436.0], [0.10507313456746202, 0.10507313457106993, 1025.0, 154710.0, 426.0], [0.10507313456895945, 0.10507313456896648, 1025.0, 154710.0, 313.0]]}",,,,,,,
MovieLens-25M,gap,TS,Two-phase,4,1000000,10,0.2,0.010339169186492664,1000000,0,51695.845932463315,3181159591,simulated,539705,scheduled corrupted rounds,0.534702,0.534702,0,0.0,"[51487, 51844, 51698, 51783, 51693, 51567, 51834, 51682, 51710, 534702]","[0, 0, 0, 0, 0, 0, 0, 0, 0, 0]","[0.0, 0.0, 0.0, 0.0, 0.0, 0.0, 0.0, 0.0, 0.0, 0.0]",,,,516959,22746,"{""C1"": 516959, ""C2"": 22746, ""K"": 10, ""T"": 1000000, ""beta"": 0.9110860762152083, ""feasible"": true, ""learner"": ""TS"", ""learner_setting"": ""Beta(sum+1, N-sum+1)"", ""mu"": 0.010339169186492664, ""n1"": 49290.684304214476, ""n2"": 54101.115695785535, ""n3"": 1.0997390623339454, ""promotion_term"": 10801.53199371647, ""reason"": """", ""source"": ""https://proceedings.neurips.cc/paper_files/paper/2021/file/be315e7f05e9f13629031915fe87ad44-Supplemental.pdf"", ""source_section"": ""A.4"", ""target_feedback"": ""Bernoulli(mu_K)"", ""total"": 539705, ""version"": ""xu2021-original-settings-v1"", ""waiting_term"": 11943.844471723236}","[51482, 51838, 51694, 51783, 51687, 51562, 51833, 51674, 51707, 51699]","[5, 6, 4, 0, 6, 5, 1, 8, 3, 22708]","[0, 0, 0, 0, 0, 0, 0, 0, 0, 460295]",1.0
MovieLens-25M,gap,UCB,Ours,4,1000000,10,0.3,0.015508753779738994,891749,108251,51695.845932463315,3547033470,simulated,108201,injected samples,0.954253,1.0,62499,5078.0,"[0, 0, 0, 0, 0, 0, 0, 0, 0, 891749]","[5103, 5078, 5103, 5028, 5053, 5103, 5103, 5078, 5053, 62499]","[5.0, 4.0, 5.0, 2.0, 3.0, 5.0, 5.0, 4.0, 3.0, 0.07754376889869496]",0.07341785083254582,0.015508753779738994,{},,,,,,,
MovieLens-25M,gap,UCB,Direct,4,1000000,10,0.3,0.015508753779738994,898387,101613,51695.845932463315,3866227372,simulated,101563,injected samples,0.957008,1.0,58616,4771.888888888889,"[0, 0, 0, 0, 0, 0, 0, 0, 0, 898387]","[4796, 4772, 4796, 4723, 4748, 4796, 4796, 4772, 4748, 58616]","[5.0, 4.0, 5.0, 2.0, 3.0, 5.0, 5.0, 4.0, 3.0, 0.07754376889869496]",0.08150716674956697,0.015508753779738994,"{""search"": ""same grid; exact integer TS target envelope"", ""z_stages"": [[0.0, 1.00557058883784, 4097.0, 101565.0, 333.0], [0.0815062098374421, 0.08199721110152308, 1025.0, 101563.0, 2.0], [0.08150668933086405, 0.08150764831770796, 1025.0, 101563.0, 510.0], [0.08150716601475423, 0.08150716788777541, 1025.0, 101563.0, 402.0], [0.08150716674823226, 0.0815071667518905, 1025.0, 101563.0, 374.0], [0.0815071667495648, 0.08150716674957195, 1025.0, 101563.0, 310.0]]}",,,,,,,
MovieLens-25M,gap,UCB,Two-phase,4,1000000,10,0.3,0.015508753779738994,1000000,0,51695.845932463315,1347391334,simulated,583449,scheduled corrupted rounds,0.483031,0.483031,0,0.0,"[57441, 57441, 57441, 57441, 57441, 57441, 57441, 57441, 57441, 483031]","[0, 0, 0, 0, 0, 0, 0, 0, 0, 0]","[0.0, 0.0, 0.0, 0.0, 0.0, 0.0, 0.0, 0.0, 0.0, 0.0]",,,,574400,9049,"{""C1"": 574400, ""C2"": 9049, ""K"": 10, ""T"": 1000000, ""feasible"": true, ""learner"": ""UCB"", ""learner_setting"": ""mean + sqrt(log(T)/N)"", ""mu"": 0.015508753779738994, ""reason"": """", ""source"": ""https://proceedings.neurips.cc/paper_files/paper/2021/file/be315e7f05e9f13629031915fe87ad44-Supplemental.pdf"", ""source_section"": ""A.2"", ""target_feedback"": ""deterministic mu_K"", ""total"": 583449, ""version"": ""xu2021-original-settings-v1""}","[57440, 57440, 57440, 57440, 57440, 57440, 57440, 57440, 57440, 57440]","[1, 1, 1, 1, 1, 1, 1, 1, 1, 9040]","[0, 0, 0, 0, 0, 0, 0, 0, 0, 416551]",1.0
MovieLens-25M,gap,TS,Ours,4,1000000,10,0.3,0.015508753779738994,834335,165665,51695.845932463315,3114450853,simulated,165615,injected samples,0.937987,1.0,103647,6885.333333333333,"[0, 0, 0, 0, 0, 0, 0, 0, 0, 834335]","[6905, 6885, 6905, 6846, 6866, 6905, 6905, 6885, 6866, 103647]","[5.0, 4.0, 5.0, 2.0, 3.0, 5.0, 5.0, 4.0, 3.0, 0.07754376889869496]",0.10010113510783655,0.015508753779738994,{},,,,,,,
MovieLens-25M,gap,TS,Direct,4,1000000,10,0.3,0.015508753779738994,849678,150322,51695.845932463315,4041503173,simulated,150272,injected samples,0.943534,1.0,93851,6269.0,"[0, 0, 0, 0, 0, 0, 0, 0, 0, 849678]","[6288, 6269, 6288, 6231, 6250, 6288, 6288, 6269, 6250, 93851]","[5.0, 4.0, 5.0, 2.0, 3.0, 5.0, 5.0, 4.0, 3.0, 0.07754376889869496]",0.10492937849872226,0.015508753779738994,"{""search"": ""same grid; exact integer TS target envelope"", ""z_stages"": [[0.0, 0.9917341142288565, 4097.0, 150274.0, 434.0], [0.10483907994655636, 0.10532332511951967, 1025.0, 150272.0, 191.0], [0.10492893012513353, 0.10492987591648698, 1025.0, 150272.0, 486.0], [0.1049293780829523, 0.10492937993020104, 1025.0, 150272.0, 231.0], [0.10492937849786169, 0.10492937850146959, 1025.0, 150272.0, 245.0], [0.10492937849872139, 0.10492937849872842, 1025.0, 150272.0, 127.0]]}",,,,,,,
MovieLens-25M,gap,TS,Two-phase,4,1000000,10,0.3,0.015508753779738994,1000000,0,51695.845932463315,1307450763,simulated,252629,scheduled corrupted rounds,0.793183,0.793183,0,0.0,"[22981, 22862, 23064, 22999, 23037, 22998, 23004, 22927, 22945, 793183]","[0, 0, 0, 0, 0, 0, 0, 0, 0, 0]","[0.0, 0.0, 0.0, 0.0, 0.0, 0.0, 0.0, 0.0, 0.0, 0.0]",,,,229760,22869,"{""C1"": 229760, ""C2"": 22869, ""K"": 10, ""T"": 1000000, ""beta"": 0.8695323470156004, ""feasible"": true, ""learner"": ""TS"", ""learner_setting"": ""Beta(sum+1, N-sum+1)"", ""mu"": 0.015508753779738994, ""n1"": 21372.5213186025, ""n2"": 24579.4786813975, ""n3"": 1.1522940470257748, ""promotion_term"": 7238.848048905075, ""reason"": """", ""source"": ""https://proceedings.neurips.cc/paper_files/paper/2021/file/be315e7f05e9f13629031915fe87ad44-Supplemental.pdf"", ""source_section"": ""A.4"", ""target_feedback"": ""Bernoulli(mu_K)"", ""total"": 252629, ""version"": ""xu2021-original-settings-v1"", ""waiting_term"": 15629.872243122792}","[22981, 22862, 23064, 22997, 23037, 22998, 23002, 22924, 22945, 22950]","[0, 0, 0, 2, 0, 0, 2, 3, 0, 22862]","[0, 0, 0, 0, 0, 0, 0, 0, 0, 747371]",1.0
MovieLens-25M,gap,UCB,Ours,4,1000000,10,0.4,0.020678338372985328,897331,102669,51695.845932463315,2934796338,simulated,102619,injected samples,0.954406,1.0,57070,5061.0,"[0, 0, 0, 0, 0, 0, 0, 0, 0, 897331]","[5086, 5061, 5086, 5011, 5036, 5086, 5086, 5061, 5036, 57070]","[5.0, 4.0, 5.0, 2.0, 3.0, 5.0, 5.0, 4.0, 3.0, 0.10339169186492664]",0.07354954671758204,0.020678338372985328,{},,,,,,,
MovieLens-25M,gap,UCB,Direct,4,1000000,10,0.4,0.020678338372985328,903129,96871,51695.845932463315,145901141,simulated,96821,injected samples,0.957007,1.0,53873,4772.0,"[0, 0, 0, 0, 0, 0, 0, 0, 0, 903129]","[4796, 4772, 4796, 4724, 4748, 4796, 4796, 4772, 4748, 53873]","[5.0, 4.0, 5.0, 2.0, 3.0, 5.0, 5.0, 4.0, 3.0, 0.10339169186492664]",0.08150679431360629,0.020678338372985328,"{""search"": ""same grid; exact integer TS target envelope"", ""z_stages"": [[0.0, 1.0055706146869519, 4097.0, 96823.0, 333.0], [0.0815062119326338, 0.08199721320933641, 1025.0, 96821.0, 2.0], [0.08150669142606808, 0.08150765041293664, 1025.0, 96821.0, 110.0], [0.08150679350572498, 0.08150679537874621, 1025.0, 96821.0, 442.0], [0.08150679431236792, 0.08150679431602616, 1025.0, 96821.0, 347.0], [0.081506794313604, 0.08150679431361114, 1025.0, 96821.0, 328.0]]}",,,,,,,
MovieLens-25M,gap,UCB,Two-phase,4,1000000,10,0.4,0.020678338372985328,1000000,0,51695.845932463315,25353073,simulated,329923,scheduled corrupted rounds,0.709201,0.709201,0,0.0,"[32311, 32311, 32311, 32311, 32311, 32311, 32311, 32311, 32311, 709201]","[0, 0, 0, 0, 0, 0, 0, 0, 0, 0]","[0.0, 0.0, 0.0, 0.0, 0.0, 0.0, 0.0, 0.0, 0.0, 0.0]",,,,323100,6823,"{""C1"": 323100, ""C2"": 6823, ""K"": 10, ""T"": 1000000, ""feasible"": true, ""learner"": ""UCB"", ""learner_setting"": ""mean + sqrt(log(T)/N)"", ""mu"": 0.020678338372985328, ""reason"": """", ""source"": ""https://proceedings.neurips.cc/paper_files/paper/2021/file/be315e7f05e9f13629031915fe87ad44-Supplemental.pdf"", ""source_section"": ""A.2"", ""target_feedback"": ""deterministic mu_K"", ""total"": 329923, ""version"": ""xu2021-original-settings-v1""}","[32310, 32310, 32310, 32310, 32310, 32310, 32310, 32310, 32310, 32310]","[1, 1, 1, 1, 1, 1, 1, 1, 1, 6814]","[0, 0, 0, 0, 0, 0, 0, 0, 0, 670077]",1.0
MovieLens-25M,gap,TS,Ours,4,1000000,10,0.4,0.020678338372985328,840106,159894,51695.845932463315,2118959509,simulated,159844,injected samples,0.938188,1.0,98077,6863.0,"[0, 0, 0, 0, 0, 0, 0, 0, 0, 840106]","[6883, 6863, 6883, 6823, 6843, 6883, 6883, 6863, 6843, 98077]","[5.0, 4.0, 5.0, 2.0, 3.0, 5.0, 5.0, 4.0, 3.0, 0.10339169186492664]",0.10026398275683068,0.020678338372985328,{},,,,,,,
MovieLens-25M,gap,TS,Direct,4,1000000,10,0.4,0.020678338372985328,854163,145837,51695.845932463315,2294579375,simulated,145787,injected samples,0.943534,1.0,89366,6269.0,"[0, 0, 0, 0, 0, 0, 0, 0, 0, 854163]","[6288, 6269, 6288, 6231, 6250, 6288, 6288, 6269, 6250, 89366]","[5.0, 4.0, 5.0, 2.0, 3.0, 5.0, 5.0, 4.0, 3.0, 0.10339169186492664]",0.10492937849872226,0.020678338372985328,"{""search"": ""same grid; exact integer TS target envelope"", ""z_stages"": [[0.0, 0.9917341400779685, 4097.0, 145789.0, 434.0], [0.1048390826791407, 0.10532332786472565, 1025.0, 145787.0, 191.0], [0.10492893286005979, 0.10492987865143788, 1025.0, 145787.0, 483.0], [0.10492937804701706, 0.10492937989426585, 1025.0, 145787.0, 251.0], [0.10492937849800553, 0.10492937850161344, 1025.0, 145787.0, 204.0], [0.10492937849872076, 0.10492937849872781, 1025.0, 145787.0, 217.0]]}",,,,,,,
MovieLens-25M,gap,TS,Two-phase,4,1000000,10,0.4,0.020678338372985328,1000000,0,51695.845932463315,1266647353,simulated,155270,scheduled corrupted rounds,0.883674,0.883674,0,0.0,"[12889, 12914, 13005, 12961, 12860, 12989, 12917, 12963, 12828, 883674]","[0, 0, 0, 0, 0, 0, 0, 0, 0, 0]","[0.0, 0.0, 0.0, 0.0, 0.0, 0.0, 0.0, 0.0, 0.0, 0.0]",,,,129240,26030,"{""C1"": 129240, ""C2"": 26030, ""K"": 10, ""T"": 1000000, ""beta"": 0.8297505246489114, ""feasible"": true, ""learner"": ""TS"", ""learner_setting"": ""Beta(sum+1, N-sum+1)"", ""mu"": 0.020678338372985328, ""n1"": 11721.390988951873, ""n2"": 14126.609011048127, ""n3"": 1.2075399983463464, ""promotion_term"": 5457.795035156615, ""reason"": """", ""source"": ""https://proceedings.neurips.cc/paper_files/paper/2021/file/be315e7f05e9f13629031915fe87ad44-Supplemental.pdf"", ""source_section"": ""A.4"", ""target_feedback"": ""Bernoulli(mu_K)"", ""total"": 155270, ""version"": ""xu2021-original-settings-v1"", ""waiting_term"": 20571.576084349912}","[12888, 12913, 13004, 12960, 12858, 12987, 12917, 12961, 12827, 12925]","[1, 1, 1, 1, 2, 2, 0, 2, 1, 26019]","[0, 0, 0, 0, 0, 0, 0, 0, 0, 844730]",1.0
MovieLens-25M,gap,UCB,Ours,4,1000000,10,0.5,0.025847922966231656,902913,97087,51695.845932463315,1956477873,simulated,97037,injected samples,0.954559,1.0,51641,5044.0,"[0, 0, 0, 0, 0, 0, 0, 0, 0, 902913]","[5069, 5044, 5069, 4994, 5019, 5069, 5069, 5044, 5019, 51641]","[5.0, 4.0, 5.0, 2.0, 3.0, 5.0, 5.0, 4.0, 3.0, 0.12923961483115828]",0.07368214794545436,0.025847922966231656,{},,,,,,,
MovieLens-25M,gap,UCB,Direct,4,1000000,10,0.5,0.025847922966231656,907922,92078,51695.845932463315,301930197,simulated,92028,injected samples,0.957008,1.0,49081,4771.888888888889,"[0, 0, 0, 0, 0, 0, 0, 0, 0, 907922]","[4796, 4772, 4796, 4723, 4748, 4796, 4796, 4772, 4748, 49081]","[5.0, 4.0, 5.0, 2.0, 3.0, 5.0, 5.0, 4.0, 3.0, 0.12923961483115828]",0.08150716674956697,0.025847922966231656,"{""search"": ""same grid; exact integer TS target envelope"", ""z_stages"": [[0.0, 1.005570640536064, 4097.0, 92030.0, 333.0], [0.0815062140278255, 0.08199721531714975, 1025.0, 92028.0, 2.0], [0.0815066935212721, 0.08150765250816532, 1025.0, 92028.0, 506.0], [0.08150716645914424, 0.08150716833216552, 1025.0, 92028.0, 159.0], [0.08150716674814558, 0.08150716675180382, 1025.0, 92028.0, 398.0], [0.08150716674956386, 0.08150716674957101, 1025.0, 92028.0, 445.0]]}",,,,,,,
MovieLens-25M,gap,UCB,Two-phase,4,1000000,10,0.5,0.025847922966231656,1000000,0,51695.845932463315,2358751473,simulated,212277,scheduled corrupted rounds,0.81388,0.81388,0,0.0,"[20680, 20680, 20680, 20680, 20680, 20680, 20680, 20680, 20680, 813880]","[0, 0, 0, 0, 0, 0, 0, 0, 0, 0]","[0.0, 0.0, 0.0, 0.0, 0.0, 0.0, 0.0, 0.0, 0.0, 0.0]",,,,206790,5487,"{""C1"": 206790, ""C2"": 5487, ""K"": 10, ""T"": 1000000, ""feasible"": true, ""learner"": ""UCB"", ""learner_setting"": ""mean + sqrt(log(T)/N)"", ""mu"": 0.025847922966231656, ""reason"": """", ""source"": ""https://proceedings.neurips.cc/paper_files/paper/2021/file/be315e7f05e9f13629031915fe87ad44-Supplemental.pdf"", ""source_section"": ""A.2"", ""target_feedback"": ""deterministic mu_K"", ""total"": 212277, ""version"": ""xu2021-original-settings-v1""}","[20679, 20679, 20679, 20679, 20679, 20679, 20679, 20679, 20679, 20679]","[1, 1, 1, 1, 1, 1, 1, 1, 1, 5478]","[0, 0, 0, 0, 0, 0, 0, 0, 0, 787723]",1.0
MovieLens-25M,gap,TS,Ours,4,1000000,10,0.5,0.025847922966231656,845875,154125,51695.845932463315,1915302945,simulated,154075,injected samples,0.938386,1.0,92506,6841.0,"[0, 0, 0, 0, 0, 0, 0, 0, 0, 845875]","[6861, 6841, 6861, 6801, 6821, 6861, 6861, 6841, 6821, 92506]","[5.0, 4.0, 5.0, 2.0, 3.0, 5.0, 5.0, 4.0, 3.0, 0.12923961483115828]",0.10042793657969251,0.025847922966231656,{},,,,,,,
MovieLens-25M,gap,TS,Direct,4,1000000,10,0.5,0.025847922966231656,858696,141304,51695.845932463315,1601484466,simulated,141254,injected samples,0.943534,1.0,84833,6269.0,"[0, 0, 0, 0, 0, 0, 0, 0, 0, 858696]","[6288, 6269, 6288, 6231, 6250, 6288, 6288, 6269, 6250, 84833]","[5.0, 4.0, 5.0, 2.0, 3.0, 5.0, 5.0, 4.0, 3.0, 0.12923961483115828]",0.10492937849872226,0.025847922966231656,"{""search"": ""same grid; exact integer TS target envelope"", ""z_stages"": [[0.0, 0.9917341659270805, 4097.0, 141256.0, 434.0], [0.10483908541172507, 0.10532333060993165, 1025.0, 141254.0, 191.0], [0.10492893559498606, 0.1049298813863888, 1025.0, 141254.0, 480.0], [0.10492937801108168, 0.10492937985833051, 1025.0, 141254.0, 271.0], [0.10492937849814925, 0.10492937850175715, 1025.0, 141254.0, 163.0], [0.10492937849872003, 0.10492937849872708, 1025.0, 141254.0, 324.0]]}",,,,,,,
MovieLens-25M,gap,TS,Two-phase,4,1000000,10,0.5,0.025847922966231656,1000000,0,51695.845932463315,2756997512,simulated,114345,scheduled corrupted rounds,0.925507,0.925507,0,0.0,"[8271, 8294, 8338, 8289, 8236, 8276, 8287, 8269, 8233, 925507]","[0, 0, 0, 0, 0, 0, 0, 0, 0, 0]","[0.0, 0.0, 0.0, 0.0, 0.0, 0.0, 0.0, 0.0, 0.0, 0.0]",,,,82714,31631,"{""C1"": 82714, ""C2"": 31631, ""K"": 10, ""T"": 1000000, ""beta"": 0.7916312468634676, ""feasible"": true, ""learner"": ""TS"", ""learner_setting"": ""Beta(sum+1, N-sum+1)"", ""mu"": 0.025847922966231656, ""n1"": 7309.3104648547105, ""n2"": 9233.48953514529, ""n3"": 1.2656864558243412, ""promotion_term"": 4389.427791888336, ""reason"": """", ""source"": ""https://proceedings.neurips.cc/paper_files/paper/2021/file/be315e7f05e9f13629031915fe87ad44-Supplemental.pdf"", ""source_section"": ""A.4"", ""target_feedback"": ""Bernoulli(mu_K)"", ""total"": 114345, ""version"": ""xu2021-original-settings-v1"", ""waiting_term"": 27241.08315291435}","[8270, 8292, 8338, 8288, 8233, 8276, 8285, 8269, 8232, 8231]","[1, 2, 0, 1, 3, 0, 2, 0, 1, 31621]","[0, 0, 0, 0, 0, 0, 0, 0, 0, 885655]",1.0
MovieLens-25M,gap,UCB,Ours,4,1000000,10,0.75,0.03877188444934749,916867,83133,51695.845932463315,1377858066,simulated,83083,injected samples,0.954937,1.0,38065,5002.0,"[0, 0, 0, 0, 0, 0, 0, 0, 0, 916867]","[5027, 5002, 5027, 4952, 4977, 5027, 5027, 5002, 4977, 38065]","[5.0, 4.0, 5.0, 2.0, 3.0, 5.0, 5.0, 4.0, 3.0, 0.19385942224673744]",0.07401768754355512,0.03877188444934749,{},,,,,,,
MovieLens-25M,gap,UCB,Direct,4,1000000,10,0.75,0.03877188444934749,920129,79871,51695.845932463315,1717374921,simulated,79821,injected samples,0.957007,1.0,36873,4772.0,"[0, 0, 0, 0, 0, 0, 0, 0, 0, 920129]","[4796, 4772, 4796, 4724, 4748, 4796, 4796, 4772, 4748, 36873]","[5.0, 4.0, 5.0, 2.0, 3.0, 5.0, 5.0, 4.0, 3.0, 0.19385942224673744]",0.08150679431360629,0.03877188444934749,"{""search"": ""same grid; exact integer TS target envelope"", ""z_stages"": [[0.0, 1.005570705158844, 4097.0, 79823.0, 333.0], [0.08150621926580474, 0.08199722058668309, 1025.0, 79821.0, 2.0], [0.08150669875928217, 0.081507657746237, 1025.0, 79821.0, 103.0], [0.08150679428337337, 0.08150679615639476, 1025.0, 79821.0, 17.0], [0.08150679431263934, 0.08150679431629758, 1025.0, 79821.0, 271.0], [0.08150679431360391, 0.08150679431361106, 1025.0, 79821.0, 340.0]]}",,,,,,,
MovieLens-25M,gap,UCB,Two-phase,4,1000000,10,0.75,0.03877188444934749,1000000,0,51695.845932463315,843738634,simulated,95618,scheduled corrupted rounds,0.917272,0.917272,0,0.0,"[9192, 9192, 9192, 9192, 9192, 9192, 9192, 9192, 9192, 917272]","[0, 0, 0, 0, 0, 0, 0, 0, 0, 0]","[0.0, 0.0, 0.0, 0.0, 0.0, 0.0, 0.0, 0.0, 0.0, 0.0]",,,,91910,3708,"{""C1"": 91910, ""C2"": 3708, ""K"": 10, ""T"": 1000000, ""feasible"": true, ""learner"": ""UCB"", ""learner_setting"": ""mean + sqrt(log(T)/N)"", ""mu"": 0.03877188444934749, ""reason"": """", ""source"": ""https://proceedings.neurips.cc/paper_files/paper/2021/file/be315e7f05e9f13629031915fe87ad44-Supplemental.pdf"", ""source_section"": ""A.2"", ""target_feedback"": ""deterministic mu_K"", ""total"": 95618, ""version"": ""xu2021-original-settings-v1""}","[9191, 9191, 9191, 9191, 9191, 9191, 9191, 9191, 9191, 9191]","[1, 1, 1, 1, 1, 1, 1, 1, 1, 3699]","[0, 0, 0, 0, 0, 0, 0, 0, 0, 904382]",1.0
MovieLens-25M,gap,TS,Ours,4,1000000,10,0.75,0.03877188444934749,860309,139691,51695.845932463315,1871574259,simulated,139641,injected samples,0.938889,1.0,78575,6785.111111111111,"[0, 0, 0, 0, 0, 0, 0, 0, 0, 860309]","[6805, 6785, 6805, 6746, 6765, 6805, 6805, 6785, 6765, 78575]","[5.0, 4.0, 5.0, 2.0, 3.0, 5.0, 5.0, 4.0, 3.0, 0.19385942224673744]",0.10084274734875032,0.03877188444934749,{},,,,,,,
MovieLens-25M,gap,TS,Direct,4,1000000,10,0.75,0.03877188444934749,870242,129758,51695.845932463315,3950037896,simulated,129708,injected samples,0.943678,1.0,73431,6253.0,"[0, 0, 0, 0, 0, 0, 0, 0, 0, 870242]","[6272, 6253, 6272, 6215, 6234, 6272, 6272, 6253, 6234, 73431]","[5.0, 4.0, 5.0, 2.0, 3.0, 5.0, 5.0, 4.0, 3.0, 0.19385942224673744]",0.10506466198533698,0.03877188444934749,"{""search"": ""same grid; exact integer TS target envelope"", ""z_stages"": [[0.0, 0.9917342305498605, 4097.0, 129711.0, 434.0], [0.10483909224318594, 0.10532333747294662, 1025.0, 129708.0, 477.0], [0.1050641906117075, 0.10506513640317187, 1025.0, 129708.0, 511.0], [0.10506466166019074, 0.10506466350743969, 1025.0, 129708.0, 181.0], [0.10506466198490247, 0.10506466198851037, 1025.0, 129708.0, 124.0], [0.10506466198533584, 0.10506466198534288, 1025.0, 129708.0, 165.0]]}",,,,,,,
MovieLens-25M,gap,TS,Two-phase,4,1000000,10,0.75,0.03877188444934749,1000000,0,51695.845932463315,697716220,simulated,96319,scheduled corrupted rounds,0.966894,0.966894,0,0.0,"[3656, 3688, 3687, 3671, 3684, 3673, 3682, 3708, 3657, 966894]","[0, 0, 0, 0, 0, 0, 0, 0, 0, 0]","[0.0, 0.0, 0.0, 0.0, 0.0, 0.0, 0.0, 0.0, 0.0, 0.0]",,,,36762,59557,"{""C1"": 36762, ""C2"": 59557, ""K"": 10, ""T"": 1000000, ""beta"": 0.7029612790013512, ""feasible"": true, ""learner"": ""TS"", ""learner_setting"": ""Beta(sum+1, N-sum+1)"", ""mu"": 0.03877188444934749, ""n1"": 3034.8050379860897, ""n2"": 4317.59496201391, ""n3"": 1.4253373223996604, ""promotion_term"": 2965.6477855111257, ""reason"": """", ""source"": ""https://proceedings.neurips.cc/paper_files/paper/2021/file/be315e7f05e9f13629031915fe87ad44-Supplemental.pdf"", ""source_section"": ""A.4"", ""target_feedback"": ""Bernoulli(mu_K)"", ""total"": 96319, ""version"": ""xu2021-original-settings-v1"", ""waiting_term"": 56590.68151852219}","[3654, 3687, 3685, 3669, 3682, 3671, 3682, 3708, 3655, 3669]","[2, 1, 2, 2, 2, 2, 0, 0, 2, 59544]","[0, 0, 0, 0, 0, 0, 0, 0, 0, 903681]",1.0
MovieLens-25M,gap,UCB,Ours,4,1000000,10,1.0,0.05169584593246331,930825,69175,51695.845932463315,1904105913,simulated,69125,injected samples,0.955315,1.0,24485,4960.0,"[0, 0, 0, 0, 0, 0, 0, 0, 0, 930825]","[4985, 4960, 4985, 4910, 4935, 4985, 4985, 4960, 4935, 24485]","[5.0, 4.0, 5.0, 2.0, 3.0, 5.0, 5.0, 4.0, 3.0, 0.25847922966231657]",0.07435913680321363,0.05169584593246331,{},,,,,,,
MovieLens-25M,gap,UCB,Direct,4,1000000,10,1.0,0.05169584593246331,932669,67331,51695.845932463315,1483878400,simulated,67281,injected samples,0.957007,1.0,24333,4772.0,"[0, 0, 0, 0, 0, 0, 0, 0, 0, 932669]","[4796, 4772, 4796, 4724, 4748, 4796, 4796, 4772, 4748, 24333]","[5.0, 4.0, 5.0, 2.0, 3.0, 5.0, 5.0, 4.0, 3.0, 0.25847922966231657]",0.08150679431360629,0.05169584593246331,"{""search"": ""same grid; exact integer TS target envelope"", ""z_stages"": [[0.0, 1.005570769781624, 4097.0, 67283.0, 333.0], [0.08150622450378399, 0.08199722585621641, 1025.0, 67281.0, 2.0], [0.08150670399729222, 0.0815076629843087, 1025.0, 67281.0, 97.0], [0.08150679390232501, 0.08150679577534653, 1025.0, 67281.0, 225.0], [0.08150679431204846, 0.08150679431570672, 1025.0, 67281.0, 437.0], [0.08150679431360608, 0.08150679431361323, 1025.0, 67281.0, 29.0]]}",,,,,,,
MovieLens-25M,gap,UCB,Two-phase,4,1000000,10,1.0,0.05169584593246331,1000000,0,51695.845932463315,2655766637,simulated,54519,scheduled corrupted rounds,0.953461,0.953461,0,0.0,"[5171, 5171, 5171, 5171, 5171, 5171, 5171, 5171, 5171, 953461]","[0, 0, 0, 0, 0, 0, 0, 0, 0, 0]","[0.0, 0.0, 0.0, 0.0, 0.0, 0.0, 0.0, 0.0, 0.0, 0.0]",,,,51700,2819,"{""C1"": 51700, ""C2"": 2819, ""K"": 10, ""T"": 1000000, ""feasible"": true, ""learner"": ""UCB"", ""learner_setting"": ""mean + sqrt(log(T)/N)"", ""mu"": 0.05169584593246331, ""reason"": """", ""source"": ""https://proceedings.neurips.cc/paper_files/paper/2021/file/be315e7f05e9f13629031915fe87ad44-Supplemental.pdf"", ""source_section"": ""A.2"", ""target_feedback"": ""deterministic mu_K"", ""total"": 54519, ""version"": ""xu2021-original-settings-v1""}","[5170, 5170, 5170, 5170, 5170, 5170, 5170, 5170, 5170, 5170]","[1, 1, 1, 1, 1, 1, 1, 1, 1, 2810]","[0, 0, 0, 0, 0, 0, 0, 0, 0, 945481]",1.0
MovieLens-25M,gap,TS,Ours,4,1000000,10,1.0,0.05169584593246331,874748,125252,51695.845932463315,894291156,simulated,125202,injected samples,0.939393,1.0,64640,6729.111111111111,"[0, 0, 0, 0, 0, 0, 0, 0, 0, 874748]","[6749, 6729, 6749, 6690, 6709, 6749, 6749, 6729, 6709, 64640]","[5.0, 4.0, 5.0, 2.0, 3.0, 5.0, 5.0, 4.0, 3.0, 0.25847922966231657]",0.10126476660256978,0.05169584593246331,{},,,,,,,
MovieLens-25M,gap,TS,Direct,4,1000000,10,1.0,0.05169584593246331,882102,117898,51695.845932463315,1792361955,simulated,117848,injected samples,0.943597,1.0,61490,6262.0,"[0, 0, 0, 0, 0, 0, 0, 0, 0, 882102]","[6281, 6262, 6281, 6224, 6243, 6281, 6281, 6262, 6243, 61490]","[5.0, 4.0, 5.0, 2.0, 3.0, 5.0, 5.0, 4.0, 3.0, 0.25847922966231657]",0.10498850075507654,0.05169584593246331,"{""search"": ""same grid; exact integer TS target envelope"", ""z_stages"": [[0.0, 0.9917342951726407, 4097.0, 117851.0, 434.0], [0.10483909907464682, 0.10532334433596159, 1025.0, 117848.0, 316.0], [0.10498806123999267, 0.10498900703151869, 1025.0, 117848.0, 476.0], [0.1049884999616478, 0.10498850180889688, 1025.0, 117848.0, 440.0], [0.10498850075358368, 0.1049885007571916, 1025.0, 117848.0, 424.0], [0.10498850075507406, 0.10498850075508111, 1025.0, 117848.0, 360.0]]}",,,,,,,
MovieLens-25M,gap,TS,Two-phase,4,1000000,10,1.0,0.05169584593246331,1000000,0,51695.845932463315,1821517758,simulated,146125,scheduled corrupted rounds,0.981383,0.981383,0,0.0,"[2042, 2072, 2102, 2062, 2042, 2087, 2095, 2039, 2076, 981383]","[0, 0, 0, 0, 0, 0, 0, 0, 0, 0]","[0.0, 0.0, 0.0, 0.0, 0.0, 0.0, 0.0, 0.0, 0.0, 0.0]",,,,20679,125446,"{""C1"": 20679, ""C2"": 125446, ""K"": 10, ""T"": 1000000, ""beta"": 0.6226981130941249, ""feasible"": true, ""learner"": ""TS"", ""learner_setting"": ""Beta(sum+1, N-sum+1)"", ""mu"": 0.05169584593246331, ""n1"": 1586.8494167025717, ""n2"": 2548.9505832974282, ""n3"": 1.6090573041626903, ""promotion_term"": 2254.589718819844, ""reason"": """", ""source"": ""https://proceedings.neurips.cc/paper_files/paper/2021/file/be315e7f05e9f13629031915fe87ad44-Supplemental.pdf"", ""source_section"": ""A.4"", ""target_feedback"": ""Bernoulli(mu_K)"", ""total"": 146125, ""version"": ""xu2021-original-settings-v1"", ""waiting_term"": 123191.31273692497}","[2041, 2070, 2100, 2061, 2040, 2087, 2092, 2038, 2075, 2075]","[1, 2, 2, 1, 2, 0, 3, 1, 1, 125433]","[0, 0, 0, 0, 0, 0, 0, 0, 0, 853875]",1.0
MovieLens-25M,gap,UCB,Ours,4,1000000,10,1.5,0.07754376889869498,958633,41367,51695.845932463315,1964191050,simulated,41317,injected samples,0.95864,1.0,2,4590.555555555556,"[0, 0, 0, 0, 0, 0, 0, 0, 0, 958633]","[4614, 4591, 4614, 4543, 4567, 4614, 4614, 4591, 4567, 2]","[5.0, 4.0, 5.0, 2.0, 3.0, 5.0, 5.0, 4.0, 3.0, 0.3877188444934749]",0.0775437688986951,0.07754376889869498,{},,,,,,,
MovieLens-25M,gap,UCB,Direct,4,1000000,10,1.5,0.07754376889869498,958752,41248,51695.845932463315,655261191,simulated,41198,injected samples,0.958757,1.0,0,4577.555555555556,"[0, 0, 0, 0, 0, 0, 0, 0, 0, 958752]","[4601, 4578, 4601, 4530, 4554, 4601, 4601, 4578, 4554, 0]","[5.0, 4.0, 5.0, 2.0, 3.0, 5.0, 5.0, 4.0, 3.0, 0.3877188444934749]",0.08323652309072832,0.07754376889869498,"{""search"": ""same grid; exact integer TS target envelope"", ""z_stages"": [[0.0, 1.005570899027184, 4097.0, 41211.0, 339.0], [0.08297923922636431, 0.08347024064190493, 1025.0, 41198.0, 537.0], [0.08323624777981135, 0.08323720676695108, 1025.0, 41198.0, 294.0], [0.0832365221774988, 0.08323652405052055, 1025.0, 41198.0, 500.0], [0.08323652309023108, 0.08323652309388932, 1025.0, 41198.0, 140.0], [0.08323652309072765, 0.0832365230907348, 1025.0, 41198.0, 95.0]]}",,,,,,,
MovieLens-25M,gap,UCB,Two-phase,4,1000000,10,1.5,0.07754376889869498,1000000,0,51695.845932463315,3549652038,simulated,24912,scheduled corrupted rounds,0.979309,0.979309,0,0.0,"[2299, 2299, 2299, 2299, 2299, 2299, 2299, 2299, 2299, 979309]","[0, 0, 0, 0, 0, 0, 0, 0, 0, 0]","[0.0, 0.0, 0.0, 0.0, 0.0, 0.0, 0.0, 0.0, 0.0, 0.0]",,,,22980,1932,"{""C1"": 22980, ""C2"": 1932, ""K"": 10, ""T"": 1000000, ""feasible"": true, ""learner"": ""UCB"", ""learner_setting"": ""mean + sqrt(log(T)/N)"", ""mu"": 0.07754376889869498, ""reason"": """", ""source"": ""https://proceedings.neurips.cc/paper_files/paper/2021/file/be315e7f05e9f13629031915fe87ad44-Supplemental.pdf"", ""source_section"": ""A.2"", ""target_feedback"": ""deterministic mu_K"", ""total"": 24912, ""version"": ""xu2021-original-settings-v1""}","[2298, 2298, 2298, 2298, 2298, 2298, 2298, 2298, 2298, 2298]","[1, 1, 1, 1, 1, 1, 1, 1, 1, 1923]","[0, 0, 0, 0, 0, 0, 0, 0, 0, 975088]",1.0
MovieLens-25M,gap,TS,Ours,4,1000000,10,1.5,0.07754376889869498,903655,96345,51695.845932463315,3324250227,simulated,96295,injected samples,0.940414,1.0,36754,6615.666666666667,"[0, 0, 0, 0, 0, 0, 0, 0, 0, 903655]","[6635, 6616, 6635, 6577, 6596, 6635, 6635, 6616, 6596, 36754]","[5.0, 4.0, 5.0, 2.0, 3.0, 5.0, 5.0, 4.0, 3.0, 0.3877188444934749]",0.10213134606491475,0.07754376889869498,{},,,,,,,
MovieLens-25M,gap,TS,Direct,4,1000000,10,1.5,0.07754376889869498,906819,93181,51695.845932463315,1322460134,simulated,93131,injected samples,0.943597,1.0,36773,6262.0,"[0, 0, 0, 0, 0, 0, 0, 0, 0, 906819]","[6281, 6262, 6281, 6224, 6243, 6281, 6281, 6262, 6243, 36773]","[5.0, 4.0, 5.0, 2.0, 3.0, 5.0, 5.0, 4.0, 3.0, 0.3877188444934749]",0.10498850075507654,0.07754376889869498,"{""search"": ""same grid; exact integer TS target envelope"", ""z_stages"": [[0.0, 0.9917344244182007, 4097.0, 93133.0, 434.0], [0.10483911273756857, 0.10532335806199153, 1025.0, 93131.0, 316.0], [0.10498807492232759, 0.10498902071397685, 1025.0, 93131.0, 462.0], [0.10498850071329469, 0.104988502560544, 1025.0, 93131.0, 24.0], [0.10498850075478564, 0.10498850075839354, 1025.0, 93131.0, 83.0], [0.10498850075507454, 0.10498850075508159, 1025.0, 93131.0, 290.0]]}",,,,,,,
MovieLens-25M,gap,TS,Two-phase,4,1000000,10,1.5,0.07754376889869498,1000000,0,51695.845932463315,3366982938,simulated,705094,scheduled corrupted rounds,0.991726,0.991726,0,0.0,"[910, 909, 928, 912, 915, 929, 924, 923, 924, 991726]","[0, 0, 0, 0, 0, 0, 0, 0, 0, 0]","[0.0, 0.0, 0.0, 0.0, 0.0, 0.0, 0.0, 0.0, 0.0, 0.0]",,,,9191,695903,"{""C1"": 9191, ""C2"": 695903, ""K"": 10, ""T"": 1000000, ""beta"": 0.483068019263162, ""feasible"": true, ""learner"": ""TS"", ""learner_setting"": ""Beta(sum+1, N-sum+1)"", ""mu"": 0.07754376889869498, ""n1"": 598.3937954981504, ""n2"": 1239.8062045018496, ""n3"": 2.0741529292101375, ""promotion_term"": 1545.232729572479, ""reason"": """", ""source"": ""https://proceedings.neurips.cc/paper_files/paper/2021/file/be315e7f05e9f13629031915fe87ad44-Supplemental.pdf"", ""source_section"": ""A.4"", ""target_feedback"": ""Bernoulli(mu_K)"", ""total"": 705094, ""version"": ""xu2021-original-settings-v1"", ""waiting_term"": 694356.9110103906}","[909, 907, 926, 912, 913, 929, 923, 922, 923, 927]","[1, 2, 2, 0, 2, 0, 1, 1, 1, 695893]","[0, 0, 0, 0, 0, 0, 0, 0, 0, 294906]",1.0
MovieLens-25M,gap,UCB,Ours,4,1000000,10,2.0,0.10339169186492662,975774,24226,51695.845932463315,1345334568,simulated,24176,injected samples,0.975781,1.0,2,2686.0,"[0, 0, 0, 0, 0, 0, 0, 0, 0, 975774]","[2704, 2686, 2704, 2650, 2668, 2704, 2704, 2686, 2668, 2]","[5.0, 4.0, 5.0, 2.0, 3.0, 5.0, 5.0, 4.0, 3.0, 0.5169584593246331]",0.10339169186492664,0.10339169186492662,{},,,,,,,
MovieLens-25M,gap,UCB,Direct,4,1000000,10,2.0,0.10339169186492662,975803,24197,51695.845932463315,2761320911,simulated,24147,injected samples,0.975808,1.0,0,2683.0,"[0, 0, 0, 0, 0, 0, 0, 0, 0, 975803]","[2701, 2683, 2701, 2647, 2665, 2701, 2701, 2683, 2665, 0]","[5.0, 4.0, 5.0, 2.0, 3.0, 5.0, 5.0, 4.0, 3.0, 0.5169584593246331]",0.10902702506316632,0.10339169186492662,"{""search"": ""same grid; exact integer TS target envelope"", ""z_stages"": [[0.0, 1.0055710282727444, 4097.0, 24164.0, 444.0], [0.1087568275207094, 0.10924782899935821, 1025.0, 24147.0, 564.0], [0.10902678243523996, 0.10902774142250293, 1025.0, 24147.0, 260.0], [0.1090270249915887, 0.1090270268646107, 1025.0, 24147.0, 40.0], [0.1090270250629245, 0.10902702506658274, 1025.0, 24147.0, 68.0], [0.10902702506316386, 0.109027025063171, 1025.0, 24147.0, 352.0]]}",,,,,,,
MovieLens-25M,gap,UCB,Two-phase,4,1000000,10,2.0,0.10339169186492662,1000000,0,51695.845932463315,1639043860,simulated,14422,scheduled corrupted rounds,0.988354,0.988354,0,0.0,"[1294, 1294, 1294, 1294, 1294, 1294, 1294, 1294, 1294, 988354]","[0, 0, 0, 0, 0, 0, 0, 0, 0, 0]","[0.0, 0.0, 0.0, 0.0, 0.0, 0.0, 0.0, 0.0, 0.0, 0.0]",,,,12930,1492,"{""C1"": 12930, ""C2"": 1492, ""K"": 10, ""T"": 1000000, ""feasible"": true, ""learner"": ""UCB"", ""learner_setting"": ""mean + sqrt(log(T)/N)"", ""mu"": 0.10339169186492662, ""reason"": """", ""source"": ""https://proceedings.neurips.cc/paper_files/paper/2021/file/be315e7f05e9f13629031915fe87ad44-Supplemental.pdf"", ""source_section"": ""A.2"", ""target_feedback"": ""deterministic mu_K"", ""total"": 14422, ""version"": ""xu2021-original-settings-v1""}","[1293, 1293, 1293, 1293, 1293, 1293, 1293, 1293, 1293, 1293]","[1, 1, 1, 1, 1, 1, 1, 1, 1, 1483]","[0, 0, 0, 0, 0, 0, 0, 0, 0, 985578]",1.0
MovieLens-25M,gap,TS,Ours,4,1000000,10,2.0,0.10339169186492662,932587,67413,51695.845932463315,1738309024,simulated,67363,injected samples,0.94144,1.0,8848,6501.666666666667,"[0, 0, 0, 0, 0, 0, 0, 0, 0, 932587]","[6521, 6502, 6521, 6463, 6482, 6521, 6521, 6502, 6482, 8848]","[5.0, 4.0, 5.0, 2.0, 3.0, 5.0, 5.0, 4.0, 3.0, 0.5169584593246331]",0.1030295977432793,0.10339169186492662,{},,,,,,,
MovieLens-25M,gap,TS,Direct,4,1000000,10,2.0,0.10339169186492662,932962,67038,51695.845932463315,2860373295,simulated,66988,injected samples,0.943678,1.0,10711,6253.0,"[0, 0, 0, 0, 0, 0, 0, 0, 0, 932962]","[6272, 6253, 6272, 6215, 6234, 6272, 6272, 6253, 6234, 10711]","[5.0, 4.0, 5.0, 2.0, 3.0, 5.0, 5.0, 4.0, 3.0, 0.5169584593246331]",0.10506466198533698,0.10339169186492662,"{""search"": ""same grid; exact integer TS target envelope"", ""z_stages"": [[0.0, 0.9917345536637608, 4097.0, 66991.0, 434.0], [0.10483912640049034, 0.10532337178802148, 1025.0, 66988.0, 477.0], [0.10506422484235052, 0.10506517063412305, 1025.0, 66988.0, 474.0], [0.10506466171687044, 0.10506466356412, 1025.0, 66988.0, 149.0], [0.10506466198385574, 0.10506466198746364, 1025.0, 66988.0, 421.0], [0.10506466198533554, 0.10506466198534259, 1025.0, 66988.0, 209.0]]}",,,,,,,
MovieLens-25M,gap,TS,Two-phase,4,1000000,10,2.0,0.10339169186492662,1000000,0,51695.845932463315,2472922316,infeasible,5343203,scheduled corrupted rounds,,,0,0.0,,"[0, 0, 0, 0, 0, 0, 0, 0, 0, 0]","[0.0, 0.0, 0.0, 0.0, 0.0, 0.0, 0.0, 0.0, 0.0, 0.0]",,,,5170,5338033,"{""C1"": 5170, ""C2"": 5338033, ""K"": 10, ""T"": 1000000, ""beta"": 0.36579764504492285, ""feasible"": false, ""learner"": ""TS"", ""learner_setting"": ""Beta(sum+1, N-sum+1)"", ""mu"": 0.10339169186492662, ""n1"": 276.46889273196496, ""n2"": 757.5311072680349, ""n3"": 2.739101688419504, ""promotion_term"": 1192.3490828531187, ""reason"": ""original budget reaches/exceeds T"", ""source"": ""https://proceedings.neurips.cc/paper_files/paper/2021/file/be315e7f05e9f13629031915fe87ad44-Supplemental.pdf"", ""source_section"": ""A.4"", ""target_feedback"": ""Bernoulli(mu_K)"", ""total"": 5343203, ""version"": ""xu2021-original-settings-v1"", ""waiting_term"": 5336840.012372333}",,,,
MovieLens-25M,gap,UCB,Ours,4,1000000,10,3.0,0.15508753779738996,988708,11292,51695.845932463315,2053731292,simulated,11242,injected samples,0.988714,1.0,1,1249.0,"[0, 0, 0, 0, 0, 0, 0, 0, 0, 988708]","[1261, 1249, 1261, 1225, 1237, 1261, 1261, 1249, 1237, 1]","[5.0, 4.0, 5.0, 2.0, 3.0, 5.0, 5.0, 4.0, 3.0, 0.7754376889869498]",0.15508753779738996,0.15508753779738996,{},,,,,,,
MovieLens-25M,gap,UCB,Direct,4,1000000,10,3.0,0.15508753779738996,988712,11288,51695.845932463315,3898892745,simulated,11238,injected samples,0.988717,1.0,0,1248.6666666666667,"[0, 0, 0, 0, 0, 0, 0, 0, 0, 988712]","[1261, 1249, 1261, 1224, 1236, 1261, 1261, 1249, 1236, 0]","[5.0, 4.0, 5.0, 2.0, 3.0, 5.0, 5.0, 4.0, 3.0, 0.7754376889869498]",0.16068384687588622,0.15508753779738996,"{""search"": ""same grid; exact integer TS target envelope"", ""z_stages"": [[0.0, 1.0055712867638646, 4097.0, 11256.0, 654.0], [0.16031202398847744, 0.1608030255933426, 1025.0, 11238.0, 776.0], [0.16068363164840957, 0.16068459063591908, 1025.0, 11238.0, 230.0], [0.16068384610948347, 0.16068384798250596, 1025.0, 11238.0, 419.0], [0.1606838468740571, 0.16068384687771534, 1025.0, 11238.0, 512.0], [0.16068384687588264, 0.1606838468758898, 1025.0, 11238.0, 511.0]]}",,,,,,,
MovieLens-25M,gap,UCB,Two-phase,4,1000000,10,3.0,0.15508753779738996,1000000,0,51695.845932463315,3497961087,simulated,6806,scheduled corrupted rounds,0.994816,0.994816,0,0.0,"[576, 576, 576, 576, 576, 576, 576, 576, 576, 994816]","[0, 0, 0, 0, 0, 0, 0, 0, 0, 0]","[0.0, 0.0, 0.0, 0.0, 0.0, 0.0, 0.0, 0.0, 0.0, 0.0]",,,,5750,1056,"{""C1"": 5750, ""C2"": 1056, ""K"": 10, ""T"": 1000000, ""feasible"": true, ""learner"": ""UCB"", ""learner_setting"": ""mean + sqrt(log(T)/N)"", ""mu"": 0.15508753779738996, ""reason"": """", ""source"": ""https://proceedings.neurips.cc/paper_files/paper/2021/file/be315e7f05e9f13629031915fe87ad44-Supplemental.pdf"", ""source_section"": ""A.2"", ""target_feedback"": ""deterministic mu_K"", ""total"": 6806, ""version"": ""xu2021-original-settings-v1""}","[575, 575, 575, 575, 575, 575, 575, 575, 575, 575]","[1, 1, 1, 1, 1, 1, 1, 1, 1, 1047]","[0, 0, 0, 0, 0, 0, 0, 0, 0, 993194]",1.0
MovieLens-25M,gap,TS,Ours,4,1000000,10,3.0,0.15508753779738996,968621,31379,51695.845932463315,1482610085,simulated,31329,injected samples,0.97141,1.0,2784,3171.6666666666665,"[0, 0, 0, 0, 0, 0, 0, 0, 0, 968621]","[3185, 3172, 3185, 3145, 3158, 3185, 3185, 3172, 3158, 2784]","[5.0, 4.0, 5.0, 2.0, 3.0, 5.0, 5.0, 4.0, 3.0, 0.7754376889869498]",0.14783141502050307,0.15508753779738996,{},,,,,,,
MovieLens-25M,gap,TS,Direct,4,1000000,10,3.0,0.15508753779738996,968795,31205,51695.845932463315,2129005007,simulated,31155,injected samples,0.971347,1.0,2547,3178.6666666666665,"[0, 0, 0, 0, 0, 0, 0, 0, 0, 968795]","[3192, 3179, 3192, 3152, 3165, 3192, 3192, 3179, 3165, 2547]","[5.0, 4.0, 5.0, 2.0, 3.0, 5.0, 5.0, 4.0, 3.0, 0.7754376889869498]",0.14766696114437936,0.15508753779738996,"{""search"": ""same grid; exact integer TS target envelope"", ""z_stages"": [[0.0, 0.9917348121548812, 4097.0, 31157.0, 610.0], [0.14745275893611393, 0.14793700444986144, 1025.0, 31155.0, 453.0], [0.14766650793241654, 0.14766745372443557, 1025.0, 31155.0, 491.0], [0.14766696050867564, 0.1476669623559257, 1025.0, 31155.0, 353.0], [0.14766696114366784, 0.14766696114727576, 1025.0, 31155.0, 202.0], [0.14766696114437602, 0.14766696114438307, 1025.0, 31155.0, 482.0]]}",,,,,,,
MovieLens-25M,gap,TS,Two-phase,4,1000000,10,3.0,0.15508753779738996,1000000,0,51695.845932463315,2529322318,infeasible,1713501677,scheduled corrupted rounds,,,0,0.0,,"[0, 0, 0, 0, 0, 0, 0, 0, 0, 0]","[0.0, 0.0, 0.0, 0.0, 0.0, 0.0, 0.0, 0.0, 0.0, 0.0]",,,,2298,1713499379,"{""C1"": 2298, ""C2"": 1713499379, ""K"": 10, ""T"": 1000000, ""beta"": 0.1800742558144034, ""feasible"": false, ""learner"": ""TS"", ""learner_setting"": ""Beta(sum+1, N-sum+1)"", ""mu"": 0.15508753779738996, ""n1"": 69.4381746100914, ""n2"": 390.1618253899086, ""n3"": 5.564132100010513, ""promotion_term"": 843.6167716814657, ""reason"": ""original budget reaches/exceeds T"", ""source"": ""https://proceedings.neurips.cc/paper_files/paper/2021/file/be315e7f05e9f13629031915fe87ad44-Supplemental.pdf"", ""source_section"": ""A.4"", ""target_feedback"": ""Bernoulli(mu_K)"", ""total"": 1713501677, ""version"": ""xu2021-original-settings-v1"", ""waiting_term"": 1713498534.950569}",,,,
MovieLens-25M,gap,UCB,Ours,4,1000000,10,4.0,0.20678338372985325,993451,6549,51695.845932463315,155617599,simulated,6499,injected samples,0.993457,1.0,1,722.0,"[0, 0, 0, 0, 0, 0, 0, 0, 0, 993451]","[731, 722, 731, 704, 713, 731, 731, 722, 713, 1]","[5.0, 4.0, 5.0, 2.0, 3.0, 5.0, 5.0, 4.0, 3.0, 1.0339169186492663]",0.20678338372985325,0.20678338372985325,{},,,,,,,
MovieLens-25M,gap,UCB,Direct,4,1000000,10,4.0,0.20678338372985325,993453,6547,51695.845932463315,28639293,simulated,6497,injected samples,0.993458,1.0,0,721.8888888888889,"[0, 0, 0, 0, 0, 0, 0, 0, 0, 993453]","[731, 722, 731, 703, 713, 731, 731, 722, 713, 0]","[5.0, 4.0, 5.0, 2.0, 3.0, 5.0, 5.0, 4.0, 3.0, 1.0339169186492663]",0.21236059373040425,0.20678338372985325,"{""search"": ""same grid; exact integer TS target envelope"", ""z_stages"": [[0.0, 1.005571545254985, 4097.0, 6498.0, 865.0], [0.2121127478272234, 0.2126037495583049, 1025.0, 6497.0, 517.0], [0.2123601666682762, 0.2123611256560322, 1025.0, 6497.0, 457.0], [0.2123605937175113, 0.21236059559053427, 1025.0, 6497.0, 8.0], [0.21236059373031516, 0.2123605937339734, 1025.0, 6497.0, 25.0], [0.2123605937304009, 0.21236059373040805, 1025.0, 6497.0, 479.0]]}",,,,,,,
MovieLens-25M,gap,UCB,Two-phase,4,1000000,10,4.0,0.20678338372985325,1000000,0,51695.845932463315,1927520918,simulated,4085,scheduled corrupted rounds,0.997075,0.997075,0,0.0,"[325, 325, 325, 325, 325, 325, 325, 325, 325, 997075]","[0, 0, 0, 0, 0, 0, 0, 0, 0, 0]","[0.0, 0.0, 0.0, 0.0, 0.0, 0.0, 0.0, 0.0, 0.0, 0.0]",,,,3240,845,"{""C1"": 3240, ""C2"": 845, ""K"": 10, ""T"": 1000000, ""feasible"": true, ""learner"": ""UCB"", ""learner_setting"": ""mean + sqrt(log(T)/N)"", ""mu"": 0.20678338372985325, ""reason"": """", ""source"": ""https://proceedings.neurips.cc/paper_files/paper/2021/file/be315e7f05e9f13629031915fe87ad44-Supplemental.pdf"", ""source_section"": ""A.2"", ""target_feedback"": ""deterministic mu_K"", ""total"": 4085, ""version"": ""xu2021-original-settings-v1""}","[324, 324, 324, 324, 324, 324, 324, 324, 324, 324]","[1, 1, 1, 1, 1, 1, 1, 1, 1, 836]","[0, 0, 0, 0, 0, 0, 0, 0, 0, 995915]",1.0
MovieLens-25M,gap,TS,Ours,4,1000000,10,4.0,0.20678338372985325,981649,18351,51695.845932463315,3429988578,simulated,18301,injected samples,0.983548,1.0,1894,1823.0,"[0, 0, 0, 0, 0, 0, 0, 0, 0, 981649]","[1833, 1823, 1833, 1803, 1813, 1833, 1833, 1823, 1813, 1894]","[5.0, 4.0, 5.0, 2.0, 3.0, 5.0, 5.0, 4.0, 3.0, 1.0339169186492663]",0.19541733204705802,0.20678338372985325,{},,,,,,,
MovieLens-25M,gap,TS,Direct,4,1000000,10,4.0,0.20678338372985325,981870,18130,51695.845932463315,466975936,simulated,18080,injected samples,0.983548,1.0,1673,1823.0,"[0, 0, 0, 0, 0, 0, 0, 0, 0, 981870]","[1833, 1823, 1833, 1803, 1813, 1833, 1833, 1823, 1813, 1673]","[5.0, 4.0, 5.0, 2.0, 3.0, 5.0, 5.0, 4.0, 3.0, 1.0339169186492663]",0.19540536228804115,0.20678338372985325,"{""search"": ""same grid; exact integer TS target envelope"", ""z_stages"": [[0.0, 0.9917350706460014, 4097.0, 18083.0, 808.0], [0.1953931157254207, 0.19587736136538456, 1025.0, 18080.0, 26.0], [0.19540493812874013, 0.1954058839210057, 1025.0, 18080.0, 460.0], [0.19540536207273418, 0.19540536391998467, 1025.0, 18080.0, 120.0], [0.19540536228740488, 0.1954053622910128, 1025.0, 18080.0, 181.0], [0.1954053622880391, 0.19540536228804614, 1025.0, 18080.0, 297.0]]}",,,,,,,
MovieLens-25M,gap,TS,Two-phase,4,1000000,10,4.0,0.20678338372985325,1000000,0,51695.845932463315,916646916,infeasible,1901480593645945,scheduled corrupted rounds,,,0,0.0,,"[0, 0, 0, 0, 0, 0, 0, 0, 0, 0]","[0.0, 0.0, 0.0, 0.0, 0.0, 0.0, 0.0, 0.0, 0.0, 0.0]",,,,1293,1901480593644652,"{""C1"": 1293, ""C2"": 1901480593644652, ""K"": 10, ""T"": 1000000, ""beta"": 0.03995065173165885, ""feasible"": false, ""learner"": ""TS"", ""learner_setting"": ""Beta(sum+1, N-sum+1)"", ""mu"": 0.20678338372985325, ""n1"": 9.011186419215505, ""n2"": 249.58881358078452, ""n3"": 25.07986487660793, ""promotion_term"": 674.1435055153747, ""reason"": ""original budget reaches/exceeds T"", ""source"": ""https://proceedings.neurips.cc/paper_files/paper/2021/file/be315e7f05e9f13629031915fe87ad44-Supplemental.pdf"", ""source_section"": ""A.4"", ""target_feedback"": ""Bernoulli(mu_K)"", ""total"": 1901480593645945, ""version"": ""xu2021-original-settings-v1"", ""waiting_term"": 1901480593643977.0}",,,,
MovieLens-25M,gap,UCB,Ours,4,1000000,10,5.0,0.25847922966231657,995711,4289,51695.845932463315,2768180570,simulated,4239,injected samples,0.995717,1.0,1,470.8888888888889,"[0, 0, 0, 0, 0, 0, 0, 0, 0, 995711]","[478, 471, 478, 456, 464, 478, 478, 471, 464, 1]","[5.0, 4.0, 5.0, 2.0, 3.0, 5.0, 5.0, 4.0, 3.0, 1.292396148311583]",0.25847922966231657,0.25847922966231657,{},,,,,,,
MovieLens-25M,gap,UCB,Direct,4,1000000,10,5.0,0.25847922966231657,995712,4288,51695.845932463315,2363210646,simulated,4238,injected samples,0.995717,1.0,0,470.8888888888889,"[0, 0, 0, 0, 0, 0, 0, 0, 0, 995712]","[478, 471, 478, 456, 464, 478, 478, 471, 464, 0]","[5.0, 4.0, 5.0, 2.0, 3.0, 5.0, 5.0, 4.0, 3.0, 1.292396148311583]",0.26404069038683686,0.25847922966231657,"{""search"": ""same grid; exact integer TS target envelope"", ""z_stages"": [[0.0, 1.0055718037461052, 4097.0, 4245.0, 1075.0], [0.2636679973689739, 0.2641589992262718, 1025.0, 4238.0, 778.0], [0.26404056420795874, 0.26404152319596125, 1025.0, 4238.0, 135.0], [0.2640406897005294, 0.2640406915735528, 1025.0, 4238.0, 376.0], [0.26404069038645106, 0.2640406903901093, 1025.0, 4238.0, 108.0], [0.2640406903868333, 0.26404069038684047, 1025.0, 4238.0, 505.0]]}",,,,,,,
MovieLens-25M,gap,UCB,Two-phase,4,1000000,10,5.0,0.25847922966231657,1000000,0,51695.845932463315,1324149117,simulated,2792,scheduled corrupted rounds,0.998128,0.998128,0,0.0,"[208, 208, 208, 208, 208, 208, 208, 208, 208, 998128]","[0, 0, 0, 0, 0, 0, 0, 0, 0, 0]","[0.0, 0.0, 0.0, 0.0, 0.0, 0.0, 0.0, 0.0, 0.0, 0.0]",,,,2070,722,"{""C1"": 2070, ""C2"": 722, ""K"": 10, ""T"": 1000000, ""feasible"": true, ""learner"": ""UCB"", ""learner_setting"": ""mean + sqrt(log(T)/N)"", ""mu"": 0.25847922966231657, ""reason"": """", ""source"": ""https://proceedings.neurips.cc/paper_files/paper/2021/file/be315e7f05e9f13629031915fe87ad44-Supplemental.pdf"", ""source_section"": ""A.2"", ""target_feedback"": ""deterministic mu_K"", ""total"": 2792, ""version"": ""xu2021-original-settings-v1""}","[207, 207, 207, 207, 207, 207, 207, 207, 207, 207]","[1, 1, 1, 1, 1, 1, 1, 1, 1, 713]","[0, 0, 0, 0, 0, 0, 0, 0, 0, 997208]",1.0
MovieLens-25M,gap,TS,Ours,4,1000000,10,5.0,0.25847922966231657,987810,12190,51695.845932463315,628904683,simulated,12140,injected samples,0.989236,1.0,1421,1191.0,"[0, 0, 0, 0, 0, 0, 0, 0, 0, 987810]","[1199, 1191, 1199, 1175, 1183, 1199, 1199, 1191, 1183, 1421]","[5.0, 4.0, 5.0, 2.0, 3.0, 5.0, 5.0, 4.0, 3.0, 1.292396148311583]",0.24227346647236664,0.25847922966231657,{},,,,,,,
MovieLens-25M,gap,TS,Direct,4,1000000,10,5.0,0.25847922966231657,988039,11961,51695.845932463315,3751626356,simulated,11911,injected samples,0.989272,1.0,1228,1187.0,"[0, 0, 0, 0, 0, 0, 0, 0, 0, 988039]","[1195, 1187, 1195, 1171, 1179, 1195, 1195, 1187, 1179, 1228]","[5.0, 4.0, 5.0, 2.0, 3.0, 5.0, 5.0, 4.0, 3.0, 1.292396148311583]",0.242634644829729,0.25847922966231657,"{""search"": ""same grid; exact integer TS target envelope"", ""z_stages"": [[0.0, 0.9917353291371217, 4097.0, 11912.0, 1003.0], [0.24260712885629784, 0.24309137462247807, 1025.0, 11911.0, 59.0], [0.2426345568391479, 0.24263550263165998, 1025.0, 11911.0, 96.0], [0.2426346445835704, 0.2426346464308214, 1025.0, 11911.0, 137.0], [0.24263464482890842, 0.24263464483251634, 1025.0, 11911.0, 233.0], [0.24263464482972585, 0.2426346448297329, 1025.0, 11911.0, 454.0]]}",,,,,,,
MovieLens-25M,gap,TS,Two-phase,4,1000000,10,5.0,0.25847922966231657,1000000,0,51695.845932463315,866623858,infeasible,,scheduled corrupted rounds,,,0,0.0,,"[0, 0, 0, 0, 0, 0, 0, 0, 0, 0]","[0.0, 0.0, 0.0, 0.0, 0.0, 0.0, 0.0, 0.0, 0.0, 0.0]",,,,828,0,"{""C1"": 828, ""C2"": null, ""K"": 10, ""T"": 1000000, ""feasible"": false, ""learner"": ""TS"", ""learner_setting"": ""Beta(sum+1, N-sum+1)"", ""mu"": 0.25847922966231657, ""n1"": -13.458956056127466, ""n2"": 179.05895605612744, ""reason"": ""A.4 phase-one lower count bound is nonpositive"", ""source"": ""https://proceedings.neurips.cc/paper_files/paper/2021/file/be315e7f05e9f13629031915fe87ad44-Supplemental.pdf"", ""source_section"": ""A.4"", ""target_feedback"": ""Bernoulli(mu_K)"", ""total"": null, ""version"": ""xu2021-original-settings-v1""}",,,,
MovieLens-25M,gap,UCB,Ours,4,1000000,10,6.0,0.3101750755947799,996961,3039,51695.845932463315,4016072171,simulated,2989,injected samples,0.996967,1.0,1,332.0,"[0, 0, 0, 0, 0, 0, 0, 0, 0, 996961]","[338, 332, 338, 320, 326, 338, 338, 332, 326, 1]","[5.0, 4.0, 5.0, 2.0, 3.0, 5.0, 5.0, 4.0, 3.0, 1.5508753779738995]",0.3101750755947799,0.3101750755947799,{},,,,,,,
MovieLens-25M,gap,UCB,Direct,4,1000000,10,6.0,0.3101750755947799,996962,3038,51695.845932463315,21475644,simulated,2988,injected samples,0.996967,1.0,0,332.0,"[0, 0, 0, 0, 0, 0, 0, 0, 0, 996962]","[338, 332, 338, 320, 326, 338, 338, 332, 326, 0]","[5.0, 4.0, 5.0, 2.0, 3.0, 5.0, 5.0, 4.0, 3.0, 1.5508753779738995]",0.31561966011627557,0.3101750755947799,"{""search"": ""same grid; exact integer TS target envelope"", ""z_stages"": [[0.0, 1.0055720622372253, 4097.0, 2988.0, 1286.0], [0.3154687744079186, 0.31595977639143286, 1025.0, 2988.0, 315.0], [0.31561933556301963, 0.3156202945512687, 1025.0, 2988.0, 347.0], [0.3156196595961585, 0.3156196614691824, 1025.0, 2988.0, 285.0], [0.31561966011563, 0.3156196601192882, 1025.0, 2988.0, 181.0], [0.315619660116273, 0.3156196601162802, 1025.0, 2988.0, 362.0]]}",,,,,,,
MovieLens-25M,gap,UCB,Two-phase,4,1000000,10,6.0,0.3101750755947799,1000000,0,51695.845932463315,737039257,simulated,2088,scheduled corrupted rounds,0.998695,0.998695,0,0.0,"[145, 145, 145, 145, 145, 145, 145, 145, 145, 998695]","[0, 0, 0, 0, 0, 0, 0, 0, 0, 0]","[0.0, 0.0, 0.0, 0.0, 0.0, 0.0, 0.0, 0.0, 0.0, 0.0]",,,,1440,648,"{""C1"": 1440, ""C2"": 648, ""K"": 10, ""T"": 1000000, ""feasible"": true, ""learner"": ""UCB"", ""learner_setting"": ""mean + sqrt(log(T)/N)"", ""mu"": 0.3101750755947799, ""reason"": """", ""source"": ""https://proceedings.neurips.cc/paper_files/paper/2021/file/be315e7f05e9f13629031915fe87ad44-Supplemental.pdf"", ""source_section"": ""A.2"", ""target_feedback"": ""deterministic mu_K"", ""total"": 2088, ""version"": ""xu2021-original-settings-v1""}","[144, 144, 144, 144, 144, 144, 144, 144, 144, 144]","[1, 1, 1, 1, 1, 1, 1, 1, 1, 639]","[0, 0, 0, 0, 0, 0, 0, 0, 0, 997912]",1.0
MovieLens-25M,gap,TS,Ours,4,1000000,10,6.0,0.3101750755947799,991222,8778,51695.845932463315,3316343902,simulated,8728,injected samples,0.992363,1.0,1136,843.5555555555555,"[0, 0, 0, 0, 0, 0, 0, 0, 0, 991222]","[850, 844, 850, 830, 837, 850, 850, 844, 837, 1136]","[5.0, 4.0, 5.0, 2.0, 3.0, 5.0, 5.0, 4.0, 3.0, 1.5508753779738995]",0.2883838414290979,0.3101750755947799,{},,,,,,,
MovieLens-25M,gap,TS,Direct,4,1000000,10,6.0,0.3101750755947799,991443,8557,51695.845932463315,1260244202,simulated,8507,injected samples,0.992392,1.0,944,840.3333333333334,"[0, 0, 0, 0, 0, 0, 0, 0, 0, 991443]","[847, 840, 847, 827, 834, 847, 847, 840, 834, 944]","[5.0, 4.0, 5.0, 2.0, 3.0, 5.0, 5.0, 4.0, 3.0, 1.5508753779738995]",0.2889129610504338,0.3101750755947799,"{""search"": ""same grid; exact integer TS target envelope"", ""z_stages"": [[0.0, 0.9917355876282419, 4097.0, 8507.0, 1194.0], [0.2888526748145734, 0.28933692070697, 1025.0, 8507.0, 128.0], [0.28891273265474365, 0.28891367844750226, 1025.0, 8507.0, 248.0], [0.28891296079030165, 0.2889129626375531, 1025.0, 8507.0, 145.0], [0.2889129610500714, 0.2889129610536793, 1025.0, 8507.0, 103.0], [0.2889129610504308, 0.28891296105043784, 1025.0, 8507.0, 432.0]]}",,,,,,,
MovieLens-25M,gap,TS,Two-phase,4,1000000,10,6.0,0.3101750755947799,1000000,0,51695.845932463315,1908277252,infeasible,,scheduled corrupted rounds,,,0,0.0,,"[0, 0, 0, 0, 0, 0, 0, 0, 0, 0]","[0.0, 0.0, 0.0, 0.0, 0.0, 0.0, 0.0, 0.0, 0.0, 0.0]",,,,575,0,"{""C1"": 575, ""C2"": null, ""K"": 10, ""T"": 1000000, ""feasible"": false, ""learner"": ""TS"", ""learner_setting"": ""Beta(sum+1, N-sum+1)"", ""mu"": 0.3101750755947799, ""n1"": -22.715796713439556, ""n2"": 137.71579671343957, ""reason"": ""A.4 phase-one lower count bound is nonpositive"", ""source"": ""https://proceedings.neurips.cc/paper_files/paper/2021/file/be315e7f05e9f13629031915fe87ad44-Supplemental.pdf"", ""source_section"": ""A.4"", ""target_feedback"": ""Bernoulli(mu_K)"", ""total"": null, ""version"": ""xu2021-original-settings-v1""}",,,,
MovieLens-25M,horizon,UCB,Ours,5,100000,10,,0.016442451420029897,73676,26324,10480.819243109449,2396016920,simulated,26274,injected samples,0.89507,1.0,15826,1160.888888888889,"[0, 0, 0, 0, 0, 0, 0, 0, 0, 73676]","[1158, 1158, 1145, 1171, 1158, 1171, 1171, 1158, 1158, 15826]","[4.0, 4.0, 3.0, 5.0, 4.0, 5.0, 5.0, 4.0, 4.0, 0.0]",0.13662777193485193,0.0,{},,,,,,,
MovieLens-25M,horizon,UCB,Clipped Suppression,5,100000,10,,0.016442451420029897,100000,0,10480.819243109449,2888072075,simulated,80422,suppressed non-target rounds (including 0->0),0.19578,0.19578,0,0.0,"[8936, 8936, 8936, 8936, 8936, 8936, 8936, 8935, 8935, 19578]","[0, 0, 0, 0, 0, 0, 0, 0, 0, 0]","[0.0, 0.0, 0.0, 0.0, 0.0, 0.0, 0.0, 0.0, 0.0, 0.0]",,,,,,,,,,
MovieLens-25M,horizon,TS,Ours,5,100000,10,,0.016442451420029897,58040,41960,10480.819243109449,85211031,simulated,41910,injected samples,0.84789,1.0,26744,1685.111111111111,"[0, 0, 0, 0, 0, 0, 0, 0, 0, 58040]","[1683, 1683, 1672, 1693, 1683, 1693, 1693, 1683, 1683, 26744]","[4.0, 4.0, 3.0, 5.0, 4.0, 5.0, 5.0, 4.0, 4.0, 0.0]",0.18941540281747093,0.0,{},,,,,,,
MovieLens-25M,horizon,TS,Clipped Suppression,5,100000,10,,0.016442451420029897,100000,0,10480.819243109449,3922562916,simulated,64131,suppressed non-target rounds (including 0->0),0.35869,0.35869,0,0.0,"[7037, 7032, 7098, 7176, 7151, 7146, 7159, 7129, 7203, 35869]","[0, 0, 0, 0, 0, 0, 0, 0, 0, 0]","[0.0, 0.0, 0.0, 0.0, 0.0, 0.0, 0.0, 0.0, 0.0, 0.0]",,,,,,,,,,
MovieLens-25M,horizon,UCB,Ours,5,250000,10,,0.016442451420029897,201187,48813,19804.988134665902,1995943369,simulated,48763,injected samples,0.92484,1.0,30018,2082.777777777778,"[0, 0, 0, 0, 0, 0, 0, 0, 0, 201187]","[2079, 2079, 2062, 2096, 2079, 2096, 2096, 2079, 2079, 30018]","[4.0, 4.0, 3.0, 5.0, 4.0, 5.0, 5.0, 4.0, 4.0, 0.0]",0.10719525390959006,0.0,{},,,,,,,
MovieLens-25M,horizon,UCB,Clipped Suppression,5,250000,10,,0.016442451420029897,250000,0,19804.988134665902,162292345,simulated,185445,suppressed non-target rounds (including 0->0),0.25822,0.25822,0,0.0,"[20605, 20605, 20605, 20605, 20605, 20605, 20605, 20605, 20605, 64555]","[0, 0, 0, 0, 0, 0, 0, 0, 0, 0]","[0.0, 0.0, 0.0, 0.0, 0.0, 0.0, 0.0, 0.0, 0.0, 0.0]",,,,,,,,,,
MovieLens-25M,horizon,TS,Ours,5,250000,10,,0.016442451420029897,175214,74786,19804.988134665902,3822087221,simulated,74736,injected samples,0.894584,1.0,48427,2923.222222222222,"[0, 0, 0, 0, 0, 0, 0, 0, 0, 175214]","[2920, 2920, 2907, 2934, 2920, 2934, 2934, 2920, 2920, 48427]","[4.0, 4.0, 3.0, 5.0, 4.0, 5.0, 5.0, 4.0, 4.0, 0.0]",0.14777640802457342,0.0,{},,,,,,,
MovieLens-25M,horizon,TS,Clipped Suppression,5,250000,10,,0.016442451420029897,250000,0,19804.988134665902,3215766859,simulated,125218,suppressed non-target rounds (including 0->0),0.499128,0.499128,0,0.0,"[13954, 13885, 13823, 13861, 13917, 13908, 13958, 14006, 13906, 124782]","[0, 0, 0, 0, 0, 0, 0, 0, 0, 0]","[0.0, 0.0, 0.0, 0.0, 0.0, 0.0, 0.0, 0.0, 0.0, 0.0]",,,,,,,,,,
MovieLens-25M,horizon,UCB,Ours,5,400000,10,,0.016442451420029897,332896,67104,27430.126400660687,156902327,simulated,67054,injected samples,0.93639,1.0,41655,2822.1111111111113,"[0, 0, 0, 0, 0, 0, 0, 0, 0, 332896]","[2818, 2818, 2798, 2837, 2818, 2837, 2837, 2818, 2818, 41655]","[4.0, 4.0, 3.0, 5.0, 4.0, 5.0, 5.0, 4.0, 4.0, 0.0]",0.09431215725044076,0.0,{},,,,,,,
MovieLens-25M,horizon,UCB,Clipped Suppression,5,400000,10,,0.016442451420029897,400000,0,27430.126400660687,902206656,simulated,269393,suppressed non-target rounds (including 0->0),0.3265175,0.3265175,0,0.0,"[29933, 29933, 29933, 29933, 29933, 29932, 29932, 29932, 29932, 130607]","[0, 0, 0, 0, 0, 0, 0, 0, 0, 0]","[0.0, 0.0, 0.0, 0.0, 0.0, 0.0, 0.0, 0.0, 0.0, 0.0]",,,,,,,,,,
MovieLens-25M,horizon,TS,Ours,5,400000,10,,0.016442451420029897,298943,101057,27430.126400660687,1084284678,simulated,101007,injected samples,0.9119875,1.0,65847,3906.6666666666665,"[0, 0, 0, 0, 0, 0, 0, 0, 0, 298943]","[3903, 3903, 3888, 3919, 3903, 3919, 3919, 3903, 3903, 65847]","[4.0, 4.0, 3.0, 5.0, 4.0, 5.0, 5.0, 4.0, 4.0, 0.0]",0.12957312940975402,0.0,{},,,,,,,
MovieLens-25M,horizon,TS,Clipped Suppression,5,400000,10,,0.016442451420029897,400000,0,27430.126400660687,886173299,simulated,145942,suppressed non-target rounds (including 0->0),0.635145,0.635145,0,0.0,"[16193, 16328, 16244, 16173, 16154, 16217, 16082, 16207, 16344, 254058]","[0, 0, 0, 0, 0, 0, 0, 0, 0, 0]","[0.0, 0.0, 0.0, 0.0, 0.0, 0.0, 0.0, 0.0, 0.0, 0.0]",,,,,,,,,,
MovieLens-25M,horizon,UCB,Ours,5,550000,10,,0.016442451420029897,466719,83281,34194.80516566394,2606912735,simulated,83231,injected samples,0.9431254545454546,1.0,51995,3470.6666666666665,"[0, 0, 0, 0, 0, 0, 0, 0, 0, 466719]","[3466, 3466, 3445, 3487, 3466, 3487, 3487, 3466, 3466, 51995]","[4.0, 4.0, 3.0, 5.0, 4.0, 5.0, 5.0, 4.0, 4.0, 0.0]",0.08636890503840003,0.0,{},,,,,,,
MovieLens-25M,horizon,UCB,Clipped Suppression,5,550000,10,,0.016442451420029897,550000,0,34194.80516566394,3891021914,simulated,341010,suppressed non-target rounds (including 0->0),0.3799818181818182,0.3799818181818182,0,0.0,"[37890, 37890, 37890, 37890, 37890, 37890, 37890, 37890, 37890, 208990]","[0, 0, 0, 0, 0, 0, 0, 0, 0, 0]","[0.0, 0.0, 0.0, 0.0, 0.0, 0.0, 0.0, 0.0, 0.0, 0.0]",,,,,,,,,,
MovieLens-25M,horizon,TS,Ours,5,550000,10,,0.016442451420029897,425898,124102,34194.80516566394,2509624856,simulated,124052,injected samples,0.9219309090909091,1.0,81159,4765.888888888889,"[0, 0, 0, 0, 0, 0, 0, 0, 0, 425898]","[4762, 4762, 4746, 4779, 4762, 4779, 4779, 4762, 4762, 81159]","[4.0, 4.0, 3.0, 5.0, 4.0, 5.0, 5.0, 4.0, 4.0, 0.0]",0.11837054029617505,0.0,{},,,,,,,
MovieLens-25M,horizon,TS,Clipped Suppression,5,550000,10,,0.016442451420029897,550000,0,34194.80516566394,4138809679,simulated,168976,suppressed non-target rounds (including 0->0),0.6927709090909091,0.6927709090909091,0,0.0,"[18737, 18829, 18746, 18813, 18797, 18754, 18761, 18749, 18790, 381024]","[0, 0, 0, 0, 0, 0, 0, 0, 0, 0]","[0.0, 0.0, 0.0, 0.0, 0.0, 0.0, 0.0, 0.0, 0.0, 0.0]",,,,,,,,,,
MovieLens-25M,horizon,UCB,Ours,5,700000,10,,0.016442451420029897,601896,98104,40401.844201652595,1896964366,simulated,98054,injected samples,0.9477071428571429,1.0,61494,4062.222222222222,"[0, 0, 0, 0, 0, 0, 0, 0, 0, 601896]","[4057, 4057, 4035, 4080, 4057, 4080, 4080, 4057, 4057, 61494]","[4.0, 4.0, 3.0, 5.0, 4.0, 5.0, 5.0, 4.0, 4.0, 0.0]",0.08075235512792,0.0,{},,,,,,,
MovieLens-25M,horizon,UCB,Clipped Suppression,5,700000,10,,0.016442451420029897,700000,0,40401.844201652595,1022044818,simulated,390384,suppressed non-target rounds (including 0->0),0.44230857142857144,0.44230857142857144,0,0.0,"[43376, 43376, 43376, 43376, 43376, 43376, 43376, 43376, 43376, 309616]","[0, 0, 0, 0, 0, 0, 0, 0, 0, 0]","[0.0, 0.0, 0.0, 0.0, 0.0, 0.0, 0.0, 0.0, 0.0, 0.0]",,,,,,,,,,
MovieLens-25M,horizon,TS,Ours,5,700000,10,,0.016442451420029897,554906,145094,40401.844201652595,160385138,simulated,145044,injected samples,0.9286171428571428,1.0,95121,5547.0,"[0, 0, 0, 0, 0, 0, 0, 0, 0, 554906]","[5543, 5543, 5525, 5561, 5543, 5561, 5561, 5543, 5543, 95121]","[4.0, 4.0, 3.0, 5.0, 4.0, 5.0, 5.0, 4.0, 4.0, 0.0]",0.11046269529308136,0.0,{},,,,,,,
MovieLens-25M,horizon,TS,Clipped Suppression,5,700000,10,,0.016442451420029897,700000,0,40401.844201652595,1737274787,simulated,184262,suppressed non-target rounds (including 0->0),0.7367685714285714,0.7367685714285714,0,0.0,"[20488, 20452, 20409, 20579, 20503, 20463, 20492, 20488, 20388, 515738]","[0, 0, 0, 0, 0, 0, 0, 0, 0, 0]","[0.0, 0.0, 0.0, 0.0, 0.0, 0.0, 0.0, 0.0, 0.0, 0.0]",,,,,,,,,,
MovieLens-25M,horizon,UCB,Ours,5,850000,10,,0.016442451420029897,738057,111943,46204.95572790959,3328278897,simulated,111893,injected samples,0.9511105882352942,1.0,70382,4612.333333333333,"[0, 0, 0, 0, 0, 0, 0, 0, 0, 738057]","[4607, 4607, 4583, 4631, 4607, 4631, 4631, 4607, 4607, 70382]","[4.0, 4.0, 3.0, 5.0, 4.0, 5.0, 5.0, 4.0, 4.0, 0.0]",0.07646931825734088,0.0,{},,,,,,,
MovieLens-25M,horizon,UCB,Clipped Suppression,5,850000,10,,0.016442451420029897,850000,0,46204.95572790959,3220136345,simulated,437100,suppressed non-target rounds (including 0->0),0.48576470588235293,0.48576470588235293,0,0.0,"[48567, 48567, 48567, 48567, 48567, 48567, 48566, 48566, 48566, 412900]","[0, 0, 0, 0, 0, 0, 0, 0, 0, 0]","[0.0, 0.0, 0.0, 0.0, 0.0, 0.0, 0.0, 0.0, 0.0, 0.0]",,,,,,,,,,
MovieLens-25M,horizon,TS,Ours,5,850000,10,,0.016442451420029897,685385,164615,46204.95572790959,1708138858,simulated,164565,injected samples,0.933535294117647,1.0,108115,6272.222222222223,"[0, 0, 0, 0, 0, 0, 0, 0, 0, 685385]","[6268, 6268, 6249, 6287, 6268, 6287, 6287, 6268, 6268, 108115]","[4.0, 4.0, 3.0, 5.0, 4.0, 5.0, 5.0, 4.0, 4.0, 0.0]",0.1044412777431814,0.0,{},,,,,,,
MovieLens-25M,horizon,TS,Clipped Suppression,5,850000,10,,0.016442451420029897,850000,0,46204.95572790959,181810993,simulated,192698,suppressed non-target rounds (including 0->0),0.7732964705882353,0.7732964705882353,0,0.0,"[21355, 21327, 21428, 21416, 21470, 21453, 21474, 21379, 21396, 657302]","[0, 0, 0, 0, 0, 0, 0, 0, 0, 0]","[0.0, 0.0, 0.0, 0.0, 0.0, 0.0, 0.0, 0.0, 0.0, 0.0]",,,,,,,,,,
MovieLens-25M,horizon,UCB,Ours,5,1000000,10,,0.016442451420029897,874967,125033,51695.845932463315,416671554,simulated,124983,injected samples,0.953771,1.0,78799,5131.555555555556,"[0, 0, 0, 0, 0, 0, 0, 0, 0, 874967]","[5126, 5126, 5101, 5151, 5126, 5151, 5151, 5126, 5126, 78799]","[4.0, 4.0, 3.0, 5.0, 4.0, 5.0, 5.0, 4.0, 4.0, 0.0]",0.0730419331545504,0.0,{},,,,,,,
MovieLens-25M,horizon,UCB,Clipped Suppression,5,1000000,10,,0.016442451420029897,1000000,0,51695.845932463315,1014613196,simulated,473184,suppressed non-target rounds (including 0->0),0.526816,0.526816,0,0.0,"[52576, 52576, 52576, 52576, 52576, 52576, 52576, 52576, 52576, 526816]","[0, 0, 0, 0, 0, 0, 0, 0, 0, 0]","[0.0, 0.0, 0.0, 0.0, 0.0, 0.0, 0.0, 0.0, 0.0, 0.0]",,,,,,,,,,
MovieLens-25M,horizon,TS,Ours,5,1000000,10,,0.016442451420029897,816988,183012,51695.845932463315,1316802831,simulated,182962,injected samples,0.937359,1.0,120366,6955.111111111111,"[0, 0, 0, 0, 0, 0, 0, 0, 0, 816988]","[6951, 6951, 6931, 6970, 6951, 6970, 6970, 6951, 6951, 120366]","[4.0, 4.0, 3.0, 5.0, 4.0, 5.0, 5.0, 4.0, 4.0, 0.0]",0.09962908312893154,0.0,{},,,,,,,
MovieLens-25M,horizon,TS,Clipped Suppression,5,1000000,10,,0.016442451420029897,1000000,0,51695.845932463315,1358220298,simulated,206375,suppressed non-target rounds (including 0->0),0.793625,0.793625,0,0.0,"[22855, 22966, 22949, 23000, 22838, 22892, 22960, 22954, 22961, 793625]","[0, 0, 0, 0, 0, 0, 0, 0, 0, 0]","[0.0, 0.0, 0.0, 0.0, 0.0, 0.0, 0.0, 0.0, 0.0, 0.0]",,,,,,,,,,
MovieLens-25M,arms,UCB,Ours,5,1000000,5,,0.016442451420029897,907346,92654,41031.02010778911,347794272,simulated,92629,injected samples,0.965714,1.0,58363,8566.5,"[0, 0, 0, 0, 907346]","[8558, 8526, 8591, 8591, 58363]","[4.0, 3.0, 5.0, 5.0, 0.0]",0.05514305228928956,0.0,{},,,,,,,
MovieLens-25M,arms,UCB,Clipped Suppression,5,1000000,5,,0.016442451420029897,1000000,0,41031.02010778911,1470906427,simulated,233908,suppressed non-target rounds (including 0->0),0.766092,0.766092,0,0.0,"[58477, 58477, 58477, 58477, 766092]","[0, 0, 0, 0, 0]","[0.0, 0.0, 0.0, 0.0, 0.0]",,,,,,,,,,
MovieLens-25M,arms,TS,Ours,5,1000000,5,,0.016442451420029897,861764,138236,41031.02010778911,1887720901,simulated,138211,injected samples,0.95417,1.0,92401,11452.5,"[0, 0, 0, 0, 861764]","[11446, 11420, 11472, 11472, 92401]","[4.0, 3.0, 5.0, 5.0, 0.0]",0.07676093357769362,0.0,{},,,,,,,
MovieLens-25M,arms,TS,Clipped Suppression,5,1000000,5,,0.016442451420029897,1000000,0,41031.02010778911,1486176528,simulated,98068,suppressed non-target rounds (including 0->0),0.901932,0.901932,0,0.0,"[24483, 24516, 24484, 24585, 901932]","[0, 0, 0, 0, 0]","[0.0, 0.0, 0.0, 0.0, 0.0]",,,,,,,,,,
MovieLens-25M,arms,UCB,Ours,5,1000000,10,,0.016442451420029897,874967,125033,51695.845932463315,416671554,simulated,124983,injected samples,0.953771,1.0,78799,5131.555555555556,"[0, 0, 0, 0, 0, 0, 0, 0, 0, 874967]","[5126, 5126, 5101, 5151, 5126, 5151, 5151, 5126, 5126, 78799]","[4.0, 4.0, 3.0, 5.0, 4.0, 5.0, 5.0, 4.0, 4.0, 0.0]",0.0730419331545504,0.0,{},,,,,,,
MovieLens-25M,arms,UCB,Clipped Suppression,5,1000000,10,,0.016442451420029897,1000000,0,51695.845932463315,1014613196,simulated,473184,suppressed non-target rounds (including 0->0),0.526816,0.526816,0,0.0,"[52576, 52576, 52576, 52576, 52576, 52576, 52576, 52576, 52576, 526816]","[0, 0, 0, 0, 0, 0, 0, 0, 0, 0]","[0.0, 0.0, 0.0, 0.0, 0.0, 0.0, 0.0, 0.0, 0.0, 0.0]",,,,,,,,,,
MovieLens-25M,arms,TS,Ours,5,1000000,10,,0.016442451420029897,816988,183012,51695.845932463315,1316802831,simulated,182962,injected samples,0.937359,1.0,120366,6955.111111111111,"[0, 0, 0, 0, 0, 0, 0, 0, 0, 816988]","[6951, 6951, 6931, 6970, 6951, 6970, 6970, 6951, 6951, 120366]","[4.0, 4.0, 3.0, 5.0, 4.0, 5.0, 5.0, 4.0, 4.0, 0.0]",0.09962908312893154,0.0,{},,,,,,,
MovieLens-25M,arms,TS,Clipped Suppression,5,1000000,10,,0.016442451420029897,1000000,0,51695.845932463315,1358220298,simulated,206375,suppressed non-target rounds (including 0->0),0.793625,0.793625,0,0.0,"[22855, 22966, 22949, 23000, 22838, 22892, 22960, 22954, 22961, 793625]","[0, 0, 0, 0, 0, 0, 0, 0, 0, 0]","[0.0, 0.0, 0.0, 0.0, 0.0, 0.0, 0.0, 0.0, 0.0, 0.0]",,,,,,,,,,
MovieLens-25M,arms,UCB,Ours,5,1000000,15,,0.016442451420029897,852948,147052,59176.97111973348,2676796045,simulated,146977,injected samples,0.94554,1.0,92587,3885.0,"[0, 0, 0, 0, 0, 0, 0, 0, 0, 0, 0, 0, 0, 0, 852948]","[3916, 3916, 3894, 3894, 3873, 3894, 3916, 3873, 3894, 3894, 3851, 3873, 3851, 3851, 92587]","[5.0, 5.0, 4.0, 4.0, 3.0, 4.0, 5.0, 3.0, 4.0, 4.0, 2.0, 3.0, 2.0, 2.0, 1.0]",0.08473960575272316,0.0,{},,,,,,,
MovieLens-25M,arms,UCB,Clipped Suppression,5,1000000,15,,0.016442451420029897,1000000,0,59176.97111973348,110031404,simulated,645574,suppressed non-target rounds (including 0->0),0.354426,0.354426,0,0.0,"[46113, 46113, 46113, 46113, 46113, 46113, 46112, 46112, 46112, 46112, 46112, 46112, 46112, 46112, 354426]","[0, 0, 0, 0, 0, 0, 0, 0, 0, 0, 0, 0, 0, 0, 0]","[0.0, 0.0, 0.0, 0.0, 0.0, 0.0, 0.0, 0.0, 0.0, 0.0, 0.0, 0.0, 0.0, 0.0, 0.0]",,,,,,,,,,
MovieLens-25M,arms,TS,Ours,5,1000000,15,,0.016442451420029897,786057,213943,59176.97111973348,1389923821,simulated,213868,injected samples,0.925502,1.0,139440,5316.285714285715,"[0, 0, 0, 0, 0, 0, 0, 0, 0, 0, 0, 0, 0, 0, 786057]","[5341, 5341, 5324, 5324, 5306, 5324, 5341, 5306, 5324, 5324, 5289, 5306, 5289, 5289, 139440]","[5.0, 5.0, 4.0, 4.0, 3.0, 4.0, 5.0, 3.0, 4.0, 4.0, 2.0, 3.0, 2.0, 2.0, 1.0]",0.11458968678734416,0.0,{},,,,,,,
MovieLens-25M,arms,TS,Clipped Suppression,5,1000000,15,,0.016442451420029897,1000000,0,59176.97111973348,2890508340,simulated,309250,suppressed non-target rounds (including 0->0),0.69075,0.69075,0,0.0,"[22068, 22167, 22100, 22063, 22055, 22064, 22157, 22095, 22032, 22107, 21996, 22149, 22100, 22097, 690750]","[0, 0, 0, 0, 0, 0, 0, 0, 0, 0, 0, 0, 0, 0, 0]","[0.0, 0.0, 0.0, 0.0, 0.0, 0.0, 0.0, 0.0, 0.0, 0.0, 0.0, 0.0, 0.0, 0.0, 0.0]",,,,,,,,,,
MovieLens-25M,arms,UCB,Ours,5,1000000,20,,0.016442451420029897,835303,164697,65132.68448243278,616700775,simulated,164597,injected samples,0.938809,1.0,103501,3215.5789473684213,"[0, 0, 0, 0, 0, 0, 0, 0, 0, 0, 0, 0, 0, 0, 0, 0, 0, 0, 0, 835303]","[3224, 3244, 3244, 3244, 3204, 3224, 3224, 3224, 3244, 3224, 3224, 3184, 3184, 3164, 3224, 3204, 3204, 3224, 3184, 103501]","[4.0, 5.0, 5.0, 5.0, 3.0, 4.0, 4.0, 4.0, 5.0, 4.0, 4.0, 2.0, 2.0, 1.0, 4.0, 3.0, 3.0, 4.0, 2.0, 1.0]",0.09379177886748213,0.0,{},,,,,,,
MovieLens-25M,arms,UCB,Clipped Suppression,5,1000000,20,,0.016442451420029897,1000000,0,65132.68448243278,807458714,simulated,765719,suppressed non-target rounds (including 0->0),0.234281,0.234281,0,0.0,"[40301, 40301, 40301, 40301, 40301, 40301, 40301, 40301, 40301, 40301, 40301, 40301, 40301, 40301, 40301, 40301, 40301, 40301, 40301, 234281]","[0, 0, 0, 0, 0, 0, 0, 0, 0, 0, 0, 0, 0, 0, 0, 0, 0, 0, 0, 0]","[0.0, 0.0, 0.0, 0.0, 0.0, 0.0, 0.0, 0.0, 0.0, 0.0, 0.0, 0.0, 0.0, 0.0, 0.0, 0.0, 0.0, 0.0, 0.0, 0.0]",,,,,,,,,,
MovieLens-25M,arms,TS,Ours,5,1000000,20,,0.016442451420029897,761160,238840,65132.68448243278,2247205067,simulated,238740,injected samples,0.915761,1.0,154596,4428.631578947368,"[0, 0, 0, 0, 0, 0, 0, 0, 0, 0, 0, 0, 0, 0, 0, 0, 0, 0, 0, 761160]","[4435, 4451, 4451, 4451, 4420, 4435, 4435, 4435, 4451, 4435, 4435, 4404, 4404, 4388, 4435, 4420, 4420, 4435, 4404, 154596]","[4.0, 5.0, 5.0, 5.0, 3.0, 4.0, 4.0, 4.0, 5.0, 4.0, 4.0, 2.0, 2.0, 1.0, 4.0, 3.0, 3.0, 4.0, 2.0, 1.0]",0.12612943123446269,0.0,{},,,,,,,
MovieLens-25M,arms,TS,Clipped Suppression,5,1000000,20,,0.016442451420029897,1000000,0,65132.68448243278,3481055187,simulated,406043,suppressed non-target rounds (including 0->0),0.593957,0.593957,0,0.0,"[21434, 21395, 21333, 21397, 21374, 21330, 21393, 21390, 21421, 21285, 21373, 21377, 21387, 21374, 21333, 21331, 21389, 21391, 21336, 593957]","[0, 0, 0, 0, 0, 0, 0, 0, 0, 0, 0, 0, 0, 0, 0, 0, 0, 0, 0, 0]","[0.0, 0.0, 0.0, 0.0, 0.0, 0.0, 0.0, 0.0, 0.0, 0.0, 0.0, 0.0, 0.0, 0.0, 0.0, 0.0, 0.0, 0.0, 0.0, 0.0]",,,,,,,,,,
MovieLens-25M,arms,UCB,Ours,5,1000000,30,,0.016442451420029897,807066,192934,74558.3115827732,3861557623,simulated,192784,injected samples,0.927839,1.0,120768,2483.310344827586,"[0, 0, 0, 0, 0, 0, 0, 0, 0, 0, 0, 0, 0, 0, 0, 0, 0, 0, 0, 0, 0, 0, 0, 0, 0, 0, 0, 0, 0, 807066]","[2503, 2486, 2503, 2503, 2503, 2468, 2503, 2503, 2503, 2486, 2486, 2468, 2468, 2486, 2486, 2468, 2486, 2468, 2486, 2486, 2433, 2486, 2486, 2451, 2486, 2503, 2468, 2451, 2503, 120768]","[5.0, 4.0, 5.0, 5.0, 5.0, 3.0, 5.0, 5.0, 5.0, 4.0, 4.0, 3.0, 3.0, 4.0, 4.0, 3.0, 4.0, 3.0, 4.0, 4.0, 1.0, 4.0, 4.0, 2.0, 4.0, 5.0, 3.0, 2.0, 5.0, 0.0]",0.10775320423138482,0.0,{},,,,,,,
MovieLens-25M,arms,UCB,Clipped Suppression,5,1000000,30,,0.016442451420029897,1000000,0,74558.3115827732,827443443,simulated,880666,suppressed non-target rounds (including 0->0),0.119334,0.119334,0,0.0,"[30368, 30368, 30368, 30368, 30368, 30368, 30368, 30368, 30368, 30368, 30368, 30368, 30368, 30368, 30368, 30368, 30368, 30368, 30368, 30368, 30368, 30368, 30368, 30367, 30367, 30367, 30367, 30367, 30367, 119334]","[0, 0, 0, 0, 0, 0, 0, 0, 0, 0, 0, 0, 0, 0, 0, 0, 0, 0, 0, 0, 0, 0, 0, 0, 0, 0, 0, 0, 0, 0]","[0.0, 0.0, 0.0, 0.0, 0.0, 0.0, 0.0, 0.0, 0.0, 0.0, 0.0, 0.0, 0.0, 0.0, 0.0, 0.0, 0.0, 0.0, 0.0, 0.0, 0.0, 0.0, 0.0, 0.0, 0.0, 0.0, 0.0, 0.0, 0.0, 0.0]",,,,,,,,,,
MovieLens-25M,arms,TS,Ours,5,1000000,30,,0.016442451420029897,721052,278948,74558.3115827732,2518736803,simulated,278798,injected samples,0.899736,1.0,178679,3452.3793103448274,"[0, 0, 0, 0, 0, 0, 0, 0, 0, 0, 0, 0, 0, 0, 0, 0, 0, 0, 0, 0, 0, 0, 0, 0, 0, 0, 0, 0, 0, 721052]","[3468, 3454, 3468, 3468, 3468, 3441, 3468, 3468, 3468, 3454, 3454, 3441, 3441, 3454, 3454, 3441, 3454, 3441, 3454, 3454, 3413, 3454, 3454, 3427, 3454, 3468, 3441, 3427, 3468, 178679]","[5.0, 4.0, 5.0, 5.0, 5.0, 3.0, 5.0, 5.0, 5.0, 4.0, 4.0, 3.0, 3.0, 4.0, 4.0, 3.0, 4.0, 3.0, 4.0, 4.0, 1.0, 4.0, 4.0, 2.0, 4.0, 5.0, 3.0, 2.0, 5.0, 0.0]",0.1438609407985741,0.0,{},,,,,,,
MovieLens-25M,arms,TS,Clipped Suppression,5,1000000,30,,0.016442451420029897,1000000,0,74558.3115827732,143934088,simulated,609709,suppressed non-target rounds (including 0->0),0.390291,0.390291,0,0.0,"[21138, 21015, 20976, 21034, 21033, 20966, 20965, 21109, 20972, 21065, 21102, 21034, 21097, 20961, 21000, 21012, 21069, 20924, 20915, 21053, 20953, 21017, 21066, 21059, 21053, 21040, 21003, 20959, 21119, 390291]","[0, 0, 0, 0, 0, 0, 0, 0, 0, 0, 0, 0, 0, 0, 0, 0, 0, 0, 0, 0, 0, 0, 0, 0, 0, 0, 0, 0, 0, 0]","[0.0, 0.0, 0.0, 0.0, 0.0, 0.0, 0.0, 0.0, 0.0, 0.0, 0.0, 0.0, 0.0, 0.0, 0.0, 0.0, 0.0, 0.0, 0.0, 0.0, 0.0, 0.0, 0.0, 0.0, 0.0, 0.0, 0.0, 0.0, 0.0, 0.0]",,,,,,,,,,
MovieLens-25M,arms,UCB,Ours,5,1000000,40,,0.016442451420029897,784601,215399,82062.04021557822,7913676,simulated,215199,injected samples,0.919051,1.0,134445,2070.6153846153848,"[0, 0, 0, 0, 0, 0, 0, 0, 0, 0, 0, 0, 0, 0, 0, 0, 0, 0, 0, 0, 0, 0, 0, 0, 0, 0, 0, 0, 0, 0, 0, 0, 0, 0, 0, 0, 0, 0, 0, 784601]","[2094, 2094, 2094, 2078, 2078, 2094, 2062, 2094, 2062, 2062, 2094, 2078, 2062, 2078, 2094, 2062, 2062, 2078, 2062, 2078, 2062, 2094, 2094, 2046, 2078, 2078, 2046, 2062, 2078, 2030, 2062, 2046, 2078, 2046, 2078, 2046, 2062, 2030, 2078, 134445]","[5.0, 5.0, 5.0, 4.0, 4.0, 5.0, 3.0, 5.0, 3.0, 3.0, 5.0, 4.0, 3.0, 4.0, 5.0, 3.0, 3.0, 4.0, 3.0, 4.0, 3.0, 5.0, 5.0, 2.0, 4.0, 4.0, 2.0, 3.0, 4.0, 1.0, 3.0, 2.0, 4.0, 2.0, 4.0, 2.0, 3.0, 1.0, 4.0, 0.0]",0.11851061061483043,0.0,{},,,,,,,
MovieLens-25M,arms,UCB,Clipped Suppression,5,1000000,40,,0.016442451420029897,1000000,0,82062.04021557822,1369763280,simulated,923127,suppressed non-target rounds (including 0->0),0.076873,0.076873,0,0.0,"[23670, 23670, 23670, 23670, 23670, 23670, 23670, 23670, 23670, 23670, 23670, 23670, 23670, 23670, 23670, 23670, 23670, 23670, 23670, 23670, 23670, 23670, 23670, 23670, 23670, 23670, 23670, 23670, 23670, 23670, 23670, 23670, 23670, 23670, 23670, 23670, 23669, 23669, 23669, 76873]","[0, 0, 0, 0, 0, 0, 0, 0, 0, 0, 0, 0, 0, 0, 0, 0, 0, 0, 0, 0, 0, 0, 0, 0, 0, 0, 0, 0, 0, 0, 0, 0, 0, 0, 0, 0, 0, 0, 0, 0]","[0.0, 0.0, 0.0, 0.0, 0.0, 0.0, 0.0, 0.0, 0.0, 0.0, 0.0, 0.0, 0.0, 0.0, 0.0, 0.0, 0.0, 0.0, 0.0, 0.0, 0.0, 0.0, 0.0, 0.0, 0.0, 0.0, 0.0, 0.0, 0.0, 0.0, 0.0, 0.0, 0.0, 0.0, 0.0, 0.0, 0.0, 0.0, 0.0, 0.0]",,,,,,,,,,
MovieLens-25M,arms,TS,Ours,5,1000000,40,,0.016442451420029897,688689,311311,82062.04021557822,3017777466,simulated,311111,injected samples,0.886609,1.0,197915,2902.4615384615386,"[0, 0, 0, 0, 0, 0, 0, 0, 0, 0, 0, 0, 0, 0, 0, 0, 0, 0, 0, 0, 0, 0, 0, 0, 0, 0, 0, 0, 0, 0, 0, 0, 0, 0, 0, 0, 0, 0, 0, 688689]","[2921, 2921, 2921, 2908, 2908, 2921, 2896, 2921, 2896, 2896, 2921, 2908, 2896, 2908, 2921, 2896, 2896, 2908, 2896, 2908, 2896, 2921, 2921, 2883, 2908, 2908, 2883, 2896, 2908, 2870, 2896, 2883, 2908, 2883, 2908, 2883, 2896, 2870, 2908, 197915]","[5.0, 5.0, 5.0, 4.0, 4.0, 5.0, 3.0, 5.0, 3.0, 3.0, 5.0, 4.0, 3.0, 4.0, 5.0, 3.0, 3.0, 4.0, 3.0, 4.0, 3.0, 5.0, 5.0, 2.0, 4.0, 4.0, 2.0, 3.0, 4.0, 1.0, 3.0, 2.0, 4.0, 2.0, 4.0, 2.0, 3.0, 1.0, 4.0, 0.0]",0.15751603862778363,0.0,{},,,,,,,
MovieLens-25M,arms,TS,Clipped Suppression,5,1000000,40,,0.016442451420029897,1000000,0,82062.04021557822,987382802,simulated,712920,suppressed non-target rounds (including 0->0),0.28708,0.28708,0,0.0,"[18229, 18264, 18301, 18206, 18234, 18244, 18256, 18224, 18325, 18282, 18287, 18322, 18184, 18282, 18193, 18286, 18327, 18264, 18283, 18287, 18315, 18224, 18295, 18372, 18294, 18374, 18295, 18308, 18160, 18367, 18292, 18320, 18251, 18315, 18279, 18356, 18321, 18293, 18209, 287080]","[0, 0, 0, 0, 0, 0, 0, 0, 0, 0, 0, 0, 0, 0, 0, 0, 0, 0, 0, 0, 0, 0, 0, 0, 0, 0, 0, 0, 0, 0, 0, 0, 0, 0, 0, 0, 0, 0, 0, 0]","[0.0, 0.0, 0.0, 0.0, 0.0, 0.0, 0.0, 0.0, 0.0, 0.0, 0.0, 0.0, 0.0, 0.0, 0.0, 0.0, 0.0, 0.0, 0.0, 0.0, 0.0, 0.0, 0.0, 0.0, 0.0, 0.0, 0.0, 0.0, 0.0, 0.0, 0.0, 0.0, 0.0, 0.0, 0.0, 0.0, 0.0, 0.0, 0.0, 0.0]",,,,,,,,,,
MovieLens-25M,arms,UCB,Ours,5,1000000,50,,0.016442451420029897,765405,234595,88398.65308761662,3426823985,simulated,234345,injected samples,0.911435,1.0,146025,1802.4489795918366,"[0, 0, 0, 0, 0, 0, 0, 0, 0, 0, 0, 0, 0, 0, 0, 0, 0, 0, 0, 0, 0, 0, 0, 0, 0, 0, 0, 0, 0, 0, 0, 0, 0, 0, 0, 0, 0, 0, 0, 0, 0, 0, 0, 0, 0, 0, 0, 0, 0, 765405]","[1827, 1827, 1798, 1813, 1813, 1798, 1827, 1827, 1798, 1813, 1798, 1813, 1813, 1798, 1798, 1813, 1813, 1813, 1827, 1813, 1827, 1813, 1813, 1783, 1798, 1798, 1768, 1783, 1813, 1783, 1827, 1798, 1813, 1813, 1783, 1798, 1798, 1813, 1783, 1813, 1783, 1783, 1798, 1768, 1768, 1768, 1813, 1813, 1768, 146025]","[5.0, 5.0, 3.0, 4.0, 4.0, 3.0, 5.0, 5.0, 3.0, 4.0, 3.0, 4.0, 4.0, 3.0, 3.0, 4.0, 4.0, 4.0, 5.0, 4.0, 5.0, 4.0, 4.0, 2.0, 3.0, 3.0, 1.0, 2.0, 4.0, 2.0, 5.0, 3.0, 4.0, 4.0, 2.0, 3.0, 3.0, 4.0, 2.0, 4.0, 2.0, 2.0, 3.0, 1.0, 1.0, 1.0, 4.0, 4.0, 1.0, 0.0]",0.12741766619661893,0.0,{},,,,,,,
MovieLens-25M,arms,UCB,Clipped Suppression,5,1000000,50,,0.016442451420029897,1000000,0,88398.65308761662,2924898391,simulated,945190,suppressed non-target rounds (including 0->0),0.05481,0.05481,0,0.0,"[19290, 19290, 19290, 19290, 19290, 19290, 19290, 19290, 19290, 19290, 19290, 19290, 19290, 19290, 19290, 19290, 19290, 19290, 19290, 19290, 19290, 19290, 19290, 19290, 19290, 19290, 19290, 19290, 19290, 19289, 19289, 19289, 19289, 19289, 19289, 19289, 19289, 19289, 19289, 19289, 19289, 19289, 19289, 19289, 19289, 19289, 19289, 19289, 19289, 54810]","[0, 0, 0, 0, 0, 0, 0, 0, 0, 0, 0, 0, 0, 0, 0, 0, 0, 0, 0, 0, 0, 0, 0, 0, 0, 0, 0, 0, 0, 0, 0, 0, 0, 0, 0, 0, 0, 0, 0, 0, 0, 0, 0, 0, 0, 0, 0, 0, 0, 0]","[0.0, 0.0, 0.0, 0.0, 0.0, 0.0, 0.0, 0.0, 0.0, 0.0, 0.0, 0.0, 0.0, 0.0, 0.0, 0.0, 0.0, 0.0, 0.0, 0.0, 0.0, 0.0, 0.0, 0.0, 0.0, 0.0, 0.0, 0.0, 0.0, 0.0, 0.0, 0.0, 0.0, 0.0, 0.0, 0.0, 0.0, 0.0, 0.0, 0.0, 0.0, 0.0, 0.0, 0.0, 0.0, 0.0, 0.0, 0.0, 0.0, 0.0]",,,,,,,,,,
MovieLens-25M,arms,TS,Ours,5,1000000,50,,0.016442451420029897,660879,339121,88398.65308761662,287177481,simulated,338871,injected samples,0.875159,1.0,214275,2542.7755102040815,"[0, 0, 0, 0, 0, 0, 0, 0, 0, 0, 0, 0, 0, 0, 0, 0, 0, 0, 0, 0, 0, 0, 0, 0, 0, 0, 0, 0, 0, 0, 0, 0, 0, 0, 0, 0, 0, 0, 0, 0, 0, 0, 0, 0, 0, 0, 0, 0, 0, 660879]","[2563, 2563, 2539, 2551, 2551, 2539, 2563, 2563, 2539, 2551, 2539, 2551, 2551, 2539, 2539, 2551, 2551, 2551, 2563, 2551, 2563, 2551, 2551, 2527, 2539, 2539, 2516, 2527, 2551, 2527, 2563, 2539, 2551, 2551, 2527, 2539, 2539, 2551, 2527, 2551, 2527, 2527, 2539, 2516, 2516, 2516, 2551, 2551, 2516, 214275]","[5.0, 5.0, 3.0, 4.0, 4.0, 3.0, 5.0, 5.0, 3.0, 4.0, 3.0, 4.0, 4.0, 3.0, 3.0, 4.0, 4.0, 4.0, 5.0, 4.0, 5.0, 4.0, 4.0, 2.0, 3.0, 3.0, 1.0, 2.0, 4.0, 2.0, 5.0, 3.0, 4.0, 4.0, 2.0, 3.0, 3.0, 4.0, 2.0, 4.0, 2.0, 2.0, 3.0, 1.0, 1.0, 1.0, 4.0, 4.0, 1.0, 0.0]",0.16879096564888746,0.0,{},,,,,,,
MovieLens-25M,arms,TS,Clipped Suppression,5,1000000,50,,0.016442451420029897,1000000,0,88398.65308761662,3982300518,simulated,813813,suppressed non-target rounds (including 0->0),0.186187,0.186187,0,0.0,"[16670, 16548, 16601, 16589, 16645, 16700, 16605, 16590, 16620, 16643, 16589, 16619, 16542, 16569, 16589, 16589, 16606, 16642, 16720, 16548, 16625, 16694, 16644, 16567, 16690, 16549, 16622, 16549, 16607, 16528, 16672, 16578, 16630, 16639, 16555, 16563, 16515, 16658, 16569, 16635, 16592, 16703, 16537, 16492, 16584, 16627, 16687, 16653, 16625, 186187]","[0, 0, 0, 0, 0, 0, 0, 0, 0, 0, 0, 0, 0, 0, 0, 0, 0, 0, 0, 0, 0, 0, 0, 0, 0, 0, 0, 0, 0, 0, 0, 0, 0, 0, 0, 0, 0, 0, 0, 0, 0, 0, 0, 0, 0, 0, 0, 0, 0, 0]","[0.0, 0.0, 0.0, 0.0, 0.0, 0.0, 0.0, 0.0, 0.0, 0.0, 0.0, 0.0, 0.0, 0.0, 0.0, 0.0, 0.0, 0.0, 0.0, 0.0, 0.0, 0.0, 0.0, 0.0, 0.0, 0.0, 0.0, 0.0, 0.0, 0.0, 0.0, 0.0, 0.0, 0.0, 0.0, 0.0, 0.0, 0.0, 0.0, 0.0, 0.0, 0.0, 0.0, 0.0, 0.0, 0.0, 0.0, 0.0, 0.0, 0.0]",,,,,,,,,,
MovieLens-25M,gap,UCB,Ours,5,1000000,10,0.0,0.0,874967,125033,51695.845932463315,416671554,simulated,124983,injected samples,0.953771,1.0,78799,5131.555555555556,"[0, 0, 0, 0, 0, 0, 0, 0, 0, 874967]","[5126, 5126, 5101, 5151, 5126, 5151, 5151, 5126, 5126, 78799]","[4.0, 4.0, 3.0, 5.0, 4.0, 5.0, 5.0, 4.0, 4.0, 0.0]",0.0730419331545504,0.0,{},,,,,,,
MovieLens-25M,gap,UCB,Direct,5,1000000,10,0.0,0.0,884410,115590,51695.845932463315,1014613196,simulated,115540,injected samples,0.957076,1.0,72661,4764.333333333333,"[0, 0, 0, 0, 0, 0, 0, 0, 0, 884410]","[4759, 4759, 4735, 4783, 4759, 4783, 4783, 4759, 4759, 72661]","[4.0, 4.0, 3.0, 5.0, 4.0, 5.0, 5.0, 4.0, 4.0, 0.0]",0.08161878450749456,0.0,"{""search"": ""same grid; exact integer TS target envelope"", ""z_stages"": [[0.0, 1.0055705112905038, 4097.0, 115543.0, 332.0], [0.08126070293875898, 0.08175170416497504, 1025.0, 115540.0, 747.0], [0.08161840500395154, 0.08161936399072149, 1025.0, 115540.0, 406.0], [0.08161878429071114, 0.08161878616373218, 1025.0, 115540.0, 119.0], [0.08161878450654754, 0.0816187845102058, 1025.0, 115540.0, 266.0], [0.08161878450749425, 0.0816187845075014, 1025.0, 115540.0, 43.0]]}",,,,,,,
MovieLens-25M,gap,UCB,Two-phase,5,1000000,10,0.0,0.0,1000000,0,51695.845932463315,2940359359,infeasible,,scheduled corrupted rounds,,,0,0.0,,"[0, 0, 0, 0, 0, 0, 0, 0, 0, 0]","[0.0, 0.0, 0.0, 0.0, 0.0, 0.0, 0.0, 0.0, 0.0, 0.0]",,,,0,0,"{""C1"": null, ""C2"": null, ""K"": 10, ""T"": 1000000, ""feasible"": false, ""learner"": ""UCB"", ""learner_setting"": ""mean + sqrt(log(T)/N)"", ""mu"": 0.0, ""reason"": ""undefined at mu_K=0"", ""source"": ""https://proceedings.neurips.cc/paper_files/paper/2021/file/be315e7f05e9f13629031915fe87ad44-Supplemental.pdf"", ""source_section"": ""A.2"", ""target_feedback"": ""deterministic mu_K"", ""total"": null, ""version"": ""xu2021-original-settings-v1""}",,,,
MovieLens-25M,gap,TS,Ours,5,1000000,10,0.0,0.0,816988,183012,51695.845932463315,1316802831,simulated,182962,injected samples,0.937359,1.0,120366,6955.111111111111,"[0, 0, 0, 0, 0, 0, 0, 0, 0, 816988]","[6951, 6951, 6931, 6970, 6951, 6970, 6970, 6951, 6951, 120366]","[4.0, 4.0, 3.0, 5.0, 4.0, 5.0, 5.0, 4.0, 4.0, 0.0]",0.09962908312893154,0.0,{},,,,,,,
MovieLens-25M,gap,TS,Direct,5,1000000,10,0.0,0.0,836467,163533,51695.845932463315,1358220298,simulated,163483,injected samples,0.943541,1.0,107069,6268.222222222223,"[0, 0, 0, 0, 0, 0, 0, 0, 0, 836467]","[6264, 6264, 6245, 6283, 6264, 6283, 6283, 6264, 6264, 107069]","[4.0, 4.0, 3.0, 5.0, 4.0, 5.0, 5.0, 4.0, 4.0, 0.0]",0.10497143270604688,0.0,"{""search"": ""same grid; exact integer TS target envelope"", ""z_stages"": [[0.0, 0.9917340366815204, 4097.0, 163484.0, 434.0], [0.1048390717488033, 0.1053233168839017, 1025.0, 163483.0, 280.0], [0.10497100963229203, 0.10497195542357152, 1025.0, 163483.0, 459.0], [0.10497143265221977, 0.10497143449946836, 1025.0, 163483.0, 30.0], [0.10497143270453442, 0.10497143270814233, 1025.0, 163483.0, 430.0], [0.10497143270604593, 0.10497143270605298, 1025.0, 163483.0, 137.0]]}",,,,,,,
MovieLens-25M,gap,TS,Two-phase,5,1000000,10,0.0,0.0,1000000,0,51695.845932463315,3503414600,infeasible,,scheduled corrupted rounds,,,0,0.0,,"[0, 0, 0, 0, 0, 0, 0, 0, 0, 0]","[0.0, 0.0, 0.0, 0.0, 0.0, 0.0, 0.0, 0.0, 0.0, 0.0]",,,,0,0,"{""C1"": null, ""C2"": null, ""K"": 10, ""T"": 1000000, ""feasible"": false, ""learner"": ""TS"", ""learner_setting"": ""Beta(sum+1, N-sum+1)"", ""mu"": 0.0, ""reason"": ""undefined at mu_K=0"", ""source"": ""https://proceedings.neurips.cc/paper_files/paper/2021/file/be315e7f05e9f13629031915fe87ad44-Supplemental.pdf"", ""source_section"": ""A.4"", ""target_feedback"": ""Bernoulli(mu_K)"", ""total"": null, ""version"": ""xu2021-original-settings-v1""}",,,,
MovieLens-25M,gap,UCB,Ours,5,1000000,10,0.1,0.005169584593246332,880545,119455,51695.845932463315,1143644783,simulated,119405,injected samples,0.953921,1.0,73371,5114.888888888889,"[0, 0, 0, 0, 0, 0, 0, 0, 0, 880545]","[5109, 5109, 5084, 5135, 5109, 5135, 5135, 5109, 5109, 73371]","[4.0, 4.0, 3.0, 5.0, 4.0, 5.0, 5.0, 4.0, 4.0, 0.02584792296623166]",0.07317101828202233,0.005169584593246332,{},,,,,,,
MovieLens-25M,gap,UCB,Direct,5,1000000,10,0.1,0.005169584593246332,889006,110994,51695.845932463315,1099049246,simulated,110944,injected samples,0.95713,1.0,68119,4758.333333333333,"[0, 0, 0, 0, 0, 0, 0, 0, 0, 889006]","[4753, 4753, 4729, 4777, 4753, 4777, 4777, 4753, 4753, 68119]","[4.0, 4.0, 3.0, 5.0, 4.0, 5.0, 5.0, 4.0, 4.0, 0.02584792296623166]",0.0816706275460133,0.005169584593246332,"{""search"": ""same grid; exact integer TS target envelope"", ""z_stages"": [[0.0, 1.005570537139616, 4097.0, 110947.0, 332.0], [0.08126070502763987, 0.08175170626647757, 1025.0, 110944.0, 855.0], [0.08167019238893615, 0.08167115137573076, 1025.0, 110944.0, 465.0], [0.08167062692982746, 0.08167062880284855, 1025.0, 110944.0, 337.0], [0.08167062754441251, 0.08167062754807075, 1025.0, 110944.0, 449.0], [0.081670627546013, 0.08167062754602014, 1025.0, 110944.0, 43.0]]}",,,,,,,
MovieLens-25M,gap,UCB,Two-phase,5,1000000,10,0.1,0.005169584593246332,1000000,0,51695.845932463315,2943620155,infeasible,5196454,scheduled corrupted rounds,,,0,0.0,,"[0, 0, 0, 0, 0, 0, 0, 0, 0, 0]","[0.0, 0.0, 0.0, 0.0, 0.0, 0.0, 0.0, 0.0, 0.0, 0.0]",,,,5169590,26864,"{""C1"": 5169590, ""C2"": 26864, ""K"": 10, ""T"": 1000000, ""feasible"": false, ""learner"": ""UCB"", ""learner_setting"": ""mean + sqrt(log(T)/N)"", ""mu"": 0.005169584593246332, ""reason"": ""original budget reaches/exceeds T"", ""source"": ""https://proceedings.neurips.cc/paper_files/paper/2021/file/be315e7f05e9f13629031915fe87ad44-Supplemental.pdf"", ""source_section"": ""A.2"", ""target_feedback"": ""deterministic mu_K"", ""total"": 5196454, ""version"": ""xu2021-original-settings-v1""}",,,,
MovieLens-25M,gap,TS,Ours,5,1000000,10,0.1,0.005169584593246332,822760,177240,51695.845932463315,982222146,simulated,177190,injected samples,0.937563,1.0,114798,6932.444444444444,"[0, 0, 0, 0, 0, 0, 0, 0, 0, 822760]","[6928, 6928, 6908, 6948, 6928, 6948, 6948, 6928, 6928, 114798]","[4.0, 4.0, 3.0, 5.0, 4.0, 5.0, 5.0, 4.0, 4.0, 0.02584792296623166]",0.09978872306459799,0.005169584593246332,{},,,,,,,
MovieLens-25M,gap,TS,Direct,5,1000000,10,0.1,0.005169584593246332,840814,159186,51695.845932463315,1254243193,simulated,159136,injected samples,0.943604,1.0,102785,6261.222222222223,"[0, 0, 0, 0, 0, 0, 0, 0, 0, 840814]","[6257, 6257, 6238, 6276, 6257, 6276, 6276, 6257, 6257, 102785]","[4.0, 4.0, 3.0, 5.0, 4.0, 5.0, 5.0, 4.0, 4.0, 0.02584792296623166]",0.10503053530984027,0.005169584593246332,"{""search"": ""same grid; exact integer TS target envelope"", ""z_stages"": [[0.0, 0.9917340625306325, 4097.0, 159137.0, 434.0], [0.10483907448138766, 0.1053233196291077, 1025.0, 159136.0, 405.0], [0.10503012432482407, 0.10503107011612822, 1025.0, 159136.0, 445.0], [0.10503053441402235, 0.105030536261271, 1025.0, 159136.0, 497.0], [0.10503053530878341, 0.10503053531239133, 1025.0, 159136.0, 300.0], [0.1050305353098369, 0.10503053530984394, 1025.0, 159136.0, 490.0]]}",,,,,,,
MovieLens-25M,gap,TS,Two-phase,5,1000000,10,0.1,0.005169584593246332,1000000,0,51695.845932463315,1013137196,infeasible,2098502,scheduled corrupted rounds,,,0,0.0,,"[0, 0, 0, 0, 0, 0, 0, 0, 0, 0]","[0.0, 0.0, 0.0, 0.0, 0.0, 0.0, 0.0, 0.0, 0.0, 0.0]",,,,2067834,30668,"{""C1"": 2067834, ""C2"": 30668, ""K"": 10, ""T"": 1000000, ""beta"": 0.9545316954435116, ""feasible"": false, ""learner"": ""TS"", ""learner_setting"": ""Beta(sum+1, N-sum+1)"", ""mu"": 0.005169584593246332, ""n1"": 201972.97093474137, ""n2"": 211593.82906525867, ""n3"": 1.0496843132033238, ""promotion_term"": 21490.784001452565, ""reason"": ""original budget reaches/exceeds T"", ""source"": ""https://proceedings.neurips.cc/paper_files/paper/2021/file/be315e7f05e9f13629031915fe87ad44-Supplemental.pdf"", ""source_section"": ""A.4"", ""target_feedback"": ""Bernoulli(mu_K)"", ""total"": 2098502, ""version"": ""xu2021-original-settings-v1"", ""waiting_term"": 9176.919442654274}",,,,
MovieLens-25M,gap,UCB,Ours,5,1000000,10,0.2,0.010339169186492664,886119,113881,51695.845932463315,454145543,simulated,113831,injected samples,0.954068,1.0,67944,5098.555555555556,"[0, 0, 0, 0, 0, 0, 0, 0, 0, 886119]","[5093, 5093, 5068, 5118, 5093, 5118, 5118, 5093, 5093, 67944]","[4.0, 4.0, 3.0, 5.0, 4.0, 5.0, 5.0, 4.0, 4.0, 0.05169584593246332]",0.07330097671073152,0.010339169186492664,{},,,,,,,
MovieLens-25M,gap,UCB,Direct,5,1000000,10,0.2,0.010339169186492664,893649,106351,51695.845932463315,2242332015,simulated,106301,injected samples,0.956995,1.0,63341,4773.333333333333,"[0, 0, 0, 0, 0, 0, 0, 0, 0, 893649]","[4768, 4768, 4744, 4792, 4768, 4792, 4792, 4768, 4768, 63341]","[4.0, 4.0, 3.0, 5.0, 4.0, 5.0, 5.0, 4.0, 4.0, 0.05169584593246332]",0.0815412039349964,0.010339169186492664,"{""search"": ""same grid; exact integer TS target envelope"", ""z_stages"": [[0.0, 1.005570562988728, 4097.0, 106304.0, 332.0], [0.08126070711652074, 0.08175170836798008, 1025.0, 106301.0, 585.0], [0.08154073126774365, 0.0815416902545629, 1025.0, 106301.0, 505.0], [0.08154120326906875, 0.08154120514208989, 1025.0, 106301.0, 365.0], [0.08154120393486923, 0.08154120393852747, 1025.0, 106301.0, 36.0], [0.08154120393499427, 0.08154120393500142, 1025.0, 106301.0, 306.0]]}",,,,,,,
MovieLens-25M,gap,UCB,Two-phase,5,1000000,10,0.2,0.010339169186492664,1000000,0,51695.845932463315,4041444641,infeasible,1305902,scheduled corrupted rounds,,,0,0.0,,"[0, 0, 0, 0, 0, 0, 0, 0, 0, 0]","[0.0, 0.0, 0.0, 0.0, 0.0, 0.0, 0.0, 0.0, 0.0, 0.0]",,,,1292400,13502,"{""C1"": 1292400, ""C2"": 13502, ""K"": 10, ""T"": 1000000, ""feasible"": false, ""learner"": ""UCB"", ""learner_setting"": ""mean + sqrt(log(T)/N)"", ""mu"": 0.010339169186492664, ""reason"": ""original budget reaches/exceeds T"", ""source"": ""https://proceedings.neurips.cc/paper_files/paper/2021/file/be315e7f05e9f13629031915fe87ad44-Supplemental.pdf"", ""source_section"": ""A.2"", ""target_feedback"": ""deterministic mu_K"", ""total"": 1305902, ""version"": ""xu2021-original-settings-v1""}",,,,
MovieLens-25M,gap,TS,Ours,5,1000000,10,0.2,0.010339169186492664,828527,171473,51695.845932463315,1229441757,simulated,171423,injected samples,0.937761,1.0,109229,6910.444444444444,"[0, 0, 0, 0, 0, 0, 0, 0, 0, 828527]","[6906, 6906, 6886, 6926, 6906, 6926, 6926, 6906, 6906, 109229]","[4.0, 4.0, 3.0, 5.0, 4.0, 5.0, 5.0, 4.0, 4.0, 0.05169584593246332]",0.09994943050172297,0.010339169186492664,{},,,,,,,
MovieLens-25M,gap,TS,Direct,5,1000000,10,0.2,0.010339169186492664,845206,154794,51695.845932463315,1611977811,simulated,154744,injected samples,0.943595,1.0,98384,6262.222222222223,"[0, 0, 0, 0, 0, 0, 0, 0, 0, 845206]","[6258, 6258, 6239, 6277, 6258, 6277, 6277, 6258, 6258, 98384]","[4.0, 4.0, 3.0, 5.0, 4.0, 5.0, 5.0, 4.0, 4.0, 0.05169584593246332]",0.1050220859776921,0.010339169186492664,"{""search"": ""same grid; exact integer TS target envelope"", ""z_stages"": [[0.0, 0.9917340883797444, 4097.0, 154745.0, 434.0], [0.10483907721397201, 0.10532332237431367, 1025.0, 154744.0, 387.0], [0.10502161494042893, 0.10502256073175772, 1025.0, 154744.0, 510.0], [0.10502208506522029, 0.10502208691246898, 1025.0, 154744.0, 506.0], [0.10502208597621696, 0.10502208597982486, 1025.0, 154744.0, 419.0], [0.10502208597768971, 0.10502208597769676, 1025.0, 154744.0, 346.0]]}",,,,,,,
MovieLens-25M,gap,TS,Two-phase,5,1000000,10,0.2,0.010339169186492664,1000000,0,51695.845932463315,3968152679,simulated,539705,scheduled corrupted rounds,0.534806,0.534806,0,0.0,"[51683, 51669, 51804, 51743, 51660, 51681, 51548, 51753, 51653, 534806]","[0, 0, 0, 0, 0, 0, 0, 0, 0, 0]","[0.0, 0.0, 0.0, 0.0, 0.0, 0.0, 0.0, 0.0, 0.0, 0.0]",,,,516959,22746,"{""C1"": 516959, ""C2"": 22746, ""K"": 10, ""T"": 1000000, ""beta"": 0.9110860762152083, ""feasible"": true, ""learner"": ""TS"", ""learner_setting"": ""Beta(sum+1, N-sum+1)"", ""mu"": 0.010339169186492664, ""n1"": 49290.684304214476, ""n2"": 54101.115695785535, ""n3"": 1.0997390623339454, ""promotion_term"": 10801.53199371647, ""reason"": """", ""source"": ""https://proceedings.neurips.cc/paper_files/paper/2021/file/be315e7f05e9f13629031915fe87ad44-Supplemental.pdf"", ""source_section"": ""A.4"", ""target_feedback"": ""Bernoulli(mu_K)"", ""total"": 539705, ""version"": ""xu2021-original-settings-v1"", ""waiting_term"": 11943.844471723236}","[51681, 51669, 51804, 51742, 51659, 51681, 51548, 51752, 51653, 51770]","[2, 0, 0, 1, 1, 0, 0, 1, 0, 22741]","[0, 0, 0, 0, 0, 0, 0, 0, 0, 460295]",1.0
MovieLens-25M,gap,UCB,Ours,5,1000000,10,0.3,0.015508753779738994,891701,108299,51695.845932463315,3631675304,simulated,108249,injected samples,0.954221,1.0,62515,5081.555555555556,"[0, 0, 0, 0, 0, 0, 0, 0, 0, 891701]","[5076, 5076, 5051, 5101, 5076, 5101, 5101, 5076, 5076, 62515]","[4.0, 4.0, 3.0, 5.0, 4.0, 5.0, 5.0, 4.0, 4.0, 0.07754376889869496]",0.07343182331967454,0.015508753779738994,{},,,,,,,
MovieLens-25M,gap,UCB,Direct,5,1000000,10,0.3,0.015508753779738994,898342,101658,51695.845932463315,3599012612,simulated,101608,injected samples,0.957013,1.0,58666,4771.333333333333,"[0, 0, 0, 0, 0, 0, 0, 0, 0, 898342]","[4766, 4766, 4742, 4790, 4766, 4790, 4790, 4766, 4766, 58666]","[4.0, 4.0, 3.0, 5.0, 4.0, 5.0, 5.0, 4.0, 4.0, 0.07754376889869496]",0.08155842502566507,0.015508753779738994,"{""search"": ""same grid; exact integer TS target envelope"", ""z_stages"": [[0.0, 1.00557058883784, 4097.0, 101611.0, 332.0], [0.08126070920540161, 0.08175171046948258, 1025.0, 101608.0, 621.0], [0.08155799512701314, 0.08155895411385705, 1025.0, 101608.0, 460.0], [0.08155842498537384, 0.08155842685839503, 1025.0, 101608.0, 23.0], [0.08155842502561453, 0.08155842502927278, 1025.0, 101608.0, 15.0], [0.08155842502566454, 0.08155842502567169, 1025.0, 101608.0, 75.0]]}",,,,,,,
MovieLens-25M,gap,UCB,Two-phase,5,1000000,10,0.3,0.015508753779738994,1000000,0,51695.845932463315,304230424,simulated,583449,scheduled corrupted rounds,0.483031,0.483031,0,0.0,"[57441, 57441, 57441, 57441, 57441, 57441, 57441, 57441, 57441, 483031]","[0, 0, 0, 0, 0, 0, 0, 0, 0, 0]","[0.0, 0.0, 0.0, 0.0, 0.0, 0.0, 0.0, 0.0, 0.0, 0.0]",,,,574400,9049,"{""C1"": 574400, ""C2"": 9049, ""K"": 10, ""T"": 1000000, ""feasible"": true, ""learner"": ""UCB"", ""learner_setting"": ""mean + sqrt(log(T)/N)"", ""mu"": 0.015508753779738994, ""reason"": """", ""source"": ""https://proceedings.neurips.cc/paper_files/paper/2021/file/be315e7f05e9f13629031915fe87ad44-Supplemental.pdf"", ""source_section"": ""A.2"", ""target_feedback"": ""deterministic mu_K"", ""total"": 583449, ""version"": ""xu2021-original-settings-v1""}","[57440, 57440, 57440, 57440, 57440, 57440, 57440, 57440, 57440, 57440]","[1, 1, 1, 1, 1, 1, 1, 1, 1, 9040]","[0, 0, 0, 0, 0, 0, 0, 0, 0, 416551]",1.0
MovieLens-25M,gap,TS,Ours,5,1000000,10,0.3,0.015508753779738994,834294,165706,51695.845932463315,789562653,simulated,165656,injected samples,0.937959,1.0,103660,6888.444444444444,"[0, 0, 0, 0, 0, 0, 0, 0, 0, 834294]","[6884, 6884, 6864, 6904, 6884, 6904, 6904, 6884, 6884, 103660]","[4.0, 4.0, 3.0, 5.0, 4.0, 5.0, 5.0, 4.0, 4.0, 0.07754376889869496]",0.10011121775990112,0.015508753779738994,{},,,,,,,
MovieLens-25M,gap,TS,Direct,5,1000000,10,0.3,0.015508753779738994,849644,150356,51695.845932463315,2693676727,simulated,150306,injected samples,0.943595,1.0,93946,6262.222222222223,"[0, 0, 0, 0, 0, 0, 0, 0, 0, 849644]","[6258, 6258, 6239, 6277, 6258, 6277, 6277, 6258, 6258, 93946]","[4.0, 4.0, 3.0, 5.0, 4.0, 5.0, 5.0, 4.0, 4.0, 0.07754376889869496]",0.1050220859776921,0.015508753779738994,"{""search"": ""same grid; exact integer TS target envelope"", ""z_stages"": [[0.0, 0.9917341142288565, 4097.0, 150307.0, 434.0], [0.10483907994655636, 0.10532332511951967, 1025.0, 150306.0, 387.0], [0.10502161767777105, 0.10502256346912449, 1025.0, 150306.0, 508.0], [0.10502208595532593, 0.10502208780257466, 1025.0, 150306.0, 13.0], [0.10502208597697338, 0.10502208598058128, 1025.0, 150306.0, 204.0], [0.10502208597768861, 0.10502208597769566, 1025.0, 150306.0, 505.0]]}",,,,,,,
MovieLens-25M,gap,TS,Two-phase,5,1000000,10,0.3,0.015508753779738994,1000000,0,51695.845932463315,2250292250,simulated,252629,scheduled corrupted rounds,0.793107,0.793107,0,0.0,"[23055, 22974, 22950, 22913, 22971, 22977, 22984, 23071, 22998, 793107]","[0, 0, 0, 0, 0, 0, 0, 0, 0, 0]","[0.0, 0.0, 0.0, 0.0, 0.0, 0.0, 0.0, 0.0, 0.0, 0.0]",,,,229760,22869,"{""C1"": 229760, ""C2"": 22869, ""K"": 10, ""T"": 1000000, ""beta"": 0.8695323470156004, ""feasible"": true, ""learner"": ""TS"", ""learner_setting"": ""Beta(sum+1, N-sum+1)"", ""mu"": 0.015508753779738994, ""n1"": 21372.5213186025, ""n2"": 24579.4786813975, ""n3"": 1.1522940470257748, ""promotion_term"": 7238.848048905075, ""reason"": """", ""source"": ""https://proceedings.neurips.cc/paper_files/paper/2021/file/be315e7f05e9f13629031915fe87ad44-Supplemental.pdf"", ""source_section"": ""A.4"", ""target_feedback"": ""Bernoulli(mu_K)"", ""total"": 252629, ""version"": ""xu2021-original-settings-v1"", ""waiting_term"": 15629.872243122792}","[23052, 22971, 22947, 22909, 22970, 22972, 22982, 23068, 22996, 22893]","[3, 3, 3, 4, 1, 5, 2, 3, 2, 22843]","[0, 0, 0, 0, 0, 0, 0, 0, 0, 747371]",1.0
MovieLens-25M,gap,UCB,Ours,5,1000000,10,0.4,0.020678338372985328,897283,102717,51695.845932463315,2981696061,simulated,102667,injected samples,0.954374,1.0,57086,5064.555555555556,"[0, 0, 0, 0, 0, 0, 0, 0, 0, 897283]","[5059, 5059, 5034, 5084, 5059, 5084, 5084, 5059, 5059, 57086]","[4.0, 4.0, 3.0, 5.0, 4.0, 5.0, 5.0, 4.0, 4.0, 0.10339169186492664]",0.07356356255124319,0.020678338372985328,{},,,,,,,
MovieLens-25M,gap,UCB,Direct,5,1000000,10,0.4,0.020678338372985328,903084,96916,51695.845932463315,187681625,simulated,96866,injected samples,0.956995,1.0,53906,4773.333333333333,"[0, 0, 0, 0, 0, 0, 0, 0, 0, 903084]","[4768, 4768, 4744, 4792, 4768, 4792, 4792, 4768, 4768, 53906]","[4.0, 4.0, 3.0, 5.0, 4.0, 5.0, 5.0, 4.0, 4.0, 0.10339169186492664]",0.0815412039349964,0.020678338372985328,"{""search"": ""same grid; exact integer TS target envelope"", ""z_stages"": [[0.0, 1.0055706146869519, 4097.0, 96869.0, 332.0], [0.08126071129428249, 0.0817517125709851, 1025.0, 96866.0, 585.0], [0.08154073545990194, 0.08154169444677051, 1025.0, 96866.0, 501.0], [0.08154120371520886, 0.08154120558823008, 1025.0, 96866.0, 121.0], [0.08154120393470353, 0.08154120393836177, 1025.0, 96866.0, 82.0], [0.0815412039349929, 0.08154120393500004, 1025.0, 96866.0, 503.0]]}",,,,,,,
MovieLens-25M,gap,UCB,Two-phase,5,1000000,10,0.4,0.020678338372985328,1000000,0,51695.845932463315,3723262496,simulated,329923,scheduled corrupted rounds,0.709201,0.709201,0,0.0,"[32311, 32311, 32311, 32311, 32311, 32311, 32311, 32311, 32311, 709201]","[0, 0, 0, 0, 0, 0, 0, 0, 0, 0]","[0.0, 0.0, 0.0, 0.0, 0.0, 0.0, 0.0, 0.0, 0.0, 0.0]",,,,323100,6823,"{""C1"": 323100, ""C2"": 6823, ""K"": 10, ""T"": 1000000, ""feasible"": true, ""learner"": ""UCB"", ""learner_setting"": ""mean + sqrt(log(T)/N)"", ""mu"": 0.020678338372985328, ""reason"": """", ""source"": ""https://proceedings.neurips.cc/paper_files/paper/2021/file/be315e7f05e9f13629031915fe87ad44-Supplemental.pdf"", ""source_section"": ""A.2"", ""target_feedback"": ""deterministic mu_K"", ""total"": 329923, ""version"": ""xu2021-original-settings-v1""}","[32310, 32310, 32310, 32310, 32310, 32310, 32310, 32310, 32310, 32310]","[1, 1, 1, 1, 1, 1, 1, 1, 1, 6814]","[0, 0, 0, 0, 0, 0, 0, 0, 0, 670077]",1.0
MovieLens-25M,gap,TS,Ours,5,1000000,10,0.4,0.020678338372985328,840063,159937,51695.845932463315,1556240227,simulated,159887,injected samples,0.938157,1.0,98089,6866.444444444444,"[0, 0, 0, 0, 0, 0, 0, 0, 0, 840063]","[6862, 6862, 6842, 6882, 6862, 6882, 6882, 6862, 6862, 98089]","[4.0, 4.0, 3.0, 5.0, 4.0, 5.0, 5.0, 4.0, 4.0, 0.10339169186492664]",0.10027409723483299,0.020678338372985328,{},,,,,,,
MovieLens-25M,gap,TS,Direct,5,1000000,10,0.4,0.020678338372985328,854129,145871,51695.845932463315,2145825033,simulated,145821,injected samples,0.943541,1.0,89407,6268.222222222223,"[0, 0, 0, 0, 0, 0, 0, 0, 0, 854129]","[6264, 6264, 6245, 6283, 6264, 6283, 6283, 6264, 6264, 89407]","[4.0, 4.0, 3.0, 5.0, 4.0, 5.0, 5.0, 4.0, 4.0, 0.10339169186492664]",0.10497143270604688,0.020678338372985328,"{""search"": ""same grid; exact integer TS target envelope"", ""z_stages"": [[0.0, 0.9917341400779685, 4097.0, 145822.0, 434.0], [0.1048390826791407, 0.10532332786472565, 1025.0, 145821.0, 280.0], [0.10497102057638504, 0.10497196636776314, 1025.0, 145821.0, 447.0], [0.10497143251286417, 0.10497143436011296, 1025.0, 145821.0, 108.0], [0.10497143270588724, 0.10497143270949515, 1025.0, 145821.0, 46.0], [0.1049714327060458, 0.10497143270605284, 1025.0, 145821.0, 157.0]]}",,,,,,,
MovieLens-25M,gap,TS,Two-phase,5,1000000,10,0.4,0.020678338372985328,1000000,0,51695.845932463315,1314819950,simulated,155270,scheduled corrupted rounds,0.883714,0.883714,0,0.0,"[12947, 12926, 12828, 12968, 12916, 12874, 12945, 12946, 12936, 883714]","[0, 0, 0, 0, 0, 0, 0, 0, 0, 0]","[0.0, 0.0, 0.0, 0.0, 0.0, 0.0, 0.0, 0.0, 0.0, 0.0]",,,,129240,26030,"{""C1"": 129240, ""C2"": 26030, ""K"": 10, ""T"": 1000000, ""beta"": 0.8297505246489114, ""feasible"": true, ""learner"": ""TS"", ""learner_setting"": ""Beta(sum+1, N-sum+1)"", ""mu"": 0.020678338372985328, ""n1"": 11721.390988951873, ""n2"": 14126.609011048127, ""n3"": 1.2075399983463464, ""promotion_term"": 5457.795035156615, ""reason"": """", ""source"": ""https://proceedings.neurips.cc/paper_files/paper/2021/file/be315e7f05e9f13629031915fe87ad44-Supplemental.pdf"", ""source_section"": ""A.4"", ""target_feedback"": ""Bernoulli(mu_K)"", ""total"": 155270, ""version"": ""xu2021-original-settings-v1"", ""waiting_term"": 20571.576084349912}","[12944, 12926, 12826, 12968, 12915, 12870, 12945, 12946, 12936, 12964]","[3, 0, 2, 0, 1, 4, 0, 0, 0, 26020]","[0, 0, 0, 0, 0, 0, 0, 0, 0, 844730]",1.0
MovieLens-25M,gap,UCB,Ours,5,1000000,10,0.5,0.025847922966231656,902856,97144,51695.845932463315,1604589521,simulated,97094,injected samples,0.954518,1.0,51657,5048.555555555556,"[0, 0, 0, 0, 0, 0, 0, 0, 0, 902856]","[5043, 5043, 5018, 5068, 5043, 5068, 5068, 5043, 5043, 51657]","[4.0, 4.0, 3.0, 5.0, 4.0, 5.0, 5.0, 4.0, 4.0, 0.12923961483115828]",0.07369621008606314,0.025847922966231656,{},,,,,,,
MovieLens-25M,gap,UCB,Direct,5,1000000,10,0.5,0.025847922966231656,907877,92123,51695.845932463315,2893303047,simulated,92073,injected samples,0.95713,1.0,49248,4758.333333333333,"[0, 0, 0, 0, 0, 0, 0, 0, 0, 907877]","[4753, 4753, 4729, 4777, 4753, 4777, 4777, 4753, 4753, 49248]","[4.0, 4.0, 3.0, 5.0, 4.0, 5.0, 5.0, 4.0, 4.0, 0.12923961483115828]",0.0816706275460133,0.025847922966231656,"{""search"": ""same grid; exact integer TS target envelope"", ""z_stages"": [[0.0, 1.005570640536064, 4097.0, 92076.0, 332.0], [0.08126071338316337, 0.08175171467248762, 1025.0, 92073.0, 855.0], [0.08167020078656466, 0.08167115977345786, 1025.0, 92073.0, 456.0], [0.0816706268989049, 0.08167062877192617, 1025.0, 92073.0, 354.0], [0.08167062754458508, 0.08167062754824334, 1025.0, 92073.0, 400.0], [0.08167062754601051, 0.08167062754601766, 1025.0, 92073.0, 399.0]]}",,,,,,,
MovieLens-25M,gap,UCB,Two-phase,5,1000000,10,0.5,0.025847922966231656,1000000,0,51695.845932463315,2552390381,simulated,212277,scheduled corrupted rounds,0.81388,0.81388,0,0.0,"[20680, 20680, 20680, 20680, 20680, 20680, 20680, 20680, 20680, 813880]","[0, 0, 0, 0, 0, 0, 0, 0, 0, 0]","[0.0, 0.0, 0.0, 0.0, 0.0, 0.0, 0.0, 0.0, 0.0, 0.0]",,,,206790,5487,"{""C1"": 206790, ""C2"": 5487, ""K"": 10, ""T"": 1000000, ""feasible"": true, ""learner"": ""UCB"", ""learner_setting"": ""mean + sqrt(log(T)/N)"", ""mu"": 0.025847922966231656, ""reason"": """", ""source"": ""https://proceedings.neurips.cc/paper_files/paper/2021/file/be315e7f05e9f13629031915fe87ad44-Supplemental.pdf"", ""source_section"": ""A.2"", ""target_feedback"": ""deterministic mu_K"", ""total"": 212277, ""version"": ""xu2021-original-settings-v1""}","[20679, 20679, 20679, 20679, 20679, 20679, 20679, 20679, 20679, 20679]","[1, 1, 1, 1, 1, 1, 1, 1, 1, 5478]","[0, 0, 0, 0, 0, 0, 0, 0, 0, 787723]",1.0
MovieLens-25M,gap,TS,Ours,5,1000000,10,0.5,0.025847922966231656,845835,154165,51695.845932463315,3790969485,simulated,154115,injected samples,0.938358,1.0,92518,6844.111111111111,"[0, 0, 0, 0, 0, 0, 0, 0, 0, 845835]","[6840, 6840, 6820, 6859, 6840, 6859, 6859, 6840, 6840, 92518]","[4.0, 4.0, 3.0, 5.0, 4.0, 5.0, 5.0, 4.0, 4.0, 0.12923961483115828]",0.10043808188512762,0.025847922966231656,{},,,,,,,
MovieLens-25M,gap,TS,Direct,5,1000000,10,0.5,0.025847922966231656,858662,141338,51695.845932463315,1030670628,simulated,141288,injected samples,0.943595,1.0,84928,6262.222222222223,"[0, 0, 0, 0, 0, 0, 0, 0, 0, 858662]","[6258, 6258, 6239, 6277, 6258, 6277, 6277, 6258, 6258, 84928]","[4.0, 4.0, 3.0, 5.0, 4.0, 5.0, 5.0, 4.0, 4.0, 0.12923961483115828]",0.1050220859776921,0.025847922966231656,"{""search"": ""same grid; exact integer TS target envelope"", ""z_stages"": [[0.0, 0.9917341659270805, 4097.0, 141289.0, 434.0], [0.10483908541172507, 0.10532333060993165, 1025.0, 141288.0, 387.0], [0.10502162315245528, 0.10502256894385803, 1025.0, 141288.0, 502.0], [0.10502208588828807, 0.10502208773553691, 1025.0, 141288.0, 50.0], [0.1050220859766818, 0.10502208598028973, 1025.0, 141288.0, 287.0], [0.10502208597768949, 0.10502208597769654, 1025.0, 141288.0, 378.0]]}",,,,,,,
MovieLens-25M,gap,TS,Two-phase,5,1000000,10,0.5,0.025847922966231656,1000000,0,51695.845932463315,608144880,simulated,114345,scheduled corrupted rounds,0.925578,0.925578,0,0.0,"[8206, 8358, 8262, 8269, 8335, 8232, 8227, 8330, 8203, 925578]","[0, 0, 0, 0, 0, 0, 0, 0, 0, 0]","[0.0, 0.0, 0.0, 0.0, 0.0, 0.0, 0.0, 0.0, 0.0, 0.0]",,,,82714,31631,"{""C1"": 82714, ""C2"": 31631, ""K"": 10, ""T"": 1000000, ""beta"": 0.7916312468634676, ""feasible"": true, ""learner"": ""TS"", ""learner_setting"": ""Beta(sum+1, N-sum+1)"", ""mu"": 0.025847922966231656, ""n1"": 7309.3104648547105, ""n2"": 9233.48953514529, ""n3"": 1.2656864558243412, ""promotion_term"": 4389.427791888336, ""reason"": """", ""source"": ""https://proceedings.neurips.cc/paper_files/paper/2021/file/be315e7f05e9f13629031915fe87ad44-Supplemental.pdf"", ""source_section"": ""A.4"", ""target_feedback"": ""Bernoulli(mu_K)"", ""total"": 114345, ""version"": ""xu2021-original-settings-v1"", ""waiting_term"": 27241.08315291435}","[8205, 8358, 8261, 8269, 8334, 8228, 8227, 8329, 8201, 8302]","[1, 0, 1, 0, 1, 4, 0, 1, 2, 31621]","[0, 0, 0, 0, 0, 0, 0, 0, 0, 885655]",1.0
MovieLens-25M,gap,UCB,Ours,5,1000000,10,0.75,0.03877188444934749,916813,83187,51695.845932463315,2001323580,simulated,83137,injected samples,0.954899,1.0,38081,5006.222222222223,"[0, 0, 0, 0, 0, 0, 0, 0, 0, 916813]","[5001, 5001, 4976, 5025, 5001, 5025, 5025, 5001, 5001, 38081]","[4.0, 4.0, 3.0, 5.0, 4.0, 5.0, 5.0, 4.0, 4.0, 0.19385942224673744]",0.07403186328600883,0.03877188444934749,{},,,,,,,
MovieLens-25M,gap,UCB,Direct,5,1000000,10,0.75,0.03877188444934749,920083,79917,51695.845932463315,858867466,simulated,79867,injected samples,0.956995,1.0,36907,4773.333333333333,"[0, 0, 0, 0, 0, 0, 0, 0, 0, 920083]","[4768, 4768, 4744, 4792, 4768, 4792, 4792, 4768, 4768, 36907]","[4.0, 4.0, 3.0, 5.0, 4.0, 5.0, 5.0, 4.0, 4.0, 0.19385942224673744]",0.0815412039349964,0.03877188444934749,"{""search"": ""same grid; exact integer TS target envelope"", ""z_stages"": [[0.0, 1.005570705158844, 4097.0, 79870.0, 332.0], [0.08126071860536557, 0.08175171992624392, 1025.0, 79867.0, 585.0], [0.081540742796179, 0.08154170178313384, 1025.0, 79867.0, 493.0], [0.08154120355944246, 0.08154120543246385, 1025.0, 79867.0, 206.0], [0.08154120393441255, 0.08154120393807081, 1025.0, 79867.0, 164.0], [0.08154120393499488, 0.08154120393500201, 1025.0, 79867.0, 219.0]]}",,,,,,,
MovieLens-25M,gap,UCB,Two-phase,5,1000000,10,0.75,0.03877188444934749,1000000,0,51695.845932463315,1158118564,simulated,95618,scheduled corrupted rounds,0.917272,0.917272,0,0.0,"[9192, 9192, 9192, 9192, 9192, 9192, 9192, 9192, 9192, 917272]","[0, 0, 0, 0, 0, 0, 0, 0, 0, 0]","[0.0, 0.0, 0.0, 0.0, 0.0, 0.0, 0.0, 0.0, 0.0, 0.0]",,,,91910,3708,"{""C1"": 91910, ""C2"": 3708, ""K"": 10, ""T"": 1000000, ""feasible"": true, ""learner"": ""UCB"", ""learner_setting"": ""mean + sqrt(log(T)/N)"", ""mu"": 0.03877188444934749, ""reason"": """", ""source"": ""https://proceedings.neurips.cc/paper_files/paper/2021/file/be315e7f05e9f13629031915fe87ad44-Supplemental.pdf"", ""source_section"": ""A.2"", ""target_feedback"": ""deterministic mu_K"", ""total"": 95618, ""version"": ""xu2021-original-settings-v1""}","[9191, 9191, 9191, 9191, 9191, 9191, 9191, 9191, 9191, 9191]","[1, 1, 1, 1, 1, 1, 1, 1, 1, 3699]","[0, 0, 0, 0, 0, 0, 0, 0, 0, 904382]",1.0
MovieLens-25M,gap,TS,Ours,5,1000000,10,0.75,0.03877188444934749,860270,139730,51695.845932463315,3331470555,simulated,139680,injected samples,0.938862,1.0,78587,6788.111111111111,"[0, 0, 0, 0, 0, 0, 0, 0, 0, 860270]","[6784, 6784, 6764, 6803, 6784, 6803, 6803, 6784, 6784, 78587]","[4.0, 4.0, 3.0, 5.0, 4.0, 5.0, 5.0, 4.0, 4.0, 0.19385942224673744]",0.1008529736977529,0.03877188444934749,{},,,,,,,
MovieLens-25M,gap,TS,Direct,5,1000000,10,0.75,0.03877188444934749,870207,129793,51695.845932463315,3152257459,simulated,129743,injected samples,0.943595,1.0,73383,6262.222222222223,"[0, 0, 0, 0, 0, 0, 0, 0, 0, 870207]","[6258, 6258, 6239, 6277, 6258, 6277, 6277, 6258, 6258, 73383]","[4.0, 4.0, 3.0, 5.0, 4.0, 5.0, 5.0, 4.0, 4.0, 0.19385942224673744]",0.1050220859776921,0.03877188444934749,"{""search"": ""same grid; exact integer TS target envelope"", ""z_stages"": [[0.0, 0.9917342305498605, 4097.0, 129744.0, 434.0], [0.10483909224318594, 0.10532333747294662, 1025.0, 129743.0, 387.0], [0.10502162999581056, 0.10502257578727495, 1025.0, 129743.0, 494.0], [0.10502208534267769, 0.10502208718992664, 1025.0, 129743.0, 353.0], [0.10502208597766952, 0.10502208598127742, 1025.0, 129743.0, 7.0], [0.10502208597769065, 0.1050220859776977, 1025.0, 129743.0, 209.0]]}",,,,,,,
MovieLens-25M,gap,TS,Two-phase,5,1000000,10,0.75,0.03877188444934749,1000000,0,51695.845932463315,760821402,simulated,96319,scheduled corrupted rounds,0.966956,0.966956,0,0.0,"[3616, 3634, 3675, 3682, 3722, 3669, 3668, 3693, 3685, 966956]","[0, 0, 0, 0, 0, 0, 0, 0, 0, 0]","[0.0, 0.0, 0.0, 0.0, 0.0, 0.0, 0.0, 0.0, 0.0, 0.0]",,,,36762,59557,"{""C1"": 36762, ""C2"": 59557, ""K"": 10, ""T"": 1000000, ""beta"": 0.7029612790013512, ""feasible"": true, ""learner"": ""TS"", ""learner_setting"": ""Beta(sum+1, N-sum+1)"", ""mu"": 0.03877188444934749, ""n1"": 3034.8050379860897, ""n2"": 4317.59496201391, ""n3"": 1.4253373223996604, ""promotion_term"": 2965.6477855111257, ""reason"": """", ""source"": ""https://proceedings.neurips.cc/paper_files/paper/2021/file/be315e7f05e9f13629031915fe87ad44-Supplemental.pdf"", ""source_section"": ""A.4"", ""target_feedback"": ""Bernoulli(mu_K)"", ""total"": 96319, ""version"": ""xu2021-original-settings-v1"", ""waiting_term"": 56590.68151852219}","[3616, 3633, 3675, 3681, 3721, 3669, 3667, 3691, 3684, 3725]","[0, 1, 0, 1, 1, 0, 1, 2, 1, 59550]","[0, 0, 0, 0, 0, 0, 0, 0, 0, 903681]",1.0
MovieLens-25M,gap,UCB,Ours,5,1000000,10,1.0,0.05169584593246331,930777,69223,51695.845932463315,3413720988,simulated,69173,injected samples,0.955283,1.0,24501,4963.555555555556,"[0, 0, 0, 0, 0, 0, 0, 0, 0, 930777]","[4958, 4958, 4933, 4983, 4958, 4983, 4983, 4958, 4958, 24501]","[4.0, 4.0, 3.0, 5.0, 4.0, 5.0, 5.0, 4.0, 4.0, 0.25847922966231657]",0.07437343329661833,0.05169584593246331,{},,,,,,,
MovieLens-25M,gap,UCB,Direct,5,1000000,10,1.0,0.05169584593246331,932623,67377,51695.845932463315,208652403,simulated,67327,injected samples,0.957103,1.0,24475,4761.333333333333,"[0, 0, 0, 0, 0, 0, 0, 0, 0, 932623]","[4756, 4756, 4732, 4780, 4756, 4780, 4780, 4756, 4756, 24475]","[4.0, 4.0, 3.0, 5.0, 4.0, 5.0, 5.0, 4.0, 4.0, 0.25847922966231657]",0.08164469373526631,0.05169584593246331,"{""search"": ""same grid; exact integer TS target envelope"", ""z_stages"": [[0.0, 1.005570769781624, 4097.0, 67330.0, 332.0], [0.08126072382756777, 0.08175172518000019, 1025.0, 67327.0, 801.0], [0.0816443186341556, 0.08164527762117207, 1025.0, 67327.0, 401.0], [0.08164469323845891, 0.08164469511148043, 1025.0, 67327.0, 272.0], [0.08164469373415113, 0.08164469373780937, 1025.0, 67327.0, 313.0], [0.08164469373526576, 0.0816446937352729, 1025.0, 67327.0, 79.0]]}",,,,,,,
MovieLens-25M,gap,UCB,Two-phase,5,1000000,10,1.0,0.05169584593246331,1000000,0,51695.845932463315,2568681061,simulated,54519,scheduled corrupted rounds,0.953461,0.953461,0,0.0,"[5171, 5171, 5171, 5171, 5171, 5171, 5171, 5171, 5171, 953461]","[0, 0, 0, 0, 0, 0, 0, 0, 0, 0]","[0.0, 0.0, 0.0, 0.0, 0.0, 0.0, 0.0, 0.0, 0.0, 0.0]",,,,51700,2819,"{""C1"": 51700, ""C2"": 2819, ""K"": 10, ""T"": 1000000, ""feasible"": true, ""learner"": ""UCB"", ""learner_setting"": ""mean + sqrt(log(T)/N)"", ""mu"": 0.05169584593246331, ""reason"": """", ""source"": ""https://proceedings.neurips.cc/paper_files/paper/2021/file/be315e7f05e9f13629031915fe87ad44-Supplemental.pdf"", ""source_section"": ""A.2"", ""target_feedback"": ""deterministic mu_K"", ""total"": 54519, ""version"": ""xu2021-original-settings-v1""}","[5170, 5170, 5170, 5170, 5170, 5170, 5170, 5170, 5170, 5170]","[1, 1, 1, 1, 1, 1, 1, 1, 1, 2810]","[0, 0, 0, 0, 0, 0, 0, 0, 0, 945481]",1.0
MovieLens-25M,gap,TS,Ours,5,1000000,10,1.0,0.05169584593246331,874709,125291,51695.845932463315,2488471690,simulated,125241,injected samples,0.939366,1.0,64652,6732.111111111111,"[0, 0, 0, 0, 0, 0, 0, 0, 0, 874709]","[6728, 6728, 6708, 6747, 6728, 6747, 6747, 6728, 6728, 64652]","[4.0, 4.0, 3.0, 5.0, 4.0, 5.0, 5.0, 4.0, 4.0, 0.25847922966231657]",0.10127507649985956,0.05169584593246331,{},,,,,,,
MovieLens-25M,gap,TS,Direct,5,1000000,10,1.0,0.05169584593246331,882067,117933,51695.845932463315,3305478862,simulated,117883,injected samples,0.943676,1.0,61604,6253.222222222223,"[0, 0, 0, 0, 0, 0, 0, 0, 0, 882067]","[6249, 6249, 6230, 6268, 6249, 6268, 6268, 6249, 6249, 61604]","[4.0, 4.0, 3.0, 5.0, 4.0, 5.0, 5.0, 4.0, 4.0, 0.25847922966231657]",0.10509820335059326,0.05169584593246331,"{""search"": ""same grid; exact integer TS target envelope"", ""z_stages"": [[0.0, 0.9917342951726407, 4097.0, 117884.0, 434.0], [0.10483909907464682, 0.10532334433596159, 1025.0, 117883.0, 548.0], [0.1050977730570093, 0.1050987188485353, 1025.0, 117883.0, 466.0], [0.10509820254241906, 0.10509820438966813, 1025.0, 117883.0, 449.0], [0.10509820335059053, 0.10509820335419844, 1025.0, 117883.0, 1.0], [0.10509820335059053, 0.10509820335059758, 1025.0, 117883.0, 397.0]]}",,,,,,,
MovieLens-25M,gap,TS,Two-phase,5,1000000,10,1.0,0.05169584593246331,1000000,0,51695.845932463315,1154711724,simulated,146125,scheduled corrupted rounds,0.981381,0.981381,0,0.0,"[2086, 2093, 2056, 2060, 2045, 2069, 2097, 2067, 2046, 981381]","[0, 0, 0, 0, 0, 0, 0, 0, 0, 0]","[0.0, 0.0, 0.0, 0.0, 0.0, 0.0, 0.0, 0.0, 0.0, 0.0]",,,,20679,125446,"{""C1"": 20679, ""C2"": 125446, ""K"": 10, ""T"": 1000000, ""beta"": 0.6226981130941249, ""feasible"": true, ""learner"": ""TS"", ""learner_setting"": ""Beta(sum+1, N-sum+1)"", ""mu"": 0.05169584593246331, ""n1"": 1586.8494167025717, ""n2"": 2548.9505832974282, ""n3"": 1.6090573041626903, ""promotion_term"": 2254.589718819844, ""reason"": """", ""source"": ""https://proceedings.neurips.cc/paper_files/paper/2021/file/be315e7f05e9f13629031915fe87ad44-Supplemental.pdf"", ""source_section"": ""A.4"", ""target_feedback"": ""Bernoulli(mu_K)"", ""total"": 146125, ""version"": ""xu2021-original-settings-v1"", ""waiting_term"": 123191.31273692497}","[2084, 2091, 2055, 2059, 2044, 2069, 2097, 2066, 2045, 2069]","[2, 2, 1, 1, 1, 0, 0, 1, 1, 125437]","[0, 0, 0, 0, 0, 0, 0, 0, 0, 853875]",1.0
MovieLens-25M,gap,UCB,Ours,5,1000000,10,1.5,0.07754376889869498,958584,41416,51695.845932463315,3229636527,simulated,41366,injected samples,0.958591,1.0,2,4596.0,"[0, 0, 0, 0, 0, 0, 0, 0, 0, 958584]","[4591, 4591, 4567, 4614, 4591, 4614, 4614, 4591, 4591, 2]","[4.0, 4.0, 3.0, 5.0, 4.0, 5.0, 5.0, 4.0, 4.0, 0.3877188444934749]",0.07754376889869555,0.07754376889869498,{},,,,,,,
MovieLens-25M,gap,UCB,Direct,5,1000000,10,1.5,0.07754376889869498,958707,41293,51695.845932463315,4231405268,simulated,41243,injected samples,0.958713,1.0,1,4582.444444444444,"[0, 0, 0, 0, 0, 0, 0, 0, 0, 958707]","[4577, 4577, 4554, 4601, 4577, 4601, 4601, 4577, 4577, 1]","[4.0, 4.0, 3.0, 5.0, 4.0, 5.0, 5.0, 4.0, 4.0, 0.3877188444934749]",0.0832388315239983,0.07754376889869498,"{""search"": ""same grid; exact integer TS target envelope"", ""z_stages"": [[0.0, 1.005570899027184, 4097.0, 41259.0, 339.0], [0.08297923922636431, 0.08347024064190493, 1025.0, 41244.0, 542.0], [0.08323864524766067, 0.08323960423480041, 1025.0, 41243.0, 199.0], [0.08323883067681465, 0.0832388325498364, 1025.0, 41243.0, 464.0], [0.0832388315236985, 0.08323883152735675, 1025.0, 41243.0, 84.0], [0.08323883152399501, 0.08323883152400216, 1025.0, 41243.0, 471.0]]}",,,,,,,
MovieLens-25M,gap,UCB,Two-phase,5,1000000,10,1.5,0.07754376889869498,1000000,0,51695.845932463315,3328500888,simulated,24912,scheduled corrupted rounds,0.979309,0.979309,0,0.0,"[2299, 2299, 2299, 2299, 2299, 2299, 2299, 2299, 2299, 979309]","[0, 0, 0, 0, 0, 0, 0, 0, 0, 0]","[0.0, 0.0, 0.0, 0.0, 0.0, 0.0, 0.0, 0.0, 0.0, 0.0]",,,,22980,1932,"{""C1"": 22980, ""C2"": 1932, ""K"": 10, ""T"": 1000000, ""feasible"": true, ""learner"": ""UCB"", ""learner_setting"": ""mean + sqrt(log(T)/N)"", ""mu"": 0.07754376889869498, ""reason"": """", ""source"": ""https://proceedings.neurips.cc/paper_files/paper/2021/file/be315e7f05e9f13629031915fe87ad44-Supplemental.pdf"", ""source_section"": ""A.2"", ""target_feedback"": ""deterministic mu_K"", ""total"": 24912, ""version"": ""xu2021-original-settings-v1""}","[2298, 2298, 2298, 2298, 2298, 2298, 2298, 2298, 2298, 2298]","[1, 1, 1, 1, 1, 1, 1, 1, 1, 1923]","[0, 0, 0, 0, 0, 0, 0, 0, 0, 975088]",1.0
MovieLens-25M,gap,TS,Ours,5,1000000,10,1.5,0.07754376889869498,903617,96383,51695.845932463315,786971603,simulated,96333,injected samples,0.940388,1.0,36766,6618.555555555556,"[0, 0, 0, 0, 0, 0, 0, 0, 0, 903617]","[6614, 6614, 6595, 6634, 6614, 6634, 6634, 6614, 6614, 36766]","[4.0, 4.0, 3.0, 5.0, 4.0, 5.0, 5.0, 4.0, 4.0, 0.3877188444934749]",0.10214182506183375,0.07754376889869498,{},,,,,,,
MovieLens-25M,gap,TS,Direct,5,1000000,10,1.5,0.07754376889869498,906783,93217,51695.845932463315,4184967932,simulated,93167,injected samples,0.943595,1.0,36807,6262.222222222223,"[0, 0, 0, 0, 0, 0, 0, 0, 0, 906783]","[6258, 6258, 6239, 6277, 6258, 6277, 6277, 6258, 6258, 36807]","[4.0, 4.0, 3.0, 5.0, 4.0, 5.0, 5.0, 4.0, 4.0, 0.3877188444934749]",0.1050220859776921,0.07754376889869498,"{""search"": ""same grid; exact integer TS target envelope"", ""z_stages"": [[0.0, 0.9917344244182007, 4097.0, 93168.0, 434.0], [0.10483911273756857, 0.10532335806199153, 1025.0, 93167.0, 387.0], [0.10502165052587645, 0.10502259631752571, 1025.0, 93167.0, 472.0], [0.10502208555309012, 0.10502208740033944, 1025.0, 93167.0, 236.0], [0.10502208597701941, 0.10502208598062732, 1025.0, 93167.0, 191.0], [0.10502208597768885, 0.1050220859776959, 1025.0, 93167.0, 471.0]]}",,,,,,,
MovieLens-25M,gap,TS,Two-phase,5,1000000,10,1.5,0.07754376889869498,1000000,0,51695.845932463315,2579425174,simulated,705094,scheduled corrupted rounds,0.991742,0.991742,0,0.0,"[905, 915, 929, 918, 922, 924, 921, 915, 909, 991742]","[0, 0, 0, 0, 0, 0, 0, 0, 0, 0]","[0.0, 0.0, 0.0, 0.0, 0.0, 0.0, 0.0, 0.0, 0.0, 0.0]",,,,9191,695903,"{""C1"": 9191, ""C2"": 695903, ""K"": 10, ""T"": 1000000, ""beta"": 0.483068019263162, ""feasible"": true, ""learner"": ""TS"", ""learner_setting"": ""Beta(sum+1, N-sum+1)"", ""mu"": 0.07754376889869498, ""n1"": 598.3937954981504, ""n2"": 1239.8062045018496, ""n3"": 2.0741529292101375, ""promotion_term"": 1545.232729572479, ""reason"": """", ""source"": ""https://proceedings.neurips.cc/paper_files/paper/2021/file/be315e7f05e9f13629031915fe87ad44-Supplemental.pdf"", ""source_section"": ""A.4"", ""target_feedback"": ""Bernoulli(mu_K)"", ""total"": 705094, ""version"": ""xu2021-original-settings-v1"", ""waiting_term"": 694356.9110103906}","[904, 914, 929, 918, 922, 924, 921, 913, 909, 937]","[1, 1, 0, 0, 0, 0, 0, 2, 0, 695899]","[0, 0, 0, 0, 0, 0, 0, 0, 0, 294906]",1.0
MovieLens-25M,gap,UCB,Ours,5,1000000,10,2.0,0.10339169186492662,975738,24262,51695.845932463315,3298713590,simulated,24212,injected samples,0.975745,1.0,2,2690.0,"[0, 0, 0, 0, 0, 0, 0, 0, 0, 975738]","[2686, 2686, 2668, 2704, 2686, 2704, 2704, 2686, 2686, 2]","[4.0, 4.0, 3.0, 5.0, 4.0, 5.0, 5.0, 4.0, 4.0, 0.5169584593246331]",0.10339169186492667,0.10339169186492662,{},,,,,,,
MovieLens-25M,gap,UCB,Direct,5,1000000,10,2.0,0.10339169186492662,975767,24233,51695.845932463315,363770017,simulated,24183,injected samples,0.975772,1.0,0,2687.0,"[0, 0, 0, 0, 0, 0, 0, 0, 0, 975767]","[2683, 2683, 2665, 2701, 2683, 2701, 2701, 2683, 2683, 0]","[4.0, 4.0, 3.0, 5.0, 4.0, 5.0, 5.0, 4.0, 4.0, 0.5169584593246331]",0.10902702506316632,0.10339169186492662,"{""search"": ""same grid; exact integer TS target envelope"", ""z_stages"": [[0.0, 1.0055710282727444, 4097.0, 24201.0, 444.0], [0.1087568275207094, 0.10924782899935821, 1025.0, 24183.0, 564.0], [0.10902678243523996, 0.10902774142250293, 1025.0, 24183.0, 260.0], [0.1090270249915887, 0.1090270268646107, 1025.0, 24183.0, 40.0], [0.1090270250629245, 0.10902702506658274, 1025.0, 24183.0, 68.0], [0.10902702506316386, 0.109027025063171, 1025.0, 24183.0, 352.0]]}",,,,,,,
MovieLens-25M,gap,UCB,Two-phase,5,1000000,10,2.0,0.10339169186492662,1000000,0,51695.845932463315,3976946503,simulated,14422,scheduled corrupted rounds,0.988354,0.988354,0,0.0,"[1294, 1294, 1294, 1294, 1294, 1294, 1294, 1294, 1294, 988354]","[0, 0, 0, 0, 0, 0, 0, 0, 0, 0]","[0.0, 0.0, 0.0, 0.0, 0.0, 0.0, 0.0, 0.0, 0.0, 0.0]",,,,12930,1492,"{""C1"": 12930, ""C2"": 1492, ""K"": 10, ""T"": 1000000, ""feasible"": true, ""learner"": ""UCB"", ""learner_setting"": ""mean + sqrt(log(T)/N)"", ""mu"": 0.10339169186492662, ""reason"": """", ""source"": ""https://proceedings.neurips.cc/paper_files/paper/2021/file/be315e7f05e9f13629031915fe87ad44-Supplemental.pdf"", ""source_section"": ""A.2"", ""target_feedback"": ""deterministic mu_K"", ""total"": 14422, ""version"": ""xu2021-original-settings-v1""}","[1293, 1293, 1293, 1293, 1293, 1293, 1293, 1293, 1293, 1293]","[1, 1, 1, 1, 1, 1, 1, 1, 1, 1483]","[0, 0, 0, 0, 0, 0, 0, 0, 0, 985578]",1.0
MovieLens-25M,gap,TS,Ours,5,1000000,10,2.0,0.10339169186492662,932552,67448,51695.845932463315,216626181,simulated,67398,injected samples,0.941417,1.0,8860,6504.222222222223,"[0, 0, 0, 0, 0, 0, 0, 0, 0, 932552]","[6500, 6500, 6481, 6519, 6500, 6519, 6519, 6500, 6500, 8860]","[4.0, 4.0, 3.0, 5.0, 4.0, 5.0, 5.0, 4.0, 4.0, 0.5169584593246331]",0.10304025416630017,0.10339169186492662,{},,,,,,,
MovieLens-25M,gap,TS,Direct,5,1000000,10,2.0,0.10339169186492662,932924,67076,51695.845932463315,1759626999,simulated,67026,injected samples,0.943595,1.0,10666,6262.222222222223,"[0, 0, 0, 0, 0, 0, 0, 0, 0, 932924]","[6258, 6258, 6239, 6277, 6258, 6277, 6277, 6258, 6258, 10666]","[4.0, 4.0, 3.0, 5.0, 4.0, 5.0, 5.0, 4.0, 4.0, 0.5169584593246331]",0.1050220859776921,0.10339169186492662,"{""search"": ""same grid; exact integer TS target envelope"", ""z_stages"": [[0.0, 0.9917345536637608, 4097.0, 67027.0, 434.0], [0.10483912640049034, 0.10532337178802148, 1025.0, 67026.0, 387.0], [0.10502166421258705, 0.10502261000435956, 1025.0, 67026.0, 457.0], [0.10502208538548574, 0.1050220872327353, 1025.0, 67026.0, 329.0], [0.10502208597718286, 0.10502208598079078, 1025.0, 67026.0, 145.0], [0.10502208597769022, 0.10502208597769727, 1025.0, 67026.0, 272.0]]}",,,,,,,
MovieLens-25M,gap,TS,Two-phase,5,1000000,10,2.0,0.10339169186492662,1000000,0,51695.845932463315,3506209580,infeasible,5343203,scheduled corrupted rounds,,,0,0.0,,"[0, 0, 0, 0, 0, 0, 0, 0, 0, 0]","[0.0, 0.0, 0.0, 0.0, 0.0, 0.0, 0.0, 0.0, 0.0, 0.0]",,,,5170,5338033,"{""C1"": 5170, ""C2"": 5338033, ""K"": 10, ""T"": 1000000, ""beta"": 0.36579764504492285, ""feasible"": false, ""learner"": ""TS"", ""learner_setting"": ""Beta(sum+1, N-sum+1)"", ""mu"": 0.10339169186492662, ""n1"": 276.46889273196496, ""n2"": 757.5311072680349, ""n3"": 2.739101688419504, ""promotion_term"": 1192.3490828531187, ""reason"": ""original budget reaches/exceeds T"", ""source"": ""https://proceedings.neurips.cc/paper_files/paper/2021/file/be315e7f05e9f13629031915fe87ad44-Supplemental.pdf"", ""source_section"": ""A.4"", ""target_feedback"": ""Bernoulli(mu_K)"", ""total"": 5343203, ""version"": ""xu2021-original-settings-v1"", ""waiting_term"": 5336840.012372333}",,,,
MovieLens-25M,gap,UCB,Ours,5,1000000,10,3.0,0.15508753779738996,988684,11316,51695.845932463315,3838189084,simulated,11266,injected samples,0.98869,1.0,1,1251.6666666666667,"[0, 0, 0, 0, 0, 0, 0, 0, 0, 988684]","[1249, 1249, 1237, 1261, 1249, 1261, 1261, 1249, 1249, 1]","[4.0, 4.0, 3.0, 5.0, 4.0, 5.0, 5.0, 4.0, 4.0, 0.7754376889869498]",0.15508753779738996,0.15508753779738996,{},,,,,,,
MovieLens-25M,gap,UCB,Direct,5,1000000,10,3.0,0.15508753779738996,988686,11314,51695.845932463315,2157562953,simulated,11264,injected samples,0.988691,1.0,0,1251.5555555555557,"[0, 0, 0, 0, 0, 0, 0, 0, 0, 988686]","[1249, 1249, 1236, 1261, 1249, 1261, 1261, 1249, 1249, 0]","[4.0, 4.0, 3.0, 5.0, 4.0, 5.0, 5.0, 4.0, 4.0, 0.7754376889869498]",0.16068384687588622,0.15508753779738996,"{""search"": ""same grid; exact integer TS target envelope"", ""z_stages"": [[0.0, 1.0055712867638646, 4097.0, 11282.0, 654.0], [0.16031202398847744, 0.1608030255933426, 1025.0, 11264.0, 776.0], [0.16068363164840957, 0.16068459063591908, 1025.0, 11264.0, 230.0], [0.16068384610948347, 0.16068384798250596, 1025.0, 11264.0, 419.0], [0.1606838468740571, 0.16068384687771534, 1025.0, 11264.0, 512.0], [0.16068384687588264, 0.1606838468758898, 1025.0, 11264.0, 511.0]]}",,,,,,,
MovieLens-25M,gap,UCB,Two-phase,5,1000000,10,3.0,0.15508753779738996,1000000,0,51695.845932463315,513540298,simulated,6806,scheduled corrupted rounds,0.994816,0.994816,0,0.0,"[576, 576, 576, 576, 576, 576, 576, 576, 576, 994816]","[0, 0, 0, 0, 0, 0, 0, 0, 0, 0]","[0.0, 0.0, 0.0, 0.0, 0.0, 0.0, 0.0, 0.0, 0.0, 0.0]",,,,5750,1056,"{""C1"": 5750, ""C2"": 1056, ""K"": 10, ""T"": 1000000, ""feasible"": true, ""learner"": ""UCB"", ""learner_setting"": ""mean + sqrt(log(T)/N)"", ""mu"": 0.15508753779738996, ""reason"": """", ""source"": ""https://proceedings.neurips.cc/paper_files/paper/2021/file/be315e7f05e9f13629031915fe87ad44-Supplemental.pdf"", ""source_section"": ""A.2"", ""target_feedback"": ""deterministic mu_K"", ""total"": 6806, ""version"": ""xu2021-original-settings-v1""}","[575, 575, 575, 575, 575, 575, 575, 575, 575, 575]","[1, 1, 1, 1, 1, 1, 1, 1, 1, 1047]","[0, 0, 0, 0, 0, 0, 0, 0, 0, 993194]",1.0
MovieLens-25M,gap,TS,Ours,5,1000000,10,3.0,0.15508753779738996,968592,31408,51695.845932463315,994013864,simulated,31358,injected samples,0.971382,1.0,2785,3174.777777777778,"[0, 0, 0, 0, 0, 0, 0, 0, 0, 968592]","[3172, 3172, 3158, 3185, 3172, 3185, 3185, 3172, 3172, 2785]","[4.0, 4.0, 3.0, 5.0, 4.0, 5.0, 5.0, 4.0, 4.0, 0.7754376889869498]",0.14783302745965227,0.15508753779738996,{},,,,,,,
MovieLens-25M,gap,TS,Direct,5,1000000,10,3.0,0.15508753779738996,968768,31232,51695.845932463315,4004822429,simulated,31182,injected samples,0.971324,1.0,2551,3181.222222222222,"[0, 0, 0, 0, 0, 0, 0, 0, 0, 968768]","[3178, 3178, 3165, 3192, 3178, 3192, 3192, 3178, 3178, 2551]","[4.0, 4.0, 3.0, 5.0, 4.0, 5.0, 5.0, 4.0, 4.0, 0.7754376889869498]",0.1476773405289769,0.15508753779738996,"{""search"": ""same grid; exact integer TS target envelope"", ""z_stages"": [[0.0, 0.9917348121548812, 4097.0, 31185.0, 610.0], [0.14745275893611393, 0.14793700444986144, 1025.0, 31182.0, 475.0], [0.14767691164462596, 0.147677857436645, 1025.0, 31182.0, 465.0], [0.1476773402066346, 0.1476773420538846, 1025.0, 31182.0, 179.0], [0.1476773405277386, 0.1476773405313465, 1025.0, 31182.0, 352.0], [0.1476773405289753, 0.14767734052898235, 1025.0, 31182.0, 232.0]]}",,,,,,,
MovieLens-25M,gap,TS,Two-phase,5,1000000,10,3.0,0.15508753779738996,1000000,0,51695.845932463315,3897732036,infeasible,1713501677,scheduled corrupted rounds,,,0,0.0,,"[0, 0, 0, 0, 0, 0, 0, 0, 0, 0]","[0.0, 0.0, 0.0, 0.0, 0.0, 0.0, 0.0, 0.0, 0.0, 0.0]",,,,2298,1713499379,"{""C1"": 2298, ""C2"": 1713499379, ""K"": 10, ""T"": 1000000, ""beta"": 0.1800742558144034, ""feasible"": false, ""learner"": ""TS"", ""learner_setting"": ""Beta(sum+1, N-sum+1)"", ""mu"": 0.15508753779738996, ""n1"": 69.4381746100914, ""n2"": 390.1618253899086, ""n3"": 5.564132100010513, ""promotion_term"": 843.6167716814657, ""reason"": ""original budget reaches/exceeds T"", ""source"": ""https://proceedings.neurips.cc/paper_files/paper/2021/file/be315e7f05e9f13629031915fe87ad44-Supplemental.pdf"", ""source_section"": ""A.4"", ""target_feedback"": ""Bernoulli(mu_K)"", ""total"": 1713501677, ""version"": ""xu2021-original-settings-v1"", ""waiting_term"": 1713498534.950569}",,,,
MovieLens-25M,gap,UCB,Ours,5,1000000,10,4.0,0.20678338372985325,993433,6567,51695.845932463315,2747059479,simulated,6517,injected samples,0.993439,1.0,1,724.0,"[0, 0, 0, 0, 0, 0, 0, 0, 0, 993433]","[722, 722, 713, 731, 722, 731, 731, 722, 722, 1]","[4.0, 4.0, 3.0, 5.0, 4.0, 5.0, 5.0, 4.0, 4.0, 1.0339169186492663]",0.20678338372985325,0.20678338372985325,{},,,,,,,
MovieLens-25M,gap,UCB,Direct,5,1000000,10,4.0,0.20678338372985325,993434,6566,51695.845932463315,2536252298,simulated,6516,injected samples,0.993439,1.0,0,724.0,"[0, 0, 0, 0, 0, 0, 0, 0, 0, 993434]","[722, 722, 713, 731, 722, 731, 731, 722, 722, 0]","[4.0, 4.0, 3.0, 5.0, 4.0, 5.0, 5.0, 4.0, 4.0, 1.0339169186492663]",0.21230483266070538,0.20678338372985325,"{""search"": ""same grid; exact integer TS target envelope"", ""z_stages"": [[0.0, 1.005571545254985, 4097.0, 6516.0, 865.0], [0.2121127478272234, 0.2126037495583049, 1025.0, 6516.0, 401.0], [0.2123045453784271, 0.21230550436618312, 1025.0, 6516.0, 307.0], [0.21230483195094013, 0.2123048338239631, 1025.0, 6516.0, 389.0], [0.21230483266064024, 0.21230483266429848, 1025.0, 6516.0, 19.0], [0.21230483266070455, 0.21230483266071168, 1025.0, 6516.0, 118.0]]}",,,,,,,
MovieLens-25M,gap,UCB,Two-phase,5,1000000,10,4.0,0.20678338372985325,1000000,0,51695.845932463315,3780148453,simulated,4085,scheduled corrupted rounds,0.997075,0.997075,0,0.0,"[325, 325, 325, 325, 325, 325, 325, 325, 325, 997075]","[0, 0, 0, 0, 0, 0, 0, 0, 0, 0]","[0.0, 0.0, 0.0, 0.0, 0.0, 0.0, 0.0, 0.0, 0.0, 0.0]",,,,3240,845,"{""C1"": 3240, ""C2"": 845, ""K"": 10, ""T"": 1000000, ""feasible"": true, ""learner"": ""UCB"", ""learner_setting"": ""mean + sqrt(log(T)/N)"", ""mu"": 0.20678338372985325, ""reason"": """", ""source"": ""https://proceedings.neurips.cc/paper_files/paper/2021/file/be315e7f05e9f13629031915fe87ad44-Supplemental.pdf"", ""source_section"": ""A.2"", ""target_feedback"": ""deterministic mu_K"", ""total"": 4085, ""version"": ""xu2021-original-settings-v1""}","[324, 324, 324, 324, 324, 324, 324, 324, 324, 324]","[1, 1, 1, 1, 1, 1, 1, 1, 1, 836]","[0, 0, 0, 0, 0, 0, 0, 0, 0, 995915]",1.0
MovieLens-25M,gap,TS,Ours,5,1000000,10,4.0,0.20678338372985325,981629,18371,51695.845932463315,4245511,simulated,18321,injected samples,0.983528,1.0,1894,1825.2222222222222,"[0, 0, 0, 0, 0, 0, 0, 0, 0, 981629]","[1823, 1823, 1813, 1833, 1823, 1833, 1833, 1823, 1823, 1894]","[4.0, 4.0, 3.0, 5.0, 4.0, 5.0, 5.0, 4.0, 4.0, 1.0339169186492663]",0.19542061954595297,0.20678338372985325,{},,,,,,,
MovieLens-25M,gap,TS,Direct,5,1000000,10,4.0,0.20678338372985325,981850,18150,51695.845932463315,3039387076,simulated,18100,injected samples,0.983528,1.0,1673,1825.2222222222222,"[0, 0, 0, 0, 0, 0, 0, 0, 0, 981850]","[1823, 1823, 1813, 1833, 1823, 1833, 1833, 1823, 1823, 1673]","[4.0, 4.0, 3.0, 5.0, 4.0, 5.0, 5.0, 4.0, 4.0, 1.0339169186492663]",0.19540536228804115,0.20678338372985325,"{""search"": ""same grid; exact integer TS target envelope"", ""z_stages"": [[0.0, 0.9917350706460014, 4097.0, 18103.0, 808.0], [0.1953931157254207, 0.19587736136538456, 1025.0, 18100.0, 26.0], [0.19540493812874013, 0.1954058839210057, 1025.0, 18100.0, 460.0], [0.19540536207273418, 0.19540536391998467, 1025.0, 18100.0, 120.0], [0.19540536228740488, 0.1954053622910128, 1025.0, 18100.0, 181.0], [0.1954053622880391, 0.19540536228804614, 1025.0, 18100.0, 297.0]]}",,,,,,,
MovieLens-25M,gap,TS,Two-phase,5,1000000,10,4.0,0.20678338372985325,1000000,0,51695.845932463315,102786689,infeasible,1901480593645945,scheduled corrupted rounds,,,0,0.0,,"[0, 0, 0, 0, 0, 0, 0, 0, 0, 0]","[0.0, 0.0, 0.0, 0.0, 0.0, 0.0, 0.0, 0.0, 0.0, 0.0]",,,,1293,1901480593644652,"{""C1"": 1293, ""C2"": 1901480593644652, ""K"": 10, ""T"": 1000000, ""beta"": 0.03995065173165885, ""feasible"": false, ""learner"": ""TS"", ""learner_setting"": ""Beta(sum+1, N-sum+1)"", ""mu"": 0.20678338372985325, ""n1"": 9.011186419215505, ""n2"": 249.58881358078452, ""n3"": 25.07986487660793, ""promotion_term"": 674.1435055153747, ""reason"": ""original budget reaches/exceeds T"", ""source"": ""https://proceedings.neurips.cc/paper_files/paper/2021/file/be315e7f05e9f13629031915fe87ad44-Supplemental.pdf"", ""source_section"": ""A.4"", ""target_feedback"": ""Bernoulli(mu_K)"", ""total"": 1901480593645945, ""version"": ""xu2021-original-settings-v1"", ""waiting_term"": 1901480593643977.0}",,,,
MovieLens-25M,gap,UCB,Ours,5,1000000,10,5.0,0.25847922966231657,995696,4304,51695.845932463315,3842626869,simulated,4254,injected samples,0.995702,1.0,1,472.55555555555554,"[0, 0, 0, 0, 0, 0, 0, 0, 0, 995696]","[471, 471, 464, 478, 471, 478, 478, 471, 471, 1]","[4.0, 4.0, 3.0, 5.0, 4.0, 5.0, 5.0, 4.0, 4.0, 1.292396148311583]",0.25847922966231657,0.25847922966231657,{},,,,,,,
MovieLens-25M,gap,UCB,Direct,5,1000000,10,5.0,0.25847922966231657,995697,4303,51695.845932463315,823110645,simulated,4253,injected samples,0.995702,1.0,0,472.55555555555554,"[0, 0, 0, 0, 0, 0, 0, 0, 0, 995697]","[471, 471, 464, 478, 471, 478, 478, 471, 471, 0]","[4.0, 4.0, 3.0, 5.0, 4.0, 5.0, 5.0, 4.0, 4.0, 1.292396148311583]",0.26404069038683686,0.25847922966231657,"{""search"": ""same grid; exact integer TS target envelope"", ""z_stages"": [[0.0, 1.0055718037461052, 4097.0, 4261.0, 1075.0], [0.2636679973689739, 0.2641589992262718, 1025.0, 4253.0, 778.0], [0.26404056420795874, 0.26404152319596125, 1025.0, 4253.0, 135.0], [0.2640406897005294, 0.2640406915735528, 1025.0, 4253.0, 376.0], [0.26404069038645106, 0.2640406903901093, 1025.0, 4253.0, 108.0], [0.2640406903868333, 0.26404069038684047, 1025.0, 4253.0, 505.0]]}",,,,,,,
MovieLens-25M,gap,UCB,Two-phase,5,1000000,10,5.0,0.25847922966231657,1000000,0,51695.845932463315,2234534256,simulated,2792,scheduled corrupted rounds,0.998128,0.998128,0,0.0,"[208, 208, 208, 208, 208, 208, 208, 208, 208, 998128]","[0, 0, 0, 0, 0, 0, 0, 0, 0, 0]","[0.0, 0.0, 0.0, 0.0, 0.0, 0.0, 0.0, 0.0, 0.0, 0.0]",,,,2070,722,"{""C1"": 2070, ""C2"": 722, ""K"": 10, ""T"": 1000000, ""feasible"": true, ""learner"": ""UCB"", ""learner_setting"": ""mean + sqrt(log(T)/N)"", ""mu"": 0.25847922966231657, ""reason"": """", ""source"": ""https://proceedings.neurips.cc/paper_files/paper/2021/file/be315e7f05e9f13629031915fe87ad44-Supplemental.pdf"", ""source_section"": ""A.2"", ""target_feedback"": ""deterministic mu_K"", ""total"": 2792, ""version"": ""xu2021-original-settings-v1""}","[207, 207, 207, 207, 207, 207, 207, 207, 207, 207]","[1, 1, 1, 1, 1, 1, 1, 1, 1, 713]","[0, 0, 0, 0, 0, 0, 0, 0, 0, 997208]",1.0
MovieLens-25M,gap,TS,Ours,5,1000000,10,5.0,0.25847922966231657,987793,12207,51695.845932463315,941394943,simulated,12157,injected samples,0.98922,1.0,1422,1192.7777777777778,"[0, 0, 0, 0, 0, 0, 0, 0, 0, 987793]","[1191, 1191, 1183, 1199, 1191, 1199, 1199, 1191, 1191, 1422]","[4.0, 4.0, 3.0, 5.0, 4.0, 5.0, 5.0, 4.0, 4.0, 1.292396148311583]",0.24227919235871043,0.25847922966231657,{},,,,,,,
MovieLens-25M,gap,TS,Direct,5,1000000,10,5.0,0.25847922966231657,988023,11977,51695.845932463315,3003718232,simulated,11927,injected samples,0.989256,1.0,1228,1188.7777777777778,"[0, 0, 0, 0, 0, 0, 0, 0, 0, 988023]","[1187, 1187, 1179, 1195, 1187, 1195, 1195, 1187, 1187, 1228]","[4.0, 4.0, 3.0, 5.0, 4.0, 5.0, 5.0, 4.0, 4.0, 1.292396148311583]",0.242634644829729,0.25847922966231657,"{""search"": ""same grid; exact integer TS target envelope"", ""z_stages"": [[0.0, 0.9917353291371217, 4097.0, 11928.0, 1003.0], [0.24260712885629784, 0.24309137462247807, 1025.0, 11927.0, 59.0], [0.2426345568391479, 0.24263550263165998, 1025.0, 11927.0, 96.0], [0.2426346445835704, 0.2426346464308214, 1025.0, 11927.0, 137.0], [0.24263464482890842, 0.24263464483251634, 1025.0, 11927.0, 233.0], [0.24263464482972585, 0.2426346448297329, 1025.0, 11927.0, 454.0]]}",,,,,,,
MovieLens-25M,gap,TS,Two-phase,5,1000000,10,5.0,0.25847922966231657,1000000,0,51695.845932463315,3385902964,infeasible,,scheduled corrupted rounds,,,0,0.0,,"[0, 0, 0, 0, 0, 0, 0, 0, 0, 0]","[0.0, 0.0, 0.0, 0.0, 0.0, 0.0, 0.0, 0.0, 0.0, 0.0]",,,,828,0,"{""C1"": 828, ""C2"": null, ""K"": 10, ""T"": 1000000, ""feasible"": false, ""learner"": ""TS"", ""learner_setting"": ""Beta(sum+1, N-sum+1)"", ""mu"": 0.25847922966231657, ""n1"": -13.458956056127466, ""n2"": 179.05895605612744, ""reason"": ""A.4 phase-one lower count bound is nonpositive"", ""source"": ""https://proceedings.neurips.cc/paper_files/paper/2021/file/be315e7f05e9f13629031915fe87ad44-Supplemental.pdf"", ""source_section"": ""A.4"", ""target_feedback"": ""Bernoulli(mu_K)"", ""total"": null, ""version"": ""xu2021-original-settings-v1""}",,,,
MovieLens-25M,gap,UCB,Ours,5,1000000,10,6.0,0.3101750755947799,996949,3051,51695.845932463315,1654734505,simulated,3001,injected samples,0.996955,1.0,1,333.3333333333333,"[0, 0, 0, 0, 0, 0, 0, 0, 0, 996949]","[332, 332, 326, 338, 332, 338, 338, 332, 332, 1]","[4.0, 4.0, 3.0, 5.0, 4.0, 5.0, 5.0, 4.0, 4.0, 1.5508753779738995]",0.3101750755947799,0.3101750755947799,{},,,,,,,
MovieLens-25M,gap,UCB,Direct,5,1000000,10,6.0,0.3101750755947799,996950,3050,51695.845932463315,991278999,simulated,3000,injected samples,0.996955,1.0,0,333.3333333333333,"[0, 0, 0, 0, 0, 0, 0, 0, 0, 996950]","[332, 332, 326, 338, 332, 338, 338, 332, 332, 0]","[4.0, 4.0, 3.0, 5.0, 4.0, 5.0, 5.0, 4.0, 4.0, 1.5508753779738995]",0.31561966011627557,0.3101750755947799,"{""search"": ""same grid; exact integer TS target envelope"", ""z_stages"": [[0.0, 1.0055720622372253, 4097.0, 3000.0, 1286.0], [0.3154687744079186, 0.31595977639143286, 1025.0, 3000.0, 315.0], [0.31561933556301963, 0.3156202945512687, 1025.0, 3000.0, 347.0], [0.3156196595961585, 0.3156196614691824, 1025.0, 3000.0, 285.0], [0.31561966011563, 0.3156196601192882, 1025.0, 3000.0, 181.0], [0.315619660116273, 0.3156196601162802, 1025.0, 3000.0, 362.0]]}",,,,,,,
MovieLens-25M,gap,UCB,Two-phase,5,1000000,10,6.0,0.3101750755947799,1000000,0,51695.845932463315,3976829665,simulated,2088,scheduled corrupted rounds,0.998695,0.998695,0,0.0,"[145, 145, 145, 145, 145, 145, 145, 145, 145, 998695]","[0, 0, 0, 0, 0, 0, 0, 0, 0, 0]","[0.0, 0.0, 0.0, 0.0, 0.0, 0.0, 0.0, 0.0, 0.0, 0.0]",,,,1440,648,"{""C1"": 1440, ""C2"": 648, ""K"": 10, ""T"": 1000000, ""feasible"": true, ""learner"": ""UCB"", ""learner_setting"": ""mean + sqrt(log(T)/N)"", ""mu"": 0.3101750755947799, ""reason"": """", ""source"": ""https://proceedings.neurips.cc/paper_files/paper/2021/file/be315e7f05e9f13629031915fe87ad44-Supplemental.pdf"", ""source_section"": ""A.2"", ""target_feedback"": ""deterministic mu_K"", ""total"": 2088, ""version"": ""xu2021-original-settings-v1""}","[144, 144, 144, 144, 144, 144, 144, 144, 144, 144]","[1, 1, 1, 1, 1, 1, 1, 1, 1, 639]","[0, 0, 0, 0, 0, 0, 0, 0, 0, 997912]",1.0
MovieLens-25M,gap,TS,Ours,5,1000000,10,6.0,0.3101750755947799,991206,8794,51695.845932463315,154610290,simulated,8744,injected samples,0.992348,1.0,1137,845.2222222222222,"[0, 0, 0, 0, 0, 0, 0, 0, 0, 991206]","[844, 844, 837, 850, 844, 850, 850, 844, 844, 1137]","[4.0, 4.0, 3.0, 5.0, 4.0, 5.0, 5.0, 4.0, 4.0, 1.5508753779738995]",0.28839287522507984,0.3101750755947799,{},,,,,,,
MovieLens-25M,gap,TS,Direct,5,1000000,10,6.0,0.3101750755947799,991431,8569,51695.845932463315,3569267557,simulated,8519,injected samples,0.99238,1.0,944,841.6666666666666,"[0, 0, 0, 0, 0, 0, 0, 0, 0, 991431]","[840, 840, 834, 847, 840, 847, 847, 840, 840, 944]","[4.0, 4.0, 3.0, 5.0, 4.0, 5.0, 5.0, 4.0, 4.0, 1.5508753779738995]",0.2889129610504338,0.3101750755947799,"{""search"": ""same grid; exact integer TS target envelope"", ""z_stages"": [[0.0, 0.9917355876282419, 4097.0, 8520.0, 1194.0], [0.2888526748145734, 0.28933692070697, 1025.0, 8519.0, 128.0], [0.28891273265474365, 0.28891367844750226, 1025.0, 8519.0, 248.0], [0.28891296079030165, 0.2889129626375531, 1025.0, 8519.0, 145.0], [0.2889129610500714, 0.2889129610536793, 1025.0, 8519.0, 103.0], [0.2889129610504308, 0.28891296105043784, 1025.0, 8519.0, 432.0]]}",,,,,,,
MovieLens-25M,gap,TS,Two-phase,5,1000000,10,6.0,0.3101750755947799,1000000,0,51695.845932463315,2805297841,infeasible,,scheduled corrupted rounds,,,0,0.0,,"[0, 0, 0, 0, 0, 0, 0, 0, 0, 0]","[0.0, 0.0, 0.0, 0.0, 0.0, 0.0, 0.0, 0.0, 0.0, 0.0]",,,,575,0,"{""C1"": 575, ""C2"": null, ""K"": 10, ""T"": 1000000, ""feasible"": false, ""learner"": ""TS"", ""learner_setting"": ""Beta(sum+1, N-sum+1)"", ""mu"": 0.3101750755947799, ""n1"": -22.715796713439556, ""n2"": 137.71579671343957, ""reason"": ""A.4 phase-one lower count bound is nonpositive"", ""source"": ""https://proceedings.neurips.cc/paper_files/paper/2021/file/be315e7f05e9f13629031915fe87ad44-Supplemental.pdf"", ""source_section"": ""A.4"", ""target_feedback"": ""Bernoulli(mu_K)"", ""total"": null, ""version"": ""xu2021-original-settings-v1""}",,,,
MovieLens-25M,horizon,UCB,Ours,6,100000,10,,0.016442451420029897,73752,26248,10480.819243109449,3615092189,simulated,26198,injected samples,0.8956,1.0,15803,1155.0,"[0, 0, 0, 0, 0, 0, 0, 0, 0, 73752]","[1161, 1161, 1173, 1148, 1173, 1161, 1148, 1148, 1122, 15803]","[4.0, 4.0, 5.0, 3.0, 5.0, 4.0, 3.0, 3.0, 1.0, 0.0]",0.13645198688875004,0.0,{},,,,,,,
MovieLens-25M,horizon,UCB,Clipped Suppression,6,100000,10,,0.016442451420029897,100000,0,10480.819243109449,2684577469,simulated,82249,suppressed non-target rounds (including 0->0),0.17751,0.17751,0,0.0,"[9139, 9139, 9139, 9139, 9139, 9139, 9139, 9138, 9138, 17751]","[0, 0, 0, 0, 0, 0, 0, 0, 0, 0]","[0.0, 0.0, 0.0, 0.0, 0.0, 0.0, 0.0, 0.0, 0.0, 0.0]",,,,,,,,,,
MovieLens-25M,horizon,TS,Ours,6,100000,10,,0.016442451420029897,58105,41895,10480.819243109449,2474084364,simulated,41845,injected samples,0.84835,1.0,26725,1680.0,"[0, 0, 0, 0, 0, 0, 0, 0, 0, 58105]","[1685, 1685, 1695, 1674, 1695, 1685, 1674, 1674, 1653, 26725]","[4.0, 4.0, 5.0, 3.0, 5.0, 4.0, 3.0, 3.0, 1.0, 0.0]",0.18929983063229433,0.0,{},,,,,,,
MovieLens-25M,horizon,TS,Clipped Suppression,6,100000,10,,0.016442451420029897,100000,0,10480.819243109449,3852705529,simulated,75450,suppressed non-target rounds (including 0->0),0.2455,0.2455,0,0.0,"[8405, 8368, 8277, 8442, 8418, 8300, 8409, 8397, 8434, 24550]","[0, 0, 0, 0, 0, 0, 0, 0, 0, 0]","[0.0, 0.0, 0.0, 0.0, 0.0, 0.0, 0.0, 0.0, 0.0, 0.0]",,,,,,,,,,
MovieLens-25M,horizon,UCB,Ours,6,250000,10,,0.016442451420029897,201286,48714,19804.988134665902,825455772,simulated,48664,injected samples,0.925112,1.0,29987,2075.222222222222,"[0, 0, 0, 0, 0, 0, 0, 0, 0, 201286]","[2083, 2083, 2099, 2066, 2099, 2083, 2066, 2066, 2032, 29987]","[4.0, 4.0, 5.0, 3.0, 5.0, 4.0, 3.0, 3.0, 1.0, 0.0]",0.10709521739481032,0.0,{},,,,,,,
MovieLens-25M,horizon,UCB,Clipped Suppression,6,250000,10,,0.016442451420029897,250000,0,19804.988134665902,3661693670,simulated,183834,suppressed non-target rounds (including 0->0),0.264664,0.264664,0,0.0,"[20426, 20426, 20426, 20426, 20426, 20426, 20426, 20426, 20426, 66166]","[0, 0, 0, 0, 0, 0, 0, 0, 0, 0]","[0.0, 0.0, 0.0, 0.0, 0.0, 0.0, 0.0, 0.0, 0.0, 0.0]",,,,,,,,,,
MovieLens-25M,horizon,TS,Ours,6,250000,10,,0.016442451420029897,175293,74707,19804.988134665902,2003978119,simulated,74657,injected samples,0.894804,1.0,48403,2917.1111111111113,"[0, 0, 0, 0, 0, 0, 0, 0, 0, 175293]","[2923, 2923, 2936, 2910, 2936, 2923, 2910, 2910, 2883, 48403]","[4.0, 4.0, 5.0, 3.0, 5.0, 4.0, 3.0, 3.0, 1.0, 0.0]",0.1477075563302705,0.0,{},,,,,,,
MovieLens-25M,horizon,TS,Clipped Suppression,6,250000,10,,0.016442451420029897,250000,0,19804.988134665902,3008315503,simulated,118125,suppressed non-target rounds (including 0->0),0.5275,0.5275,0,0.0,"[13032, 13218, 13095, 13112, 13070, 13172, 13163, 13159, 13104, 131875]","[0, 0, 0, 0, 0, 0, 0, 0, 0, 0]","[0.0, 0.0, 0.0, 0.0, 0.0, 0.0, 0.0, 0.0, 0.0, 0.0]",,,,,,,,,,
MovieLens-25M,horizon,UCB,Ours,6,400000,10,,0.016442451420029897,333014,66986,27430.126400660687,2664322355,simulated,66936,injected samples,0.9365925,1.0,41618,2813.1111111111113,"[0, 0, 0, 0, 0, 0, 0, 0, 0, 333014]","[2822, 2822, 2841, 2802, 2841, 2822, 2802, 2802, 2764, 41618]","[4.0, 4.0, 5.0, 3.0, 5.0, 4.0, 3.0, 3.0, 1.0, 0.0]",0.09423768037096253,0.0,{},,,,,,,
MovieLens-25M,horizon,UCB,Clipped Suppression,6,400000,10,,0.016442451420029897,400000,0,27430.126400660687,1806654014,simulated,271521,suppressed non-target rounds (including 0->0),0.3211975,0.3211975,0,0.0,"[30169, 30169, 30169, 30169, 30169, 30169, 30169, 30169, 30169, 128479]","[0, 0, 0, 0, 0, 0, 0, 0, 0, 0]","[0.0, 0.0, 0.0, 0.0, 0.0, 0.0, 0.0, 0.0, 0.0, 0.0]",,,,,,,,,,
MovieLens-25M,horizon,TS,Ours,6,400000,10,,0.016442451420029897,299036,100964,27430.126400660687,3661576315,simulated,100914,injected samples,0.91215,1.0,65819,3899.4444444444443,"[0, 0, 0, 0, 0, 0, 0, 0, 0, 299036]","[3906, 3906, 3922, 3891, 3922, 3906, 3891, 3891, 3860, 65819]","[4.0, 4.0, 5.0, 3.0, 5.0, 4.0, 3.0, 3.0, 1.0, 0.0]",0.12952090474900918,0.0,{},,,,,,,
MovieLens-25M,horizon,TS,Clipped Suppression,6,400000,10,,0.016442451420029897,400000,0,27430.126400660687,2477218803,simulated,154470,suppressed non-target rounds (including 0->0),0.613825,0.613825,0,0.0,"[17165, 17114, 17128, 17100, 17162, 17205, 17174, 17215, 17207, 245530]","[0, 0, 0, 0, 0, 0, 0, 0, 0, 0]","[0.0, 0.0, 0.0, 0.0, 0.0, 0.0, 0.0, 0.0, 0.0, 0.0]",,,,,,,,,,
MovieLens-25M,horizon,UCB,Ours,6,550000,10,,0.016442451420029897,466844,83156,34194.80516566394,1645178314,simulated,83106,injected samples,0.94328,1.0,51955,3461.222222222222,"[0, 0, 0, 0, 0, 0, 0, 0, 0, 466844]","[3471, 3471, 3492, 3449, 3492, 3471, 3449, 3449, 3407, 51955]","[4.0, 4.0, 5.0, 3.0, 5.0, 4.0, 3.0, 3.0, 1.0, 0.0]",0.08630804056984134,0.0,{},,,,,,,
MovieLens-25M,horizon,UCB,Clipped Suppression,6,550000,10,,0.016442451420029897,550000,0,34194.80516566394,355599138,simulated,339345,suppressed non-target rounds (including 0->0),0.3830090909090909,0.3830090909090909,0,0.0,"[37705, 37705, 37705, 37705, 37705, 37705, 37705, 37705, 37705, 210655]","[0, 0, 0, 0, 0, 0, 0, 0, 0, 0]","[0.0, 0.0, 0.0, 0.0, 0.0, 0.0, 0.0, 0.0, 0.0, 0.0]",,,,,,,,,,
MovieLens-25M,horizon,TS,Ours,6,550000,10,,0.016442451420029897,425996,124004,34194.80516566394,449706392,simulated,123954,injected samples,0.9220527272727272,1.0,81128,4758.444444444444,"[0, 0, 0, 0, 0, 0, 0, 0, 0, 425996]","[4766, 4766, 4783, 4749, 4783, 4766, 4749, 4749, 4715, 81128]","[4.0, 4.0, 5.0, 3.0, 5.0, 4.0, 3.0, 3.0, 1.0, 0.0]",0.11832738522276603,0.0,{},,,,,,,
MovieLens-25M,horizon,TS,Clipped Suppression,6,550000,10,,0.016442451420029897,550000,0,34194.80516566394,3827401963,simulated,173697,suppressed non-target rounds (including 0->0),0.6841872727272728,0.6841872727272728,0,0.0,"[19289, 19282, 19342, 19275, 19348, 19284, 19343, 19305, 19229, 376303]","[0, 0, 0, 0, 0, 0, 0, 0, 0, 0]","[0.0, 0.0, 0.0, 0.0, 0.0, 0.0, 0.0, 0.0, 0.0, 0.0]",,,,,,,,,,
MovieLens-25M,horizon,UCB,Ours,6,700000,10,,0.016442451420029897,602032,97968,40401.844201652595,3234529995,simulated,97918,injected samples,0.94784,1.0,61451,4051.8888888888887,"[0, 0, 0, 0, 0, 0, 0, 0, 0, 602032]","[4062, 4062, 4085, 4039, 4085, 4062, 4039, 4039, 3994, 61451]","[4.0, 4.0, 5.0, 3.0, 5.0, 4.0, 3.0, 3.0, 1.0, 0.0]",0.08070016933032412,0.0,{},,,,,,,
MovieLens-25M,horizon,UCB,Clipped Suppression,6,700000,10,,0.016442451420029897,700000,0,40401.844201652595,3469261110,simulated,387225,suppressed non-target rounds (including 0->0),0.4468214285714286,0.4468214285714286,0,0.0,"[43025, 43025, 43025, 43025, 43025, 43025, 43025, 43025, 43025, 312775]","[0, 0, 0, 0, 0, 0, 0, 0, 0, 0]","[0.0, 0.0, 0.0, 0.0, 0.0, 0.0, 0.0, 0.0, 0.0, 0.0]",,,,,,,,,,
MovieLens-25M,horizon,TS,Ours,6,700000,10,,0.016442451420029897,555011,144989,40401.844201652595,1151084669,simulated,144939,injected samples,0.92872,1.0,95088,5539.0,"[0, 0, 0, 0, 0, 0, 0, 0, 0, 555011]","[5547, 5547, 5565, 5529, 5565, 5547, 5529, 5529, 5493, 95088]","[4.0, 4.0, 5.0, 3.0, 5.0, 4.0, 3.0, 3.0, 1.0, 0.0]",0.11042540589228145,0.0,{},,,,,,,
MovieLens-25M,horizon,TS,Clipped Suppression,6,700000,10,,0.016442451420029897,700000,0,40401.844201652595,4119263104,simulated,186560,suppressed non-target rounds (including 0->0),0.7334857142857143,0.7334857142857143,0,0.0,"[20682, 20773, 20721, 20754, 20740, 20721, 20751, 20734, 20684, 513440]","[0, 0, 0, 0, 0, 0, 0, 0, 0, 0]","[0.0, 0.0, 0.0, 0.0, 0.0, 0.0, 0.0, 0.0, 0.0, 0.0]",,,,,,,,,,
MovieLens-25M,horizon,UCB,Ours,6,850000,10,,0.016442451420029897,738194,111806,46204.95572790959,3010989161,simulated,111756,injected samples,0.9512176470588235,1.0,70336,4602.222222222223,"[0, 0, 0, 0, 0, 0, 0, 0, 0, 738194]","[4613, 4613, 4637, 4589, 4637, 4613, 4589, 4589, 4540, 70336]","[4.0, 4.0, 5.0, 3.0, 5.0, 4.0, 3.0, 3.0, 1.0, 0.0]",0.07642323498298254,0.0,{},,,,,,,
MovieLens-25M,horizon,UCB,Clipped Suppression,6,850000,10,,0.016442451420029897,850000,0,46204.95572790959,1932167224,simulated,449947,suppressed non-target rounds (including 0->0),0.4706505882352941,0.4706505882352941,0,0.0,"[49995, 49994, 49994, 49994, 49994, 49994, 49994, 49994, 49994, 400053]","[0, 0, 0, 0, 0, 0, 0, 0, 0, 0]","[0.0, 0.0, 0.0, 0.0, 0.0, 0.0, 0.0, 0.0, 0.0, 0.0]",,,,,,,,,,
MovieLens-25M,horizon,TS,Ours,6,850000,10,,0.016442451420029897,685498,164502,46204.95572790959,3186931203,simulated,164452,injected samples,0.9336270588235294,1.0,108080,6263.555555555556,"[0, 0, 0, 0, 0, 0, 0, 0, 0, 685498]","[6272, 6272, 6291, 6253, 6291, 6272, 6253, 6253, 6215, 108080]","[4.0, 4.0, 5.0, 3.0, 5.0, 4.0, 3.0, 3.0, 1.0, 0.0]",0.10440815959981878,0.0,{},,,,,,,
MovieLens-25M,horizon,TS,Clipped Suppression,6,850000,10,,0.016442451420029897,850000,0,46204.95572790959,4290142851,simulated,194254,suppressed non-target rounds (including 0->0),0.7714658823529412,0.7714658823529412,0,0.0,"[21632, 21590, 21572, 21613, 21562, 21603, 21587, 21589, 21506, 655746]","[0, 0, 0, 0, 0, 0, 0, 0, 0, 0]","[0.0, 0.0, 0.0, 0.0, 0.0, 0.0, 0.0, 0.0, 0.0, 0.0]",,,,,,,,,,
MovieLens-25M,horizon,UCB,Ours,6,1000000,10,,0.016442451420029897,875118,124882,51695.845932463315,13497208,simulated,124832,injected samples,0.953874,1.0,78751,5120.111111111111,"[0, 0, 0, 0, 0, 0, 0, 0, 0, 875118]","[5131, 5131, 5157, 5106, 5157, 5131, 5106, 5106, 5056, 78751]","[4.0, 4.0, 5.0, 3.0, 5.0, 4.0, 3.0, 3.0, 1.0, 0.0]",0.07300042124880182,0.0,{},,,,,,,
MovieLens-25M,horizon,UCB,Clipped Suppression,6,1000000,10,,0.016442451420029897,1000000,0,51695.845932463315,122444083,simulated,479430,suppressed non-target rounds (including 0->0),0.52057,0.52057,0,0.0,"[53270, 53270, 53270, 53270, 53270, 53270, 53270, 53270, 53270, 520570]","[0, 0, 0, 0, 0, 0, 0, 0, 0, 0]","[0.0, 0.0, 0.0, 0.0, 0.0, 0.0, 0.0, 0.0, 0.0, 0.0]",,,,,,,,,,
MovieLens-25M,horizon,TS,Ours,6,1000000,10,,0.016442451420029897,817106,182894,51695.845932463315,461571957,simulated,182844,injected samples,0.93744,1.0,120329,6946.111111111111,"[0, 0, 0, 0, 0, 0, 0, 0, 0, 817106]","[6955, 6955, 6975, 6935, 6975, 6955, 6935, 6935, 6895, 120329]","[4.0, 4.0, 5.0, 3.0, 5.0, 4.0, 3.0, 3.0, 1.0, 0.0]",0.09959911549786407,0.0,{},,,,,,,
MovieLens-25M,horizon,TS,Clipped Suppression,6,1000000,10,,0.016442451420029897,1000000,0,51695.845932463315,1150601337,simulated,204390,suppressed non-target rounds (including 0->0),0.79561,0.79561,0,0.0,"[22663, 22732, 22776, 22754, 22731, 22784, 22688, 22661, 22601, 795610]","[0, 0, 0, 0, 0, 0, 0, 0, 0, 0]","[0.0, 0.0, 0.0, 0.0, 0.0, 0.0, 0.0, 0.0, 0.0, 0.0]",,,,,,,,,,
MovieLens-25M,arms,UCB,Ours,6,1000000,5,,0.016442451420029897,907347,92653,41031.02010778911,289903301,simulated,92628,injected samples,0.965715,1.0,58363,8566.25,"[0, 0, 0, 0, 907347]","[8591, 8558, 8558, 8558, 58363]","[5.0, 4.0, 4.0, 4.0, 0.0]",0.05514305345828811,0.0,{},,,,,,,
MovieLens-25M,arms,UCB,Clipped Suppression,6,1000000,5,,0.016442451420029897,1000000,0,41031.02010778911,3687871763,simulated,236772,suppressed non-target rounds (including 0->0),0.763228,0.763228,0,0.0,"[59193, 59193, 59193, 59193, 763228]","[0, 0, 0, 0, 0]","[0.0, 0.0, 0.0, 0.0, 0.0]",,,,,,,,,,
MovieLens-25M,arms,TS,Ours,6,1000000,5,,0.016442451420029897,861764,138236,41031.02010778911,1296291629,simulated,138211,injected samples,0.95417,1.0,92401,11452.5,"[0, 0, 0, 0, 861764]","[11472, 11446, 11446, 11446, 92401]","[5.0, 4.0, 4.0, 4.0, 0.0]",0.07676093380652985,0.0,{},,,,,,,
MovieLens-25M,arms,TS,Clipped Suppression,6,1000000,5,,0.016442451420029897,1000000,0,41031.02010778911,3180077419,simulated,95649,suppressed non-target rounds (including 0->0),0.904351,0.904351,0,0.0,"[23900, 23941, 24012, 23796, 904351]","[0, 0, 0, 0, 0]","[0.0, 0.0, 0.0, 0.0, 0.0]",,,,,,,,,,
MovieLens-25M,arms,UCB,Ours,6,1000000,10,,0.016442451420029897,875118,124882,51695.845932463315,13497208,simulated,124832,injected samples,0.953874,1.0,78751,5120.111111111111,"[0, 0, 0, 0, 0, 0, 0, 0, 0, 875118]","[5131, 5131, 5157, 5106, 5157, 5131, 5106, 5106, 5056, 78751]","[4.0, 4.0, 5.0, 3.0, 5.0, 4.0, 3.0, 3.0, 1.0, 0.0]",0.07300042124880182,0.0,{},,,,,,,
MovieLens-25M,arms,UCB,Clipped Suppression,6,1000000,10,,0.016442451420029897,1000000,0,51695.845932463315,122444083,simulated,479430,suppressed non-target rounds (including 0->0),0.52057,0.52057,0,0.0,"[53270, 53270, 53270, 53270, 53270, 53270, 53270, 53270, 53270, 520570]","[0, 0, 0, 0, 0, 0, 0, 0, 0, 0]","[0.0, 0.0, 0.0, 0.0, 0.0, 0.0, 0.0, 0.0, 0.0, 0.0]",,,,,,,,,,
MovieLens-25M,arms,TS,Ours,6,1000000,10,,0.016442451420029897,817106,182894,51695.845932463315,461571957,simulated,182844,injected samples,0.93744,1.0,120329,6946.111111111111,"[0, 0, 0, 0, 0, 0, 0, 0, 0, 817106]","[6955, 6955, 6975, 6935, 6975, 6955, 6935, 6935, 6895, 120329]","[4.0, 4.0, 5.0, 3.0, 5.0, 4.0, 3.0, 3.0, 1.0, 0.0]",0.09959911549786407,0.0,{},,,,,,,
MovieLens-25M,arms,TS,Clipped Suppression,6,1000000,10,,0.016442451420029897,1000000,0,51695.845932463315,1150601337,simulated,204390,suppressed non-target rounds (including 0->0),0.79561,0.79561,0,0.0,"[22663, 22732, 22776, 22754, 22731, 22784, 22688, 22661, 22601, 795610]","[0, 0, 0, 0, 0, 0, 0, 0, 0, 0]","[0.0, 0.0, 0.0, 0.0, 0.0, 0.0, 0.0, 0.0, 0.0, 0.0]",,,,,,,,,,
MovieLens-25M,arms,UCB,Ours,6,1000000,15,,0.016442451420029897,852881,147119,59176.97111973348,2733508297,simulated,147044,injected samples,0.945494,1.0,92608,3888.285714285714,"[0, 0, 0, 0, 0, 0, 0, 0, 0, 0, 0, 0, 0, 0, 852881]","[3915, 3849, 3893, 3849, 3915, 3915, 3871, 3915, 3915, 3871, 3871, 3893, 3893, 3871, 92608]","[5.0, 2.0, 4.0, 2.0, 5.0, 5.0, 3.0, 5.0, 5.0, 3.0, 3.0, 4.0, 4.0, 3.0, 0.0]",0.0847570603223789,0.0,{},,,,,,,
MovieLens-25M,arms,UCB,Clipped Suppression,6,1000000,15,,0.016442451420029897,1000000,0,59176.97111973348,1332001684,simulated,646983,suppressed non-target rounds (including 0->0),0.353017,0.353017,0,0.0,"[46214, 46213, 46213, 46213, 46213, 46213, 46213, 46213, 46213, 46213, 46213, 46213, 46213, 46213, 353017]","[0, 0, 0, 0, 0, 0, 0, 0, 0, 0, 0, 0, 0, 0, 0]","[0.0, 0.0, 0.0, 0.0, 0.0, 0.0, 0.0, 0.0, 0.0, 0.0, 0.0, 0.0, 0.0, 0.0, 0.0]",,,,,,,,,,
MovieLens-25M,arms,TS,Ours,6,1000000,15,,0.016442451420029897,786004,213996,59176.97111973348,1426711663,simulated,213921,injected samples,0.925465,1.0,139456,5318.928571428572,"[0, 0, 0, 0, 0, 0, 0, 0, 0, 0, 0, 0, 0, 0, 786004]","[5340, 5288, 5323, 5288, 5340, 5340, 5305, 5340, 5340, 5305, 5305, 5323, 5323, 5305, 139456]","[5.0, 2.0, 4.0, 2.0, 5.0, 5.0, 3.0, 5.0, 5.0, 3.0, 3.0, 4.0, 4.0, 3.0, 0.0]",0.11460213525025215,0.0,{},,,,,,,
MovieLens-25M,arms,TS,Clipped Suppression,6,1000000,15,,0.016442451420029897,1000000,0,59176.97111973348,1075549959,simulated,310086,suppressed non-target rounds (including 0->0),0.689914,0.689914,0,0.0,"[22134, 22110, 22117, 22114, 22220, 22145, 22142, 22184, 22102, 22103, 22153, 22200, 22121, 22241, 689914]","[0, 0, 0, 0, 0, 0, 0, 0, 0, 0, 0, 0, 0, 0, 0]","[0.0, 0.0, 0.0, 0.0, 0.0, 0.0, 0.0, 0.0, 0.0, 0.0, 0.0, 0.0, 0.0, 0.0, 0.0]",,,,,,,,,,
MovieLens-25M,arms,UCB,Ours,6,1000000,20,,0.016442451420029897,835303,164697,65132.68448243278,4218846873,simulated,164597,injected samples,0.938809,1.0,103501,3215.5789473684213,"[0, 0, 0, 0, 0, 0, 0, 0, 0, 0, 0, 0, 0, 0, 0, 0, 0, 0, 0, 835303]","[3224, 3164, 3184, 3244, 3224, 3204, 3204, 3244, 3204, 3224, 3224, 3204, 3244, 3244, 3244, 3204, 3244, 3204, 3164, 103501]","[4.0, 1.0, 2.0, 5.0, 4.0, 3.0, 3.0, 5.0, 3.0, 4.0, 4.0, 3.0, 5.0, 5.0, 5.0, 3.0, 5.0, 3.0, 1.0, 0.0]",0.09379177444088241,0.0,{},,,,,,,
MovieLens-25M,arms,UCB,Clipped Suppression,6,1000000,20,,0.016442451420029897,1000000,0,65132.68448243278,2684129217,simulated,756485,suppressed non-target rounds (including 0->0),0.243515,0.243515,0,0.0,"[39815, 39815, 39815, 39815, 39815, 39815, 39815, 39815, 39815, 39815, 39815, 39815, 39815, 39815, 39815, 39815, 39815, 39815, 39815, 243515]","[0, 0, 0, 0, 0, 0, 0, 0, 0, 0, 0, 0, 0, 0, 0, 0, 0, 0, 0, 0]","[0.0, 0.0, 0.0, 0.0, 0.0, 0.0, 0.0, 0.0, 0.0, 0.0, 0.0, 0.0, 0.0, 0.0, 0.0, 0.0, 0.0, 0.0, 0.0, 0.0]",,,,,,,,,,
MovieLens-25M,arms,TS,Ours,6,1000000,20,,0.016442451420029897,761158,238842,65132.68448243278,3758076389,simulated,238742,injected samples,0.915759,1.0,154596,4428.736842105263,"[0, 0, 0, 0, 0, 0, 0, 0, 0, 0, 0, 0, 0, 0, 0, 0, 0, 0, 0, 761158]","[4435, 4388, 4404, 4451, 4435, 4420, 4420, 4451, 4420, 4435, 4435, 4420, 4451, 4451, 4451, 4420, 4451, 4420, 4388, 154596]","[4.0, 1.0, 2.0, 5.0, 4.0, 3.0, 3.0, 5.0, 3.0, 4.0, 4.0, 3.0, 5.0, 5.0, 5.0, 3.0, 5.0, 3.0, 1.0, 0.0]",0.12612943141445826,0.0,{},,,,,,,
MovieLens-25M,arms,TS,Clipped Suppression,6,1000000,20,,0.016442451420029897,1000000,0,65132.68448243278,1757262406,simulated,426483,suppressed non-target rounds (including 0->0),0.573517,0.573517,0,0.0,"[22504, 22484, 22464, 22387, 22383, 22406, 22454, 22399, 22481, 22497, 22574, 22449, 22501, 22376, 22449, 22423, 22462, 22439, 22351, 573517]","[0, 0, 0, 0, 0, 0, 0, 0, 0, 0, 0, 0, 0, 0, 0, 0, 0, 0, 0, 0]","[0.0, 0.0, 0.0, 0.0, 0.0, 0.0, 0.0, 0.0, 0.0, 0.0, 0.0, 0.0, 0.0, 0.0, 0.0, 0.0, 0.0, 0.0, 0.0, 0.0]",,,,,,,,,,
MovieLens-25M,arms,UCB,Ours,6,1000000,30,,0.016442451420029897,807183,192817,74558.3115827732,951912891,simulated,192667,injected samples,0.927918,1.0,120730,2480.5862068965516,"[0, 0, 0, 0, 0, 0, 0, 0, 0, 0, 0, 0, 0, 0, 0, 0, 0, 0, 0, 0, 0, 0, 0, 0, 0, 0, 0, 0, 0, 807183]","[2487, 2505, 2487, 2505, 2487, 2487, 2470, 2470, 2505, 2470, 2470, 2487, 2487, 2487, 2487, 2470, 2470, 2487, 2487, 2487, 2470, 2487, 2487, 2470, 2487, 2487, 2470, 2452, 2435, 120730]","[4.0, 5.0, 4.0, 5.0, 4.0, 4.0, 3.0, 3.0, 5.0, 3.0, 3.0, 4.0, 4.0, 4.0, 4.0, 3.0, 3.0, 4.0, 4.0, 4.0, 3.0, 4.0, 4.0, 3.0, 4.0, 4.0, 3.0, 2.0, 1.0, 0.0]",0.10772287305972086,0.0,{},,,,,,,
MovieLens-25M,arms,UCB,Clipped Suppression,6,1000000,30,,0.016442451420029897,1000000,0,74558.3115827732,1302451375,simulated,872481,suppressed non-target rounds (including 0->0),0.127519,0.127519,0,0.0,"[30086, 30086, 30086, 30086, 30086, 30086, 30086, 30086, 30086, 30086, 30086, 30086, 30086, 30086, 30086, 30086, 30085, 30085, 30085, 30085, 30085, 30085, 30085, 30085, 30085, 30085, 30085, 30085, 30085, 127519]","[0, 0, 0, 0, 0, 0, 0, 0, 0, 0, 0, 0, 0, 0, 0, 0, 0, 0, 0, 0, 0, 0, 0, 0, 0, 0, 0, 0, 0, 0]","[0.0, 0.0, 0.0, 0.0, 0.0, 0.0, 0.0, 0.0, 0.0, 0.0, 0.0, 0.0, 0.0, 0.0, 0.0, 0.0, 0.0, 0.0, 0.0, 0.0, 0.0, 0.0, 0.0, 0.0, 0.0, 0.0, 0.0, 0.0, 0.0, 0.0]",,,,,,,,,,
MovieLens-25M,arms,TS,Ours,6,1000000,30,,0.016442451420029897,721148,278852,74558.3115827732,1024193288,simulated,278702,injected samples,0.899803,1.0,178650,3450.0689655172414,"[0, 0, 0, 0, 0, 0, 0, 0, 0, 0, 0, 0, 0, 0, 0, 0, 0, 0, 0, 0, 0, 0, 0, 0, 0, 0, 0, 0, 0, 721148]","[3455, 3469, 3455, 3469, 3455, 3455, 3442, 3442, 3469, 3442, 3442, 3455, 3455, 3455, 3455, 3442, 3442, 3455, 3455, 3455, 3442, 3455, 3455, 3442, 3455, 3455, 3442, 3428, 3414, 178650]","[4.0, 5.0, 4.0, 5.0, 4.0, 4.0, 3.0, 3.0, 5.0, 3.0, 3.0, 4.0, 4.0, 4.0, 4.0, 3.0, 3.0, 4.0, 4.0, 4.0, 3.0, 4.0, 4.0, 3.0, 4.0, 4.0, 3.0, 2.0, 1.0, 0.0]",0.143839811617073,0.0,{},,,,,,,
MovieLens-25M,arms,TS,Clipped Suppression,6,1000000,30,,0.016442451420029897,1000000,0,74558.3115827732,2481974739,simulated,580312,suppressed non-target rounds (including 0->0),0.419688,0.419688,0,0.0,"[19913, 19990, 20068, 20074, 20055, 19991, 20042, 20030, 19949, 19961, 19994, 19935, 20134, 20041, 20139, 20098, 20016, 19938, 19974, 20016, 20028, 20029, 19987, 20014, 20037, 19942, 20033, 19884, 20000, 419688]","[0, 0, 0, 0, 0, 0, 0, 0, 0, 0, 0, 0, 0, 0, 0, 0, 0, 0, 0, 0, 0, 0, 0, 0, 0, 0, 0, 0, 0, 0]","[0.0, 0.0, 0.0, 0.0, 0.0, 0.0, 0.0, 0.0, 0.0, 0.0, 0.0, 0.0, 0.0, 0.0, 0.0, 0.0, 0.0, 0.0, 0.0, 0.0, 0.0, 0.0, 0.0, 0.0, 0.0, 0.0, 0.0, 0.0, 0.0, 0.0]",,,,,,,,,,
MovieLens-25M,arms,UCB,Ours,6,1000000,40,,0.016442451420029897,784753,215247,82062.04021557822,4278749892,simulated,215047,injected samples,0.919149,1.0,134391,2068.102564102564,"[0, 0, 0, 0, 0, 0, 0, 0, 0, 0, 0, 0, 0, 0, 0, 0, 0, 0, 0, 0, 0, 0, 0, 0, 0, 0, 0, 0, 0, 0, 0, 0, 0, 0, 0, 0, 0, 0, 0, 784753]","[2080, 2096, 2080, 2064, 2080, 2064, 2080, 2096, 2096, 2048, 2096, 2096, 2096, 2048, 2080, 2064, 2080, 2064, 2080, 2064, 2064, 2064, 2064, 2080, 2064, 2080, 2048, 2064, 2064, 2080, 2064, 2064, 2064, 2048, 2032, 2016, 2064, 2048, 2032, 134391]","[4.0, 5.0, 4.0, 3.0, 4.0, 3.0, 4.0, 5.0, 5.0, 2.0, 5.0, 5.0, 5.0, 2.0, 4.0, 3.0, 4.0, 3.0, 4.0, 3.0, 3.0, 3.0, 3.0, 4.0, 3.0, 4.0, 2.0, 3.0, 3.0, 4.0, 3.0, 3.0, 3.0, 2.0, 1.0, 0.0, 3.0, 2.0, 1.0, 0.0]",0.11846846920781509,0.0,{},,,,,,,
MovieLens-25M,arms,UCB,Clipped Suppression,6,1000000,40,,0.016442451420029897,1000000,0,82062.04021557822,3017098448,simulated,922974,suppressed non-target rounds (including 0->0),0.077026,0.077026,0,0.0,"[23666, 23666, 23666, 23666, 23666, 23666, 23666, 23666, 23666, 23666, 23666, 23666, 23666, 23666, 23666, 23666, 23666, 23666, 23666, 23666, 23666, 23666, 23666, 23666, 23666, 23666, 23666, 23666, 23666, 23666, 23666, 23666, 23666, 23666, 23666, 23666, 23666, 23666, 23666, 77026]","[0, 0, 0, 0, 0, 0, 0, 0, 0, 0, 0, 0, 0, 0, 0, 0, 0, 0, 0, 0, 0, 0, 0, 0, 0, 0, 0, 0, 0, 0, 0, 0, 0, 0, 0, 0, 0, 0, 0, 0]","[0.0, 0.0, 0.0, 0.0, 0.0, 0.0, 0.0, 0.0, 0.0, 0.0, 0.0, 0.0, 0.0, 0.0, 0.0, 0.0, 0.0, 0.0, 0.0, 0.0, 0.0, 0.0, 0.0, 0.0, 0.0, 0.0, 0.0, 0.0, 0.0, 0.0, 0.0, 0.0, 0.0, 0.0, 0.0, 0.0, 0.0, 0.0, 0.0, 0.0]",,,,,,,,,,
MovieLens-25M,arms,TS,Ours,6,1000000,40,,0.016442451420029897,688828,311172,82062.04021557822,453757968,simulated,310972,injected samples,0.886707,1.0,197874,2899.948717948718,"[0, 0, 0, 0, 0, 0, 0, 0, 0, 0, 0, 0, 0, 0, 0, 0, 0, 0, 0, 0, 0, 0, 0, 0, 0, 0, 0, 0, 0, 0, 0, 0, 0, 0, 0, 0, 0, 0, 0, 688828]","[2909, 2922, 2909, 2897, 2909, 2897, 2909, 2922, 2922, 2884, 2922, 2922, 2922, 2884, 2909, 2897, 2909, 2897, 2909, 2897, 2897, 2897, 2897, 2909, 2897, 2909, 2884, 2897, 2897, 2909, 2897, 2897, 2897, 2884, 2871, 2859, 2897, 2884, 2871, 197874]","[4.0, 5.0, 4.0, 3.0, 4.0, 3.0, 4.0, 5.0, 5.0, 2.0, 5.0, 5.0, 5.0, 2.0, 4.0, 3.0, 4.0, 3.0, 4.0, 3.0, 3.0, 3.0, 3.0, 4.0, 3.0, 4.0, 2.0, 3.0, 3.0, 4.0, 3.0, 3.0, 3.0, 2.0, 1.0, 0.0, 3.0, 2.0, 1.0, 0.0]",0.15748700656337689,0.0,{},,,,,,,
MovieLens-25M,arms,TS,Clipped Suppression,6,1000000,40,,0.016442451420029897,1000000,0,82062.04021557822,1749964922,simulated,715503,suppressed non-target rounds (including 0->0),0.284497,0.284497,0,0.0,"[18270, 18327, 18387, 18314, 18326, 18427, 18358, 18263, 18311, 18299, 18269, 18369, 18382, 18464, 18437, 18367, 18352, 18340, 18411, 18372, 18313, 18228, 18376, 18332, 18372, 18300, 18420, 18343, 18354, 18303, 18384, 18308, 18253, 18260, 18407, 18363, 18409, 18377, 18356, 284497]","[0, 0, 0, 0, 0, 0, 0, 0, 0, 0, 0, 0, 0, 0, 0, 0, 0, 0, 0, 0, 0, 0, 0, 0, 0, 0, 0, 0, 0, 0, 0, 0, 0, 0, 0, 0, 0, 0, 0, 0]","[0.0, 0.0, 0.0, 0.0, 0.0, 0.0, 0.0, 0.0, 0.0, 0.0, 0.0, 0.0, 0.0, 0.0, 0.0, 0.0, 0.0, 0.0, 0.0, 0.0, 0.0, 0.0, 0.0, 0.0, 0.0, 0.0, 0.0, 0.0, 0.0, 0.0, 0.0, 0.0, 0.0, 0.0, 0.0, 0.0, 0.0, 0.0, 0.0, 0.0]",,,,,,,,,,
MovieLens-25M,arms,UCB,Ours,6,1000000,50,,0.016442451420029897,765218,234782,88398.65308761662,3831645838,simulated,234532,injected samples,0.911308,1.0,146085,1805.0408163265306,"[0, 0, 0, 0, 0, 0, 0, 0, 0, 0, 0, 0, 0, 0, 0, 0, 0, 0, 0, 0, 0, 0, 0, 0, 0, 0, 0, 0, 0, 0, 0, 0, 0, 0, 0, 0, 0, 0, 0, 0, 0, 0, 0, 0, 0, 0, 0, 0, 0, 765218]","[1826, 1811, 1811, 1811, 1782, 1826, 1782, 1826, 1797, 1797, 1797, 1826, 1797, 1826, 1797, 1826, 1826, 1811, 1811, 1797, 1811, 1797, 1826, 1826, 1826, 1811, 1782, 1797, 1826, 1826, 1797, 1782, 1797, 1811, 1811, 1782, 1811, 1797, 1767, 1782, 1826, 1782, 1797, 1752, 1797, 1826, 1811, 1811, 1797, 146085]","[5.0, 4.0, 4.0, 4.0, 2.0, 5.0, 2.0, 5.0, 3.0, 3.0, 3.0, 5.0, 3.0, 5.0, 3.0, 5.0, 5.0, 4.0, 4.0, 3.0, 4.0, 3.0, 5.0, 5.0, 5.0, 4.0, 2.0, 3.0, 5.0, 5.0, 3.0, 2.0, 3.0, 4.0, 4.0, 2.0, 4.0, 3.0, 1.0, 2.0, 5.0, 2.0, 3.0, 0.0, 3.0, 5.0, 4.0, 4.0, 3.0, 0.0]",0.12746286401965695,0.0,{},,,,,,,
MovieLens-25M,arms,UCB,Clipped Suppression,6,1000000,50,,0.016442451420029897,1000000,0,88398.65308761662,169250343,simulated,942119,suppressed non-target rounds (including 0->0),0.057881,0.057881,0,0.0,"[19227, 19227, 19227, 19227, 19227, 19227, 19227, 19227, 19227, 19227, 19227, 19227, 19227, 19227, 19227, 19227, 19227, 19227, 19227, 19227, 19227, 19227, 19227, 19227, 19227, 19227, 19227, 19227, 19227, 19227, 19227, 19227, 19227, 19227, 19227, 19227, 19227, 19227, 19227, 19227, 19227, 19227, 19227, 19227, 19227, 19226, 19226, 19226, 19226, 57881]","[0, 0, 0, 0, 0, 0, 0, 0, 0, 0, 0, 0, 0, 0, 0, 0, 0, 0, 0, 0, 0, 0, 0, 0, 0, 0, 0, 0, 0, 0, 0, 0, 0, 0, 0, 0, 0, 0, 0, 0, 0, 0, 0, 0, 0, 0, 0, 0, 0, 0]","[0.0, 0.0, 0.0, 0.0, 0.0, 0.0, 0.0, 0.0, 0.0, 0.0, 0.0, 0.0, 0.0, 0.0, 0.0, 0.0, 0.0, 0.0, 0.0, 0.0, 0.0, 0.0, 0.0, 0.0, 0.0, 0.0, 0.0, 0.0, 0.0, 0.0, 0.0, 0.0, 0.0, 0.0, 0.0, 0.0, 0.0, 0.0, 0.0, 0.0, 0.0, 0.0, 0.0, 0.0, 0.0, 0.0, 0.0, 0.0, 0.0, 0.0]",,,,,,,,,,
MovieLens-25M,arms,TS,Ours,6,1000000,50,,0.016442451420029897,660730,339270,88398.65308761662,2390676814,simulated,339020,injected samples,0.875055,1.0,214320,2544.8979591836733,"[0, 0, 0, 0, 0, 0, 0, 0, 0, 0, 0, 0, 0, 0, 0, 0, 0, 0, 0, 0, 0, 0, 0, 0, 0, 0, 0, 0, 0, 0, 0, 0, 0, 0, 0, 0, 0, 0, 0, 0, 0, 0, 0, 0, 0, 0, 0, 0, 0, 660730]","[2562, 2550, 2550, 2550, 2526, 2562, 2526, 2562, 2538, 2538, 2538, 2562, 2538, 2562, 2538, 2562, 2562, 2550, 2550, 2538, 2550, 2538, 2562, 2562, 2562, 2550, 2526, 2538, 2562, 2562, 2538, 2526, 2538, 2550, 2550, 2526, 2550, 2538, 2515, 2526, 2562, 2526, 2538, 2503, 2538, 2562, 2550, 2550, 2538, 214320]","[5.0, 4.0, 4.0, 4.0, 2.0, 5.0, 2.0, 5.0, 3.0, 3.0, 3.0, 5.0, 3.0, 5.0, 3.0, 5.0, 5.0, 4.0, 4.0, 3.0, 4.0, 3.0, 5.0, 5.0, 5.0, 4.0, 2.0, 3.0, 5.0, 5.0, 3.0, 2.0, 3.0, 4.0, 4.0, 2.0, 4.0, 3.0, 1.0, 2.0, 5.0, 2.0, 3.0, 0.0, 3.0, 5.0, 4.0, 4.0, 3.0, 0.0]",0.16882182869910212,0.0,{},,,,,,,
MovieLens-25M,arms,TS,Clipped Suppression,6,1000000,50,,0.016442451420029897,1000000,0,88398.65308761662,3604020740,simulated,812525,suppressed non-target rounds (including 0->0),0.187475,0.187475,0,0.0,"[16597, 16601, 16620, 16547, 16539, 16648, 16632, 16622, 16668, 16646, 16482, 16622, 16556, 16576, 16697, 16532, 16578, 16617, 16612, 16574, 16546, 16560, 16564, 16620, 16556, 16635, 16546, 16519, 16612, 16631, 16549, 16643, 16560, 16589, 16577, 16503, 16638, 16619, 16534, 16560, 16543, 16599, 16477, 16524, 16508, 16586, 16533, 16608, 16620, 187475]","[0, 0, 0, 0, 0, 0, 0, 0, 0, 0, 0, 0, 0, 0, 0, 0, 0, 0, 0, 0, 0, 0, 0, 0, 0, 0, 0, 0, 0, 0, 0, 0, 0, 0, 0, 0, 0, 0, 0, 0, 0, 0, 0, 0, 0, 0, 0, 0, 0, 0]","[0.0, 0.0, 0.0, 0.0, 0.0, 0.0, 0.0, 0.0, 0.0, 0.0, 0.0, 0.0, 0.0, 0.0, 0.0, 0.0, 0.0, 0.0, 0.0, 0.0, 0.0, 0.0, 0.0, 0.0, 0.0, 0.0, 0.0, 0.0, 0.0, 0.0, 0.0, 0.0, 0.0, 0.0, 0.0, 0.0, 0.0, 0.0, 0.0, 0.0, 0.0, 0.0, 0.0, 0.0, 0.0, 0.0, 0.0, 0.0, 0.0, 0.0]",,,,,,,,,,
MovieLens-25M,gap,UCB,Ours,6,1000000,10,0.0,0.0,875118,124882,51695.845932463315,13497208,simulated,124832,injected samples,0.953874,1.0,78751,5120.111111111111,"[0, 0, 0, 0, 0, 0, 0, 0, 0, 875118]","[5131, 5131, 5157, 5106, 5157, 5131, 5106, 5106, 5056, 78751]","[4.0, 4.0, 5.0, 3.0, 5.0, 4.0, 3.0, 3.0, 1.0, 0.0]",0.07300042124880182,0.0,{},,,,,,,
MovieLens-25M,gap,UCB,Direct,6,1000000,10,0.0,0.0,884543,115457,51695.845932463315,122444083,simulated,115407,injected samples,0.957057,1.0,72509,4766.444444444444,"[0, 0, 0, 0, 0, 0, 0, 0, 0, 884543]","[4777, 4777, 4802, 4753, 4802, 4777, 4753, 4753, 4704, 72509]","[4.0, 4.0, 5.0, 3.0, 5.0, 4.0, 3.0, 3.0, 1.0, 0.0]",0.08146151002196478,0.0,"{""search"": ""same grid; exact integer TS target envelope"", ""z_stages"": [[0.0, 1.0055705112905038, 4097.0, 115409.0, 332.0], [0.08126070293875898, 0.08175170416497504, 1025.0, 115407.0, 419.0], [0.0814611311736792, 0.08146209016044915, 1025.0, 115407.0, 405.0], [0.08146150952392829, 0.08146151139694932, 1025.0, 115407.0, 273.0], [0.0814615100214495, 0.08146151002510775, 1025.0, 115407.0, 145.0], [0.08146151002196393, 0.08146151002197108, 1025.0, 115407.0, 121.0]]}",,,,,,,
MovieLens-25M,gap,UCB,Two-phase,6,1000000,10,0.0,0.0,1000000,0,51695.845932463315,1373065482,infeasible,,scheduled corrupted rounds,,,0,0.0,,"[0, 0, 0, 0, 0, 0, 0, 0, 0, 0]","[0.0, 0.0, 0.0, 0.0, 0.0, 0.0, 0.0, 0.0, 0.0, 0.0]",,,,0,0,"{""C1"": null, ""C2"": null, ""K"": 10, ""T"": 1000000, ""feasible"": false, ""learner"": ""UCB"", ""learner_setting"": ""mean + sqrt(log(T)/N)"", ""mu"": 0.0, ""reason"": ""undefined at mu_K=0"", ""source"": ""https://proceedings.neurips.cc/paper_files/paper/2021/file/be315e7f05e9f13629031915fe87ad44-Supplemental.pdf"", ""source_section"": ""A.2"", ""target_feedback"": ""deterministic mu_K"", ""total"": null, ""version"": ""xu2021-original-settings-v1""}",,,,
MovieLens-25M,gap,TS,Ours,6,1000000,10,0.0,0.0,817106,182894,51695.845932463315,461571957,simulated,182844,injected samples,0.93744,1.0,120329,6946.111111111111,"[0, 0, 0, 0, 0, 0, 0, 0, 0, 817106]","[6955, 6955, 6975, 6935, 6975, 6955, 6935, 6935, 6895, 120329]","[4.0, 4.0, 5.0, 3.0, 5.0, 4.0, 3.0, 3.0, 1.0, 0.0]",0.09959911549786407,0.0,{},,,,,,,
MovieLens-25M,gap,TS,Direct,6,1000000,10,0.0,0.0,836568,163432,51695.845932463315,1150601337,simulated,163382,injected samples,0.943601,1.0,107028,6261.555555555556,"[0, 0, 0, 0, 0, 0, 0, 0, 0, 836568]","[6270, 6270, 6289, 6251, 6289, 6270, 6251, 6251, 6213, 107028]","[4.0, 4.0, 5.0, 3.0, 5.0, 4.0, 3.0, 3.0, 1.0, 0.0]",0.10492085254366532,0.0,"{""search"": ""same grid; exact integer TS target envelope"", ""z_stages"": [[0.0, 0.9917340366815204, 4097.0, 163385.0, 433.0], [0.1045969491812541, 0.1050811943163525, 1025.0, 163382.0, 685.0], [0.10492040979883936, 0.10492135559011885, 1025.0, 163382.0, 480.0], [0.10492085221487732, 0.10492085406212592, 1025.0, 163382.0, 183.0], [0.1049208525431969, 0.1049208525468048, 1025.0, 163382.0, 133.0], [0.10492085254366199, 0.10492085254366902, 1025.0, 163382.0, 484.0]]}",,,,,,,
MovieLens-25M,gap,TS,Two-phase,6,1000000,10,0.0,0.0,1000000,0,51695.845932463315,3765886274,infeasible,,scheduled corrupted rounds,,,0,0.0,,"[0, 0, 0, 0, 0, 0, 0, 0, 0, 0]","[0.0, 0.0, 0.0, 0.0, 0.0, 0.0, 0.0, 0.0, 0.0, 0.0]",,,,0,0,"{""C1"": null, ""C2"": null, ""K"": 10, ""T"": 1000000, ""feasible"": false, ""learner"": ""TS"", ""learner_setting"": ""Beta(sum+1, N-sum+1)"", ""mu"": 0.0, ""reason"": ""undefined at mu_K=0"", ""source"": ""https://proceedings.neurips.cc/paper_files/paper/2021/file/be315e7f05e9f13629031915fe87ad44-Supplemental.pdf"", ""source_section"": ""A.4"", ""target_feedback"": ""Bernoulli(mu_K)"", ""total"": null, ""version"": ""xu2021-original-settings-v1""}",,,,
MovieLens-25M,gap,UCB,Ours,6,1000000,10,0.1,0.005169584593246332,880693,119307,51695.845932463315,2137660649,simulated,119257,injected samples,0.954021,1.0,73323,5103.777777777777,"[0, 0, 0, 0, 0, 0, 0, 0, 0, 880693]","[5115, 5115, 5140, 5090, 5140, 5115, 5090, 5090, 5039, 73323]","[4.0, 4.0, 5.0, 3.0, 5.0, 4.0, 3.0, 3.0, 1.0, 0.02584792296623166]",0.07312937328455024,0.005169584593246332,{},,,,,,,
MovieLens-25M,gap,UCB,Direct,6,1000000,10,0.1,0.005169584593246332,889140,110860,51695.845932463315,2437563831,simulated,110810,injected samples,0.957192,1.0,68047,4751.444444444444,"[0, 0, 0, 0, 0, 0, 0, 0, 0, 889140]","[4762, 4762, 4787, 4738, 4787, 4762, 4738, 4738, 4689, 68047]","[4.0, 4.0, 5.0, 3.0, 5.0, 4.0, 3.0, 3.0, 1.0, 0.02584792296623166]",0.08159089116632295,0.005169584593246332,"{""search"": ""same grid; exact integer TS target envelope"", ""z_stages"": [[0.0, 1.005570537139616, 4097.0, 110812.0, 332.0], [0.08126070502763987, 0.08175170626647757, 1025.0, 110810.0, 689.0], [0.08159059648498394, 0.08159155547177856, 1025.0, 110810.0, 315.0], [0.08159089054929401, 0.0815908924223151, 1025.0, 110810.0, 338.0], [0.08159089116570818, 0.08159089116936642, 1025.0, 110810.0, 173.0], [0.08159089116632265, 0.0815908911663298, 1025.0, 110810.0, 43.0]]}",,,,,,,
MovieLens-25M,gap,UCB,Two-phase,6,1000000,10,0.1,0.005169584593246332,1000000,0,51695.845932463315,4118421653,infeasible,5196454,scheduled corrupted rounds,,,0,0.0,,"[0, 0, 0, 0, 0, 0, 0, 0, 0, 0]","[0.0, 0.0, 0.0, 0.0, 0.0, 0.0, 0.0, 0.0, 0.0, 0.0]",,,,5169590,26864,"{""C1"": 5169590, ""C2"": 26864, ""K"": 10, ""T"": 1000000, ""feasible"": false, ""learner"": ""UCB"", ""learner_setting"": ""mean + sqrt(log(T)/N)"", ""mu"": 0.005169584593246332, ""reason"": ""original budget reaches/exceeds T"", ""source"": ""https://proceedings.neurips.cc/paper_files/paper/2021/file/be315e7f05e9f13629031915fe87ad44-Supplemental.pdf"", ""source_section"": ""A.2"", ""target_feedback"": ""deterministic mu_K"", ""total"": 5196454, ""version"": ""xu2021-original-settings-v1""}",,,,
MovieLens-25M,gap,TS,Ours,6,1000000,10,0.1,0.005169584593246332,822874,177126,51695.845932463315,1948695276,simulated,177076,injected samples,0.93764,1.0,114761,6923.888888888889,"[0, 0, 0, 0, 0, 0, 0, 0, 0, 822874]","[6933, 6933, 6952, 6913, 6952, 6933, 6913, 6913, 6873, 114761]","[4.0, 4.0, 5.0, 3.0, 5.0, 4.0, 3.0, 3.0, 1.0, 0.02584792296623166]",0.09975866299821753,0.005169584593246332,{},,,,,,,
MovieLens-25M,gap,TS,Direct,6,1000000,10,0.1,0.005169584593246332,840915,159085,51695.845932463315,1821284360,simulated,159035,injected samples,0.943556,1.0,102636,6266.555555555556,"[0, 0, 0, 0, 0, 0, 0, 0, 0, 840915]","[6275, 6275, 6294, 6256, 6294, 6275, 6256, 6256, 6218, 102636]","[4.0, 4.0, 5.0, 3.0, 5.0, 4.0, 3.0, 3.0, 1.0, 0.02584792296623166]",0.1048787581290033,0.005169584593246332,"{""search"": ""same grid; exact integer TS target envelope"", ""z_stages"": [[0.0, 0.9917340625306325, 4097.0, 159038.0, 433.0], [0.10459695190752764, 0.10508119705524768, 1025.0, 159035.0, 596.0], [0.1048783248205095, 0.10487927061181364, 1025.0, 159035.0, 470.0], [0.10487875800031579, 0.10487875984756444, 1025.0, 159035.0, 72.0], [0.1048787581283965, 0.10487875813200441, 1025.0, 159035.0, 173.0], [0.10487875812900252, 0.10487875812900957, 1025.0, 159035.0, 112.0]]}",,,,,,,
MovieLens-25M,gap,TS,Two-phase,6,1000000,10,0.1,0.005169584593246332,1000000,0,51695.845932463315,906481651,infeasible,2098502,scheduled corrupted rounds,,,0,0.0,,"[0, 0, 0, 0, 0, 0, 0, 0, 0, 0]","[0.0, 0.0, 0.0, 0.0, 0.0, 0.0, 0.0, 0.0, 0.0, 0.0]",,,,2067834,30668,"{""C1"": 2067834, ""C2"": 30668, ""K"": 10, ""T"": 1000000, ""beta"": 0.9545316954435116, ""feasible"": false, ""learner"": ""TS"", ""learner_setting"": ""Beta(sum+1, N-sum+1)"", ""mu"": 0.005169584593246332, ""n1"": 201972.97093474137, ""n2"": 211593.82906525867, ""n3"": 1.0496843132033238, ""promotion_term"": 21490.784001452565, ""reason"": ""original budget reaches/exceeds T"", ""source"": ""https://proceedings.neurips.cc/paper_files/paper/2021/file/be315e7f05e9f13629031915fe87ad44-Supplemental.pdf"", ""source_section"": ""A.4"", ""target_feedback"": ""Bernoulli(mu_K)"", ""total"": 2098502, ""version"": ""xu2021-original-settings-v1"", ""waiting_term"": 9176.919442654274}",,,,
MovieLens-25M,gap,UCB,Ours,6,1000000,10,0.2,0.010339169186492664,886273,113727,51695.845932463315,3735434086,simulated,113677,injected samples,0.954173,1.0,67895,5086.888888888889,"[0, 0, 0, 0, 0, 0, 0, 0, 0, 886273]","[5098, 5098, 5123, 5073, 5123, 5098, 5073, 5073, 5023, 67895]","[4.0, 4.0, 5.0, 3.0, 5.0, 4.0, 3.0, 3.0, 1.0, 0.05169584593246332]",0.07325920191964991,0.010339169186492664,{},,,,,,,
MovieLens-25M,gap,UCB,Direct,6,1000000,10,0.2,0.010339169186492664,893784,106216,51695.845932463315,2756978122,simulated,106166,injected samples,0.957048,1.0,63259,4767.444444444444,"[0, 0, 0, 0, 0, 0, 0, 0, 0, 893784]","[4778, 4778, 4803, 4754, 4803, 4778, 4754, 4754, 4705, 63259]","[4.0, 4.0, 5.0, 3.0, 5.0, 4.0, 3.0, 3.0, 1.0, 0.05169584593246332]",0.08145290640554155,0.010339169186492664,"{""search"": ""same grid; exact integer TS target envelope"", ""z_stages"": [[0.0, 1.005570562988728, 4097.0, 106168.0, 332.0], [0.08126070711652074, 0.08175170836798008, 1025.0, 106166.0, 401.0], [0.08145250448037204, 0.0814534634671913, 1025.0, 106166.0, 430.0], [0.08145290624340472, 0.08145290811642586, 1025.0, 106166.0, 89.0], [0.08145290640436748, 0.08145290640802572, 1025.0, 106166.0, 329.0], [0.08145290640553926, 0.08145290640554641, 1025.0, 106166.0, 328.0]]}",,,,,,,
MovieLens-25M,gap,UCB,Two-phase,6,1000000,10,0.2,0.010339169186492664,1000000,0,51695.845932463315,2387027069,infeasible,1305902,scheduled corrupted rounds,,,0,0.0,,"[0, 0, 0, 0, 0, 0, 0, 0, 0, 0]","[0.0, 0.0, 0.0, 0.0, 0.0, 0.0, 0.0, 0.0, 0.0, 0.0]",,,,1292400,13502,"{""C1"": 1292400, ""C2"": 13502, ""K"": 10, ""T"": 1000000, ""feasible"": false, ""learner"": ""UCB"", ""learner_setting"": ""mean + sqrt(log(T)/N)"", ""mu"": 0.010339169186492664, ""reason"": ""original budget reaches/exceeds T"", ""source"": ""https://proceedings.neurips.cc/paper_files/paper/2021/file/be315e7f05e9f13629031915fe87ad44-Supplemental.pdf"", ""source_section"": ""A.2"", ""target_feedback"": ""deterministic mu_K"", ""total"": 1305902, ""version"": ""xu2021-original-settings-v1""}",,,,
MovieLens-25M,gap,TS,Ours,6,1000000,10,0.2,0.010339169186492664,828647,171353,51695.845932463315,1910913711,simulated,171303,injected samples,0.937844,1.0,109192,6901.222222222223,"[0, 0, 0, 0, 0, 0, 0, 0, 0, 828647]","[6910, 6910, 6930, 6890, 6930, 6910, 6890, 6890, 6851, 109192]","[4.0, 4.0, 5.0, 3.0, 5.0, 4.0, 3.0, 3.0, 1.0, 0.05169584593246332]",0.09991927699460881,0.010339169186492664,{},,,,,,,
MovieLens-25M,gap,TS,Direct,6,1000000,10,0.2,0.010339169186492664,845308,154692,51695.845932463315,556022174,simulated,154642,injected samples,0.943601,1.0,98288,6261.555555555556,"[0, 0, 0, 0, 0, 0, 0, 0, 0, 845308]","[6270, 6270, 6289, 6251, 6289, 6270, 6251, 6251, 6213, 98288]","[4.0, 4.0, 5.0, 3.0, 5.0, 4.0, 3.0, 3.0, 1.0, 0.05169584593246332]",0.10492085254366532,0.010339169186492664,"{""search"": ""same grid; exact integer TS target envelope"", ""z_stages"": [[0.0, 0.9917340883797444, 4097.0, 154645.0, 433.0], [0.10459695463380117, 0.10508119979414283, 1025.0, 154642.0, 685.0], [0.10492041526824814, 0.10492136105957693, 1025.0, 154642.0, 474.0], [0.1049208521425631, 0.10492085398981178, 1025.0, 154642.0, 223.0], [0.10492085254304084, 0.10492085254664875, 1025.0, 154642.0, 178.0], [0.10492085254366447, 0.10492085254367152, 1025.0, 154642.0, 122.0]]}",,,,,,,
MovieLens-25M,gap,TS,Two-phase,6,1000000,10,0.2,0.010339169186492664,1000000,0,51695.845932463315,2922449544,simulated,539705,scheduled corrupted rounds,0.534646,0.534646,0,0.0,"[51856, 51775, 51607, 51787, 51584, 51672, 51655, 51610, 51808, 534646]","[0, 0, 0, 0, 0, 0, 0, 0, 0, 0]","[0.0, 0.0, 0.0, 0.0, 0.0, 0.0, 0.0, 0.0, 0.0, 0.0]",,,,516959,22746,"{""C1"": 516959, ""C2"": 22746, ""K"": 10, ""T"": 1000000, ""beta"": 0.9110860762152083, ""feasible"": true, ""learner"": ""TS"", ""learner_setting"": ""Beta(sum+1, N-sum+1)"", ""mu"": 0.010339169186492664, ""n1"": 49290.684304214476, ""n2"": 54101.115695785535, ""n3"": 1.0997390623339454, ""promotion_term"": 10801.53199371647, ""reason"": """", ""source"": ""https://proceedings.neurips.cc/paper_files/paper/2021/file/be315e7f05e9f13629031915fe87ad44-Supplemental.pdf"", ""source_section"": ""A.4"", ""target_feedback"": ""Bernoulli(mu_K)"", ""total"": 539705, ""version"": ""xu2021-original-settings-v1"", ""waiting_term"": 11943.844471723236}","[51852, 51774, 51606, 51787, 51583, 51671, 51653, 51609, 51808, 51616]","[4, 1, 1, 0, 1, 1, 2, 1, 0, 22735]","[0, 0, 0, 0, 0, 0, 0, 0, 0, 460295]",1.0
MovieLens-25M,gap,UCB,Ours,6,1000000,10,0.3,0.015508753779738994,891854,108146,51695.845932463315,2846519826,simulated,108096,injected samples,0.954326,1.0,62467,5069.888888888889,"[0, 0, 0, 0, 0, 0, 0, 0, 0, 891854]","[5081, 5081, 5106, 5056, 5106, 5081, 5056, 5056, 5006, 62467]","[4.0, 4.0, 5.0, 3.0, 5.0, 4.0, 3.0, 3.0, 1.0, 0.07754376889869496]",0.07338991210151449,0.015508753779738994,{},,,,,,,
MovieLens-25M,gap,UCB,Direct,6,1000000,10,0.3,0.015508753779738994,898478,101522,51695.845932463315,2486482194,simulated,101472,injected samples,0.957246,1.0,58763,4745.444444444444,"[0, 0, 0, 0, 0, 0, 0, 0, 0, 898478]","[4756, 4756, 4781, 4732, 4781, 4756, 4732, 4732, 4683, 58763]","[4.0, 4.0, 5.0, 3.0, 5.0, 4.0, 3.0, 3.0, 1.0, 0.07754376889869496]",0.08164281590967408,0.015508753779738994,"{""search"": ""same grid; exact integer TS target envelope"", ""z_stages"": [[0.0, 1.00557058883784, 4097.0, 101474.0, 332.0], [0.08126070920540161, 0.08175171046948258, 1025.0, 101472.0, 797.0], [0.08164238596927706, 0.08164334495612097, 1025.0, 101472.0, 460.0], [0.08164281582763776, 0.08164281770065894, 1025.0, 101472.0, 45.0], [0.08164281590811914, 0.08164281591177738, 1025.0, 101472.0, 436.0], [0.08164281590967318, 0.08164281590968032, 1025.0, 101472.0, 129.0]]}",,,,,,,
MovieLens-25M,gap,UCB,Two-phase,6,1000000,10,0.3,0.015508753779738994,1000000,0,51695.845932463315,2133726092,simulated,583449,scheduled corrupted rounds,0.483031,0.483031,0,0.0,"[57441, 57441, 57441, 57441, 57441, 57441, 57441, 57441, 57441, 483031]","[0, 0, 0, 0, 0, 0, 0, 0, 0, 0]","[0.0, 0.0, 0.0, 0.0, 0.0, 0.0, 0.0, 0.0, 0.0, 0.0]",,,,574400,9049,"{""C1"": 574400, ""C2"": 9049, ""K"": 10, ""T"": 1000000, ""feasible"": true, ""learner"": ""UCB"", ""learner_setting"": ""mean + sqrt(log(T)/N)"", ""mu"": 0.015508753779738994, ""reason"": """", ""source"": ""https://proceedings.neurips.cc/paper_files/paper/2021/file/be315e7f05e9f13629031915fe87ad44-Supplemental.pdf"", ""source_section"": ""A.2"", ""target_feedback"": ""deterministic mu_K"", ""total"": 583449, ""version"": ""xu2021-original-settings-v1""}","[57440, 57440, 57440, 57440, 57440, 57440, 57440, 57440, 57440, 57440]","[1, 1, 1, 1, 1, 1, 1, 1, 1, 9040]","[0, 0, 0, 0, 0, 0, 0, 0, 0, 416551]",1.0
MovieLens-25M,gap,TS,Ours,6,1000000,10,0.3,0.015508753779738994,834416,165584,51695.845932463315,1236001572,simulated,165534,injected samples,0.938043,1.0,103622,6879.111111111111,"[0, 0, 0, 0, 0, 0, 0, 0, 0, 834416]","[6888, 6888, 6908, 6868, 6908, 6888, 6868, 6868, 6828, 103622]","[4.0, 4.0, 5.0, 3.0, 5.0, 4.0, 3.0, 3.0, 1.0, 0.07754376889869496]",0.10008097024672191,0.015508753779738994,{},,,,,,,
MovieLens-25M,gap,TS,Direct,6,1000000,10,0.3,0.015508753779738994,849747,150253,51695.845932463315,2470941237,simulated,150203,injected samples,0.943664,1.0,93912,6254.555555555556,"[0, 0, 0, 0, 0, 0, 0, 0, 0, 849747]","[6263, 6263, 6282, 6244, 6282, 6263, 6244, 6244, 6206, 93912]","[4.0, 4.0, 5.0, 3.0, 5.0, 4.0, 3.0, 3.0, 1.0, 0.07754376889869496]",0.10497998436475144,0.015508753779738994,"{""search"": ""same grid; exact integer TS target envelope"", ""z_stages"": [[0.0, 0.9917341142288565, 4097.0, 150206.0, 434.0], [0.10483907994655636, 0.10532332511951967, 1025.0, 150203.0, 298.0], [0.10497952996254278, 0.10498047575389624, 1025.0, 150203.0, 492.0], [0.10497998346210777, 0.10497998530935651, 1025.0, 150203.0, 501.0], [0.10497998436408469, 0.1049799843676926, 1025.0, 150203.0, 190.0], [0.1049799843647506, 0.10497998436475765, 1025.0, 150203.0, 120.0]]}",,,,,,,
MovieLens-25M,gap,TS,Two-phase,6,1000000,10,0.3,0.015508753779738994,1000000,0,51695.845932463315,1794695899,simulated,252629,scheduled corrupted rounds,0.79315,0.79315,0,0.0,"[23047, 22947, 22960, 22994, 23018, 22881, 22985, 23065, 22953, 793150]","[0, 0, 0, 0, 0, 0, 0, 0, 0, 0]","[0.0, 0.0, 0.0, 0.0, 0.0, 0.0, 0.0, 0.0, 0.0, 0.0]",,,,229760,22869,"{""C1"": 229760, ""C2"": 22869, ""K"": 10, ""T"": 1000000, ""beta"": 0.8695323470156004, ""feasible"": true, ""learner"": ""TS"", ""learner_setting"": ""Beta(sum+1, N-sum+1)"", ""mu"": 0.015508753779738994, ""n1"": 21372.5213186025, ""n2"": 24579.4786813975, ""n3"": 1.1522940470257748, ""promotion_term"": 7238.848048905075, ""reason"": """", ""source"": ""https://proceedings.neurips.cc/paper_files/paper/2021/file/be315e7f05e9f13629031915fe87ad44-Supplemental.pdf"", ""source_section"": ""A.4"", ""target_feedback"": ""Bernoulli(mu_K)"", ""total"": 252629, ""version"": ""xu2021-original-settings-v1"", ""waiting_term"": 15629.872243122792}","[23046, 22945, 22958, 22992, 23017, 22881, 22982, 23063, 22953, 22923]","[1, 2, 2, 2, 1, 0, 3, 2, 0, 22856]","[0, 0, 0, 0, 0, 0, 0, 0, 0, 747371]",1.0
MovieLens-25M,gap,UCB,Ours,6,1000000,10,0.4,0.020678338372985328,897428,102572,51695.845932463315,1098918646,simulated,102522,injected samples,0.954471,1.0,57038,5053.777777777777,"[0, 0, 0, 0, 0, 0, 0, 0, 0, 897428]","[5065, 5065, 5090, 5040, 5090, 5065, 5040, 5040, 4989, 57038]","[4.0, 4.0, 5.0, 3.0, 5.0, 4.0, 3.0, 3.0, 1.0, 0.10339169186492664]",0.07352151680416716,0.020678338372985328,{},,,,,,,
MovieLens-25M,gap,UCB,Direct,6,1000000,10,0.4,0.020678338372985328,903221,96779,51695.845932463315,116681016,simulated,96729,injected samples,0.957293,1.0,54067,4740.222222222223,"[0, 0, 0, 0, 0, 0, 0, 0, 0, 903221]","[4751, 4751, 4775, 4727, 4775, 4751, 4727, 4727, 4678, 54067]","[4.0, 4.0, 5.0, 3.0, 5.0, 4.0, 3.0, 3.0, 1.0, 0.10339169186492664]",0.08168793042955902,0.020678338372985328,"{""search"": ""same grid; exact integer TS target envelope"", ""z_stages"": [[0.0, 1.0055706146869519, 4097.0, 96732.0, 332.0], [0.08126071129428249, 0.0817517125709851, 1025.0, 96729.0, 891.0], [0.08168746045079159, 0.08168841943766016, 1025.0, 96729.0, 502.0], [0.08168792964260913, 0.08168793151563035, 1025.0, 96729.0, 431.0], [0.08168793042913171, 0.08168793043278995, 1025.0, 96729.0, 120.0], [0.08168793042955684, 0.08168793042956399, 1025.0, 96729.0, 312.0]]}",,,,,,,
MovieLens-25M,gap,UCB,Two-phase,6,1000000,10,0.4,0.020678338372985328,1000000,0,51695.845932463315,3847001024,simulated,329923,scheduled corrupted rounds,0.709201,0.709201,0,0.0,"[32311, 32311, 32311, 32311, 32311, 32311, 32311, 32311, 32311, 709201]","[0, 0, 0, 0, 0, 0, 0, 0, 0, 0]","[0.0, 0.0, 0.0, 0.0, 0.0, 0.0, 0.0, 0.0, 0.0, 0.0]",,,,323100,6823,"{""C1"": 323100, ""C2"": 6823, ""K"": 10, ""T"": 1000000, ""feasible"": true, ""learner"": ""UCB"", ""learner_setting"": ""mean + sqrt(log(T)/N)"", ""mu"": 0.020678338372985328, ""reason"": """", ""source"": ""https://proceedings.neurips.cc/paper_files/paper/2021/file/be315e7f05e9f13629031915fe87ad44-Supplemental.pdf"", ""source_section"": ""A.2"", ""target_feedback"": ""deterministic mu_K"", ""total"": 329923, ""version"": ""xu2021-original-settings-v1""}","[32310, 32310, 32310, 32310, 32310, 32310, 32310, 32310, 32310, 32310]","[1, 1, 1, 1, 1, 1, 1, 1, 1, 6814]","[0, 0, 0, 0, 0, 0, 0, 0, 0, 670077]",1.0
MovieLens-25M,gap,TS,Ours,6,1000000,10,0.4,0.020678338372985328,840184,159816,51695.845932463315,2353832569,simulated,159766,injected samples,0.938241,1.0,98052,6857.111111111111,"[0, 0, 0, 0, 0, 0, 0, 0, 0, 840184]","[6866, 6866, 6886, 6846, 6886, 6866, 6846, 6846, 6806, 98052]","[4.0, 4.0, 5.0, 3.0, 5.0, 4.0, 3.0, 3.0, 1.0, 0.10339169186492664]",0.10024375434383204,0.020678338372985328,{},,,,,,,
MovieLens-25M,gap,TS,Direct,6,1000000,10,0.4,0.020678338372985328,854232,145768,51695.845932463315,2511443901,simulated,145718,injected samples,0.943556,1.0,89319,6266.555555555556,"[0, 0, 0, 0, 0, 0, 0, 0, 0, 854232]","[6275, 6275, 6294, 6256, 6294, 6275, 6256, 6256, 6218, 89319]","[4.0, 4.0, 5.0, 3.0, 5.0, 4.0, 3.0, 3.0, 1.0, 0.10339169186492664]",0.1048787581290033,0.020678338372985328,"{""search"": ""same grid; exact integer TS target envelope"", ""z_stages"": [[0.0, 0.9917341400779685, 4097.0, 145721.0, 433.0], [0.10459696008634824, 0.10508120527193318, 1025.0, 145718.0, 596.0], [0.10487833302133168, 0.10487927881270977, 1025.0, 145718.0, 461.0], [0.1048787578885523, 0.10487875973580109, 1025.0, 145718.0, 134.0], [0.10487875812847818, 0.10487875813208608, 1025.0, 145718.0, 150.0], [0.10487875812900316, 0.1048787581290102, 1025.0, 145718.0, 20.0]]}",,,,,,,
MovieLens-25M,gap,TS,Two-phase,6,1000000,10,0.4,0.020678338372985328,1000000,0,51695.845932463315,154229956,simulated,155270,scheduled corrupted rounds,0.883761,0.883761,0,0.0,"[12901, 12994, 12954, 12849, 12930, 12913, 12879, 12871, 12948, 883761]","[0, 0, 0, 0, 0, 0, 0, 0, 0, 0]","[0.0, 0.0, 0.0, 0.0, 0.0, 0.0, 0.0, 0.0, 0.0, 0.0]",,,,129240,26030,"{""C1"": 129240, ""C2"": 26030, ""K"": 10, ""T"": 1000000, ""beta"": 0.8297505246489114, ""feasible"": true, ""learner"": ""TS"", ""learner_setting"": ""Beta(sum+1, N-sum+1)"", ""mu"": 0.020678338372985328, ""n1"": 11721.390988951873, ""n2"": 14126.609011048127, ""n3"": 1.2075399983463464, ""promotion_term"": 5457.795035156615, ""reason"": """", ""source"": ""https://proceedings.neurips.cc/paper_files/paper/2021/file/be315e7f05e9f13629031915fe87ad44-Supplemental.pdf"", ""source_section"": ""A.4"", ""target_feedback"": ""Bernoulli(mu_K)"", ""total"": 155270, ""version"": ""xu2021-original-settings-v1"", ""waiting_term"": 20571.576084349912}","[12900, 12991, 12952, 12848, 12929, 12910, 12878, 12869, 12944, 13019]","[1, 3, 2, 1, 1, 3, 1, 2, 4, 26012]","[0, 0, 0, 0, 0, 0, 0, 0, 0, 844730]",1.0
MovieLens-25M,gap,UCB,Ours,6,1000000,10,0.5,0.025847922966231656,903009,96991,51695.845932463315,1906403482,simulated,96941,injected samples,0.954623,1.0,51609,5036.888888888889,"[0, 0, 0, 0, 0, 0, 0, 0, 0, 903009]","[5048, 5048, 5073, 5023, 5073, 5048, 5023, 5023, 4973, 51609]","[4.0, 4.0, 5.0, 3.0, 5.0, 4.0, 3.0, 3.0, 1.0, 0.12923961483115828]",0.07365402709337818,0.025847922966231656,{},,,,,,,
MovieLens-25M,gap,UCB,Direct,6,1000000,10,0.5,0.025847922966231656,908014,91986,51695.845932463315,3438501438,simulated,91936,injected samples,0.957237,1.0,49218,4746.444444444444,"[0, 0, 0, 0, 0, 0, 0, 0, 0, 908014]","[4757, 4757, 4782, 4733, 4782, 4757, 4733, 4733, 4684, 49218]","[4.0, 4.0, 5.0, 3.0, 5.0, 4.0, 3.0, 3.0, 1.0, 0.12923961483115828]",0.08163415492499956,0.025847922966231656,"{""search"": ""same grid; exact integer TS target envelope"", ""z_stages"": [[0.0, 1.005570640536064, 4097.0, 91938.0, 332.0], [0.08126071338316337, 0.08175171467248762, 1025.0, 91936.0, 779.0], [0.08163375928462262, 0.08163471827151583, 1025.0, 91936.0, 423.0], [0.08163415449211181, 0.08163415636513309, 1025.0, 91936.0, 237.0], [0.08163415492378469, 0.08163415492744293, 1025.0, 91936.0, 341.0], [0.08163415492499934, 0.08163415492500649, 1025.0, 91936.0, 31.0]]}",,,,,,,
MovieLens-25M,gap,UCB,Two-phase,6,1000000,10,0.5,0.025847922966231656,1000000,0,51695.845932463315,36449587,simulated,212277,scheduled corrupted rounds,0.81388,0.81388,0,0.0,"[20680, 20680, 20680, 20680, 20680, 20680, 20680, 20680, 20680, 813880]","[0, 0, 0, 0, 0, 0, 0, 0, 0, 0]","[0.0, 0.0, 0.0, 0.0, 0.0, 0.0, 0.0, 0.0, 0.0, 0.0]",,,,206790,5487,"{""C1"": 206790, ""C2"": 5487, ""K"": 10, ""T"": 1000000, ""feasible"": true, ""learner"": ""UCB"", ""learner_setting"": ""mean + sqrt(log(T)/N)"", ""mu"": 0.025847922966231656, ""reason"": """", ""source"": ""https://proceedings.neurips.cc/paper_files/paper/2021/file/be315e7f05e9f13629031915fe87ad44-Supplemental.pdf"", ""source_section"": ""A.2"", ""target_feedback"": ""deterministic mu_K"", ""total"": 212277, ""version"": ""xu2021-original-settings-v1""}","[20679, 20679, 20679, 20679, 20679, 20679, 20679, 20679, 20679, 20679]","[1, 1, 1, 1, 1, 1, 1, 1, 1, 5478]","[0, 0, 0, 0, 0, 0, 0, 0, 0, 787723]",1.0
MovieLens-25M,gap,TS,Ours,6,1000000,10,0.5,0.025847922966231656,845955,154045,51695.845932463315,3875633587,simulated,153995,injected samples,0.938441,1.0,92481,6834.888888888889,"[0, 0, 0, 0, 0, 0, 0, 0, 0, 845955]","[6844, 6844, 6863, 6824, 6863, 6844, 6824, 6824, 6784, 92481]","[4.0, 4.0, 5.0, 3.0, 5.0, 4.0, 3.0, 3.0, 1.0, 0.12923961483115828]",0.10040764646056521,0.025847922966231656,{},,,,,,,
MovieLens-25M,gap,TS,Direct,6,1000000,10,0.5,0.025847922966231656,858766,141234,51695.845932463315,3029004677,simulated,141184,injected samples,0.943781,1.0,85010,6241.555555555556,"[0, 0, 0, 0, 0, 0, 0, 0, 0, 858766]","[6250, 6250, 6269, 6231, 6269, 6250, 6231, 6231, 6193, 85010]","[4.0, 4.0, 5.0, 3.0, 5.0, 4.0, 3.0, 3.0, 1.0, 0.12923961483115828]",0.105090190809143,0.025847922966231656,"{""search"": ""same grid; exact integer TS target envelope"", ""z_stages"": [[0.0, 0.9917341659270805, 4097.0, 141187.0, 434.0], [0.10483908541172507, 0.10532333060993165, 1025.0, 141184.0, 531.0], [0.1050897201334531, 0.10509066592485583, 1025.0, 141184.0, 510.0], [0.10509019025828122, 0.10509019210553004, 1025.0, 141184.0, 306.0], [0.10509019080848717, 0.10509019081209507, 1025.0, 141184.0, 187.0], [0.1050901908091425, 0.10509019080914955, 1025.0, 141184.0, 72.0]]}",,,,,,,
MovieLens-25M,gap,TS,Two-phase,6,1000000,10,0.5,0.025847922966231656,1000000,0,51695.845932463315,2931336236,simulated,114345,scheduled corrupted rounds,0.925567,0.925567,0,0.0,"[8284, 8324, 8228, 8256, 8240, 8322, 8258, 8253, 8268, 925567]","[0, 0, 0, 0, 0, 0, 0, 0, 0, 0]","[0.0, 0.0, 0.0, 0.0, 0.0, 0.0, 0.0, 0.0, 0.0, 0.0]",,,,82714,31631,"{""C1"": 82714, ""C2"": 31631, ""K"": 10, ""T"": 1000000, ""beta"": 0.7916312468634676, ""feasible"": true, ""learner"": ""TS"", ""learner_setting"": ""Beta(sum+1, N-sum+1)"", ""mu"": 0.025847922966231656, ""n1"": 7309.3104648547105, ""n2"": 9233.48953514529, ""n3"": 1.2656864558243412, ""promotion_term"": 4389.427791888336, ""reason"": """", ""source"": ""https://proceedings.neurips.cc/paper_files/paper/2021/file/be315e7f05e9f13629031915fe87ad44-Supplemental.pdf"", ""source_section"": ""A.4"", ""target_feedback"": ""Bernoulli(mu_K)"", ""total"": 114345, ""version"": ""xu2021-original-settings-v1"", ""waiting_term"": 27241.08315291435}","[8282, 8323, 8228, 8256, 8239, 8321, 8255, 8253, 8266, 8291]","[2, 1, 0, 0, 1, 1, 3, 0, 2, 31621]","[0, 0, 0, 0, 0, 0, 0, 0, 0, 885655]",1.0
MovieLens-25M,gap,UCB,Ours,6,1000000,10,0.75,0.03877188444934749,916963,83037,51695.845932463315,2599810470,simulated,82987,injected samples,0.955001,1.0,38033,4994.888888888889,"[0, 0, 0, 0, 0, 0, 0, 0, 0, 916963]","[5006, 5006, 5031, 4981, 5031, 5006, 4981, 4981, 4931, 38033]","[4.0, 4.0, 5.0, 3.0, 5.0, 4.0, 3.0, 3.0, 1.0, 0.19385942224673744]",0.07398933619181419,0.03877188444934749,{},,,,,,,
MovieLens-25M,gap,UCB,Direct,6,1000000,10,0.75,0.03877188444934749,920222,79778,51695.845932463315,2896920214,simulated,79728,injected samples,0.957084,1.0,36857,4763.444444444444,"[0, 0, 0, 0, 0, 0, 0, 0, 0, 920222]","[4774, 4774, 4799, 4750, 4799, 4774, 4750, 4750, 4701, 36857]","[4.0, 4.0, 5.0, 3.0, 5.0, 4.0, 3.0, 3.0, 1.0, 0.19385942224673744]",0.08148733718174778,0.03877188444934749,"{""search"": ""same grid; exact integer TS target envelope"", ""z_stages"": [[0.0, 1.005570705158844, 4097.0, 79730.0, 332.0], [0.08126071860536557, 0.08175171992624392, 1025.0, 79728.0, 473.0], [0.08148703952670794, 0.08148799851366277, 1025.0, 79728.0, 318.0], [0.08148733640059923, 0.08148733827362062, 1025.0, 79728.0, 428.0], [0.08148733718163452, 0.08148733718529276, 1025.0, 79728.0, 32.0], [0.08148733718174526, 0.08148733718175241, 1025.0, 79728.0, 359.0]]}",,,,,,,
MovieLens-25M,gap,UCB,Two-phase,6,1000000,10,0.75,0.03877188444934749,1000000,0,51695.845932463315,702470357,simulated,95618,scheduled corrupted rounds,0.917272,0.917272,0,0.0,"[9192, 9192, 9192, 9192, 9192, 9192, 9192, 9192, 9192, 917272]","[0, 0, 0, 0, 0, 0, 0, 0, 0, 0]","[0.0, 0.0, 0.0, 0.0, 0.0, 0.0, 0.0, 0.0, 0.0, 0.0]",,,,91910,3708,"{""C1"": 91910, ""C2"": 3708, ""K"": 10, ""T"": 1000000, ""feasible"": true, ""learner"": ""UCB"", ""learner_setting"": ""mean + sqrt(log(T)/N)"", ""mu"": 0.03877188444934749, ""reason"": """", ""source"": ""https://proceedings.neurips.cc/paper_files/paper/2021/file/be315e7f05e9f13629031915fe87ad44-Supplemental.pdf"", ""source_section"": ""A.2"", ""target_feedback"": ""deterministic mu_K"", ""total"": 95618, ""version"": ""xu2021-original-settings-v1""}","[9191, 9191, 9191, 9191, 9191, 9191, 9191, 9191, 9191, 9191]","[1, 1, 1, 1, 1, 1, 1, 1, 1, 3699]","[0, 0, 0, 0, 0, 0, 0, 0, 0, 904382]",1.0
MovieLens-25M,gap,TS,Ours,6,1000000,10,0.75,0.03877188444934749,860387,139613,51695.845932463315,1313874116,simulated,139563,injected samples,0.938942,1.0,78550,6779.222222222223,"[0, 0, 0, 0, 0, 0, 0, 0, 0, 860387]","[6788, 6788, 6808, 6768, 6808, 6788, 6768, 6768, 6729, 78550]","[4.0, 4.0, 5.0, 3.0, 5.0, 4.0, 3.0, 3.0, 1.0, 0.19385942224673744]",0.10082229490288358,0.03877188444934749,{},,,,,,,
MovieLens-25M,gap,TS,Direct,6,1000000,10,0.75,0.03877188444934749,870312,129688,51695.845932463315,192932164,simulated,129638,injected samples,0.943664,1.0,73347,6254.555555555556,"[0, 0, 0, 0, 0, 0, 0, 0, 0, 870312]","[6263, 6263, 6282, 6244, 6282, 6263, 6244, 6244, 6206, 73347]","[4.0, 4.0, 5.0, 3.0, 5.0, 4.0, 3.0, 3.0, 1.0, 0.19385942224673744]",0.10497998436475144,0.03877188444934749,"{""search"": ""same grid; exact integer TS target envelope"", ""z_stages"": [[0.0, 0.9917342305498605, 4097.0, 129641.0, 434.0], [0.10483909224318594, 0.10532333747294662, 1025.0, 129638.0, 298.0], [0.10497954227564582, 0.1049804880671102, 1025.0, 129638.0, 479.0], [0.1049799837681458, 0.10497998561539475, 1025.0, 129638.0, 331.0], [0.10497998436345063, 0.10497998436705855, 1025.0, 129638.0, 370.0], [0.10497998436475074, 0.10497998436475779, 1025.0, 129638.0, 100.0]]}",,,,,,,
MovieLens-25M,gap,TS,Two-phase,6,1000000,10,0.75,0.03877188444934749,1000000,0,51695.845932463315,1031270381,simulated,96319,scheduled corrupted rounds,0.966906,0.966906,0,0.0,"[3680, 3676, 3641, 3699, 3695, 3701, 3655, 3695, 3652, 966906]","[0, 0, 0, 0, 0, 0, 0, 0, 0, 0]","[0.0, 0.0, 0.0, 0.0, 0.0, 0.0, 0.0, 0.0, 0.0, 0.0]",,,,36762,59557,"{""C1"": 36762, ""C2"": 59557, ""K"": 10, ""T"": 1000000, ""beta"": 0.7029612790013512, ""feasible"": true, ""learner"": ""TS"", ""learner_setting"": ""Beta(sum+1, N-sum+1)"", ""mu"": 0.03877188444934749, ""n1"": 3034.8050379860897, ""n2"": 4317.59496201391, ""n3"": 1.4253373223996604, ""promotion_term"": 2965.6477855111257, ""reason"": """", ""source"": ""https://proceedings.neurips.cc/paper_files/paper/2021/file/be315e7f05e9f13629031915fe87ad44-Supplemental.pdf"", ""source_section"": ""A.4"", ""target_feedback"": ""Bernoulli(mu_K)"", ""total"": 96319, ""version"": ""xu2021-original-settings-v1"", ""waiting_term"": 56590.68151852219}","[3680, 3675, 3640, 3698, 3695, 3698, 3655, 3692, 3650, 3679]","[0, 1, 1, 1, 0, 3, 0, 3, 2, 59546]","[0, 0, 0, 0, 0, 0, 0, 0, 0, 903681]",1.0
MovieLens-25M,gap,UCB,Ours,6,1000000,10,1.0,0.05169584593246331,930922,69078,51695.845932463315,3197937311,simulated,69028,injected samples,0.955381,1.0,24454,4952.666666666667,"[0, 0, 0, 0, 0, 0, 0, 0, 0, 930922]","[4964, 4964, 4988, 4939, 4988, 4964, 4939, 4939, 4889, 24454]","[4.0, 4.0, 5.0, 3.0, 5.0, 4.0, 3.0, 3.0, 1.0, 0.25847922966231657]",0.07433055134420108,0.05169584593246331,{},,,,,,,
MovieLens-25M,gap,UCB,Direct,6,1000000,10,1.0,0.05169584593246331,932764,67236,51695.845932463315,3909158156,simulated,67186,injected samples,0.957284,1.0,24515,4741.222222222223,"[0, 0, 0, 0, 0, 0, 0, 0, 0, 932764]","[4752, 4752, 4776, 4728, 4776, 4752, 4728, 4728, 4679, 24515]","[4.0, 4.0, 5.0, 3.0, 5.0, 4.0, 3.0, 3.0, 1.0, 0.25847922966231657]",0.0816792776191882,0.05169584593246331,"{""search"": ""same grid; exact integer TS target envelope"", ""z_stages"": [[0.0, 1.005570769781624, 4097.0, 67189.0, 332.0], [0.08126072382756777, 0.08175172518000019, 1025.0, 67186.0, 873.0], [0.0816788421667485, 0.08167980115376497, 1025.0, 67186.0, 465.0], [0.08167927670774033, 0.08167927858076186, 1025.0, 67186.0, 499.0], [0.08167927761864338, 0.08167927762230162, 1025.0, 67186.0, 153.0], [0.0816792776191864, 0.08167927761919355, 1025.0, 67186.0, 256.0]]}",,,,,,,
MovieLens-25M,gap,UCB,Two-phase,6,1000000,10,1.0,0.05169584593246331,1000000,0,51695.845932463315,1565939785,simulated,54519,scheduled corrupted rounds,0.953461,0.953461,0,0.0,"[5171, 5171, 5171, 5171, 5171, 5171, 5171, 5171, 5171, 953461]","[0, 0, 0, 0, 0, 0, 0, 0, 0, 0]","[0.0, 0.0, 0.0, 0.0, 0.0, 0.0, 0.0, 0.0, 0.0, 0.0]",,,,51700,2819,"{""C1"": 51700, ""C2"": 2819, ""K"": 10, ""T"": 1000000, ""feasible"": true, ""learner"": ""UCB"", ""learner_setting"": ""mean + sqrt(log(T)/N)"", ""mu"": 0.05169584593246331, ""reason"": """", ""source"": ""https://proceedings.neurips.cc/paper_files/paper/2021/file/be315e7f05e9f13629031915fe87ad44-Supplemental.pdf"", ""source_section"": ""A.2"", ""target_feedback"": ""deterministic mu_K"", ""total"": 54519, ""version"": ""xu2021-original-settings-v1""}","[5170, 5170, 5170, 5170, 5170, 5170, 5170, 5170, 5170, 5170]","[1, 1, 1, 1, 1, 1, 1, 1, 1, 2810]","[0, 0, 0, 0, 0, 0, 0, 0, 0, 945481]",1.0
MovieLens-25M,gap,TS,Ours,6,1000000,10,1.0,0.05169584593246331,874828,125172,51695.845932463315,4136891865,simulated,125122,injected samples,0.939448,1.0,64615,6723.0,"[0, 0, 0, 0, 0, 0, 0, 0, 0, 874828]","[6732, 6732, 6751, 6712, 6751, 6732, 6712, 6712, 6673, 64615]","[4.0, 4.0, 5.0, 3.0, 5.0, 4.0, 3.0, 3.0, 1.0, 0.25847922966231657]",0.1012441515100094,0.05169584593246331,{},,,,,,,
MovieLens-25M,gap,TS,Direct,6,1000000,10,1.0,0.05169584593246331,882173,117827,51695.845932463315,3864544302,simulated,117777,injected samples,0.943601,1.0,61423,6261.555555555556,"[0, 0, 0, 0, 0, 0, 0, 0, 0, 882173]","[6270, 6270, 6289, 6251, 6289, 6270, 6251, 6251, 6213, 61423]","[4.0, 4.0, 5.0, 3.0, 5.0, 4.0, 3.0, 3.0, 1.0, 0.25847922966231657]",0.10492085254366532,0.05169584593246331,"{""search"": ""same grid; exact integer TS target envelope"", ""z_stages"": [[0.0, 0.9917342951726407, 4097.0, 117780.0, 434.0], [0.10483909907464682, 0.10532334433596159, 1025.0, 117777.0, 173.0], [0.10492043714588328, 0.1049213829374093, 1025.0, 117777.0, 450.0], [0.10492085185330045, 0.10492085370054953, 1025.0, 117777.0, 383.0], [0.10492085254241094, 0.10492085254601885, 1025.0, 117777.0, 357.0], [0.10492085254366526, 0.1049208525436723, 1025.0, 117777.0, 8.0]]}",,,,,,,
MovieLens-25M,gap,TS,Two-phase,6,1000000,10,1.0,0.05169584593246331,1000000,0,51695.845932463315,2322810775,simulated,146125,scheduled corrupted rounds,0.981404,0.981404,0,0.0,"[2027, 2070, 2090, 2087, 2050, 2078, 2056, 2071, 2067, 981404]","[0, 0, 0, 0, 0, 0, 0, 0, 0, 0]","[0.0, 0.0, 0.0, 0.0, 0.0, 0.0, 0.0, 0.0, 0.0, 0.0]",,,,20679,125446,"{""C1"": 20679, ""C2"": 125446, ""K"": 10, ""T"": 1000000, ""beta"": 0.6226981130941249, ""feasible"": true, ""learner"": ""TS"", ""learner_setting"": ""Beta(sum+1, N-sum+1)"", ""mu"": 0.05169584593246331, ""n1"": 1586.8494167025717, ""n2"": 2548.9505832974282, ""n3"": 1.6090573041626903, ""promotion_term"": 2254.589718819844, ""reason"": """", ""source"": ""https://proceedings.neurips.cc/paper_files/paper/2021/file/be315e7f05e9f13629031915fe87ad44-Supplemental.pdf"", ""source_section"": ""A.4"", ""target_feedback"": ""Bernoulli(mu_K)"", ""total"": 146125, ""version"": ""xu2021-original-settings-v1"", ""waiting_term"": 123191.31273692497}","[2027, 2069, 2090, 2085, 2050, 2076, 2056, 2071, 2067, 2088]","[0, 1, 0, 2, 0, 2, 0, 0, 0, 125441]","[0, 0, 0, 0, 0, 0, 0, 0, 0, 853875]",1.0
MovieLens-25M,gap,UCB,Ours,6,1000000,10,1.5,0.07754376889869498,958727,41273,51695.845932463315,2282784746,simulated,41223,injected samples,0.958734,1.0,2,4580.111111111111,"[0, 0, 0, 0, 0, 0, 0, 0, 0, 958727]","[4591, 4591, 4614, 4567, 4614, 4591, 4567, 4567, 4519, 2]","[4.0, 4.0, 5.0, 3.0, 5.0, 4.0, 3.0, 3.0, 1.0, 0.3877188444934749]",0.07754376889869508,0.07754376889869498,{},,,,,,,
MovieLens-25M,gap,UCB,Direct,6,1000000,10,1.5,0.07754376889869498,958848,41152,51695.845932463315,3162958174,simulated,41102,injected samples,0.958857,1.0,4,4566.444444444444,"[0, 0, 0, 0, 0, 0, 0, 0, 0, 958848]","[4577, 4577, 4601, 4553, 4601, 4577, 4553, 4553, 4506, 4]","[4.0, 4.0, 5.0, 3.0, 5.0, 4.0, 3.0, 3.0, 1.0, 0.3877188444934749]",0.08324059635136968,0.07754376889869498,"{""search"": ""same grid; exact integer TS target envelope"", ""z_stages"": [[0.0, 1.005570899027184, 4097.0, 41115.0, 339.0], [0.08297923922636431, 0.08347024064190493, 1025.0, 41102.0, 546.0], [0.08324056322194014, 0.08324152220907986, 1025.0, 41102.0, 36.0], [0.0832405959998209, 0.08324059787284264, 1025.0, 41102.0, 193.0], [0.08324059635101247, 0.08324059635467072, 1025.0, 41102.0, 100.0], [0.08324059635136614, 0.08324059635137329, 1025.0, 41102.0, 507.0]]}",,,,,,,
MovieLens-25M,gap,UCB,Two-phase,6,1000000,10,1.5,0.07754376889869498,1000000,0,51695.845932463315,1991029872,simulated,24912,scheduled corrupted rounds,0.979309,0.979309,0,0.0,"[2299, 2299, 2299, 2299, 2299, 2299, 2299, 2299, 2299, 979309]","[0, 0, 0, 0, 0, 0, 0, 0, 0, 0]","[0.0, 0.0, 0.0, 0.0, 0.0, 0.0, 0.0, 0.0, 0.0, 0.0]",,,,22980,1932,"{""C1"": 22980, ""C2"": 1932, ""K"": 10, ""T"": 1000000, ""feasible"": true, ""learner"": ""UCB"", ""learner_setting"": ""mean + sqrt(log(T)/N)"", ""mu"": 0.07754376889869498, ""reason"": """", ""source"": ""https://proceedings.neurips.cc/paper_files/paper/2021/file/be315e7f05e9f13629031915fe87ad44-Supplemental.pdf"", ""source_section"": ""A.2"", ""target_feedback"": ""deterministic mu_K"", ""total"": 24912, ""version"": ""xu2021-original-settings-v1""}","[2298, 2298, 2298, 2298, 2298, 2298, 2298, 2298, 2298, 2298]","[1, 1, 1, 1, 1, 1, 1, 1, 1, 1923]","[0, 0, 0, 0, 0, 0, 0, 0, 0, 975088]",1.0
MovieLens-25M,gap,TS,Ours,6,1000000,10,1.5,0.07754376889869498,903733,96267,51695.845932463315,44633978,simulated,96217,injected samples,0.940468,1.0,36730,6609.666666666667,"[0, 0, 0, 0, 0, 0, 0, 0, 0, 903733]","[6618, 6618, 6638, 6599, 6638, 6618, 6599, 6599, 6560, 36730]","[4.0, 4.0, 5.0, 3.0, 5.0, 4.0, 3.0, 3.0, 1.0, 0.3877188444934749]",0.10211039137865469,0.07754376889869498,{},,,,,,,
MovieLens-25M,gap,TS,Direct,6,1000000,10,1.5,0.07754376889869498,906892,93108,51695.845932463315,2922276466,simulated,93058,injected samples,0.943601,1.0,36704,6261.555555555556,"[0, 0, 0, 0, 0, 0, 0, 0, 0, 906892]","[6270, 6270, 6289, 6251, 6289, 6270, 6251, 6251, 6213, 36704]","[4.0, 4.0, 5.0, 3.0, 5.0, 4.0, 3.0, 3.0, 1.0, 0.3877188444934749]",0.10492085254366532,0.07754376889869498,"{""search"": ""same grid; exact integer TS target envelope"", ""z_stages"": [[0.0, 0.9917344244182007, 4097.0, 93061.0, 433.0], [0.10459699007535711, 0.10508123539978005, 1025.0, 93058.0, 685.0], [0.10492045081940525, 0.10492139661105451, 1025.0, 93058.0, 435.0], [0.1049208516725066, 0.10492085351975591, 1025.0, 93058.0, 483.0], [0.10492085254201262, 0.10492085254562053, 1025.0, 93058.0, 470.0], [0.10492085254366507, 0.10492085254367212, 1025.0, 93058.0, 36.0]]}",,,,,,,
MovieLens-25M,gap,TS,Two-phase,6,1000000,10,1.5,0.07754376889869498,1000000,0,51695.845932463315,484771647,simulated,705094,scheduled corrupted rounds,0.991714,0.991714,0,0.0,"[909, 909, 931, 919, 939, 920, 916, 908, 935, 991714]","[0, 0, 0, 0, 0, 0, 0, 0, 0, 0]","[0.0, 0.0, 0.0, 0.0, 0.0, 0.0, 0.0, 0.0, 0.0, 0.0]",,,,9191,695903,"{""C1"": 9191, ""C2"": 695903, ""K"": 10, ""T"": 1000000, ""beta"": 0.483068019263162, ""feasible"": true, ""learner"": ""TS"", ""learner_setting"": ""Beta(sum+1, N-sum+1)"", ""mu"": 0.07754376889869498, ""n1"": 598.3937954981504, ""n2"": 1239.8062045018496, ""n3"": 2.0741529292101375, ""promotion_term"": 1545.232729572479, ""reason"": """", ""source"": ""https://proceedings.neurips.cc/paper_files/paper/2021/file/be315e7f05e9f13629031915fe87ad44-Supplemental.pdf"", ""source_section"": ""A.4"", ""target_feedback"": ""Bernoulli(mu_K)"", ""total"": 705094, ""version"": ""xu2021-original-settings-v1"", ""waiting_term"": 694356.9110103906}","[909, 907, 929, 918, 936, 919, 914, 906, 935, 918]","[0, 2, 2, 1, 3, 1, 2, 2, 0, 695890]","[0, 0, 0, 0, 0, 0, 0, 0, 0, 294906]",1.0
MovieLens-25M,gap,UCB,Ours,6,1000000,10,2.0,0.10339169186492662,975846,24154,51695.845932463315,2111327022,simulated,24104,injected samples,0.975853,1.0,2,2678.0,"[0, 0, 0, 0, 0, 0, 0, 0, 0, 975846]","[2686, 2686, 2704, 2668, 2704, 2686, 2668, 2668, 2632, 2]","[4.0, 4.0, 5.0, 3.0, 5.0, 4.0, 3.0, 3.0, 1.0, 0.5169584593246331]",0.10339169186492667,0.10339169186492662,{},,,,,,,
MovieLens-25M,gap,UCB,Direct,6,1000000,10,2.0,0.10339169186492662,975876,24124,51695.845932463315,2014943729,simulated,24074,injected samples,0.975881,1.0,0,2674.8888888888887,"[0, 0, 0, 0, 0, 0, 0, 0, 0, 975876]","[2683, 2683, 2701, 2665, 2701, 2683, 2665, 2665, 2628, 0]","[4.0, 4.0, 5.0, 3.0, 5.0, 4.0, 3.0, 3.0, 1.0, 0.5169584593246331]",0.10903469055945471,0.10339169186492662,"{""search"": ""same grid; exact integer TS target envelope"", ""z_stages"": [[0.0, 1.0055710282727444, 4097.0, 24092.0, 444.0], [0.1087568275207094, 0.10924782899935821, 1025.0, 24074.0, 580.0], [0.10903445433334384, 0.10903541332060683, 1025.0, 24074.0, 253.0], [0.10903469033411559, 0.10903469220713759, 1025.0, 24074.0, 124.0], [0.10903469055909772, 0.10903469056275597, 1025.0, 24074.0, 100.0], [0.10903469055945139, 0.10903469055945854, 1025.0, 24074.0, 475.0]]}",,,,,,,
MovieLens-25M,gap,UCB,Two-phase,6,1000000,10,2.0,0.10339169186492662,1000000,0,51695.845932463315,3893322499,simulated,14422,scheduled corrupted rounds,0.988354,0.988354,0,0.0,"[1294, 1294, 1294, 1294, 1294, 1294, 1294, 1294, 1294, 988354]","[0, 0, 0, 0, 0, 0, 0, 0, 0, 0]","[0.0, 0.0, 0.0, 0.0, 0.0, 0.0, 0.0, 0.0, 0.0, 0.0]",,,,12930,1492,"{""C1"": 12930, ""C2"": 1492, ""K"": 10, ""T"": 1000000, ""feasible"": true, ""learner"": ""UCB"", ""learner_setting"": ""mean + sqrt(log(T)/N)"", ""mu"": 0.10339169186492662, ""reason"": """", ""source"": ""https://proceedings.neurips.cc/paper_files/paper/2021/file/be315e7f05e9f13629031915fe87ad44-Supplemental.pdf"", ""source_section"": ""A.2"", ""target_feedback"": ""deterministic mu_K"", ""total"": 14422, ""version"": ""xu2021-original-settings-v1""}","[1293, 1293, 1293, 1293, 1293, 1293, 1293, 1293, 1293, 1293]","[1, 1, 1, 1, 1, 1, 1, 1, 1, 1483]","[0, 0, 0, 0, 0, 0, 0, 0, 0, 985578]",1.0
MovieLens-25M,gap,TS,Ours,6,1000000,10,2.0,0.10339169186492662,932667,67333,51695.845932463315,3340707544,simulated,67283,injected samples,0.941496,1.0,8824,6495.444444444444,"[0, 0, 0, 0, 0, 0, 0, 0, 0, 932667]","[6504, 6504, 6523, 6485, 6523, 6504, 6485, 6485, 6446, 8824]","[4.0, 4.0, 5.0, 3.0, 5.0, 4.0, 3.0, 3.0, 1.0, 0.5169584593246331]",0.10300828762023628,0.10339169186492662,{},,,,,,,
MovieLens-25M,gap,TS,Direct,6,1000000,10,2.0,0.10339169186492662,933037,66963,51695.845932463315,3654100030,simulated,66913,injected samples,0.943655,1.0,10613,6255.555555555556,"[0, 0, 0, 0, 0, 0, 0, 0, 0, 933037]","[6264, 6264, 6283, 6245, 6283, 6264, 6245, 6245, 6207, 10613]","[4.0, 4.0, 5.0, 3.0, 5.0, 4.0, 3.0, 3.0, 1.0, 0.5169584593246331]",0.10497152129265062,0.10339169186492662,"{""search"": ""same grid; exact integer TS target envelope"", ""z_stages"": [[0.0, 0.9917345536637608, 4097.0, 66916.0, 434.0], [0.10483912640049034, 0.10532337178802148, 1025.0, 66913.0, 280.0], [0.10497106435275713, 0.10497201014452964, 1025.0, 66913.0, 495.0], [0.10497152062339739, 0.10497152247064694, 1025.0, 66913.0, 371.0], [0.1049715212908606, 0.10497152129446852, 1025.0, 66913.0, 509.0], [0.10497152129265046, 0.10497152129265751, 1025.0, 66913.0, 24.0]]}",,,,,,,
MovieLens-25M,gap,TS,Two-phase,6,1000000,10,2.0,0.10339169186492662,1000000,0,51695.845932463315,3536552524,infeasible,5343203,scheduled corrupted rounds,,,0,0.0,,"[0, 0, 0, 0, 0, 0, 0, 0, 0, 0]","[0.0, 0.0, 0.0, 0.0, 0.0, 0.0, 0.0, 0.0, 0.0, 0.0]",,,,5170,5338033,"{""C1"": 5170, ""C2"": 5338033, ""K"": 10, ""T"": 1000000, ""beta"": 0.36579764504492285, ""feasible"": false, ""learner"": ""TS"", ""learner_setting"": ""Beta(sum+1, N-sum+1)"", ""mu"": 0.10339169186492662, ""n1"": 276.46889273196496, ""n2"": 757.5311072680349, ""n3"": 2.739101688419504, ""promotion_term"": 1192.3490828531187, ""reason"": ""original budget reaches/exceeds T"", ""source"": ""https://proceedings.neurips.cc/paper_files/paper/2021/file/be315e7f05e9f13629031915fe87ad44-Supplemental.pdf"", ""source_section"": ""A.4"", ""target_feedback"": ""Bernoulli(mu_K)"", ""total"": 5343203, ""version"": ""xu2021-original-settings-v1"", ""waiting_term"": 5336840.012372333}",,,,
MovieLens-25M,gap,UCB,Ours,6,1000000,10,3.0,0.15508753779738996,988757,11243,51695.845932463315,2968758443,simulated,11193,injected samples,0.988763,1.0,1,1243.5555555555557,"[0, 0, 0, 0, 0, 0, 0, 0, 0, 988757]","[1249, 1249, 1261, 1237, 1261, 1249, 1237, 1237, 1212, 1]","[4.0, 4.0, 5.0, 3.0, 5.0, 4.0, 3.0, 3.0, 1.0, 0.7754376889869498]",0.15508753779738996,0.15508753779738996,{},,,,,,,
MovieLens-25M,gap,UCB,Direct,6,1000000,10,3.0,0.15508753779738996,988761,11239,51695.845932463315,2354395535,simulated,11189,injected samples,0.988766,1.0,0,1243.2222222222222,"[0, 0, 0, 0, 0, 0, 0, 0, 0, 988761]","[1249, 1249, 1261, 1236, 1261, 1249, 1236, 1236, 1212, 0]","[4.0, 4.0, 5.0, 3.0, 5.0, 4.0, 3.0, 3.0, 1.0, 0.7754376889869498]",0.16068384687588622,0.15508753779738996,"{""search"": ""same grid; exact integer TS target envelope"", ""z_stages"": [[0.0, 1.0055712867638646, 4097.0, 11207.0, 654.0], [0.16031202398847744, 0.1608030255933426, 1025.0, 11189.0, 776.0], [0.16068363164840957, 0.16068459063591908, 1025.0, 11189.0, 230.0], [0.16068384610948347, 0.16068384798250596, 1025.0, 11189.0, 419.0], [0.1606838468740571, 0.16068384687771534, 1025.0, 11189.0, 512.0], [0.16068384687588264, 0.1606838468758898, 1025.0, 11189.0, 511.0]]}",,,,,,,
MovieLens-25M,gap,UCB,Two-phase,6,1000000,10,3.0,0.15508753779738996,1000000,0,51695.845932463315,3869696272,simulated,6806,scheduled corrupted rounds,0.994816,0.994816,0,0.0,"[576, 576, 576, 576, 576, 576, 576, 576, 576, 994816]","[0, 0, 0, 0, 0, 0, 0, 0, 0, 0]","[0.0, 0.0, 0.0, 0.0, 0.0, 0.0, 0.0, 0.0, 0.0, 0.0]",,,,5750,1056,"{""C1"": 5750, ""C2"": 1056, ""K"": 10, ""T"": 1000000, ""feasible"": true, ""learner"": ""UCB"", ""learner_setting"": ""mean + sqrt(log(T)/N)"", ""mu"": 0.15508753779738996, ""reason"": """", ""source"": ""https://proceedings.neurips.cc/paper_files/paper/2021/file/be315e7f05e9f13629031915fe87ad44-Supplemental.pdf"", ""source_section"": ""A.2"", ""target_feedback"": ""deterministic mu_K"", ""total"": 6806, ""version"": ""xu2021-original-settings-v1""}","[575, 575, 575, 575, 575, 575, 575, 575, 575, 575]","[1, 1, 1, 1, 1, 1, 1, 1, 1, 1047]","[0, 0, 0, 0, 0, 0, 0, 0, 0, 993194]",1.0
MovieLens-25M,gap,TS,Ours,6,1000000,10,3.0,0.15508753779738996,968672,31328,51695.845932463315,4074187412,simulated,31278,injected samples,0.97146,1.0,2783,3166.1111111111113,"[0, 0, 0, 0, 0, 0, 0, 0, 0, 968672]","[3172, 3172, 3185, 3159, 3185, 3172, 3159, 3159, 3132, 2783]","[4.0, 4.0, 5.0, 3.0, 5.0, 4.0, 3.0, 3.0, 1.0, 0.7754376889869498]",0.1478281870182696,0.15508753779738996,{},,,,,,,
MovieLens-25M,gap,TS,Direct,6,1000000,10,3.0,0.15508753779738996,968848,31152,51695.845932463315,3781385413,simulated,31102,injected samples,0.971356,1.0,2503,3177.6666666666665,"[0, 0, 0, 0, 0, 0, 0, 0, 0, 968848]","[3184, 3184, 3197, 3170, 3197, 3184, 3170, 3170, 3143, 2503]","[4.0, 4.0, 5.0, 3.0, 5.0, 4.0, 3.0, 3.0, 1.0, 0.7754376889869498]",0.1475500414239972,0.15508753779738996,"{""search"": ""same grid; exact integer TS target envelope"", ""z_stages"": [[0.0, 0.9917348121548812, 4097.0, 31103.0, 610.0], [0.14745275893611393, 0.14793700444986144, 1025.0, 31102.0, 206.0], [0.14754970261806533, 0.14755064841008436, 1025.0, 31102.0, 367.0], [0.14755004066482214, 0.14755004251207215, 1025.0, 31102.0, 421.0], [0.14755004142248326, 0.14755004142609118, 1025.0, 31102.0, 430.0], [0.14755004142399478, 0.14755004142400183, 1025.0, 31102.0, 349.0]]}",,,,,,,
MovieLens-25M,gap,TS,Two-phase,6,1000000,10,3.0,0.15508753779738996,1000000,0,51695.845932463315,931033505,infeasible,1713501677,scheduled corrupted rounds,,,0,0.0,,"[0, 0, 0, 0, 0, 0, 0, 0, 0, 0]","[0.0, 0.0, 0.0, 0.0, 0.0, 0.0, 0.0, 0.0, 0.0, 0.0]",,,,2298,1713499379,"{""C1"": 2298, ""C2"": 1713499379, ""K"": 10, ""T"": 1000000, ""beta"": 0.1800742558144034, ""feasible"": false, ""learner"": ""TS"", ""learner_setting"": ""Beta(sum+1, N-sum+1)"", ""mu"": 0.15508753779738996, ""n1"": 69.4381746100914, ""n2"": 390.1618253899086, ""n3"": 5.564132100010513, ""promotion_term"": 843.6167716814657, ""reason"": ""original budget reaches/exceeds T"", ""source"": ""https://proceedings.neurips.cc/paper_files/paper/2021/file/be315e7f05e9f13629031915fe87ad44-Supplemental.pdf"", ""source_section"": ""A.4"", ""target_feedback"": ""Bernoulli(mu_K)"", ""total"": 1713501677, ""version"": ""xu2021-original-settings-v1"", ""waiting_term"": 1713498534.950569}",,,,
MovieLens-25M,gap,UCB,Ours,6,1000000,10,4.0,0.20678338372985325,993488,6512,51695.845932463315,1644546712,simulated,6462,injected samples,0.993494,1.0,1,717.8888888888889,"[0, 0, 0, 0, 0, 0, 0, 0, 0, 993488]","[722, 722, 731, 713, 731, 722, 713, 713, 694, 1]","[4.0, 4.0, 5.0, 3.0, 5.0, 4.0, 3.0, 3.0, 1.0, 1.0339169186492663]",0.20678338372985325,0.20678338372985325,{},,,,,,,
MovieLens-25M,gap,UCB,Direct,6,1000000,10,4.0,0.20678338372985325,993489,6511,51695.845932463315,1342297514,simulated,6461,injected samples,0.993494,1.0,0,717.8888888888889,"[0, 0, 0, 0, 0, 0, 0, 0, 0, 993489]","[722, 722, 731, 713, 731, 722, 713, 713, 694, 0]","[4.0, 4.0, 5.0, 3.0, 5.0, 4.0, 3.0, 3.0, 1.0, 1.0339169186492663]",0.2123109782785274,0.20678338372985325,"{""search"": ""same grid; exact integer TS target envelope"", ""z_stages"": [[0.0, 1.005571545254985, 4097.0, 6461.0, 865.0], [0.2121127478272234, 0.2126037495583049, 1025.0, 6461.0, 414.0], [0.21231077879884122, 0.21231173778659726, 1025.0, 6461.0, 214.0], [0.21231097827578657, 0.21231098014880953, 1025.0, 6461.0, 2.0], [0.2123109782776157, 0.21231097828127393, 1025.0, 6461.0, 256.0], [0.21231097827852669, 0.21231097827853382, 1025.0, 6461.0, 102.0]]}",,,,,,,
MovieLens-25M,gap,UCB,Two-phase,6,1000000,10,4.0,0.20678338372985325,1000000,0,51695.845932463315,1459753751,simulated,4085,scheduled corrupted rounds,0.997075,0.997075,0,0.0,"[325, 325, 325, 325, 325, 325, 325, 325, 325, 997075]","[0, 0, 0, 0, 0, 0, 0, 0, 0, 0]","[0.0, 0.0, 0.0, 0.0, 0.0, 0.0, 0.0, 0.0, 0.0, 0.0]",,,,3240,845,"{""C1"": 3240, ""C2"": 845, ""K"": 10, ""T"": 1000000, ""feasible"": true, ""learner"": ""UCB"", ""learner_setting"": ""mean + sqrt(log(T)/N)"", ""mu"": 0.20678338372985325, ""reason"": """", ""source"": ""https://proceedings.neurips.cc/paper_files/paper/2021/file/be315e7f05e9f13629031915fe87ad44-Supplemental.pdf"", ""source_section"": ""A.2"", ""target_feedback"": ""deterministic mu_K"", ""total"": 4085, ""version"": ""xu2021-original-settings-v1""}","[324, 324, 324, 324, 324, 324, 324, 324, 324, 324]","[1, 1, 1, 1, 1, 1, 1, 1, 1, 836]","[0, 0, 0, 0, 0, 0, 0, 0, 0, 995915]",1.0
MovieLens-25M,gap,TS,Ours,6,1000000,10,4.0,0.20678338372985325,981690,18310,51695.845932463315,2991683741,simulated,18260,injected samples,0.983588,1.0,1893,1818.5555555555557,"[0, 0, 0, 0, 0, 0, 0, 0, 0, 981690]","[1823, 1823, 1833, 1813, 1833, 1823, 1813, 1813, 1793, 1893]","[4.0, 4.0, 5.0, 3.0, 5.0, 4.0, 3.0, 3.0, 1.0, 1.0339169186492663]",0.19541074900054906,0.20678338372985325,{},,,,,,,
MovieLens-25M,gap,TS,Direct,6,1000000,10,4.0,0.20678338372985325,981910,18090,51695.845932463315,4032256939,simulated,18040,injected samples,0.98357,1.0,1655,1820.5555555555557,"[0, 0, 0, 0, 0, 0, 0, 0, 0, 981910]","[1825, 1825, 1835, 1815, 1835, 1825, 1815, 1815, 1795, 1655]","[4.0, 4.0, 5.0, 3.0, 5.0, 4.0, 3.0, 3.0, 1.0, 1.0339169186492663]",0.19529765679943972,0.20678338372985325,"{""search"": ""same grid; exact integer TS target envelope"", ""z_stages"": [[0.0, 0.9917350706460014, 4097.0, 18043.0, 807.0], [0.19515099290543875, 0.19563523854540263, 1025.0, 18040.0, 311.0], [0.1952975907065997, 0.19529853649886525, 1025.0, 18040.0, 72.0], [0.1952976562839931, 0.1952976581312436, 1025.0, 18040.0, 286.0], [0.19529765679812044, 0.19529765680172834, 1025.0, 18040.0, 375.0], [0.19529765679943817, 0.19529765679944522, 1025.0, 18040.0, 224.0]]}",,,,,,,
MovieLens-25M,gap,TS,Two-phase,6,1000000,10,4.0,0.20678338372985325,1000000,0,51695.845932463315,2852508123,infeasible,1901480593645945,scheduled corrupted rounds,,,0,0.0,,"[0, 0, 0, 0, 0, 0, 0, 0, 0, 0]","[0.0, 0.0, 0.0, 0.0, 0.0, 0.0, 0.0, 0.0, 0.0, 0.0]",,,,1293,1901480593644652,"{""C1"": 1293, ""C2"": 1901480593644652, ""K"": 10, ""T"": 1000000, ""beta"": 0.03995065173165885, ""feasible"": false, ""learner"": ""TS"", ""learner_setting"": ""Beta(sum+1, N-sum+1)"", ""mu"": 0.20678338372985325, ""n1"": 9.011186419215505, ""n2"": 249.58881358078452, ""n3"": 25.07986487660793, ""promotion_term"": 674.1435055153747, ""reason"": ""original budget reaches/exceeds T"", ""source"": ""https://proceedings.neurips.cc/paper_files/paper/2021/file/be315e7f05e9f13629031915fe87ad44-Supplemental.pdf"", ""source_section"": ""A.4"", ""target_feedback"": ""Bernoulli(mu_K)"", ""total"": 1901480593645945, ""version"": ""xu2021-original-settings-v1"", ""waiting_term"": 1901480593643977.0}",,,,
MovieLens-25M,gap,UCB,Ours,6,1000000,10,5.0,0.25847922966231657,995739,4261,51695.845932463315,2607030886,simulated,4211,injected samples,0.995745,1.0,1,467.77777777777777,"[0, 0, 0, 0, 0, 0, 0, 0, 0, 995739]","[471, 471, 478, 464, 478, 471, 464, 464, 449, 1]","[4.0, 4.0, 5.0, 3.0, 5.0, 4.0, 3.0, 3.0, 1.0, 1.292396148311583]",0.25847922966231657,0.25847922966231657,{},,,,,,,
MovieLens-25M,gap,UCB,Direct,6,1000000,10,5.0,0.25847922966231657,995740,4260,51695.845932463315,1245221868,simulated,4210,injected samples,0.995745,1.0,0,467.77777777777777,"[0, 0, 0, 0, 0, 0, 0, 0, 0, 995740]","[471, 471, 478, 464, 478, 471, 464, 464, 449, 0]","[4.0, 4.0, 5.0, 3.0, 5.0, 4.0, 3.0, 3.0, 1.0, 1.292396148311583]",0.26404069038683686,0.25847922966231657,"{""search"": ""same grid; exact integer TS target envelope"", ""z_stages"": [[0.0, 1.0055718037461052, 4097.0, 4215.0, 1075.0], [0.2636679973689739, 0.2641589992262718, 1025.0, 4210.0, 778.0], [0.26404056420795874, 0.26404152319596125, 1025.0, 4210.0, 135.0], [0.2640406897005294, 0.2640406915735528, 1025.0, 4210.0, 376.0], [0.26404069038645106, 0.2640406903901093, 1025.0, 4210.0, 108.0], [0.2640406903868333, 0.26404069038684047, 1025.0, 4210.0, 505.0]]}",,,,,,,
MovieLens-25M,gap,UCB,Two-phase,6,1000000,10,5.0,0.25847922966231657,1000000,0,51695.845932463315,2367450116,simulated,2792,scheduled corrupted rounds,0.998128,0.998128,0,0.0,"[208, 208, 208, 208, 208, 208, 208, 208, 208, 998128]","[0, 0, 0, 0, 0, 0, 0, 0, 0, 0]","[0.0, 0.0, 0.0, 0.0, 0.0, 0.0, 0.0, 0.0, 0.0, 0.0]",,,,2070,722,"{""C1"": 2070, ""C2"": 722, ""K"": 10, ""T"": 1000000, ""feasible"": true, ""learner"": ""UCB"", ""learner_setting"": ""mean + sqrt(log(T)/N)"", ""mu"": 0.25847922966231657, ""reason"": """", ""source"": ""https://proceedings.neurips.cc/paper_files/paper/2021/file/be315e7f05e9f13629031915fe87ad44-Supplemental.pdf"", ""source_section"": ""A.2"", ""target_feedback"": ""deterministic mu_K"", ""total"": 2792, ""version"": ""xu2021-original-settings-v1""}","[207, 207, 207, 207, 207, 207, 207, 207, 207, 207]","[1, 1, 1, 1, 1, 1, 1, 1, 1, 713]","[0, 0, 0, 0, 0, 0, 0, 0, 0, 997208]",1.0
MovieLens-25M,gap,TS,Ours,6,1000000,10,5.0,0.25847922966231657,987844,12156,51695.845932463315,2824572336,simulated,12106,injected samples,0.989269,1.0,1420,1187.3333333333333,"[0, 0, 0, 0, 0, 0, 0, 0, 0, 987844]","[1191, 1191, 1199, 1183, 1199, 1191, 1183, 1183, 1166, 1420]","[4.0, 4.0, 5.0, 3.0, 5.0, 4.0, 3.0, 3.0, 1.0, 1.292396148311583]",0.24226199738229237,0.25847922966231657,{},,,,,,,
MovieLens-25M,gap,TS,Direct,6,1000000,10,5.0,0.25847922966231657,988071,11929,51695.845932463315,3208735193,simulated,11879,injected samples,0.989304,1.0,1228,1183.4444444444443,"[0, 0, 0, 0, 0, 0, 0, 0, 0, 988071]","[1187, 1187, 1195, 1179, 1195, 1187, 1179, 1179, 1163, 1228]","[4.0, 4.0, 5.0, 3.0, 5.0, 4.0, 3.0, 3.0, 1.0, 1.292396148311583]",0.242634644829729,0.25847922966231657,"{""search"": ""same grid; exact integer TS target envelope"", ""z_stages"": [[0.0, 0.9917353291371217, 4097.0, 11880.0, 1003.0], [0.24260712885629784, 0.24309137462247807, 1025.0, 11879.0, 59.0], [0.2426345568391479, 0.24263550263165998, 1025.0, 11879.0, 96.0], [0.2426346445835704, 0.2426346464308214, 1025.0, 11879.0, 137.0], [0.24263464482890842, 0.24263464483251634, 1025.0, 11879.0, 233.0], [0.24263464482972585, 0.2426346448297329, 1025.0, 11879.0, 454.0]]}",,,,,,,
MovieLens-25M,gap,TS,Two-phase,6,1000000,10,5.0,0.25847922966231657,1000000,0,51695.845932463315,4256832225,infeasible,,scheduled corrupted rounds,,,0,0.0,,"[0, 0, 0, 0, 0, 0, 0, 0, 0, 0]","[0.0, 0.0, 0.0, 0.0, 0.0, 0.0, 0.0, 0.0, 0.0, 0.0]",,,,828,0,"{""C1"": 828, ""C2"": null, ""K"": 10, ""T"": 1000000, ""feasible"": false, ""learner"": ""TS"", ""learner_setting"": ""Beta(sum+1, N-sum+1)"", ""mu"": 0.25847922966231657, ""n1"": -13.458956056127466, ""n2"": 179.05895605612744, ""reason"": ""A.4 phase-one lower count bound is nonpositive"", ""source"": ""https://proceedings.neurips.cc/paper_files/paper/2021/file/be315e7f05e9f13629031915fe87ad44-Supplemental.pdf"", ""source_section"": ""A.4"", ""target_feedback"": ""Bernoulli(mu_K)"", ""total"": null, ""version"": ""xu2021-original-settings-v1""}",,,,
MovieLens-25M,gap,UCB,Ours,6,1000000,10,6.0,0.3101750755947799,996985,3015,51695.845932463315,1039869041,simulated,2965,injected samples,0.996991,1.0,1,329.3333333333333,"[0, 0, 0, 0, 0, 0, 0, 0, 0, 996985]","[332, 332, 338, 326, 338, 332, 326, 326, 314, 1]","[4.0, 4.0, 5.0, 3.0, 5.0, 4.0, 3.0, 3.0, 1.0, 1.5508753779738995]",0.3101750755947799,0.3101750755947799,{},,,,,,,
MovieLens-25M,gap,UCB,Direct,6,1000000,10,6.0,0.3101750755947799,996986,3014,51695.845932463315,1692318230,simulated,2964,injected samples,0.996991,1.0,0,329.3333333333333,"[0, 0, 0, 0, 0, 0, 0, 0, 0, 996986]","[332, 332, 338, 326, 338, 332, 326, 326, 314, 0]","[4.0, 4.0, 5.0, 3.0, 5.0, 4.0, 3.0, 3.0, 1.0, 1.5508753779738995]",0.31561966011627557,0.3101750755947799,"{""search"": ""same grid; exact integer TS target envelope"", ""z_stages"": [[0.0, 1.0055720622372253, 4097.0, 2964.0, 1286.0], [0.3154687744079186, 0.31595977639143286, 1025.0, 2964.0, 315.0], [0.31561933556301963, 0.3156202945512687, 1025.0, 2964.0, 347.0], [0.3156196595961585, 0.3156196614691824, 1025.0, 2964.0, 285.0], [0.31561966011563, 0.3156196601192882, 1025.0, 2964.0, 181.0], [0.315619660116273, 0.3156196601162802, 1025.0, 2964.0, 362.0]]}",,,,,,,
MovieLens-25M,gap,UCB,Two-phase,6,1000000,10,6.0,0.3101750755947799,1000000,0,51695.845932463315,3112827017,simulated,2088,scheduled corrupted rounds,0.998695,0.998695,0,0.0,"[145, 145, 145, 145, 145, 145, 145, 145, 145, 998695]","[0, 0, 0, 0, 0, 0, 0, 0, 0, 0]","[0.0, 0.0, 0.0, 0.0, 0.0, 0.0, 0.0, 0.0, 0.0, 0.0]",,,,1440,648,"{""C1"": 1440, ""C2"": 648, ""K"": 10, ""T"": 1000000, ""feasible"": true, ""learner"": ""UCB"", ""learner_setting"": ""mean + sqrt(log(T)/N)"", ""mu"": 0.3101750755947799, ""reason"": """", ""source"": ""https://proceedings.neurips.cc/paper_files/paper/2021/file/be315e7f05e9f13629031915fe87ad44-Supplemental.pdf"", ""source_section"": ""A.2"", ""target_feedback"": ""deterministic mu_K"", ""total"": 2088, ""version"": ""xu2021-original-settings-v1""}","[144, 144, 144, 144, 144, 144, 144, 144, 144, 144]","[1, 1, 1, 1, 1, 1, 1, 1, 1, 639]","[0, 0, 0, 0, 0, 0, 0, 0, 0, 997912]",1.0
MovieLens-25M,gap,TS,Ours,6,1000000,10,6.0,0.3101750755947799,991249,8751,51695.845932463315,238501670,simulated,8701,injected samples,0.992389,1.0,1135,840.6666666666666,"[0, 0, 0, 0, 0, 0, 0, 0, 0, 991249]","[844, 844, 850, 837, 850, 844, 837, 837, 823, 1135]","[4.0, 4.0, 5.0, 3.0, 5.0, 4.0, 3.0, 3.0, 1.0, 1.5508753779738995]",0.2883657447361141,0.3101750755947799,{},,,,,,,
MovieLens-25M,gap,TS,Direct,6,1000000,10,6.0,0.3101750755947799,991471,8529,51695.845932463315,3834206105,simulated,8479,injected samples,0.992413,1.0,937,838.0,"[0, 0, 0, 0, 0, 0, 0, 0, 0, 991471]","[841, 841, 848, 834, 848, 841, 834, 834, 821, 937]","[4.0, 4.0, 5.0, 3.0, 5.0, 4.0, 3.0, 3.0, 1.0, 1.5508753779738995]",0.28876924387419894,0.3101750755947799,"{""search"": ""same grid; exact integer TS target envelope"", ""z_stages"": [[0.0, 0.9917355876282419, 4097.0, 8480.0, 1192.0], [0.2883684289221768, 0.2888526748145734, 1025.0, 8479.0, 848.0], [0.28876897215543845, 0.288769917948197, 1025.0, 8479.0, 295.0], [0.2887692437014062, 0.28876924554865774, 1025.0, 8479.0, 96.0], [0.2887692438727821, 0.28876924387639, 1025.0, 8479.0, 403.0], [0.2887692438741985, 0.28876924387420555, 1025.0, 8479.0, 61.0]]}",,,,,,,
MovieLens-25M,gap,TS,Two-phase,6,1000000,10,6.0,0.3101750755947799,1000000,0,51695.845932463315,544480990,infeasible,,scheduled corrupted rounds,,,0,0.0,,"[0, 0, 0, 0, 0, 0, 0, 0, 0, 0]","[0.0, 0.0, 0.0, 0.0, 0.0, 0.0, 0.0, 0.0, 0.0, 0.0]",,,,575,0,"{""C1"": 575, ""C2"": null, ""K"": 10, ""T"": 1000000, ""feasible"": false, ""learner"": ""TS"", ""learner_setting"": ""Beta(sum+1, N-sum+1)"", ""mu"": 0.3101750755947799, ""n1"": -22.715796713439556, ""n2"": 137.71579671343957, ""reason"": ""A.4 phase-one lower count bound is nonpositive"", ""source"": ""https://proceedings.neurips.cc/paper_files/paper/2021/file/be315e7f05e9f13629031915fe87ad44-Supplemental.pdf"", ""source_section"": ""A.4"", ""target_feedback"": ""Bernoulli(mu_K)"", ""total"": null, ""version"": ""xu2021-original-settings-v1""}",,,,
MovieLens-25M,horizon,UCB,Ours,7,100000,10,,0.016442451420029897,73767,26233,10480.819243109449,4054675135,simulated,26183,injected samples,0.89571,1.0,15799,1153.7777777777778,"[0, 0, 0, 0, 0, 0, 0, 0, 0, 73767]","[1174, 1148, 1161, 1161, 1161, 1148, 1148, 1148, 1135, 15799]","[5.0, 3.0, 4.0, 4.0, 4.0, 3.0, 3.0, 3.0, 2.0, 0.0]",0.1364227289734934,0.0,{},,,,,,,
MovieLens-25M,horizon,UCB,Clipped Suppression,7,100000,10,,0.016442451420029897,100000,0,10480.819243109449,1639495063,simulated,80850,suppressed non-target rounds (including 0->0),0.1915,0.1915,0,0.0,"[8984, 8984, 8984, 8983, 8983, 8983, 8983, 8983, 8983, 19150]","[0, 0, 0, 0, 0, 0, 0, 0, 0, 0]","[0.0, 0.0, 0.0, 0.0, 0.0, 0.0, 0.0, 0.0, 0.0, 0.0]",,,,,,,,,,
MovieLens-25M,horizon,TS,Ours,7,100000,10,,0.016442451420029897,58113,41887,10480.819243109449,623939246,simulated,41837,injected samples,0.8484,1.0,26722,1679.4444444444443,"[0, 0, 0, 0, 0, 0, 0, 0, 0, 58113]","[1696, 1675, 1685, 1685, 1685, 1675, 1675, 1675, 1664, 26722]","[5.0, 3.0, 4.0, 4.0, 4.0, 3.0, 3.0, 3.0, 2.0, 0.0]",0.18928057310818291,0.0,{},,,,,,,
MovieLens-25M,horizon,TS,Clipped Suppression,7,100000,10,,0.016442451420029897,100000,0,10480.819243109449,2796645948,simulated,69312,suppressed non-target rounds (including 0->0),0.30688,0.30688,0,0.0,"[7785, 7670, 7672, 7714, 7683, 7692, 7651, 7746, 7699, 30688]","[0, 0, 0, 0, 0, 0, 0, 0, 0, 0]","[0.0, 0.0, 0.0, 0.0, 0.0, 0.0, 0.0, 0.0, 0.0, 0.0]",,,,,,,,,,
MovieLens-25M,horizon,UCB,Ours,7,250000,10,,0.016442451420029897,201306,48694,19804.988134665902,949948861,simulated,48644,injected samples,0.925168,1.0,29981,2073.6666666666665,"[0, 0, 0, 0, 0, 0, 0, 0, 0, 201306]","[2100, 2066, 2083, 2083, 2083, 2066, 2066, 2066, 2050, 29981]","[5.0, 3.0, 4.0, 4.0, 4.0, 3.0, 3.0, 3.0, 2.0, 0.0]",0.10707855746541617,0.0,{},,,,,,,
MovieLens-25M,horizon,UCB,Clipped Suppression,7,250000,10,,0.016442451420029897,250000,0,19804.988134665902,2867202211,simulated,184254,suppressed non-target rounds (including 0->0),0.262984,0.262984,0,0.0,"[20473, 20473, 20473, 20473, 20473, 20473, 20472, 20472, 20472, 65746]","[0, 0, 0, 0, 0, 0, 0, 0, 0, 0]","[0.0, 0.0, 0.0, 0.0, 0.0, 0.0, 0.0, 0.0, 0.0, 0.0]",,,,,,,,,,
MovieLens-25M,horizon,TS,Ours,7,250000,10,,0.016442451420029897,175308,74692,19804.988134665902,2369941349,simulated,74642,injected samples,0.894848,1.0,48399,2915.8888888888887,"[0, 0, 0, 0, 0, 0, 0, 0, 0, 175308]","[2937, 2910, 2923, 2923, 2923, 2910, 2910, 2910, 2897, 48399]","[5.0, 3.0, 4.0, 4.0, 4.0, 3.0, 3.0, 3.0, 2.0, 0.0]",0.1476960825072971,0.0,{},,,,,,,
MovieLens-25M,horizon,TS,Clipped Suppression,7,250000,10,,0.016442451420029897,250000,0,19804.988134665902,513390290,simulated,120077,suppressed non-target rounds (including 0->0),0.519692,0.519692,0,0.0,"[13368, 13377, 13401, 13299, 13344, 13338, 13284, 13377, 13289, 129923]","[0, 0, 0, 0, 0, 0, 0, 0, 0, 0]","[0.0, 0.0, 0.0, 0.0, 0.0, 0.0, 0.0, 0.0, 0.0, 0.0]",,,,,,,,,,
MovieLens-25M,horizon,UCB,Ours,7,400000,10,,0.016442451420029897,333035,66965,27430.126400660687,2711016204,simulated,66915,injected samples,0.93663,1.0,41612,2811.4444444444443,"[0, 0, 0, 0, 0, 0, 0, 0, 0, 333035]","[2841, 2803, 2822, 2822, 2822, 2803, 2803, 2803, 2784, 41612]","[5.0, 3.0, 4.0, 4.0, 4.0, 3.0, 3.0, 3.0, 2.0, 0.0]",0.09422527304452719,0.0,{},,,,,,,
MovieLens-25M,horizon,UCB,Clipped Suppression,7,400000,10,,0.016442451420029897,400000,0,27430.126400660687,3095342951,simulated,264939,suppressed non-target rounds (including 0->0),0.3376525,0.3376525,0,0.0,"[29438, 29438, 29438, 29438, 29438, 29438, 29437, 29437, 29437, 135061]","[0, 0, 0, 0, 0, 0, 0, 0, 0, 0]","[0.0, 0.0, 0.0, 0.0, 0.0, 0.0, 0.0, 0.0, 0.0, 0.0]",,,,,,,,,,
MovieLens-25M,horizon,TS,Ours,7,400000,10,,0.016442451420029897,299049,100951,27430.126400660687,1165607647,simulated,100901,injected samples,0.91217,1.0,65814,3898.5555555555557,"[0, 0, 0, 0, 0, 0, 0, 0, 0, 299049]","[3922, 3892, 3907, 3907, 3907, 3892, 3892, 3892, 3876, 65814]","[5.0, 3.0, 4.0, 4.0, 4.0, 3.0, 3.0, 3.0, 2.0, 0.0]",0.12951220062862212,0.0,{},,,,,,,
MovieLens-25M,horizon,TS,Clipped Suppression,7,400000,10,,0.016442451420029897,400000,0,27430.126400660687,557832210,simulated,149982,suppressed non-target rounds (including 0->0),0.625045,0.625045,0,0.0,"[16659, 16687, 16614, 16648, 16665, 16580, 16723, 16609, 16797, 250018]","[0, 0, 0, 0, 0, 0, 0, 0, 0, 0]","[0.0, 0.0, 0.0, 0.0, 0.0, 0.0, 0.0, 0.0, 0.0, 0.0]",,,,,,,,,,
MovieLens-25M,horizon,UCB,Ours,7,550000,10,,0.016442451420029897,466868,83132,34194.80516566394,2467703934,simulated,83082,injected samples,0.9433109090909091,1.0,51948,3459.3333333333335,"[0, 0, 0, 0, 0, 0, 0, 0, 0, 466868]","[3492, 3450, 3471, 3471, 3471, 3450, 3450, 3450, 3429, 51948]","[5.0, 3.0, 4.0, 4.0, 4.0, 3.0, 3.0, 3.0, 2.0, 0.0]",0.0862979014028237,0.0,{},,,,,,,
MovieLens-25M,horizon,UCB,Clipped Suppression,7,550000,10,,0.016442451420029897,550000,0,34194.80516566394,3335580034,simulated,337707,suppressed non-target rounds (including 0->0),0.38598727272727273,0.38598727272727273,0,0.0,"[37523, 37523, 37523, 37523, 37523, 37523, 37523, 37523, 37523, 212293]","[0, 0, 0, 0, 0, 0, 0, 0, 0, 0]","[0.0, 0.0, 0.0, 0.0, 0.0, 0.0, 0.0, 0.0, 0.0, 0.0]",,,,,,,,,,
MovieLens-25M,horizon,TS,Ours,7,550000,10,,0.016442451420029897,426014,123986,34194.80516566394,4149446033,simulated,123936,injected samples,0.9220745454545455,1.0,81122,4757.111111111111,"[0, 0, 0, 0, 0, 0, 0, 0, 0, 426014]","[4783, 4750, 4766, 4766, 4766, 4750, 4750, 4750, 4733, 81122]","[5.0, 3.0, 4.0, 4.0, 4.0, 3.0, 3.0, 3.0, 2.0, 0.0]",0.11832019189760784,0.0,{},,,,,,,
MovieLens-25M,horizon,TS,Clipped Suppression,7,550000,10,,0.016442451420029897,550000,0,34194.80516566394,605278601,simulated,166142,suppressed non-target rounds (including 0->0),0.6979236363636364,0.6979236363636364,0,0.0,"[18430, 18515, 18503, 18431, 18430, 18420, 18473, 18470, 18470, 383858]","[0, 0, 0, 0, 0, 0, 0, 0, 0, 0]","[0.0, 0.0, 0.0, 0.0, 0.0, 0.0, 0.0, 0.0, 0.0, 0.0]",,,,,,,,,,
MovieLens-25M,horizon,UCB,Ours,7,700000,10,,0.016442451420029897,602055,97945,40401.844201652595,3843657736,simulated,97895,injected samples,0.9478614285714285,1.0,61443,4050.222222222222,"[0, 0, 0, 0, 0, 0, 0, 0, 0, 602055]","[4086, 4040, 4063, 4063, 4063, 4040, 4040, 4040, 4017, 61443]","[5.0, 3.0, 4.0, 4.0, 4.0, 3.0, 3.0, 3.0, 2.0, 0.0]",0.08069147364044321,0.0,{},,,,,,,
MovieLens-25M,horizon,UCB,Clipped Suppression,7,700000,10,,0.016442451420029897,700000,0,40401.844201652595,1040145665,simulated,392325,suppressed non-target rounds (including 0->0),0.4395357142857143,0.4395357142857143,0,0.0,"[43592, 43592, 43592, 43592, 43592, 43592, 43591, 43591, 43591, 307675]","[0, 0, 0, 0, 0, 0, 0, 0, 0, 0]","[0.0, 0.0, 0.0, 0.0, 0.0, 0.0, 0.0, 0.0, 0.0, 0.0]",,,,,,,,,,
MovieLens-25M,horizon,TS,Ours,7,700000,10,,0.016442451420029897,555026,144974,40401.844201652595,2153341532,simulated,144924,injected samples,0.9287328571428571,1.0,95082,5538.0,"[0, 0, 0, 0, 0, 0, 0, 0, 0, 555026]","[5566, 5530, 5548, 5548, 5548, 5530, 5530, 5530, 5512, 95082]","[5.0, 3.0, 4.0, 4.0, 4.0, 3.0, 3.0, 3.0, 2.0, 0.0]",0.11041919174087778,0.0,{},,,,,,,
MovieLens-25M,horizon,TS,Clipped Suppression,7,700000,10,,0.016442451420029897,700000,0,40401.844201652595,854828043,simulated,182844,suppressed non-target rounds (including 0->0),0.7387942857142857,0.7387942857142857,0,0.0,"[20245, 20283, 20334, 20371, 20420, 20354, 20221, 20257, 20359, 517156]","[0, 0, 0, 0, 0, 0, 0, 0, 0, 0]","[0.0, 0.0, 0.0, 0.0, 0.0, 0.0, 0.0, 0.0, 0.0, 0.0]",,,,,,,,,,
MovieLens-25M,horizon,UCB,Ours,7,850000,10,,0.016442451420029897,738224,111776,46204.95572790959,4180877655,simulated,111726,injected samples,0.951244705882353,1.0,70329,4599.666666666667,"[0, 0, 0, 0, 0, 0, 0, 0, 0, 738224]","[4637, 4589, 4613, 4613, 4613, 4589, 4589, 4589, 4565, 70329]","[5.0, 3.0, 4.0, 4.0, 4.0, 3.0, 3.0, 3.0, 2.0, 0.0]",0.07641555576854606,0.0,{},,,,,,,
MovieLens-25M,horizon,UCB,Clipped Suppression,7,850000,10,,0.016442451420029897,850000,0,46204.95572790959,868392880,simulated,438078,suppressed non-target rounds (including 0->0),0.4846141176470588,0.4846141176470588,0,0.0,"[48676, 48676, 48676, 48675, 48675, 48675, 48675, 48675, 48675, 411922]","[0, 0, 0, 0, 0, 0, 0, 0, 0, 0]","[0.0, 0.0, 0.0, 0.0, 0.0, 0.0, 0.0, 0.0, 0.0, 0.0]",,,,,,,,,,
MovieLens-25M,horizon,TS,Ours,7,850000,10,,0.016442451420029897,685514,164486,46204.95572790959,1356719580,simulated,164436,injected samples,0.9336388235294117,1.0,108074,6262.444444444444,"[0, 0, 0, 0, 0, 0, 0, 0, 0, 685514]","[6292, 6254, 6273, 6273, 6273, 6254, 6254, 6254, 6235, 108074]","[5.0, 3.0, 4.0, 4.0, 4.0, 3.0, 3.0, 3.0, 2.0, 0.0]",0.10440264066126706,0.0,{},,,,,,,
MovieLens-25M,horizon,TS,Clipped Suppression,7,850000,10,,0.016442451420029897,850000,0,46204.95572790959,2591163181,simulated,198639,suppressed non-target rounds (including 0->0),0.7663070588235295,0.7663070588235295,0,0.0,"[22030, 22186, 22052, 22038, 22072, 22027, 22063, 22095, 22076, 651361]","[0, 0, 0, 0, 0, 0, 0, 0, 0, 0]","[0.0, 0.0, 0.0, 0.0, 0.0, 0.0, 0.0, 0.0, 0.0, 0.0]",,,,,,,,,,
MovieLens-25M,horizon,UCB,Ours,7,1000000,10,,0.016442451420029897,875143,124857,51695.845932463315,2868550429,simulated,124807,injected samples,0.953891,1.0,78743,5118.222222222223,"[0, 0, 0, 0, 0, 0, 0, 0, 0, 875143]","[5158, 5107, 5132, 5132, 5132, 5107, 5107, 5107, 5082, 78743]","[5.0, 3.0, 4.0, 4.0, 4.0, 3.0, 3.0, 3.0, 2.0, 0.0]",0.07299350474319913,0.0,{},,,,,,,
MovieLens-25M,horizon,UCB,Clipped Suppression,7,1000000,10,,0.016442451420029897,1000000,0,51695.845932463315,1541263215,simulated,477540,suppressed non-target rounds (including 0->0),0.52246,0.52246,0,0.0,"[53060, 53060, 53060, 53060, 53060, 53060, 53060, 53060, 53060, 522460]","[0, 0, 0, 0, 0, 0, 0, 0, 0, 0]","[0.0, 0.0, 0.0, 0.0, 0.0, 0.0, 0.0, 0.0, 0.0, 0.0]",,,,,,,,,,
MovieLens-25M,horizon,TS,Ours,7,1000000,10,,0.016442451420029897,817132,182868,51695.845932463315,60022621,simulated,182818,injected samples,0.93746,1.0,120323,6943.888888888889,"[0, 0, 0, 0, 0, 0, 0, 0, 0, 817132]","[6975, 6935, 6955, 6955, 6955, 6935, 6935, 6935, 6915, 120323]","[5.0, 3.0, 4.0, 4.0, 4.0, 3.0, 3.0, 3.0, 2.0, 0.0]",0.099594120230909,0.0,{},,,,,,,
MovieLens-25M,horizon,TS,Clipped Suppression,7,1000000,10,,0.016442451420029897,1000000,0,51695.845932463315,2778484864,simulated,206631,suppressed non-target rounds (including 0->0),0.793369,0.793369,0,0.0,"[22956, 22976, 22936, 23015, 22958, 22959, 22910, 22878, 23043, 793369]","[0, 0, 0, 0, 0, 0, 0, 0, 0, 0]","[0.0, 0.0, 0.0, 0.0, 0.0, 0.0, 0.0, 0.0, 0.0, 0.0]",,,,,,,,,,
MovieLens-25M,arms,UCB,Ours,7,1000000,5,,0.016442451420029897,907379,92621,41031.02010778911,3358037269,simulated,92596,injected samples,0.965736,1.0,58352,8561.0,"[0, 0, 0, 0, 907379]","[8561, 8561, 8561, 8561, 58352]","[4.0, 4.0, 4.0, 4.0, 0.0]",0.0551336323607195,0.0,{},,,,,,,
MovieLens-25M,arms,UCB,Clipped Suppression,7,1000000,5,,0.016442451420029897,1000000,0,41031.02010778911,3746830176,simulated,238784,suppressed non-target rounds (including 0->0),0.761216,0.761216,0,0.0,"[59696, 59696, 59696, 59696, 761216]","[0, 0, 0, 0, 0]","[0.0, 0.0, 0.0, 0.0, 0.0]",,,,,,,,,,
MovieLens-25M,arms,TS,Ours,7,1000000,5,,0.016442451420029897,861790,138210,41031.02010778911,1717835815,simulated,138185,injected samples,0.954188,1.0,92393,11448.0,"[0, 0, 0, 0, 861790]","[11448, 11448, 11448, 11448, 92393]","[4.0, 4.0, 4.0, 4.0, 0.0]",0.07675400066747926,0.0,{},,,,,,,
MovieLens-25M,arms,TS,Clipped Suppression,7,1000000,5,,0.016442451420029897,1000000,0,41031.02010778911,3218463873,simulated,94846,suppressed non-target rounds (including 0->0),0.905154,0.905154,0,0.0,"[23714, 23776, 23672, 23684, 905154]","[0, 0, 0, 0, 0]","[0.0, 0.0, 0.0, 0.0, 0.0]",,,,,,,,,,
MovieLens-25M,arms,UCB,Ours,7,1000000,10,,0.016442451420029897,875143,124857,51695.845932463315,2868550429,simulated,124807,injected samples,0.953891,1.0,78743,5118.222222222223,"[0, 0, 0, 0, 0, 0, 0, 0, 0, 875143]","[5158, 5107, 5132, 5132, 5132, 5107, 5107, 5107, 5082, 78743]","[5.0, 3.0, 4.0, 4.0, 4.0, 3.0, 3.0, 3.0, 2.0, 0.0]",0.07299350474319913,0.0,{},,,,,,,
MovieLens-25M,arms,UCB,Clipped Suppression,7,1000000,10,,0.016442451420029897,1000000,0,51695.845932463315,1541263215,simulated,477540,suppressed non-target rounds (including 0->0),0.52246,0.52246,0,0.0,"[53060, 53060, 53060, 53060, 53060, 53060, 53060, 53060, 53060, 522460]","[0, 0, 0, 0, 0, 0, 0, 0, 0, 0]","[0.0, 0.0, 0.0, 0.0, 0.0, 0.0, 0.0, 0.0, 0.0, 0.0]",,,,,,,,,,
MovieLens-25M,arms,TS,Ours,7,1000000,10,,0.016442451420029897,817132,182868,51695.845932463315,60022621,simulated,182818,injected samples,0.93746,1.0,120323,6943.888888888889,"[0, 0, 0, 0, 0, 0, 0, 0, 0, 817132]","[6975, 6935, 6955, 6955, 6955, 6935, 6935, 6935, 6915, 120323]","[5.0, 3.0, 4.0, 4.0, 4.0, 3.0, 3.0, 3.0, 2.0, 0.0]",0.099594120230909,0.0,{},,,,,,,
MovieLens-25M,arms,TS,Clipped Suppression,7,1000000,10,,0.016442451420029897,1000000,0,51695.845932463315,2778484864,simulated,206631,suppressed non-target rounds (including 0->0),0.793369,0.793369,0,0.0,"[22956, 22976, 22936, 23015, 22958, 22959, 22910, 22878, 23043, 793369]","[0, 0, 0, 0, 0, 0, 0, 0, 0, 0]","[0.0, 0.0, 0.0, 0.0, 0.0, 0.0, 0.0, 0.0, 0.0, 0.0]",,,,,,,,,,
MovieLens-25M,arms,UCB,Ours,7,1000000,15,,0.016442451420029897,852949,147051,59176.97111973348,1387353015,simulated,146976,injected samples,0.945541,1.0,92587,3884.9285714285716,"[0, 0, 0, 0, 0, 0, 0, 0, 0, 0, 0, 0, 0, 0, 852949]","[3873, 3894, 3894, 3873, 3894, 3894, 3894, 3829, 3894, 3873, 3894, 3916, 3851, 3916, 92587]","[3.0, 4.0, 4.0, 3.0, 4.0, 4.0, 4.0, 1.0, 4.0, 3.0, 4.0, 5.0, 2.0, 5.0, 0.0]",0.08473960734882377,0.0,{},,,,,,,
MovieLens-25M,arms,UCB,Clipped Suppression,7,1000000,15,,0.016442451420029897,1000000,0,59176.97111973348,116186750,simulated,641508,suppressed non-target rounds (including 0->0),0.358492,0.358492,0,0.0,"[45822, 45822, 45822, 45822, 45822, 45822, 45822, 45822, 45822, 45822, 45822, 45822, 45822, 45822, 358492]","[0, 0, 0, 0, 0, 0, 0, 0, 0, 0, 0, 0, 0, 0, 0]","[0.0, 0.0, 0.0, 0.0, 0.0, 0.0, 0.0, 0.0, 0.0, 0.0, 0.0, 0.0, 0.0, 0.0, 0.0]",,,,,,,,,,
MovieLens-25M,arms,TS,Ours,7,1000000,15,,0.016442451420029897,786056,213944,59176.97111973348,3895445796,simulated,213869,injected samples,0.925501,1.0,139440,5316.357142857143,"[0, 0, 0, 0, 0, 0, 0, 0, 0, 0, 0, 0, 0, 0, 786056]","[5306, 5324, 5324, 5306, 5324, 5324, 5324, 5272, 5324, 5306, 5324, 5341, 5289, 5341, 139440]","[3.0, 4.0, 4.0, 3.0, 4.0, 4.0, 4.0, 1.0, 4.0, 3.0, 4.0, 5.0, 2.0, 5.0, 0.0]",0.11458968680560591,0.0,{},,,,,,,
MovieLens-25M,arms,TS,Clipped Suppression,7,1000000,15,,0.016442451420029897,1000000,0,59176.97111973348,2710054173,simulated,318363,suppressed non-target rounds (including 0->0),0.681637,0.681637,0,0.0,"[22771, 22743, 22713, 22692, 22721, 22753, 22781, 22696, 22604, 22766, 22722, 22735, 22813, 22853, 681637]","[0, 0, 0, 0, 0, 0, 0, 0, 0, 0, 0, 0, 0, 0, 0]","[0.0, 0.0, 0.0, 0.0, 0.0, 0.0, 0.0, 0.0, 0.0, 0.0, 0.0, 0.0, 0.0, 0.0, 0.0]",,,,,,,,,,
MovieLens-25M,arms,UCB,Ours,7,1000000,20,,0.016442451420029897,835303,164697,65132.68448243278,764904779,simulated,164597,injected samples,0.938809,1.0,103501,3215.5789473684213,"[0, 0, 0, 0, 0, 0, 0, 0, 0, 0, 0, 0, 0, 0, 0, 0, 0, 0, 0, 835303]","[3244, 3244, 3204, 3224, 3224, 3244, 3204, 3204, 3204, 3224, 3224, 3184, 3184, 3224, 3204, 3224, 3244, 3204, 3184, 103501]","[5.0, 5.0, 3.0, 4.0, 4.0, 5.0, 3.0, 3.0, 3.0, 4.0, 4.0, 2.0, 2.0, 4.0, 3.0, 4.0, 5.0, 3.0, 2.0, 0.0]",0.09379178051490605,0.0,{},,,,,,,
MovieLens-25M,arms,UCB,Clipped Suppression,7,1000000,20,,0.016442451420029897,1000000,0,65132.68448243278,2761019952,simulated,765643,suppressed non-target rounds (including 0->0),0.234357,0.234357,0,0.0,"[40297, 40297, 40297, 40297, 40297, 40297, 40297, 40297, 40297, 40297, 40297, 40297, 40297, 40297, 40297, 40297, 40297, 40297, 40297, 234357]","[0, 0, 0, 0, 0, 0, 0, 0, 0, 0, 0, 0, 0, 0, 0, 0, 0, 0, 0, 0]","[0.0, 0.0, 0.0, 0.0, 0.0, 0.0, 0.0, 0.0, 0.0, 0.0, 0.0, 0.0, 0.0, 0.0, 0.0, 0.0, 0.0, 0.0, 0.0, 0.0]",,,,,,,,,,
MovieLens-25M,arms,TS,Ours,7,1000000,20,,0.016442451420029897,761158,238842,65132.68448243278,3031915008,simulated,238742,injected samples,0.915759,1.0,154596,4428.736842105263,"[0, 0, 0, 0, 0, 0, 0, 0, 0, 0, 0, 0, 0, 0, 0, 0, 0, 0, 0, 761158]","[4451, 4451, 4420, 4435, 4435, 4451, 4420, 4420, 4420, 4435, 4435, 4404, 4404, 4435, 4420, 4435, 4451, 4420, 4404, 154596]","[5.0, 5.0, 3.0, 4.0, 4.0, 5.0, 3.0, 3.0, 3.0, 4.0, 4.0, 2.0, 2.0, 4.0, 3.0, 4.0, 5.0, 3.0, 2.0, 0.0]",0.12612943123446213,0.0,{},,,,,,,
MovieLens-25M,arms,TS,Clipped Suppression,7,1000000,20,,0.016442451420029897,1000000,0,65132.68448243278,4247024526,simulated,414069,suppressed non-target rounds (including 0->0),0.585931,0.585931,0,0.0,"[21828, 21866, 21616, 21807, 21724, 21798, 21741, 21815, 21810, 21776, 21771, 21825, 21788, 21779, 21778, 21862, 21782, 21847, 21856, 585931]","[0, 0, 0, 0, 0, 0, 0, 0, 0, 0, 0, 0, 0, 0, 0, 0, 0, 0, 0, 0]","[0.0, 0.0, 0.0, 0.0, 0.0, 0.0, 0.0, 0.0, 0.0, 0.0, 0.0, 0.0, 0.0, 0.0, 0.0, 0.0, 0.0, 0.0, 0.0, 0.0]",,,,,,,,,,
MovieLens-25M,arms,UCB,Ours,7,1000000,30,,0.016442451420029897,807290,192710,74558.3115827732,3142680772,simulated,192560,injected samples,0.927992,1.0,120697,2478.0344827586205,"[0, 0, 0, 0, 0, 0, 0, 0, 0, 0, 0, 0, 0, 0, 0, 0, 0, 0, 0, 0, 0, 0, 0, 0, 0, 0, 0, 0, 0, 807290]","[2488, 2506, 2471, 2506, 2471, 2471, 2471, 2453, 2471, 2453, 2488, 2506, 2453, 2488, 2471, 2471, 2488, 2471, 2488, 2506, 2488, 2488, 2471, 2471, 2471, 2471, 2488, 2488, 2436, 120697]","[4.0, 5.0, 3.0, 5.0, 3.0, 3.0, 3.0, 2.0, 3.0, 2.0, 4.0, 5.0, 2.0, 4.0, 3.0, 3.0, 4.0, 3.0, 4.0, 5.0, 4.0, 4.0, 3.0, 3.0, 3.0, 3.0, 4.0, 4.0, 1.0, 0.0]",0.10769686200913778,0.0,{},,,,,,,
MovieLens-25M,arms,UCB,Clipped Suppression,7,1000000,30,,0.016442451420029897,1000000,0,74558.3115827732,3186649780,simulated,870760,suppressed non-target rounds (including 0->0),0.12924,0.12924,0,0.0,"[30027, 30027, 30027, 30027, 30027, 30027, 30026, 30026, 30026, 30026, 30026, 30026, 30026, 30026, 30026, 30026, 30026, 30026, 30026, 30026, 30026, 30026, 30026, 30026, 30026, 30026, 30026, 30026, 30026, 129240]","[0, 0, 0, 0, 0, 0, 0, 0, 0, 0, 0, 0, 0, 0, 0, 0, 0, 0, 0, 0, 0, 0, 0, 0, 0, 0, 0, 0, 0, 0]","[0.0, 0.0, 0.0, 0.0, 0.0, 0.0, 0.0, 0.0, 0.0, 0.0, 0.0, 0.0, 0.0, 0.0, 0.0, 0.0, 0.0, 0.0, 0.0, 0.0, 0.0, 0.0, 0.0, 0.0, 0.0, 0.0, 0.0, 0.0, 0.0, 0.0]",,,,,,,,,,
MovieLens-25M,arms,TS,Ours,7,1000000,30,,0.016442451420029897,721235,278765,74558.3115827732,3048374907,simulated,278615,injected samples,0.899865,1.0,178625,3447.9310344827586,"[0, 0, 0, 0, 0, 0, 0, 0, 0, 0, 0, 0, 0, 0, 0, 0, 0, 0, 0, 0, 0, 0, 0, 0, 0, 0, 0, 0, 0, 721235]","[3456, 3470, 3442, 3470, 3442, 3442, 3442, 3429, 3442, 3429, 3456, 3470, 3429, 3456, 3442, 3442, 3456, 3442, 3456, 3470, 3456, 3456, 3442, 3442, 3442, 3442, 3456, 3456, 3415, 178625]","[4.0, 5.0, 3.0, 5.0, 3.0, 3.0, 3.0, 2.0, 3.0, 2.0, 4.0, 5.0, 2.0, 4.0, 3.0, 3.0, 4.0, 3.0, 4.0, 5.0, 4.0, 4.0, 3.0, 3.0, 3.0, 3.0, 4.0, 4.0, 1.0, 0.0]",0.1438216960238184,0.0,{},,,,,,,
MovieLens-25M,arms,TS,Clipped Suppression,7,1000000,30,,0.016442451420029897,1000000,0,74558.3115827732,2678891173,simulated,585659,suppressed non-target rounds (including 0->0),0.414341,0.414341,0,0.0,"[20215, 20290, 20219, 20260, 20294, 20201, 20261, 20198, 20206, 20113, 20221, 20226, 20179, 20130, 20231, 20131, 20199, 20107, 20243, 20273, 20239, 20129, 20156, 20201, 20164, 20125, 20075, 20200, 20173, 414341]","[0, 0, 0, 0, 0, 0, 0, 0, 0, 0, 0, 0, 0, 0, 0, 0, 0, 0, 0, 0, 0, 0, 0, 0, 0, 0, 0, 0, 0, 0]","[0.0, 0.0, 0.0, 0.0, 0.0, 0.0, 0.0, 0.0, 0.0, 0.0, 0.0, 0.0, 0.0, 0.0, 0.0, 0.0, 0.0, 0.0, 0.0, 0.0, 0.0, 0.0, 0.0, 0.0, 0.0, 0.0, 0.0, 0.0, 0.0, 0.0]",,,,,,,,,,
MovieLens-25M,arms,UCB,Ours,7,1000000,40,,0.016442451420029897,784729,215271,82062.04021557822,509293807,simulated,215071,injected samples,0.91914,1.0,134406,2068.3333333333335,"[0, 0, 0, 0, 0, 0, 0, 0, 0, 0, 0, 0, 0, 0, 0, 0, 0, 0, 0, 0, 0, 0, 0, 0, 0, 0, 0, 0, 0, 0, 0, 0, 0, 0, 0, 0, 0, 0, 0, 784729]","[2095, 2079, 2095, 2079, 2079, 2095, 2079, 2079, 2095, 2079, 2047, 2079, 2047, 2079, 2079, 2095, 2095, 2063, 2063, 2095, 2063, 2079, 2095, 2047, 2047, 2095, 2079, 2079, 2047, 2031, 2031, 2047, 2095, 2031, 2063, 2015, 2031, 2031, 2063, 134406]","[5.0, 4.0, 5.0, 4.0, 4.0, 5.0, 4.0, 4.0, 5.0, 4.0, 2.0, 4.0, 2.0, 4.0, 4.0, 5.0, 5.0, 3.0, 3.0, 5.0, 3.0, 4.0, 5.0, 2.0, 2.0, 5.0, 4.0, 4.0, 2.0, 1.0, 1.0, 2.0, 5.0, 1.0, 3.0, 0.0, 1.0, 1.0, 3.0, 0.0]",0.1184799474828564,0.0,{},,,,,,,
MovieLens-25M,arms,UCB,Clipped Suppression,7,1000000,40,,0.016442451420029897,1000000,0,82062.04021557822,1385492831,simulated,926361,suppressed non-target rounds (including 0->0),0.073639,0.073639,0,0.0,"[23753, 23753, 23753, 23753, 23753, 23753, 23753, 23753, 23753, 23753, 23753, 23753, 23753, 23753, 23753, 23753, 23753, 23753, 23753, 23753, 23753, 23753, 23753, 23753, 23753, 23753, 23753, 23753, 23753, 23753, 23753, 23753, 23753, 23752, 23752, 23752, 23752, 23752, 23752, 73639]","[0, 0, 0, 0, 0, 0, 0, 0, 0, 0, 0, 0, 0, 0, 0, 0, 0, 0, 0, 0, 0, 0, 0, 0, 0, 0, 0, 0, 0, 0, 0, 0, 0, 0, 0, 0, 0, 0, 0, 0]","[0.0, 0.0, 0.0, 0.0, 0.0, 0.0, 0.0, 0.0, 0.0, 0.0, 0.0, 0.0, 0.0, 0.0, 0.0, 0.0, 0.0, 0.0, 0.0, 0.0, 0.0, 0.0, 0.0, 0.0, 0.0, 0.0, 0.0, 0.0, 0.0, 0.0, 0.0, 0.0, 0.0, 0.0, 0.0, 0.0, 0.0, 0.0, 0.0, 0.0]",,,,,,,,,,
MovieLens-25M,arms,TS,Ours,7,1000000,40,,0.016442451420029897,688790,311210,82062.04021557822,3500024764,simulated,311010,injected samples,0.88668,1.0,197885,2900.641025641026,"[0, 0, 0, 0, 0, 0, 0, 0, 0, 0, 0, 0, 0, 0, 0, 0, 0, 0, 0, 0, 0, 0, 0, 0, 0, 0, 0, 0, 0, 0, 0, 0, 0, 0, 0, 0, 0, 0, 0, 688790]","[2922, 2909, 2922, 2909, 2909, 2922, 2909, 2909, 2922, 2909, 2884, 2909, 2884, 2909, 2909, 2922, 2922, 2896, 2896, 2922, 2896, 2909, 2922, 2884, 2884, 2922, 2909, 2909, 2884, 2871, 2871, 2884, 2922, 2871, 2896, 2858, 2871, 2871, 2896, 197885]","[5.0, 4.0, 5.0, 4.0, 4.0, 5.0, 4.0, 4.0, 5.0, 4.0, 2.0, 4.0, 2.0, 4.0, 4.0, 5.0, 5.0, 3.0, 3.0, 5.0, 3.0, 4.0, 5.0, 2.0, 2.0, 5.0, 4.0, 4.0, 2.0, 1.0, 1.0, 2.0, 5.0, 1.0, 3.0, 0.0, 1.0, 1.0, 3.0, 0.0]",0.1574949220883365,0.0,{},,,,,,,
MovieLens-25M,arms,TS,Clipped Suppression,7,1000000,40,,0.016442451420029897,1000000,0,82062.04021557822,1018678915,simulated,722795,suppressed non-target rounds (including 0->0),0.277205,0.277205,0,0.0,"[18550, 18593, 18549, 18445, 18579, 18581, 18518, 18508, 18635, 18478, 18406, 18555, 18484, 18604, 18581, 18592, 18485, 18523, 18624, 18553, 18481, 18458, 18534, 18594, 18528, 18568, 18539, 18461, 18475, 18525, 18483, 18598, 18492, 18385, 18606, 18602, 18603, 18453, 18567, 277205]","[0, 0, 0, 0, 0, 0, 0, 0, 0, 0, 0, 0, 0, 0, 0, 0, 0, 0, 0, 0, 0, 0, 0, 0, 0, 0, 0, 0, 0, 0, 0, 0, 0, 0, 0, 0, 0, 0, 0, 0]","[0.0, 0.0, 0.0, 0.0, 0.0, 0.0, 0.0, 0.0, 0.0, 0.0, 0.0, 0.0, 0.0, 0.0, 0.0, 0.0, 0.0, 0.0, 0.0, 0.0, 0.0, 0.0, 0.0, 0.0, 0.0, 0.0, 0.0, 0.0, 0.0, 0.0, 0.0, 0.0, 0.0, 0.0, 0.0, 0.0, 0.0, 0.0, 0.0, 0.0]",,,,,,,,,,
MovieLens-25M,arms,UCB,Ours,7,1000000,50,,0.016442451420029897,765310,234690,88398.65308761662,2281488965,simulated,234440,injected samples,0.911372,1.0,146057,1803.734693877551,"[0, 0, 0, 0, 0, 0, 0, 0, 0, 0, 0, 0, 0, 0, 0, 0, 0, 0, 0, 0, 0, 0, 0, 0, 0, 0, 0, 0, 0, 0, 0, 0, 0, 0, 0, 0, 0, 0, 0, 0, 0, 0, 0, 0, 0, 0, 0, 0, 0, 765310]","[1827, 1797, 1827, 1812, 1797, 1812, 1812, 1797, 1797, 1827, 1782, 1827, 1812, 1782, 1797, 1782, 1797, 1797, 1797, 1827, 1812, 1812, 1827, 1827, 1812, 1812, 1797, 1782, 1827, 1812, 1812, 1812, 1797, 1812, 1782, 1797, 1767, 1797, 1797, 1812, 1797, 1797, 1827, 1797, 1797, 1812, 1782, 1782, 1782, 146057]","[5.0, 3.0, 5.0, 4.0, 3.0, 4.0, 4.0, 3.0, 3.0, 5.0, 2.0, 5.0, 4.0, 2.0, 3.0, 2.0, 3.0, 3.0, 3.0, 5.0, 4.0, 4.0, 5.0, 5.0, 4.0, 4.0, 3.0, 2.0, 5.0, 4.0, 4.0, 4.0, 3.0, 4.0, 2.0, 3.0, 1.0, 3.0, 3.0, 4.0, 3.0, 3.0, 5.0, 3.0, 3.0, 4.0, 2.0, 2.0, 2.0, 0.0]",0.1274420124784949,0.0,{},,,,,,,
MovieLens-25M,arms,UCB,Clipped Suppression,7,1000000,50,,0.016442451420029897,1000000,0,88398.65308761662,3880464522,simulated,946727,suppressed non-target rounds (including 0->0),0.053273,0.053273,0,0.0,"[19321, 19321, 19321, 19321, 19321, 19321, 19321, 19321, 19321, 19321, 19321, 19321, 19321, 19321, 19321, 19321, 19321, 19321, 19321, 19321, 19321, 19321, 19321, 19321, 19321, 19321, 19321, 19321, 19321, 19321, 19321, 19321, 19321, 19321, 19321, 19321, 19321, 19321, 19321, 19321, 19321, 19321, 19321, 19321, 19321, 19321, 19321, 19320, 19320, 53273]","[0, 0, 0, 0, 0, 0, 0, 0, 0, 0, 0, 0, 0, 0, 0, 0, 0, 0, 0, 0, 0, 0, 0, 0, 0, 0, 0, 0, 0, 0, 0, 0, 0, 0, 0, 0, 0, 0, 0, 0, 0, 0, 0, 0, 0, 0, 0, 0, 0, 0]","[0.0, 0.0, 0.0, 0.0, 0.0, 0.0, 0.0, 0.0, 0.0, 0.0, 0.0, 0.0, 0.0, 0.0, 0.0, 0.0, 0.0, 0.0, 0.0, 0.0, 0.0, 0.0, 0.0, 0.0, 0.0, 0.0, 0.0, 0.0, 0.0, 0.0, 0.0, 0.0, 0.0, 0.0, 0.0, 0.0, 0.0, 0.0, 0.0, 0.0, 0.0, 0.0, 0.0, 0.0, 0.0, 0.0, 0.0, 0.0, 0.0, 0.0]",,,,,,,,,,
MovieLens-25M,arms,TS,Ours,7,1000000,50,,0.016442451420029897,660799,339201,88398.65308761662,2921289772,simulated,338951,injected samples,0.875103,1.0,214299,2543.918367346939,"[0, 0, 0, 0, 0, 0, 0, 0, 0, 0, 0, 0, 0, 0, 0, 0, 0, 0, 0, 0, 0, 0, 0, 0, 0, 0, 0, 0, 0, 0, 0, 0, 0, 0, 0, 0, 0, 0, 0, 0, 0, 0, 0, 0, 0, 0, 0, 0, 0, 660799]","[2562, 2539, 2562, 2550, 2539, 2550, 2550, 2539, 2539, 2562, 2527, 2562, 2550, 2527, 2539, 2527, 2539, 2539, 2539, 2562, 2550, 2550, 2562, 2562, 2550, 2550, 2539, 2527, 2562, 2550, 2550, 2550, 2539, 2550, 2527, 2539, 2515, 2539, 2539, 2550, 2539, 2539, 2562, 2539, 2539, 2550, 2527, 2527, 2527, 214299]","[5.0, 3.0, 5.0, 4.0, 3.0, 4.0, 4.0, 3.0, 3.0, 5.0, 2.0, 5.0, 4.0, 2.0, 3.0, 2.0, 3.0, 3.0, 3.0, 5.0, 4.0, 4.0, 5.0, 5.0, 4.0, 4.0, 3.0, 2.0, 5.0, 4.0, 4.0, 4.0, 3.0, 4.0, 2.0, 3.0, 1.0, 3.0, 3.0, 4.0, 3.0, 3.0, 5.0, 3.0, 3.0, 4.0, 2.0, 2.0, 2.0, 0.0]",0.16880758689128528,0.0,{},,,,,,,
MovieLens-25M,arms,TS,Clipped Suppression,7,1000000,50,,0.016442451420029897,1000000,0,88398.65308761662,3706412671,simulated,811050,suppressed non-target rounds (including 0->0),0.18895,0.18895,0,0.0,"[16482, 16592, 16547, 16427, 16547, 16547, 16546, 16647, 16559, 16537, 16606, 16692, 16601, 16592, 16470, 16608, 16544, 16523, 16554, 16496, 16525, 16576, 16535, 16567, 16622, 16612, 16562, 16502, 16635, 16522, 16575, 16488, 16507, 16556, 16512, 16573, 16526, 16512, 16484, 16536, 16559, 16558, 16559, 16599, 16471, 16593, 16618, 16506, 16543, 188950]","[0, 0, 0, 0, 0, 0, 0, 0, 0, 0, 0, 0, 0, 0, 0, 0, 0, 0, 0, 0, 0, 0, 0, 0, 0, 0, 0, 0, 0, 0, 0, 0, 0, 0, 0, 0, 0, 0, 0, 0, 0, 0, 0, 0, 0, 0, 0, 0, 0, 0]","[0.0, 0.0, 0.0, 0.0, 0.0, 0.0, 0.0, 0.0, 0.0, 0.0, 0.0, 0.0, 0.0, 0.0, 0.0, 0.0, 0.0, 0.0, 0.0, 0.0, 0.0, 0.0, 0.0, 0.0, 0.0, 0.0, 0.0, 0.0, 0.0, 0.0, 0.0, 0.0, 0.0, 0.0, 0.0, 0.0, 0.0, 0.0, 0.0, 0.0, 0.0, 0.0, 0.0, 0.0, 0.0, 0.0, 0.0, 0.0, 0.0, 0.0]",,,,,,,,,,
MovieLens-25M,gap,UCB,Ours,7,1000000,10,0.0,0.0,875143,124857,51695.845932463315,2868550429,simulated,124807,injected samples,0.953891,1.0,78743,5118.222222222223,"[0, 0, 0, 0, 0, 0, 0, 0, 0, 875143]","[5158, 5107, 5132, 5132, 5132, 5107, 5107, 5107, 5082, 78743]","[5.0, 3.0, 4.0, 4.0, 4.0, 3.0, 3.0, 3.0, 2.0, 0.0]",0.07299350474319913,0.0,{},,,,,,,
MovieLens-25M,gap,UCB,Direct,7,1000000,10,0.0,0.0,884565,115435,51695.845932463315,1541263215,simulated,115385,injected samples,0.957042,1.0,72472,4768.111111111111,"[0, 0, 0, 0, 0, 0, 0, 0, 0, 884565]","[4806, 4757, 4782, 4782, 4782, 4757, 4757, 4757, 4733, 72472]","[5.0, 3.0, 4.0, 4.0, 4.0, 3.0, 3.0, 3.0, 2.0, 0.0]",0.08142415912491556,0.0,"{""search"": ""same grid; exact integer TS target envelope"", ""z_stages"": [[0.0, 1.0055705112905038, 4097.0, 115387.0, 332.0], [0.08126070293875898, 0.08175170416497504, 1025.0, 115385.0, 341.0], [0.08142373068965103, 0.08142468967642098, 1025.0, 115385.0, 458.0], [0.08142415867495754, 0.08142416054797857, 1025.0, 115385.0, 246.0], [0.08142415912309246, 0.0814241591267507, 1025.0, 115385.0, 511.0], [0.08142415912491444, 0.08142415912492158, 1025.0, 115385.0, 161.0]]}",,,,,,,
MovieLens-25M,gap,UCB,Two-phase,7,1000000,10,0.0,0.0,1000000,0,51695.845932463315,2978988287,infeasible,,scheduled corrupted rounds,,,0,0.0,,"[0, 0, 0, 0, 0, 0, 0, 0, 0, 0]","[0.0, 0.0, 0.0, 0.0, 0.0, 0.0, 0.0, 0.0, 0.0, 0.0]",,,,0,0,"{""C1"": null, ""C2"": null, ""K"": 10, ""T"": 1000000, ""feasible"": false, ""learner"": ""UCB"", ""learner_setting"": ""mean + sqrt(log(T)/N)"", ""mu"": 0.0, ""reason"": ""undefined at mu_K=0"", ""source"": ""https://proceedings.neurips.cc/paper_files/paper/2021/file/be315e7f05e9f13629031915fe87ad44-Supplemental.pdf"", ""source_section"": ""A.2"", ""target_feedback"": ""deterministic mu_K"", ""total"": null, ""version"": ""xu2021-original-settings-v1""}",,,,
MovieLens-25M,gap,TS,Ours,7,1000000,10,0.0,0.0,817132,182868,51695.845932463315,60022621,simulated,182818,injected samples,0.93746,1.0,120323,6943.888888888889,"[0, 0, 0, 0, 0, 0, 0, 0, 0, 817132]","[6975, 6935, 6955, 6955, 6955, 6935, 6935, 6935, 6915, 120323]","[5.0, 3.0, 4.0, 4.0, 4.0, 3.0, 3.0, 3.0, 2.0, 0.0]",0.099594120230909,0.0,{},,,,,,,
MovieLens-25M,gap,TS,Direct,7,1000000,10,0.0,0.0,836585,163415,51695.845932463315,2778484864,simulated,163365,injected samples,0.943629,1.0,107039,6258.444444444444,"[0, 0, 0, 0, 0, 0, 0, 0, 0, 836585]","[6288, 6250, 6269, 6269, 6269, 6250, 6250, 6250, 6231, 107039]","[5.0, 3.0, 4.0, 4.0, 4.0, 3.0, 3.0, 3.0, 2.0, 0.0]",0.10492937849872226,0.0,"{""search"": ""same grid; exact integer TS target envelope"", ""z_stages"": [[0.0, 0.9917340366815204, 4097.0, 163368.0, 433.0], [0.1045969491812541, 0.1050811943163525, 1025.0, 163365.0, 703.0], [0.10492892192035476, 0.10492986771163425, 1025.0, 163365.0, 495.0], [0.10492937819075716, 0.10492938003800577, 1025.0, 163365.0, 171.0], [0.1049293784974293, 0.1049293785010372, 1025.0, 163365.0, 367.0], [0.10492937849871883, 0.10492937849872588, 1025.0, 163365.0, 497.0]]}",,,,,,,
MovieLens-25M,gap,TS,Two-phase,7,1000000,10,0.0,0.0,1000000,0,51695.845932463315,1843096525,infeasible,,scheduled corrupted rounds,,,0,0.0,,"[0, 0, 0, 0, 0, 0, 0, 0, 0, 0]","[0.0, 0.0, 0.0, 0.0, 0.0, 0.0, 0.0, 0.0, 0.0, 0.0]",,,,0,0,"{""C1"": null, ""C2"": null, ""K"": 10, ""T"": 1000000, ""feasible"": false, ""learner"": ""TS"", ""learner_setting"": ""Beta(sum+1, N-sum+1)"", ""mu"": 0.0, ""reason"": ""undefined at mu_K=0"", ""source"": ""https://proceedings.neurips.cc/paper_files/paper/2021/file/be315e7f05e9f13629031915fe87ad44-Supplemental.pdf"", ""source_section"": ""A.4"", ""target_feedback"": ""Bernoulli(mu_K)"", ""total"": null, ""version"": ""xu2021-original-settings-v1""}",,,,
MovieLens-25M,gap,UCB,Ours,7,1000000,10,0.1,0.005169584593246332,880717,119283,51695.845932463315,3690425986,simulated,119233,injected samples,0.954037,1.0,73315,5102.0,"[0, 0, 0, 0, 0, 0, 0, 0, 0, 880717]","[5141, 5091, 5116, 5116, 5116, 5091, 5091, 5091, 5065, 73315]","[5.0, 3.0, 4.0, 4.0, 4.0, 3.0, 3.0, 3.0, 2.0, 0.02584792296623166]",0.07312243529004447,0.005169584593246332,{},,,,,,,
MovieLens-25M,gap,UCB,Direct,7,1000000,10,0.1,0.005169584593246332,889162,110838,51695.845932463315,3434003159,simulated,110788,injected samples,0.95715,1.0,67983,4756.111111111111,"[0, 0, 0, 0, 0, 0, 0, 0, 0, 889162]","[4794, 4745, 4770, 4770, 4770, 4745, 4745, 4745, 4721, 67983]","[5.0, 3.0, 4.0, 4.0, 4.0, 3.0, 3.0, 3.0, 2.0, 0.02584792296623166]",0.08152774209289275,0.005169584593246332,"{""search"": ""same grid; exact integer TS target envelope"", ""z_stages"": [[0.0, 1.005570537139616, 4097.0, 110790.0, 332.0], [0.08126070502763987, 0.08175170626647757, 1025.0, 110788.0, 557.0], [0.08152730335654003, 0.08152826234333463, 1025.0, 110788.0, 469.0], [0.0815277416434735, 0.08152774351649458, 1025.0, 110788.0, 246.0], [0.08152774209160843, 0.08152774209526667, 1025.0, 110788.0, 360.0], [0.08152774209289096, 0.0815277420928981, 1025.0, 110788.0, 256.0]]}",,,,,,,
MovieLens-25M,gap,UCB,Two-phase,7,1000000,10,0.1,0.005169584593246332,1000000,0,51695.845932463315,2253563470,infeasible,5196454,scheduled corrupted rounds,,,0,0.0,,"[0, 0, 0, 0, 0, 0, 0, 0, 0, 0]","[0.0, 0.0, 0.0, 0.0, 0.0, 0.0, 0.0, 0.0, 0.0, 0.0]",,,,5169590,26864,"{""C1"": 5169590, ""C2"": 26864, ""K"": 10, ""T"": 1000000, ""feasible"": false, ""learner"": ""UCB"", ""learner_setting"": ""mean + sqrt(log(T)/N)"", ""mu"": 0.005169584593246332, ""reason"": ""original budget reaches/exceeds T"", ""source"": ""https://proceedings.neurips.cc/paper_files/paper/2021/file/be315e7f05e9f13629031915fe87ad44-Supplemental.pdf"", ""source_section"": ""A.2"", ""target_feedback"": ""deterministic mu_K"", ""total"": 5196454, ""version"": ""xu2021-original-settings-v1""}",,,,
MovieLens-25M,gap,TS,Ours,7,1000000,10,0.1,0.005169584593246332,822899,177101,51695.845932463315,2762582019,simulated,177051,injected samples,0.937658,1.0,114754,6921.888888888889,"[0, 0, 0, 0, 0, 0, 0, 0, 0, 822899]","[6953, 6913, 6933, 6933, 6933, 6913, 6913, 6913, 6893, 114754]","[5.0, 3.0, 4.0, 4.0, 4.0, 3.0, 3.0, 3.0, 2.0, 0.02584792296623166]",0.0997536526124439,0.005169584593246332,{},,,,,,,
MovieLens-25M,gap,TS,Direct,7,1000000,10,0.1,0.005169584593246332,840933,159067,51695.845932463315,544312237,simulated,159017,injected samples,0.943782,1.0,102844,6241.444444444444,"[0, 0, 0, 0, 0, 0, 0, 0, 0, 840933]","[6271, 6233, 6252, 6252, 6252, 6233, 6233, 6233, 6214, 102844]","[5.0, 3.0, 4.0, 4.0, 4.0, 3.0, 3.0, 3.0, 2.0, 0.02584792296623166]",0.1050731345689616,0.005169584593246332,"{""search"": ""same grid; exact integer TS target envelope"", ""z_stages"": [[0.0, 0.9917340625306325, 4097.0, 159021.0, 433.0], [0.10459695190752764, 0.10508119705524768, 1025.0, 159017.0, 1007.0], [0.10507268493351042, 0.10507363072481456, 1025.0, 159017.0, 487.0], [0.10507313381493016, 0.1050731356621788, 1025.0, 159017.0, 418.0], [0.10507313456717887, 0.10507313457078678, 1025.0, 159017.0, 506.0], [0.10507313456895816, 0.1050731345689652, 1025.0, 159017.0, 499.0]]}",,,,,,,
MovieLens-25M,gap,TS,Two-phase,7,1000000,10,0.1,0.005169584593246332,1000000,0,51695.845932463315,786014642,infeasible,2098502,scheduled corrupted rounds,,,0,0.0,,"[0, 0, 0, 0, 0, 0, 0, 0, 0, 0]","[0.0, 0.0, 0.0, 0.0, 0.0, 0.0, 0.0, 0.0, 0.0, 0.0]",,,,2067834,30668,"{""C1"": 2067834, ""C2"": 30668, ""K"": 10, ""T"": 1000000, ""beta"": 0.9545316954435116, ""feasible"": false, ""learner"": ""TS"", ""learner_setting"": ""Beta(sum+1, N-sum+1)"", ""mu"": 0.005169584593246332, ""n1"": 201972.97093474137, ""n2"": 211593.82906525867, ""n3"": 1.0496843132033238, ""promotion_term"": 21490.784001452565, ""reason"": ""original budget reaches/exceeds T"", ""source"": ""https://proceedings.neurips.cc/paper_files/paper/2021/file/be315e7f05e9f13629031915fe87ad44-Supplemental.pdf"", ""source_section"": ""A.4"", ""target_feedback"": ""Bernoulli(mu_K)"", ""total"": 2098502, ""version"": ""xu2021-original-settings-v1"", ""waiting_term"": 9176.919442654274}",,,,
MovieLens-25M,gap,UCB,Ours,7,1000000,10,0.2,0.010339169186492664,886297,113703,51695.845932463315,3374648771,simulated,113653,injected samples,0.954189,1.0,67887,5085.111111111111,"[0, 0, 0, 0, 0, 0, 0, 0, 0, 886297]","[5124, 5074, 5099, 5099, 5099, 5074, 5074, 5074, 5049, 67887]","[5.0, 3.0, 4.0, 4.0, 4.0, 3.0, 3.0, 3.0, 2.0, 0.05169584593246332]",0.07325224100728234,0.010339169186492664,{},,,,,,,
MovieLens-25M,gap,UCB,Direct,7,1000000,10,0.2,0.010339169186492664,893807,106193,51695.845932463315,83487708,simulated,106143,injected samples,0.957261,1.0,63449,4743.777777777777,"[0, 0, 0, 0, 0, 0, 0, 0, 0, 893807]","[4782, 4733, 4757, 4757, 4757, 4733, 4733, 4733, 4709, 63449]","[5.0, 3.0, 4.0, 4.0, 4.0, 3.0, 3.0, 3.0, 2.0, 0.05169584593246332]",0.08163415492499956,0.010339169186492664,"{""search"": ""same grid; exact integer TS target envelope"", ""z_stages"": [[0.0, 1.005570562988728, 4097.0, 106145.0, 332.0], [0.08126070711652074, 0.08175170836798008, 1025.0, 106143.0, 779.0], [0.08163375298921154, 0.08163471197603078, 1025.0, 106143.0, 430.0], [0.08163415475224421, 0.08163415662526534, 1025.0, 106143.0, 95.0], [0.0816341549241817, 0.08163415492783994, 1025.0, 106143.0, 229.0], [0.08163415492499623, 0.08163415492500338, 1025.0, 106143.0, 477.0]]}",,,,,,,
MovieLens-25M,gap,UCB,Two-phase,7,1000000,10,0.2,0.010339169186492664,1000000,0,51695.845932463315,2948564624,infeasible,1305902,scheduled corrupted rounds,,,0,0.0,,"[0, 0, 0, 0, 0, 0, 0, 0, 0, 0]","[0.0, 0.0, 0.0, 0.0, 0.0, 0.0, 0.0, 0.0, 0.0, 0.0]",,,,1292400,13502,"{""C1"": 1292400, ""C2"": 13502, ""K"": 10, ""T"": 1000000, ""feasible"": false, ""learner"": ""UCB"", ""learner_setting"": ""mean + sqrt(log(T)/N)"", ""mu"": 0.010339169186492664, ""reason"": ""original budget reaches/exceeds T"", ""source"": ""https://proceedings.neurips.cc/paper_files/paper/2021/file/be315e7f05e9f13629031915fe87ad44-Supplemental.pdf"", ""source_section"": ""A.2"", ""target_feedback"": ""deterministic mu_K"", ""total"": 1305902, ""version"": ""xu2021-original-settings-v1""}",,,,
MovieLens-25M,gap,TS,Ours,7,1000000,10,0.2,0.010339169186492664,828665,171335,51695.845932463315,1443448160,simulated,171285,injected samples,0.937856,1.0,109186,6899.888888888889,"[0, 0, 0, 0, 0, 0, 0, 0, 0, 828665]","[6931, 6891, 6911, 6911, 6911, 6891, 6891, 6891, 6871, 109186]","[5.0, 3.0, 4.0, 4.0, 4.0, 3.0, 3.0, 3.0, 2.0, 0.05169584593246332]",0.0999142524264372,0.010339169186492664,{},,,,,,,
MovieLens-25M,gap,TS,Direct,7,1000000,10,0.2,0.010339169186492664,845325,154675,51695.845932463315,3418752071,simulated,154625,injected samples,0.943629,1.0,98299,6258.444444444444,"[0, 0, 0, 0, 0, 0, 0, 0, 0, 845325]","[6288, 6250, 6269, 6269, 6269, 6250, 6250, 6250, 6231, 98299]","[5.0, 3.0, 4.0, 4.0, 4.0, 3.0, 3.0, 3.0, 2.0, 0.05169584593246332]",0.10492937849872226,0.010339169186492664,"{""search"": ""same grid; exact integer TS target envelope"", ""z_stages"": [[0.0, 0.9917340883797444, 4097.0, 154628.0, 433.0], [0.10459695463380117, 0.10508119979414283, 1025.0, 154625.0, 703.0], [0.10492892739020727, 0.10492987318153607, 1025.0, 154625.0, 489.0], [0.1049293781188874, 0.10492937996613609, 1025.0, 154625.0, 211.0], [0.1049293784977177, 0.10492937850132561, 1025.0, 154625.0, 286.0], [0.10492937849872186, 0.10492937849872891, 1025.0, 154625.0, 58.0]]}",,,,,,,
MovieLens-25M,gap,TS,Two-phase,7,1000000,10,0.2,0.010339169186492664,1000000,0,51695.845932463315,1932943977,simulated,539705,scheduled corrupted rounds,0.534978,0.534978,0,0.0,"[51634, 51587, 51684, 51496, 51686, 51701, 51644, 51932, 51658, 534978]","[0, 0, 0, 0, 0, 0, 0, 0, 0, 0]","[0.0, 0.0, 0.0, 0.0, 0.0, 0.0, 0.0, 0.0, 0.0, 0.0]",,,,516959,22746,"{""C1"": 516959, ""C2"": 22746, ""K"": 10, ""T"": 1000000, ""beta"": 0.9110860762152083, ""feasible"": true, ""learner"": ""TS"", ""learner_setting"": ""Beta(sum+1, N-sum+1)"", ""mu"": 0.010339169186492664, ""n1"": 49290.684304214476, ""n2"": 54101.115695785535, ""n3"": 1.0997390623339454, ""promotion_term"": 10801.53199371647, ""reason"": """", ""source"": ""https://proceedings.neurips.cc/paper_files/paper/2021/file/be315e7f05e9f13629031915fe87ad44-Supplemental.pdf"", ""source_section"": ""A.4"", ""target_feedback"": ""Bernoulli(mu_K)"", ""total"": 539705, ""version"": ""xu2021-original-settings-v1"", ""waiting_term"": 11943.844471723236}","[51634, 51586, 51684, 51496, 51685, 51701, 51644, 51932, 51658, 51939]","[0, 1, 0, 0, 1, 0, 0, 0, 0, 22744]","[0, 0, 0, 0, 0, 0, 0, 0, 0, 460295]",1.0
MovieLens-25M,gap,UCB,Ours,7,1000000,10,0.3,0.015508753779738994,891878,108122,51695.845932463315,1480419955,simulated,108072,injected samples,0.954342,1.0,62459,5068.111111111111,"[0, 0, 0, 0, 0, 0, 0, 0, 0, 891878]","[5107, 5057, 5082, 5082, 5082, 5057, 5057, 5057, 5032, 62459]","[5.0, 3.0, 4.0, 4.0, 4.0, 3.0, 3.0, 3.0, 2.0, 0.07754376889869496]",0.07338292821812234,0.015508753779738994,{},,,,,,,
MovieLens-25M,gap,UCB,Direct,7,1000000,10,0.3,0.015508753779738994,898500,101500,51695.845932463315,3888486662,simulated,101450,injected samples,0.957135,1.0,58630,4757.777777777777,"[0, 0, 0, 0, 0, 0, 0, 0, 0, 898500]","[4796, 4747, 4771, 4771, 4771, 4747, 4747, 4747, 4723, 58630]","[5.0, 3.0, 4.0, 4.0, 4.0, 3.0, 3.0, 3.0, 2.0, 0.07754376889869496]",0.08151318883733963,0.015508753779738994,"{""search"": ""same grid; exact integer TS target envelope"", ""z_stages"": [[0.0, 1.00557058883784, 4097.0, 101452.0, 332.0], [0.08126070920540161, 0.08175171046948258, 1025.0, 101450.0, 527.0], [0.08151292274534945, 0.08151388173219336, 1025.0, 101450.0, 285.0], [0.08151318871435694, 0.08151319058737812, 1025.0, 101450.0, 68.0], [0.08151318883690813, 0.08151318884056637, 1025.0, 101450.0, 121.0], [0.08151318883733683, 0.08151318883734397, 1025.0, 101450.0, 401.0]]}",,,,,,,
MovieLens-25M,gap,UCB,Two-phase,7,1000000,10,0.3,0.015508753779738994,1000000,0,51695.845932463315,4260711232,simulated,583449,scheduled corrupted rounds,0.483031,0.483031,0,0.0,"[57441, 57441, 57441, 57441, 57441, 57441, 57441, 57441, 57441, 483031]","[0, 0, 0, 0, 0, 0, 0, 0, 0, 0]","[0.0, 0.0, 0.0, 0.0, 0.0, 0.0, 0.0, 0.0, 0.0, 0.0]",,,,574400,9049,"{""C1"": 574400, ""C2"": 9049, ""K"": 10, ""T"": 1000000, ""feasible"": true, ""learner"": ""UCB"", ""learner_setting"": ""mean + sqrt(log(T)/N)"", ""mu"": 0.015508753779738994, ""reason"": """", ""source"": ""https://proceedings.neurips.cc/paper_files/paper/2021/file/be315e7f05e9f13629031915fe87ad44-Supplemental.pdf"", ""source_section"": ""A.2"", ""target_feedback"": ""deterministic mu_K"", ""total"": 583449, ""version"": ""xu2021-original-settings-v1""}","[57440, 57440, 57440, 57440, 57440, 57440, 57440, 57440, 57440, 57440]","[1, 1, 1, 1, 1, 1, 1, 1, 1, 9040]","[0, 0, 0, 0, 0, 0, 0, 0, 0, 416551]",1.0
MovieLens-25M,gap,TS,Ours,7,1000000,10,0.3,0.015508753779738994,834433,165567,51695.845932463315,1843868800,simulated,165517,injected samples,0.938054,1.0,103616,6877.888888888889,"[0, 0, 0, 0, 0, 0, 0, 0, 0, 834433]","[6909, 6869, 6889, 6889, 6889, 6869, 6869, 6869, 6849, 103616]","[5.0, 3.0, 4.0, 4.0, 4.0, 3.0, 3.0, 3.0, 2.0, 0.07754376889869496]",0.10007592943273705,0.015508753779738994,{},,,,,,,
MovieLens-25M,gap,TS,Direct,7,1000000,10,0.3,0.015508753779738994,849764,150236,51695.845932463315,882884132,simulated,150186,injected samples,0.943692,1.0,93923,6251.444444444444,"[0, 0, 0, 0, 0, 0, 0, 0, 0, 849764]","[6281, 6243, 6262, 6262, 6262, 6243, 6243, 6243, 6224, 93923]","[5.0, 3.0, 4.0, 4.0, 4.0, 3.0, 3.0, 3.0, 2.0, 0.07754376889869496]",0.10498850075507654,0.015508753779738994,"{""search"": ""same grid; exact integer TS target envelope"", ""z_stages"": [[0.0, 0.9917341142288565, 4097.0, 150190.0, 433.0], [0.10459695736007471, 0.10508120253303802, 1025.0, 150186.0, 828.0], [0.10498804208472379, 0.10498898787607723, 1025.0, 150186.0, 497.0], [0.10498850020241061, 0.10498850204965934, 1025.0, 150186.0, 307.0], [0.10498850075442048, 0.1049885007580284, 1025.0, 150186.0, 187.0], [0.10498850075507583, 0.10498850075508287, 1025.0, 150186.0, 102.0]]}",,,,,,,
MovieLens-25M,gap,TS,Two-phase,7,1000000,10,0.3,0.015508753779738994,1000000,0,51695.845932463315,2365222547,simulated,252629,scheduled corrupted rounds,0.793247,0.793247,0,0.0,"[22994, 23041, 22887, 22910, 23030, 22917, 23053, 22936, 22985, 793247]","[0, 0, 0, 0, 0, 0, 0, 0, 0, 0]","[0.0, 0.0, 0.0, 0.0, 0.0, 0.0, 0.0, 0.0, 0.0, 0.0]",,,,229760,22869,"{""C1"": 229760, ""C2"": 22869, ""K"": 10, ""T"": 1000000, ""beta"": 0.8695323470156004, ""feasible"": true, ""learner"": ""TS"", ""learner_setting"": ""Beta(sum+1, N-sum+1)"", ""mu"": 0.015508753779738994, ""n1"": 21372.5213186025, ""n2"": 24579.4786813975, ""n3"": 1.1522940470257748, ""promotion_term"": 7238.848048905075, ""reason"": """", ""source"": ""https://proceedings.neurips.cc/paper_files/paper/2021/file/be315e7f05e9f13629031915fe87ad44-Supplemental.pdf"", ""source_section"": ""A.4"", ""target_feedback"": ""Bernoulli(mu_K)"", ""total"": 252629, ""version"": ""xu2021-original-settings-v1"", ""waiting_term"": 15629.872243122792}","[22993, 23038, 22886, 22909, 23028, 22916, 23050, 22935, 22985, 23020]","[1, 3, 1, 1, 2, 1, 3, 1, 0, 22856]","[0, 0, 0, 0, 0, 0, 0, 0, 0, 747371]",1.0
MovieLens-25M,gap,UCB,Ours,7,1000000,10,0.4,0.020678338372985328,897452,102548,51695.845932463315,1962086983,simulated,102498,injected samples,0.954487,1.0,57030,5052.0,"[0, 0, 0, 0, 0, 0, 0, 0, 0, 897452]","[5091, 5041, 5066, 5066, 5066, 5041, 5041, 5041, 5015, 57030]","[5.0, 3.0, 4.0, 4.0, 4.0, 3.0, 3.0, 3.0, 2.0, 0.10339169186492664]",0.07351451112301438,0.020678338372985328,{},,,,,,,
MovieLens-25M,gap,UCB,Direct,7,1000000,10,0.4,0.020678338372985328,903243,96757,51695.845932463315,1988482284,simulated,96707,injected samples,0.957144,1.0,53896,4756.777777777777,"[0, 0, 0, 0, 0, 0, 0, 0, 0, 903243]","[4795, 4746, 4770, 4770, 4770, 4746, 4746, 4746, 4722, 53896]","[5.0, 3.0, 4.0, 4.0, 4.0, 3.0, 3.0, 3.0, 2.0, 0.10339169186492664]",0.0815218115060685,0.020678338372985328,"{""search"": ""same grid; exact integer TS target envelope"", ""z_stages"": [[0.0, 1.0055706146869519, 4097.0, 96709.0, 332.0], [0.08126071129428249, 0.0817517125709851, 1025.0, 96707.0, 545.0], [0.08152155572253075, 0.08152251470939931, 1025.0, 96707.0, 274.0], [0.08152181138992833, 0.08152181326294955, 1025.0, 96707.0, 64.0], [0.08152181150516304, 0.08152181150882128, 1025.0, 96707.0, 254.0], [0.08152181150606688, 0.08152181150607403, 1025.0, 96707.0, 232.0]]}",,,,,,,
MovieLens-25M,gap,UCB,Two-phase,7,1000000,10,0.4,0.020678338372985328,1000000,0,51695.845932463315,3573625642,simulated,329923,scheduled corrupted rounds,0.709201,0.709201,0,0.0,"[32311, 32311, 32311, 32311, 32311, 32311, 32311, 32311, 32311, 709201]","[0, 0, 0, 0, 0, 0, 0, 0, 0, 0]","[0.0, 0.0, 0.0, 0.0, 0.0, 0.0, 0.0, 0.0, 0.0, 0.0]",,,,323100,6823,"{""C1"": 323100, ""C2"": 6823, ""K"": 10, ""T"": 1000000, ""feasible"": true, ""learner"": ""UCB"", ""learner_setting"": ""mean + sqrt(log(T)/N)"", ""mu"": 0.020678338372985328, ""reason"": """", ""source"": ""https://proceedings.neurips.cc/paper_files/paper/2021/file/be315e7f05e9f13629031915fe87ad44-Supplemental.pdf"", ""source_section"": ""A.2"", ""target_feedback"": ""deterministic mu_K"", ""total"": 329923, ""version"": ""xu2021-original-settings-v1""}","[32310, 32310, 32310, 32310, 32310, 32310, 32310, 32310, 32310, 32310]","[1, 1, 1, 1, 1, 1, 1, 1, 1, 6814]","[0, 0, 0, 0, 0, 0, 0, 0, 0, 670077]",1.0
MovieLens-25M,gap,TS,Ours,7,1000000,10,0.4,0.020678338372985328,840202,159798,51695.845932463315,1038757927,simulated,159748,injected samples,0.938253,1.0,98046,6855.777777777777,"[0, 0, 0, 0, 0, 0, 0, 0, 0, 840202]","[6886, 6847, 6867, 6867, 6867, 6847, 6847, 6847, 6827, 98046]","[5.0, 3.0, 4.0, 4.0, 4.0, 3.0, 3.0, 3.0, 2.0, 0.10339169186492664]",0.10023869947221128,0.020678338372985328,{},,,,,,,
MovieLens-25M,gap,TS,Direct,7,1000000,10,0.4,0.020678338372985328,854250,145750,51695.845932463315,3271394992,simulated,145700,injected samples,0.943692,1.0,89437,6251.444444444444,"[0, 0, 0, 0, 0, 0, 0, 0, 0, 854250]","[6281, 6243, 6262, 6262, 6262, 6243, 6243, 6243, 6224, 89437]","[5.0, 3.0, 4.0, 4.0, 4.0, 3.0, 3.0, 3.0, 2.0, 0.10339169186492664]",0.10498850075507654,0.020678338372985328,"{""search"": ""same grid; exact integer TS target envelope"", ""z_stages"": [[0.0, 0.9917341400779685, 4097.0, 145704.0, 433.0], [0.10459696008634824, 0.10508120527193318, 1025.0, 145700.0, 828.0], [0.10498804482119077, 0.10498899061256886, 1025.0, 145700.0, 494.0], [0.10498850016801635, 0.10498850201526513, 1025.0, 145700.0, 326.0], [0.10498850075430137, 0.10498850075790928, 1025.0, 145700.0, 221.0], [0.1049885007550765, 0.10498850075508355, 1025.0, 145700.0, 6.0]]}",,,,,,,
MovieLens-25M,gap,TS,Two-phase,7,1000000,10,0.4,0.020678338372985328,1000000,0,51695.845932463315,128463375,simulated,155270,scheduled corrupted rounds,0.883653,0.883653,0,0.0,"[12971, 12846, 13026, 12926, 12885, 12922, 12957, 12889, 12925, 883653]","[0, 0, 0, 0, 0, 0, 0, 0, 0, 0]","[0.0, 0.0, 0.0, 0.0, 0.0, 0.0, 0.0, 0.0, 0.0, 0.0]",,,,129240,26030,"{""C1"": 129240, ""C2"": 26030, ""K"": 10, ""T"": 1000000, ""beta"": 0.8297505246489114, ""feasible"": true, ""learner"": ""TS"", ""learner_setting"": ""Beta(sum+1, N-sum+1)"", ""mu"": 0.020678338372985328, ""n1"": 11721.390988951873, ""n2"": 14126.609011048127, ""n3"": 1.2075399983463464, ""promotion_term"": 5457.795035156615, ""reason"": """", ""source"": ""https://proceedings.neurips.cc/paper_files/paper/2021/file/be315e7f05e9f13629031915fe87ad44-Supplemental.pdf"", ""source_section"": ""A.4"", ""target_feedback"": ""Bernoulli(mu_K)"", ""total"": 155270, ""version"": ""xu2021-original-settings-v1"", ""waiting_term"": 20571.576084349912}","[12970, 12845, 13026, 12926, 12884, 12922, 12956, 12889, 12925, 12897]","[1, 1, 0, 0, 1, 0, 1, 0, 0, 26026]","[0, 0, 0, 0, 0, 0, 0, 0, 0, 844730]",1.0
MovieLens-25M,gap,UCB,Ours,7,1000000,10,0.5,0.025847922966231656,903033,96967,51695.845932463315,4028613786,simulated,96917,injected samples,0.954639,1.0,51601,5035.111111111111,"[0, 0, 0, 0, 0, 0, 0, 0, 0, 903033]","[5074, 5024, 5049, 5049, 5049, 5024, 5024, 5024, 4999, 51601]","[5.0, 3.0, 4.0, 4.0, 4.0, 3.0, 3.0, 3.0, 2.0, 0.12923961483115828]",0.07364699929528287,0.025847922966231656,{},,,,,,,
MovieLens-25M,gap,UCB,Direct,7,1000000,10,0.5,0.025847922966231656,908036,91964,51695.845932463315,3400536646,simulated,91914,injected samples,0.95706,1.0,49019,4766.111111111111,"[0, 0, 0, 0, 0, 0, 0, 0, 0, 908036]","[4804, 4755, 4780, 4780, 4780, 4755, 4755, 4755, 4731, 49019]","[5.0, 3.0, 4.0, 4.0, 4.0, 3.0, 3.0, 3.0, 2.0, 0.12923961483115828]",0.0814413956084292,0.025847922966231656,"{""search"": ""same grid; exact integer TS target envelope"", ""z_stages"": [[0.0, 1.005570640536064, 4097.0, 91916.0, 332.0], [0.08126071338316337, 0.08175171467248762, 1025.0, 91914.0, 377.0], [0.08144100291908712, 0.08144196190598034, 1025.0, 91914.0, 420.0], [0.0814413953170444, 0.08144139719006568, 1025.0, 91914.0, 160.0], [0.08144139560787486, 0.0814413956115331, 1025.0, 91914.0, 156.0], [0.0814413956084286, 0.08144139560843575, 1025.0, 91914.0, 85.0]]}",,,,,,,
MovieLens-25M,gap,UCB,Two-phase,7,1000000,10,0.5,0.025847922966231656,1000000,0,51695.845932463315,3740326780,simulated,212277,scheduled corrupted rounds,0.81388,0.81388,0,0.0,"[20680, 20680, 20680, 20680, 20680, 20680, 20680, 20680, 20680, 813880]","[0, 0, 0, 0, 0, 0, 0, 0, 0, 0]","[0.0, 0.0, 0.0, 0.0, 0.0, 0.0, 0.0, 0.0, 0.0, 0.0]",,,,206790,5487,"{""C1"": 206790, ""C2"": 5487, ""K"": 10, ""T"": 1000000, ""feasible"": true, ""learner"": ""UCB"", ""learner_setting"": ""mean + sqrt(log(T)/N)"", ""mu"": 0.025847922966231656, ""reason"": """", ""source"": ""https://proceedings.neurips.cc/paper_files/paper/2021/file/be315e7f05e9f13629031915fe87ad44-Supplemental.pdf"", ""source_section"": ""A.2"", ""target_feedback"": ""deterministic mu_K"", ""total"": 212277, ""version"": ""xu2021-original-settings-v1""}","[20679, 20679, 20679, 20679, 20679, 20679, 20679, 20679, 20679, 20679]","[1, 1, 1, 1, 1, 1, 1, 1, 1, 5478]","[0, 0, 0, 0, 0, 0, 0, 0, 0, 787723]",1.0
MovieLens-25M,gap,TS,Ours,7,1000000,10,0.5,0.025847922966231656,845974,154026,51695.845932463315,3438477441,simulated,153976,injected samples,0.938454,1.0,92475,6833.444444444444,"[0, 0, 0, 0, 0, 0, 0, 0, 0, 845974]","[6864, 6825, 6844, 6844, 6844, 6825, 6825, 6825, 6805, 92475]","[5.0, 3.0, 4.0, 4.0, 4.0, 3.0, 3.0, 3.0, 2.0, 0.12923961483115828]",0.10040257407329212,0.025847922966231656,{},,,,,,,
MovieLens-25M,gap,TS,Direct,7,1000000,10,0.5,0.025847922966231656,858783,141217,51695.845932463315,3796610951,simulated,141167,injected samples,0.943692,1.0,84904,6251.444444444444,"[0, 0, 0, 0, 0, 0, 0, 0, 0, 858783]","[6281, 6243, 6262, 6262, 6262, 6243, 6243, 6243, 6224, 84904]","[5.0, 3.0, 4.0, 4.0, 4.0, 3.0, 3.0, 3.0, 2.0, 0.12923961483115828]",0.10498850075507654,0.025847922966231656,"{""search"": ""same grid; exact integer TS target envelope"", ""z_stages"": [[0.0, 0.9917341659270805, 4097.0, 141171.0, 433.0], [0.10459696281262178, 0.10508120801082836, 1025.0, 141167.0, 828.0], [0.10498804755765775, 0.1049889933490605, 1025.0, 141167.0, 491.0], [0.10498850013362196, 0.1049885019808708, 1025.0, 141167.0, 345.0], [0.10498850075418212, 0.10498850075779002, 1025.0, 141167.0, 254.0], [0.10498850075507353, 0.10498850075508057, 1025.0, 141167.0, 438.0]]}",,,,,,,
MovieLens-25M,gap,TS,Two-phase,7,1000000,10,0.5,0.025847922966231656,1000000,0,51695.845932463315,2783739638,simulated,114345,scheduled corrupted rounds,0.925551,0.925551,0,0.0,"[8303, 8297, 8282, 8182, 8278, 8253, 8282, 8329, 8243, 925551]","[0, 0, 0, 0, 0, 0, 0, 0, 0, 0]","[0.0, 0.0, 0.0, 0.0, 0.0, 0.0, 0.0, 0.0, 0.0, 0.0]",,,,82714,31631,"{""C1"": 82714, ""C2"": 31631, ""K"": 10, ""T"": 1000000, ""beta"": 0.7916312468634676, ""feasible"": true, ""learner"": ""TS"", ""learner_setting"": ""Beta(sum+1, N-sum+1)"", ""mu"": 0.025847922966231656, ""n1"": 7309.3104648547105, ""n2"": 9233.48953514529, ""n3"": 1.2656864558243412, ""promotion_term"": 4389.427791888336, ""reason"": """", ""source"": ""https://proceedings.neurips.cc/paper_files/paper/2021/file/be315e7f05e9f13629031915fe87ad44-Supplemental.pdf"", ""source_section"": ""A.4"", ""target_feedback"": ""Bernoulli(mu_K)"", ""total"": 114345, ""version"": ""xu2021-original-settings-v1"", ""waiting_term"": 27241.08315291435}","[8300, 8297, 8277, 8178, 8276, 8249, 8282, 8325, 8242, 8288]","[3, 0, 5, 4, 2, 4, 0, 4, 1, 31608]","[0, 0, 0, 0, 0, 0, 0, 0, 0, 885655]",1.0
MovieLens-25M,gap,UCB,Ours,7,1000000,10,0.75,0.03877188444934749,916987,83013,51695.845932463315,4190133573,simulated,82963,injected samples,0.955017,1.0,38025,4993.111111111111,"[0, 0, 0, 0, 0, 0, 0, 0, 0, 916987]","[5032, 4982, 5007, 5007, 5007, 4982, 4982, 4982, 4957, 38025]","[5.0, 3.0, 4.0, 4.0, 4.0, 3.0, 3.0, 3.0, 2.0, 0.19385942224673744]",0.07398224926741565,0.03877188444934749,{},,,,,,,
MovieLens-25M,gap,UCB,Direct,7,1000000,10,0.75,0.03877188444934749,920245,79755,51695.845932463315,1690511339,simulated,79705,injected samples,0.957105,1.0,36855,4761.111111111111,"[0, 0, 0, 0, 0, 0, 0, 0, 0, 920245]","[4799, 4750, 4775, 4775, 4775, 4750, 4750, 4750, 4726, 36855]","[5.0, 3.0, 4.0, 4.0, 4.0, 3.0, 3.0, 3.0, 2.0, 0.19385942224673744]",0.08148453462795732,0.03877188444934749,"{""search"": ""same grid; exact integer TS target envelope"", ""z_stages"": [[0.0, 1.005570705158844, 4097.0, 79707.0, 332.0], [0.08126071860536557, 0.08175171992624392, 1025.0, 79705.0, 467.0], [0.08148416256584341, 0.08148512155279826, 1025.0, 79705.0, 398.0], [0.08148453436059055, 0.08148453623361195, 1025.0, 79705.0, 147.0], [0.08148453462764244, 0.08148453463130068, 1025.0, 79705.0, 89.0], [0.08148453462795681, 0.08148453462796396, 1025.0, 79705.0, 73.0]]}",,,,,,,
MovieLens-25M,gap,UCB,Two-phase,7,1000000,10,0.75,0.03877188444934749,1000000,0,51695.845932463315,122603664,simulated,95618,scheduled corrupted rounds,0.917272,0.917272,0,0.0,"[9192, 9192, 9192, 9192, 9192, 9192, 9192, 9192, 9192, 917272]","[0, 0, 0, 0, 0, 0, 0, 0, 0, 0]","[0.0, 0.0, 0.0, 0.0, 0.0, 0.0, 0.0, 0.0, 0.0, 0.0]",,,,91910,3708,"{""C1"": 91910, ""C2"": 3708, ""K"": 10, ""T"": 1000000, ""feasible"": true, ""learner"": ""UCB"", ""learner_setting"": ""mean + sqrt(log(T)/N)"", ""mu"": 0.03877188444934749, ""reason"": """", ""source"": ""https://proceedings.neurips.cc/paper_files/paper/2021/file/be315e7f05e9f13629031915fe87ad44-Supplemental.pdf"", ""source_section"": ""A.2"", ""target_feedback"": ""deterministic mu_K"", ""total"": 95618, ""version"": ""xu2021-original-settings-v1""}","[9191, 9191, 9191, 9191, 9191, 9191, 9191, 9191, 9191, 9191]","[1, 1, 1, 1, 1, 1, 1, 1, 1, 3699]","[0, 0, 0, 0, 0, 0, 0, 0, 0, 904382]",1.0
MovieLens-25M,gap,TS,Ours,7,1000000,10,0.75,0.03877188444934749,860409,139591,51695.845932463315,2152645410,simulated,139541,injected samples,0.938958,1.0,78544,6777.444444444444,"[0, 0, 0, 0, 0, 0, 0, 0, 0, 860409]","[6808, 6769, 6788, 6788, 6788, 6769, 6769, 6769, 6749, 78544]","[5.0, 3.0, 4.0, 4.0, 4.0, 3.0, 3.0, 3.0, 2.0, 0.19385942224673744]",0.10081718244899515,0.03877188444934749,{},,,,,,,
MovieLens-25M,gap,TS,Direct,7,1000000,10,0.75,0.03877188444934749,870330,129670,51695.845932463315,2270168706,simulated,129620,injected samples,0.943773,1.0,73438,6242.444444444444,"[0, 0, 0, 0, 0, 0, 0, 0, 0, 870330]","[6272, 6234, 6253, 6253, 6253, 6234, 6234, 6234, 6215, 73438]","[5.0, 3.0, 4.0, 4.0, 4.0, 3.0, 3.0, 3.0, 2.0, 0.19385942224673744]",0.10506466198533698,0.03877188444934749,"{""search"": ""same grid; exact integer TS target envelope"", ""z_stages"": [[0.0, 0.9917342305498605, 4097.0, 129624.0, 433.0], [0.1045969696283056, 0.10508121485806628, 1025.0, 129620.0, 989.0], [0.1050641906117075, 0.10506513640317187, 1025.0, 129620.0, 511.0], [0.10506466166019074, 0.10506466350743969, 1025.0, 129620.0, 181.0], [0.10506466198490247, 0.10506466198851037, 1025.0, 129620.0, 124.0], [0.10506466198533584, 0.10506466198534288, 1025.0, 129620.0, 165.0]]}",,,,,,,
MovieLens-25M,gap,TS,Two-phase,7,1000000,10,0.75,0.03877188444934749,1000000,0,51695.845932463315,431924126,simulated,96319,scheduled corrupted rounds,0.966961,0.966961,0,0.0,"[3698, 3705, 3698, 3645, 3664, 3641, 3662, 3656, 3670, 966961]","[0, 0, 0, 0, 0, 0, 0, 0, 0, 0]","[0.0, 0.0, 0.0, 0.0, 0.0, 0.0, 0.0, 0.0, 0.0, 0.0]",,,,36762,59557,"{""C1"": 36762, ""C2"": 59557, ""K"": 10, ""T"": 1000000, ""beta"": 0.7029612790013512, ""feasible"": true, ""learner"": ""TS"", ""learner_setting"": ""Beta(sum+1, N-sum+1)"", ""mu"": 0.03877188444934749, ""n1"": 3034.8050379860897, ""n2"": 4317.59496201391, ""n3"": 1.4253373223996604, ""promotion_term"": 2965.6477855111257, ""reason"": """", ""source"": ""https://proceedings.neurips.cc/paper_files/paper/2021/file/be315e7f05e9f13629031915fe87ad44-Supplemental.pdf"", ""source_section"": ""A.4"", ""target_feedback"": ""Bernoulli(mu_K)"", ""total"": 96319, ""version"": ""xu2021-original-settings-v1"", ""waiting_term"": 56590.68151852219}","[3696, 3703, 3696, 3644, 3664, 3640, 3658, 3656, 3668, 3737]","[2, 2, 2, 1, 0, 1, 4, 0, 2, 59543]","[0, 0, 0, 0, 0, 0, 0, 0, 0, 903681]",1.0
MovieLens-25M,gap,UCB,Ours,7,1000000,10,1.0,0.05169584593246331,930948,69052,51695.845932463315,836019937,simulated,69002,injected samples,0.955399,1.0,24446,4950.666666666667,"[0, 0, 0, 0, 0, 0, 0, 0, 0, 930948]","[4989, 4940, 4964, 4964, 4964, 4940, 4940, 4940, 4915, 24446]","[5.0, 3.0, 4.0, 4.0, 4.0, 3.0, 3.0, 3.0, 2.0, 0.25847922966231657]",0.07432340654423109,0.05169584593246331,{},,,,,,,
MovieLens-25M,gap,UCB,Direct,7,1000000,10,1.0,0.05169584593246331,932787,67213,51695.845932463315,2599010656,simulated,67163,injected samples,0.957216,1.0,24424,4748.777777777777,"[0, 0, 0, 0, 0, 0, 0, 0, 0, 932787]","[4787, 4738, 4762, 4762, 4762, 4738, 4738, 4738, 4714, 24424]","[5.0, 3.0, 4.0, 4.0, 4.0, 3.0, 3.0, 3.0, 2.0, 0.25847922966231657]",0.08159089116632295,0.05169584593246331,"{""search"": ""same grid; exact integer TS target envelope"", ""z_stages"": [[0.0, 1.005570769781624, 4097.0, 67165.0, 332.0], [0.08126072382756777, 0.08175172518000019, 1025.0, 67163.0, 689.0], [0.0815906153612333, 0.08159157434824978, 1025.0, 67163.0, 295.0], [0.08159089069539623, 0.08159089256841776, 1025.0, 67163.0, 258.0], [0.08159089116548073, 0.08159089116913898, 1025.0, 67163.0, 236.0], [0.08159089116632026, 0.08159089116632741, 1025.0, 67163.0, 385.0]]}",,,,,,,
MovieLens-25M,gap,UCB,Two-phase,7,1000000,10,1.0,0.05169584593246331,1000000,0,51695.845932463315,1893747580,simulated,54519,scheduled corrupted rounds,0.953461,0.953461,0,0.0,"[5171, 5171, 5171, 5171, 5171, 5171, 5171, 5171, 5171, 953461]","[0, 0, 0, 0, 0, 0, 0, 0, 0, 0]","[0.0, 0.0, 0.0, 0.0, 0.0, 0.0, 0.0, 0.0, 0.0, 0.0]",,,,51700,2819,"{""C1"": 51700, ""C2"": 2819, ""K"": 10, ""T"": 1000000, ""feasible"": true, ""learner"": ""UCB"", ""learner_setting"": ""mean + sqrt(log(T)/N)"", ""mu"": 0.05169584593246331, ""reason"": """", ""source"": ""https://proceedings.neurips.cc/paper_files/paper/2021/file/be315e7f05e9f13629031915fe87ad44-Supplemental.pdf"", ""source_section"": ""A.2"", ""target_feedback"": ""deterministic mu_K"", ""total"": 54519, ""version"": ""xu2021-original-settings-v1""}","[5170, 5170, 5170, 5170, 5170, 5170, 5170, 5170, 5170, 5170]","[1, 1, 1, 1, 1, 1, 1, 1, 1, 2810]","[0, 0, 0, 0, 0, 0, 0, 0, 0, 945481]",1.0
MovieLens-25M,gap,TS,Ours,7,1000000,10,1.0,0.05169584593246331,874848,125152,51695.845932463315,3015386705,simulated,125102,injected samples,0.939462,1.0,64609,6721.444444444444,"[0, 0, 0, 0, 0, 0, 0, 0, 0, 874848]","[6752, 6713, 6732, 6732, 6732, 6713, 6713, 6713, 6693, 64609]","[5.0, 3.0, 4.0, 4.0, 4.0, 3.0, 3.0, 3.0, 2.0, 0.25847922966231657]",0.10123899769054395,0.05169584593246331,{},,,,,,,
MovieLens-25M,gap,TS,Direct,7,1000000,10,1.0,0.05169584593246331,882191,117809,51695.845932463315,1506382485,simulated,117759,injected samples,0.943692,1.0,61496,6251.444444444444,"[0, 0, 0, 0, 0, 0, 0, 0, 0, 882191]","[6281, 6243, 6262, 6262, 6262, 6243, 6243, 6243, 6224, 61496]","[5.0, 3.0, 4.0, 4.0, 4.0, 3.0, 3.0, 3.0, 2.0, 0.25847922966231657]",0.10498850075507654,0.05169584593246331,"{""search"": ""same grid; exact integer TS target envelope"", ""z_stages"": [[0.0, 0.9917342951726407, 4097.0, 117763.0, 433.0], [0.10459697644398945, 0.1050812217053042, 1025.0, 117759.0, 828.0], [0.10498806123999267, 0.10498900703151869, 1025.0, 117759.0, 476.0], [0.1049884999616478, 0.10498850180889688, 1025.0, 117759.0, 440.0], [0.10498850075358368, 0.1049885007571916, 1025.0, 117759.0, 424.0], [0.10498850075507406, 0.10498850075508111, 1025.0, 117759.0, 360.0]]}",,,,,,,
MovieLens-25M,gap,TS,Two-phase,7,1000000,10,1.0,0.05169584593246331,1000000,0,51695.845932463315,2261328971,simulated,146125,scheduled corrupted rounds,0.981374,0.981374,0,0.0,"[2057, 2110, 2060, 2076, 2093, 2101, 2060, 2044, 2025, 981374]","[0, 0, 0, 0, 0, 0, 0, 0, 0, 0]","[0.0, 0.0, 0.0, 0.0, 0.0, 0.0, 0.0, 0.0, 0.0, 0.0]",,,,20679,125446,"{""C1"": 20679, ""C2"": 125446, ""K"": 10, ""T"": 1000000, ""beta"": 0.6226981130941249, ""feasible"": true, ""learner"": ""TS"", ""learner_setting"": ""Beta(sum+1, N-sum+1)"", ""mu"": 0.05169584593246331, ""n1"": 1586.8494167025717, ""n2"": 2548.9505832974282, ""n3"": 1.6090573041626903, ""promotion_term"": 2254.589718819844, ""reason"": """", ""source"": ""https://proceedings.neurips.cc/paper_files/paper/2021/file/be315e7f05e9f13629031915fe87ad44-Supplemental.pdf"", ""source_section"": ""A.4"", ""target_feedback"": ""Bernoulli(mu_K)"", ""total"": 146125, ""version"": ""xu2021-original-settings-v1"", ""waiting_term"": 123191.31273692497}","[2057, 2110, 2060, 2075, 2093, 2101, 2060, 2044, 2025, 2054]","[0, 0, 0, 1, 0, 0, 0, 0, 0, 125445]","[0, 0, 0, 0, 0, 0, 0, 0, 0, 853875]",1.0
MovieLens-25M,gap,UCB,Ours,7,1000000,10,1.5,0.07754376889869498,958750,41250,51695.845932463315,1135392428,simulated,41200,injected samples,0.958757,1.0,2,4577.555555555556,"[0, 0, 0, 0, 0, 0, 0, 0, 0, 958750]","[4614, 4567, 4591, 4591, 4591, 4567, 4567, 4567, 4543, 2]","[5.0, 3.0, 4.0, 4.0, 4.0, 3.0, 3.0, 3.0, 2.0, 0.3877188444934749]",0.07754376889869571,0.07754376889869498,{},,,,,,,
MovieLens-25M,gap,UCB,Direct,7,1000000,10,1.5,0.07754376889869498,958872,41128,51695.845932463315,3473943391,simulated,41078,injected samples,0.958881,1.0,4,4563.777777777777,"[0, 0, 0, 0, 0, 0, 0, 0, 0, 958872]","[4601, 4553, 4577, 4577, 4577, 4553, 4553, 4553, 4530, 4]","[5.0, 3.0, 4.0, 4.0, 4.0, 3.0, 3.0, 3.0, 2.0, 0.3877188444934749]",0.08324059635136968,0.07754376889869498,"{""search"": ""same grid; exact integer TS target envelope"", ""z_stages"": [[0.0, 1.005570899027184, 4097.0, 41091.0, 339.0], [0.08297923922636431, 0.08347024064190493, 1025.0, 41078.0, 546.0], [0.08324056322194014, 0.08324152220907986, 1025.0, 41078.0, 36.0], [0.0832405959998209, 0.08324059787284264, 1025.0, 41078.0, 193.0], [0.08324059635101247, 0.08324059635467072, 1025.0, 41078.0, 100.0], [0.08324059635136614, 0.08324059635137329, 1025.0, 41078.0, 507.0]]}",,,,,,,
MovieLens-25M,gap,UCB,Two-phase,7,1000000,10,1.5,0.07754376889869498,1000000,0,51695.845932463315,2391218638,simulated,24912,scheduled corrupted rounds,0.979309,0.979309,0,0.0,"[2299, 2299, 2299, 2299, 2299, 2299, 2299, 2299, 2299, 979309]","[0, 0, 0, 0, 0, 0, 0, 0, 0, 0]","[0.0, 0.0, 0.0, 0.0, 0.0, 0.0, 0.0, 0.0, 0.0, 0.0]",,,,22980,1932,"{""C1"": 22980, ""C2"": 1932, ""K"": 10, ""T"": 1000000, ""feasible"": true, ""learner"": ""UCB"", ""learner_setting"": ""mean + sqrt(log(T)/N)"", ""mu"": 0.07754376889869498, ""reason"": """", ""source"": ""https://proceedings.neurips.cc/paper_files/paper/2021/file/be315e7f05e9f13629031915fe87ad44-Supplemental.pdf"", ""source_section"": ""A.2"", ""target_feedback"": ""deterministic mu_K"", ""total"": 24912, ""version"": ""xu2021-original-settings-v1""}","[2298, 2298, 2298, 2298, 2298, 2298, 2298, 2298, 2298, 2298]","[1, 1, 1, 1, 1, 1, 1, 1, 1, 1923]","[0, 0, 0, 0, 0, 0, 0, 0, 0, 975088]",1.0
MovieLens-25M,gap,TS,Ours,7,1000000,10,1.5,0.07754376889869498,903751,96249,51695.845932463315,3150850909,simulated,96199,injected samples,0.940479,1.0,36723,6608.444444444444,"[0, 0, 0, 0, 0, 0, 0, 0, 0, 903751]","[6639, 6600, 6619, 6619, 6619, 6600, 6600, 6600, 6580, 36723]","[5.0, 3.0, 4.0, 4.0, 4.0, 3.0, 3.0, 3.0, 2.0, 0.3877188444934749]",0.10210515259240524,0.07754376889869498,{},,,,,,,
MovieLens-25M,gap,TS,Direct,7,1000000,10,1.5,0.07754376889869498,906911,93089,51695.845932463315,2948435759,simulated,93039,injected samples,0.943692,1.0,36776,6251.444444444444,"[0, 0, 0, 0, 0, 0, 0, 0, 0, 906911]","[6281, 6243, 6262, 6262, 6262, 6243, 6243, 6243, 6224, 36776]","[5.0, 3.0, 4.0, 4.0, 4.0, 3.0, 3.0, 3.0, 2.0, 0.3877188444934749]",0.10498850075507654,0.07754376889869498,"{""search"": ""same grid; exact integer TS target envelope"", ""z_stages"": [[0.0, 0.9917344244182007, 4097.0, 93043.0, 433.0], [0.10459699007535711, 0.10508123539978005, 1025.0, 93039.0, 828.0], [0.10498807492232759, 0.10498902071397685, 1025.0, 93039.0, 462.0], [0.10498850071329469, 0.104988502560544, 1025.0, 93039.0, 24.0], [0.10498850075478564, 0.10498850075839354, 1025.0, 93039.0, 83.0], [0.10498850075507454, 0.10498850075508159, 1025.0, 93039.0, 290.0]]}",,,,,,,
MovieLens-25M,gap,TS,Two-phase,7,1000000,10,1.5,0.07754376889869498,1000000,0,51695.845932463315,3130500274,simulated,705094,scheduled corrupted rounds,0.991739,0.991739,0,0.0,"[919, 919, 918, 906, 910, 928, 912, 923, 926, 991739]","[0, 0, 0, 0, 0, 0, 0, 0, 0, 0]","[0.0, 0.0, 0.0, 0.0, 0.0, 0.0, 0.0, 0.0, 0.0, 0.0]",,,,9191,695903,"{""C1"": 9191, ""C2"": 695903, ""K"": 10, ""T"": 1000000, ""beta"": 0.483068019263162, ""feasible"": true, ""learner"": ""TS"", ""learner_setting"": ""Beta(sum+1, N-sum+1)"", ""mu"": 0.07754376889869498, ""n1"": 598.3937954981504, ""n2"": 1239.8062045018496, ""n3"": 2.0741529292101375, ""promotion_term"": 1545.232729572479, ""reason"": """", ""source"": ""https://proceedings.neurips.cc/paper_files/paper/2021/file/be315e7f05e9f13629031915fe87ad44-Supplemental.pdf"", ""source_section"": ""A.4"", ""target_feedback"": ""Bernoulli(mu_K)"", ""total"": 705094, ""version"": ""xu2021-original-settings-v1"", ""waiting_term"": 694356.9110103906}","[917, 917, 915, 905, 910, 928, 911, 921, 924, 943]","[2, 2, 3, 1, 0, 0, 1, 2, 2, 695890]","[0, 0, 0, 0, 0, 0, 0, 0, 0, 294906]",1.0
MovieLens-25M,gap,UCB,Ours,7,1000000,10,2.0,0.10339169186492662,975864,24136,51695.845932463315,3691412982,simulated,24086,injected samples,0.975871,1.0,2,2676.0,"[0, 0, 0, 0, 0, 0, 0, 0, 0, 975864]","[2704, 2668, 2686, 2686, 2686, 2668, 2668, 2668, 2650, 2]","[5.0, 3.0, 4.0, 4.0, 4.0, 3.0, 3.0, 3.0, 2.0, 0.5169584593246331]",0.10339169186492664,0.10339169186492662,{},,,,,,,
MovieLens-25M,gap,UCB,Direct,7,1000000,10,2.0,0.10339169186492662,975893,24107,51695.845932463315,4185536728,simulated,24057,injected samples,0.975898,1.0,0,2673.0,"[0, 0, 0, 0, 0, 0, 0, 0, 0, 975893]","[2701, 2665, 2683, 2683, 2683, 2665, 2665, 2665, 2647, 0]","[5.0, 3.0, 4.0, 4.0, 4.0, 3.0, 3.0, 3.0, 2.0, 0.5169584593246331]",0.10902702506316632,0.10339169186492662,"{""search"": ""same grid; exact integer TS target envelope"", ""z_stages"": [[0.0, 1.0055710282727444, 4097.0, 24074.0, 444.0], [0.1087568275207094, 0.10924782899935821, 1025.0, 24057.0, 564.0], [0.10902678243523996, 0.10902774142250293, 1025.0, 24057.0, 260.0], [0.1090270249915887, 0.1090270268646107, 1025.0, 24057.0, 40.0], [0.1090270250629245, 0.10902702506658274, 1025.0, 24057.0, 68.0], [0.10902702506316386, 0.109027025063171, 1025.0, 24057.0, 352.0]]}",,,,,,,
MovieLens-25M,gap,UCB,Two-phase,7,1000000,10,2.0,0.10339169186492662,1000000,0,51695.845932463315,2724860307,simulated,14422,scheduled corrupted rounds,0.988354,0.988354,0,0.0,"[1294, 1294, 1294, 1294, 1294, 1294, 1294, 1294, 1294, 988354]","[0, 0, 0, 0, 0, 0, 0, 0, 0, 0]","[0.0, 0.0, 0.0, 0.0, 0.0, 0.0, 0.0, 0.0, 0.0, 0.0]",,,,12930,1492,"{""C1"": 12930, ""C2"": 1492, ""K"": 10, ""T"": 1000000, ""feasible"": true, ""learner"": ""UCB"", ""learner_setting"": ""mean + sqrt(log(T)/N)"", ""mu"": 0.10339169186492662, ""reason"": """", ""source"": ""https://proceedings.neurips.cc/paper_files/paper/2021/file/be315e7f05e9f13629031915fe87ad44-Supplemental.pdf"", ""source_section"": ""A.2"", ""target_feedback"": ""deterministic mu_K"", ""total"": 14422, ""version"": ""xu2021-original-settings-v1""}","[1293, 1293, 1293, 1293, 1293, 1293, 1293, 1293, 1293, 1293]","[1, 1, 1, 1, 1, 1, 1, 1, 1, 1483]","[0, 0, 0, 0, 0, 0, 0, 0, 0, 985578]",1.0
MovieLens-25M,gap,TS,Ours,7,1000000,10,2.0,0.10339169186492662,932683,67317,51695.845932463315,255159210,simulated,67267,injected samples,0.941506,1.0,8818,6494.333333333333,"[0, 0, 0, 0, 0, 0, 0, 0, 0, 932683]","[6524, 6486, 6505, 6505, 6505, 6486, 6486, 6486, 6466, 8818]","[5.0, 3.0, 4.0, 4.0, 4.0, 3.0, 3.0, 3.0, 2.0, 0.5169584593246331]",0.10300296203270798,0.10339169186492662,{},,,,,,,
MovieLens-25M,gap,TS,Direct,7,1000000,10,2.0,0.10339169186492662,933056,66944,51695.845932463315,144806014,simulated,66894,injected samples,0.943683,1.0,10622,6252.444444444444,"[0, 0, 0, 0, 0, 0, 0, 0, 0, 933056]","[6282, 6244, 6263, 6263, 6263, 6244, 6244, 6244, 6225, 10622]","[5.0, 3.0, 4.0, 4.0, 4.0, 3.0, 3.0, 3.0, 2.0, 0.5169584593246331]",0.10498004860579448,0.10339169186492662,"{""search"": ""same grid; exact integer TS target envelope"", ""z_stages"": [[0.0, 0.9917345536637608, 4097.0, 66898.0, 433.0], [0.10459700370672477, 0.10508124909425591, 1025.0, 66894.0, 810.0], [0.10497957647870983, 0.10498052227048234, 1025.0, 66894.0, 512.0], [0.10498004845097131, 0.10498005029822086, 1025.0, 66894.0, 86.0], [0.10498004860430746, 0.10498004860791536, 1025.0, 66894.0, 423.0], [0.10498004860579431, 0.10498004860580136, 1025.0, 66894.0, 24.0]]}",,,,,,,
MovieLens-25M,gap,TS,Two-phase,7,1000000,10,2.0,0.10339169186492662,1000000,0,51695.845932463315,2426082062,infeasible,5343203,scheduled corrupted rounds,,,0,0.0,,"[0, 0, 0, 0, 0, 0, 0, 0, 0, 0]","[0.0, 0.0, 0.0, 0.0, 0.0, 0.0, 0.0, 0.0, 0.0, 0.0]",,,,5170,5338033,"{""C1"": 5170, ""C2"": 5338033, ""K"": 10, ""T"": 1000000, ""beta"": 0.36579764504492285, ""feasible"": false, ""learner"": ""TS"", ""learner_setting"": ""Beta(sum+1, N-sum+1)"", ""mu"": 0.10339169186492662, ""n1"": 276.46889273196496, ""n2"": 757.5311072680349, ""n3"": 2.739101688419504, ""promotion_term"": 1192.3490828531187, ""reason"": ""original budget reaches/exceeds T"", ""source"": ""https://proceedings.neurips.cc/paper_files/paper/2021/file/be315e7f05e9f13629031915fe87ad44-Supplemental.pdf"", ""source_section"": ""A.4"", ""target_feedback"": ""Bernoulli(mu_K)"", ""total"": 5343203, ""version"": ""xu2021-original-settings-v1"", ""waiting_term"": 5336840.012372333}",,,,
MovieLens-25M,gap,UCB,Ours,7,1000000,10,3.0,0.15508753779738996,988768,11232,51695.845932463315,3432134592,simulated,11182,injected samples,0.988774,1.0,1,1242.3333333333333,"[0, 0, 0, 0, 0, 0, 0, 0, 0, 988768]","[1261, 1237, 1249, 1249, 1249, 1237, 1237, 1237, 1225, 1]","[5.0, 3.0, 4.0, 4.0, 4.0, 3.0, 3.0, 3.0, 2.0, 0.7754376889869498]",0.15508753779738996,0.15508753779738996,{},,,,,,,
MovieLens-25M,gap,UCB,Direct,7,1000000,10,3.0,0.15508753779738996,988774,11226,51695.845932463315,2583224023,simulated,11176,injected samples,0.988779,1.0,0,1241.7777777777778,"[0, 0, 0, 0, 0, 0, 0, 0, 0, 988774]","[1261, 1236, 1249, 1249, 1249, 1236, 1236, 1236, 1224, 0]","[5.0, 3.0, 4.0, 4.0, 4.0, 3.0, 3.0, 3.0, 2.0, 0.7754376889869498]",0.16068384687588622,0.15508753779738996,"{""search"": ""same grid; exact integer TS target envelope"", ""z_stages"": [[0.0, 1.0055712867638646, 4097.0, 11194.0, 654.0], [0.16031202398847744, 0.1608030255933426, 1025.0, 11176.0, 776.0], [0.16068363164840957, 0.16068459063591908, 1025.0, 11176.0, 230.0], [0.16068384610948347, 0.16068384798250596, 1025.0, 11176.0, 419.0], [0.1606838468740571, 0.16068384687771534, 1025.0, 11176.0, 512.0], [0.16068384687588264, 0.1606838468758898, 1025.0, 11176.0, 511.0]]}",,,,,,,
MovieLens-25M,gap,UCB,Two-phase,7,1000000,10,3.0,0.15508753779738996,1000000,0,51695.845932463315,778084469,simulated,6806,scheduled corrupted rounds,0.994816,0.994816,0,0.0,"[576, 576, 576, 576, 576, 576, 576, 576, 576, 994816]","[0, 0, 0, 0, 0, 0, 0, 0, 0, 0]","[0.0, 0.0, 0.0, 0.0, 0.0, 0.0, 0.0, 0.0, 0.0, 0.0]",,,,5750,1056,"{""C1"": 5750, ""C2"": 1056, ""K"": 10, ""T"": 1000000, ""feasible"": true, ""learner"": ""UCB"", ""learner_setting"": ""mean + sqrt(log(T)/N)"", ""mu"": 0.15508753779738996, ""reason"": """", ""source"": ""https://proceedings.neurips.cc/paper_files/paper/2021/file/be315e7f05e9f13629031915fe87ad44-Supplemental.pdf"", ""source_section"": ""A.2"", ""target_feedback"": ""deterministic mu_K"", ""total"": 6806, ""version"": ""xu2021-original-settings-v1""}","[575, 575, 575, 575, 575, 575, 575, 575, 575, 575]","[1, 1, 1, 1, 1, 1, 1, 1, 1, 1047]","[0, 0, 0, 0, 0, 0, 0, 0, 0, 993194]",1.0
MovieLens-25M,gap,TS,Ours,7,1000000,10,3.0,0.15508753779738996,968685,31315,51695.845932463315,2083266063,simulated,31265,injected samples,0.971473,1.0,2783,3164.6666666666665,"[0, 0, 0, 0, 0, 0, 0, 0, 0, 968685]","[3185, 3159, 3172, 3172, 3172, 3159, 3159, 3159, 3145, 2783]","[5.0, 3.0, 4.0, 4.0, 4.0, 3.0, 3.0, 3.0, 2.0, 0.7754376889869498]",0.14782737999852413,0.15508753779738996,{},,,,,,,
MovieLens-25M,gap,TS,Direct,7,1000000,10,3.0,0.15508753779738996,968862,31138,51695.845932463315,663720200,simulated,31088,injected samples,0.971414,1.0,2547,3171.222222222222,"[0, 0, 0, 0, 0, 0, 0, 0, 0, 968862]","[3192, 3165, 3179, 3179, 3179, 3165, 3165, 3165, 3152, 2547]","[5.0, 3.0, 4.0, 4.0, 4.0, 3.0, 3.0, 3.0, 2.0, 0.7754376889869498]",0.14766696114437936,0.15508753779738996,"{""search"": ""same grid; exact integer TS target envelope"", ""z_stages"": [[0.0, 0.9917348121548812, 4097.0, 31090.0, 610.0], [0.14745275893611393, 0.14793700444986144, 1025.0, 31088.0, 453.0], [0.14766650793241654, 0.14766745372443557, 1025.0, 31088.0, 491.0], [0.14766696050867564, 0.1476669623559257, 1025.0, 31088.0, 353.0], [0.14766696114366784, 0.14766696114727576, 1025.0, 31088.0, 202.0], [0.14766696114437602, 0.14766696114438307, 1025.0, 31088.0, 482.0]]}",,,,,,,
MovieLens-25M,gap,TS,Two-phase,7,1000000,10,3.0,0.15508753779738996,1000000,0,51695.845932463315,3824086775,infeasible,1713501677,scheduled corrupted rounds,,,0,0.0,,"[0, 0, 0, 0, 0, 0, 0, 0, 0, 0]","[0.0, 0.0, 0.0, 0.0, 0.0, 0.0, 0.0, 0.0, 0.0, 0.0]",,,,2298,1713499379,"{""C1"": 2298, ""C2"": 1713499379, ""K"": 10, ""T"": 1000000, ""beta"": 0.1800742558144034, ""feasible"": false, ""learner"": ""TS"", ""learner_setting"": ""Beta(sum+1, N-sum+1)"", ""mu"": 0.15508753779738996, ""n1"": 69.4381746100914, ""n2"": 390.1618253899086, ""n3"": 5.564132100010513, ""promotion_term"": 843.6167716814657, ""reason"": ""original budget reaches/exceeds T"", ""source"": ""https://proceedings.neurips.cc/paper_files/paper/2021/file/be315e7f05e9f13629031915fe87ad44-Supplemental.pdf"", ""source_section"": ""A.4"", ""target_feedback"": ""Bernoulli(mu_K)"", ""total"": 1713501677, ""version"": ""xu2021-original-settings-v1"", ""waiting_term"": 1713498534.950569}",,,,
MovieLens-25M,gap,UCB,Ours,7,1000000,10,4.0,0.20678338372985325,993496,6504,51695.845932463315,4017996622,simulated,6454,injected samples,0.993502,1.0,1,717.0,"[0, 0, 0, 0, 0, 0, 0, 0, 0, 993496]","[731, 713, 722, 722, 722, 713, 713, 713, 704, 1]","[5.0, 3.0, 4.0, 4.0, 4.0, 3.0, 3.0, 3.0, 2.0, 1.0339169186492663]",0.20678338372985325,0.20678338372985325,{},,,,,,,
MovieLens-25M,gap,UCB,Direct,7,1000000,10,4.0,0.20678338372985325,993498,6502,51695.845932463315,2426444611,simulated,6452,injected samples,0.993503,1.0,0,716.8888888888889,"[0, 0, 0, 0, 0, 0, 0, 0, 0, 993498]","[731, 713, 722, 722, 722, 713, 713, 713, 703, 0]","[5.0, 3.0, 4.0, 4.0, 4.0, 3.0, 3.0, 3.0, 2.0, 1.0339169186492663]",0.21236059373040425,0.20678338372985325,"{""search"": ""same grid; exact integer TS target envelope"", ""z_stages"": [[0.0, 1.005571545254985, 4097.0, 6453.0, 865.0], [0.2121127478272234, 0.2126037495583049, 1025.0, 6452.0, 517.0], [0.2123601666682762, 0.2123611256560322, 1025.0, 6452.0, 457.0], [0.2123605937175113, 0.21236059559053427, 1025.0, 6452.0, 8.0], [0.21236059373031516, 0.2123605937339734, 1025.0, 6452.0, 25.0], [0.2123605937304009, 0.21236059373040805, 1025.0, 6452.0, 479.0]]}",,,,,,,
MovieLens-25M,gap,UCB,Two-phase,7,1000000,10,4.0,0.20678338372985325,1000000,0,51695.845932463315,3123071420,simulated,4085,scheduled corrupted rounds,0.997075,0.997075,0,0.0,"[325, 325, 325, 325, 325, 325, 325, 325, 325, 997075]","[0, 0, 0, 0, 0, 0, 0, 0, 0, 0]","[0.0, 0.0, 0.0, 0.0, 0.0, 0.0, 0.0, 0.0, 0.0, 0.0]",,,,3240,845,"{""C1"": 3240, ""C2"": 845, ""K"": 10, ""T"": 1000000, ""feasible"": true, ""learner"": ""UCB"", ""learner_setting"": ""mean + sqrt(log(T)/N)"", ""mu"": 0.20678338372985325, ""reason"": """", ""source"": ""https://proceedings.neurips.cc/paper_files/paper/2021/file/be315e7f05e9f13629031915fe87ad44-Supplemental.pdf"", ""source_section"": ""A.2"", ""target_feedback"": ""deterministic mu_K"", ""total"": 4085, ""version"": ""xu2021-original-settings-v1""}","[324, 324, 324, 324, 324, 324, 324, 324, 324, 324]","[1, 1, 1, 1, 1, 1, 1, 1, 1, 836]","[0, 0, 0, 0, 0, 0, 0, 0, 0, 995915]",1.0
MovieLens-25M,gap,TS,Ours,7,1000000,10,4.0,0.20678338372985325,981701,18299,51695.845932463315,1432003310,simulated,18249,injected samples,0.983598,1.0,1892,1817.4444444444443,"[0, 0, 0, 0, 0, 0, 0, 0, 0, 981701]","[1833, 1813, 1823, 1823, 1823, 1813, 1813, 1813, 1803, 1892]","[5.0, 3.0, 4.0, 4.0, 4.0, 3.0, 3.0, 3.0, 2.0, 1.0339169186492663]",0.19540910275150747,0.20678338372985325,{},,,,,,,
MovieLens-25M,gap,TS,Direct,7,1000000,10,4.0,0.20678338372985325,981920,18080,51695.845932463315,1791826459,simulated,18030,injected samples,0.983579,1.0,1654,1819.5555555555557,"[0, 0, 0, 0, 0, 0, 0, 0, 0, 981920]","[1836, 1815, 1825, 1825, 1825, 1815, 1815, 1815, 1805, 1654]","[5.0, 3.0, 4.0, 4.0, 4.0, 3.0, 3.0, 3.0, 2.0, 1.0339169186492663]",0.19529151657179727,0.20678338372985325,"{""search"": ""same grid; exact integer TS target envelope"", ""z_stages"": [[0.0, 0.9917350706460014, 4097.0, 18032.0, 807.0], [0.19515099290543875, 0.19563523854540263, 1025.0, 18030.0, 298.0], [0.19529144305687357, 0.19529238884913913, 1025.0, 18030.0, 80.0], [0.19529151602326905, 0.19529151787051957, 1025.0, 18030.0, 305.0], [0.19529151657167154, 0.19529151657527946, 1025.0, 18030.0, 36.0], [0.19529151657179486, 0.1952915165718019, 1025.0, 18030.0, 349.0]]}",,,,,,,
MovieLens-25M,gap,TS,Two-phase,7,1000000,10,4.0,0.20678338372985325,1000000,0,51695.845932463315,2584027904,infeasible,1901480593645945,scheduled corrupted rounds,,,0,0.0,,"[0, 0, 0, 0, 0, 0, 0, 0, 0, 0]","[0.0, 0.0, 0.0, 0.0, 0.0, 0.0, 0.0, 0.0, 0.0, 0.0]",,,,1293,1901480593644652,"{""C1"": 1293, ""C2"": 1901480593644652, ""K"": 10, ""T"": 1000000, ""beta"": 0.03995065173165885, ""feasible"": false, ""learner"": ""TS"", ""learner_setting"": ""Beta(sum+1, N-sum+1)"", ""mu"": 0.20678338372985325, ""n1"": 9.011186419215505, ""n2"": 249.58881358078452, ""n3"": 25.07986487660793, ""promotion_term"": 674.1435055153747, ""reason"": ""original budget reaches/exceeds T"", ""source"": ""https://proceedings.neurips.cc/paper_files/paper/2021/file/be315e7f05e9f13629031915fe87ad44-Supplemental.pdf"", ""source_section"": ""A.4"", ""target_feedback"": ""Bernoulli(mu_K)"", ""total"": 1901480593645945, ""version"": ""xu2021-original-settings-v1"", ""waiting_term"": 1901480593643977.0}",,,,
MovieLens-25M,gap,UCB,Ours,7,1000000,10,5.0,0.25847922966231657,995746,4254,51695.845932463315,443319072,simulated,4204,injected samples,0.995752,1.0,1,467.0,"[0, 0, 0, 0, 0, 0, 0, 0, 0, 995746]","[478, 464, 471, 471, 471, 464, 464, 464, 456, 1]","[5.0, 3.0, 4.0, 4.0, 4.0, 3.0, 3.0, 3.0, 2.0, 1.292396148311583]",0.25847922966231657,0.25847922966231657,{},,,,,,,
MovieLens-25M,gap,UCB,Direct,7,1000000,10,5.0,0.25847922966231657,995747,4253,51695.845932463315,1421295960,simulated,4203,injected samples,0.995752,1.0,0,467.0,"[0, 0, 0, 0, 0, 0, 0, 0, 0, 995747]","[478, 464, 471, 471, 471, 464, 464, 464, 456, 0]","[5.0, 3.0, 4.0, 4.0, 4.0, 3.0, 3.0, 3.0, 2.0, 1.292396148311583]",0.26404069038683686,0.25847922966231657,"{""search"": ""same grid; exact integer TS target envelope"", ""z_stages"": [[0.0, 1.0055718037461052, 4097.0, 4208.0, 1075.0], [0.2636679973689739, 0.2641589992262718, 1025.0, 4203.0, 778.0], [0.26404056420795874, 0.26404152319596125, 1025.0, 4203.0, 135.0], [0.2640406897005294, 0.2640406915735528, 1025.0, 4203.0, 376.0], [0.26404069038645106, 0.2640406903901093, 1025.0, 4203.0, 108.0], [0.2640406903868333, 0.26404069038684047, 1025.0, 4203.0, 505.0]]}",,,,,,,
MovieLens-25M,gap,UCB,Two-phase,7,1000000,10,5.0,0.25847922966231657,1000000,0,51695.845932463315,1051570536,simulated,2792,scheduled corrupted rounds,0.998128,0.998128,0,0.0,"[208, 208, 208, 208, 208, 208, 208, 208, 208, 998128]","[0, 0, 0, 0, 0, 0, 0, 0, 0, 0]","[0.0, 0.0, 0.0, 0.0, 0.0, 0.0, 0.0, 0.0, 0.0, 0.0]",,,,2070,722,"{""C1"": 2070, ""C2"": 722, ""K"": 10, ""T"": 1000000, ""feasible"": true, ""learner"": ""UCB"", ""learner_setting"": ""mean + sqrt(log(T)/N)"", ""mu"": 0.25847922966231657, ""reason"": """", ""source"": ""https://proceedings.neurips.cc/paper_files/paper/2021/file/be315e7f05e9f13629031915fe87ad44-Supplemental.pdf"", ""source_section"": ""A.2"", ""target_feedback"": ""deterministic mu_K"", ""total"": 2792, ""version"": ""xu2021-original-settings-v1""}","[207, 207, 207, 207, 207, 207, 207, 207, 207, 207]","[1, 1, 1, 1, 1, 1, 1, 1, 1, 713]","[0, 0, 0, 0, 0, 0, 0, 0, 0, 997208]",1.0
MovieLens-25M,gap,TS,Ours,7,1000000,10,5.0,0.25847922966231657,987851,12149,51695.845932463315,1187325486,simulated,12099,injected samples,0.989276,1.0,1420,1186.5555555555557,"[0, 0, 0, 0, 0, 0, 0, 0, 0, 987851]","[1199, 1183, 1191, 1191, 1191, 1183, 1183, 1183, 1175, 1420]","[5.0, 3.0, 4.0, 4.0, 4.0, 3.0, 3.0, 3.0, 2.0, 1.292396148311583]",0.24225912823162044,0.25847922966231657,{},,,,,,,
MovieLens-25M,gap,TS,Direct,7,1000000,10,5.0,0.25847922966231657,988079,11921,51695.845932463315,3258431716,simulated,11871,injected samples,0.989311,1.0,1227,1182.6666666666667,"[0, 0, 0, 0, 0, 0, 0, 0, 0, 988079]","[1196, 1179, 1187, 1187, 1187, 1179, 1179, 1179, 1171, 1227]","[5.0, 3.0, 4.0, 4.0, 4.0, 3.0, 3.0, 3.0, 2.0, 1.292396148311583]",0.24262257279784324,0.25847922966231657,"{""search"": ""same grid; exact integer TS target envelope"", ""z_stages"": [[0.0, 0.9917353291371217, 4097.0, 11872.0, 1003.0], [0.24260712885629784, 0.24309137462247807, 1025.0, 11871.0, 33.0], [0.24262226153649097, 0.24262320732900305, 1025.0, 11871.0, 337.0], [0.242622571874659, 0.24262257372190998, 1025.0, 11871.0, 512.0], [0.24262257279648053, 0.24262257280008845, 1025.0, 11871.0, 387.0], [0.24262257279784055, 0.2426225727978476, 1025.0, 11871.0, 390.0]]}",,,,,,,
MovieLens-25M,gap,TS,Two-phase,7,1000000,10,5.0,0.25847922966231657,1000000,0,51695.845932463315,3140933527,infeasible,,scheduled corrupted rounds,,,0,0.0,,"[0, 0, 0, 0, 0, 0, 0, 0, 0, 0]","[0.0, 0.0, 0.0, 0.0, 0.0, 0.0, 0.0, 0.0, 0.0, 0.0]",,,,828,0,"{""C1"": 828, ""C2"": null, ""K"": 10, ""T"": 1000000, ""feasible"": false, ""learner"": ""TS"", ""learner_setting"": ""Beta(sum+1, N-sum+1)"", ""mu"": 0.25847922966231657, ""n1"": -13.458956056127466, ""n2"": 179.05895605612744, ""reason"": ""A.4 phase-one lower count bound is nonpositive"", ""source"": ""https://proceedings.neurips.cc/paper_files/paper/2021/file/be315e7f05e9f13629031915fe87ad44-Supplemental.pdf"", ""source_section"": ""A.4"", ""target_feedback"": ""Bernoulli(mu_K)"", ""total"": null, ""version"": ""xu2021-original-settings-v1""}",,,,
MovieLens-25M,gap,UCB,Ours,7,1000000,10,6.0,0.3101750755947799,996991,3009,51695.845932463315,3266706357,simulated,2959,injected samples,0.996997,1.0,1,328.6666666666667,"[0, 0, 0, 0, 0, 0, 0, 0, 0, 996991]","[338, 326, 332, 332, 332, 326, 326, 326, 320, 1]","[5.0, 3.0, 4.0, 4.0, 4.0, 3.0, 3.0, 3.0, 2.0, 1.5508753779738995]",0.3101750755947799,0.3101750755947799,{},,,,,,,
MovieLens-25M,gap,UCB,Direct,7,1000000,10,6.0,0.3101750755947799,996992,3008,51695.845932463315,3336910648,simulated,2958,injected samples,0.996997,1.0,0,328.6666666666667,"[0, 0, 0, 0, 0, 0, 0, 0, 0, 996992]","[338, 326, 332, 332, 332, 326, 326, 326, 320, 0]","[5.0, 3.0, 4.0, 4.0, 4.0, 3.0, 3.0, 3.0, 2.0, 1.5508753779738995]",0.31561966011627557,0.3101750755947799,"{""search"": ""same grid; exact integer TS target envelope"", ""z_stages"": [[0.0, 1.0055720622372253, 4097.0, 2958.0, 1286.0], [0.3154687744079186, 0.31595977639143286, 1025.0, 2958.0, 315.0], [0.31561933556301963, 0.3156202945512687, 1025.0, 2958.0, 347.0], [0.3156196595961585, 0.3156196614691824, 1025.0, 2958.0, 285.0], [0.31561966011563, 0.3156196601192882, 1025.0, 2958.0, 181.0], [0.315619660116273, 0.3156196601162802, 1025.0, 2958.0, 362.0]]}",,,,,,,
MovieLens-25M,gap,UCB,Two-phase,7,1000000,10,6.0,0.3101750755947799,1000000,0,51695.845932463315,2345322765,simulated,2088,scheduled corrupted rounds,0.998695,0.998695,0,0.0,"[145, 145, 145, 145, 145, 145, 145, 145, 145, 998695]","[0, 0, 0, 0, 0, 0, 0, 0, 0, 0]","[0.0, 0.0, 0.0, 0.0, 0.0, 0.0, 0.0, 0.0, 0.0, 0.0]",,,,1440,648,"{""C1"": 1440, ""C2"": 648, ""K"": 10, ""T"": 1000000, ""feasible"": true, ""learner"": ""UCB"", ""learner_setting"": ""mean + sqrt(log(T)/N)"", ""mu"": 0.3101750755947799, ""reason"": """", ""source"": ""https://proceedings.neurips.cc/paper_files/paper/2021/file/be315e7f05e9f13629031915fe87ad44-Supplemental.pdf"", ""source_section"": ""A.2"", ""target_feedback"": ""deterministic mu_K"", ""total"": 2088, ""version"": ""xu2021-original-settings-v1""}","[144, 144, 144, 144, 144, 144, 144, 144, 144, 144]","[1, 1, 1, 1, 1, 1, 1, 1, 1, 639]","[0, 0, 0, 0, 0, 0, 0, 0, 0, 997912]",1.0
MovieLens-25M,gap,TS,Ours,7,1000000,10,6.0,0.3101750755947799,991255,8745,51695.845932463315,2755230920,simulated,8695,injected samples,0.992395,1.0,1135,840.0,"[0, 0, 0, 0, 0, 0, 0, 0, 0, 991255]","[850, 837, 844, 844, 844, 837, 837, 837, 830, 1135]","[5.0, 3.0, 4.0, 4.0, 4.0, 3.0, 3.0, 3.0, 2.0, 1.5508753779738995]",0.28836121738969633,0.3101750755947799,{},,,,,,,
MovieLens-25M,gap,TS,Direct,7,1000000,10,6.0,0.3101750755947799,991478,8522,51695.845932463315,3962297234,simulated,8472,injected samples,0.99242,1.0,937,837.2222222222222,"[0, 0, 0, 0, 0, 0, 0, 0, 0, 991478]","[848, 834, 841, 841, 841, 834, 834, 834, 828, 937]","[5.0, 3.0, 4.0, 4.0, 4.0, 3.0, 3.0, 3.0, 2.0, 1.5508753779738995]",0.28876924387419894,0.3101750755947799,"{""search"": ""same grid; exact integer TS target envelope"", ""z_stages"": [[0.0, 0.9917355876282419, 4097.0, 8473.0, 1192.0], [0.2883684289221768, 0.2888526748145734, 1025.0, 8472.0, 848.0], [0.28876897215543845, 0.288769917948197, 1025.0, 8472.0, 295.0], [0.2887692437014062, 0.28876924554865774, 1025.0, 8472.0, 96.0], [0.2887692438727821, 0.28876924387639, 1025.0, 8472.0, 403.0], [0.2887692438741985, 0.28876924387420555, 1025.0, 8472.0, 61.0]]}",,,,,,,
MovieLens-25M,gap,TS,Two-phase,7,1000000,10,6.0,0.3101750755947799,1000000,0,51695.845932463315,562799072,infeasible,,scheduled corrupted rounds,,,0,0.0,,"[0, 0, 0, 0, 0, 0, 0, 0, 0, 0]","[0.0, 0.0, 0.0, 0.0, 0.0, 0.0, 0.0, 0.0, 0.0, 0.0]",,,,575,0,"{""C1"": 575, ""C2"": null, ""K"": 10, ""T"": 1000000, ""feasible"": false, ""learner"": ""TS"", ""learner_setting"": ""Beta(sum+1, N-sum+1)"", ""mu"": 0.3101750755947799, ""n1"": -22.715796713439556, ""n2"": 137.71579671343957, ""reason"": ""A.4 phase-one lower count bound is nonpositive"", ""source"": ""https://proceedings.neurips.cc/paper_files/paper/2021/file/be315e7f05e9f13629031915fe87ad44-Supplemental.pdf"", ""source_section"": ""A.4"", ""target_feedback"": ""Bernoulli(mu_K)"", ""total"": null, ""version"": ""xu2021-original-settings-v1""}",,,,
MovieLens-25M,horizon,UCB,Ours,8,100000,10,,0.016442451420029897,73727,26273,10480.819243109449,4130532156,simulated,26223,injected samples,0.89543,1.0,15811,1156.888888888889,"[0, 0, 0, 0, 0, 0, 0, 0, 0, 73727]","[1160, 1172, 1172, 1147, 1160, 1160, 1147, 1147, 1147, 15811]","[4.0, 5.0, 5.0, 3.0, 4.0, 4.0, 3.0, 3.0, 3.0, 0.0]",0.13651062702045857,0.0,{},,,,,,,
MovieLens-25M,horizon,UCB,Clipped Suppression,8,100000,10,,0.016442451420029897,100000,0,10480.819243109449,2372894346,simulated,80303,suppressed non-target rounds (including 0->0),0.19697,0.19697,0,0.0,"[8923, 8923, 8923, 8923, 8923, 8922, 8922, 8922, 8922, 19697]","[0, 0, 0, 0, 0, 0, 0, 0, 0, 0]","[0.0, 0.0, 0.0, 0.0, 0.0, 0.0, 0.0, 0.0, 0.0, 0.0]",,,,,,,,,,
MovieLens-25M,horizon,TS,Ours,8,100000,10,,0.016442451420029897,58081,41919,10480.819243109449,589025362,simulated,41869,injected samples,0.84817,1.0,26731,1682.0,"[0, 0, 0, 0, 0, 0, 0, 0, 0, 58081]","[1684, 1695, 1695, 1674, 1684, 1684, 1674, 1674, 1674, 26731]","[4.0, 5.0, 5.0, 3.0, 4.0, 4.0, 3.0, 3.0, 3.0, 0.0]",0.18933836726043712,0.0,{},,,,,,,
MovieLens-25M,horizon,TS,Clipped Suppression,8,100000,10,,0.016442451420029897,100000,0,10480.819243109449,967901367,simulated,67172,suppressed non-target rounds (including 0->0),0.32828,0.32828,0,0.0,"[7514, 7421, 7508, 7521, 7392, 7451, 7422, 7474, 7469, 32828]","[0, 0, 0, 0, 0, 0, 0, 0, 0, 0]","[0.0, 0.0, 0.0, 0.0, 0.0, 0.0, 0.0, 0.0, 0.0, 0.0]",,,,,,,,,,
MovieLens-25M,horizon,UCB,Ours,8,250000,10,,0.016442451420029897,201254,48746,19804.988134665902,3805618043,simulated,48696,injected samples,0.925024,1.0,29997,2077.6666666666665,"[0, 0, 0, 0, 0, 0, 0, 0, 0, 201254]","[2081, 2098, 2098, 2065, 2081, 2081, 2065, 2065, 2065, 29997]","[4.0, 5.0, 5.0, 3.0, 4.0, 4.0, 3.0, 3.0, 3.0, 0.0]",0.10712857803888576,0.0,{},,,,,,,
MovieLens-25M,horizon,UCB,Clipped Suppression,8,250000,10,,0.016442451420029897,250000,0,19804.988134665902,2188245260,simulated,183474,suppressed non-target rounds (including 0->0),0.266104,0.266104,0,0.0,"[20386, 20386, 20386, 20386, 20386, 20386, 20386, 20386, 20386, 66526]","[0, 0, 0, 0, 0, 0, 0, 0, 0, 0]","[0.0, 0.0, 0.0, 0.0, 0.0, 0.0, 0.0, 0.0, 0.0, 0.0]",,,,,,,,,,
MovieLens-25M,horizon,TS,Ours,8,250000,10,,0.016442451420029897,175265,74735,19804.988134665902,3240748612,simulated,74685,injected samples,0.894724,1.0,48411,2919.3333333333335,"[0, 0, 0, 0, 0, 0, 0, 0, 0, 175265]","[2922, 2936, 2936, 2909, 2922, 2922, 2909, 2909, 2909, 48411]","[4.0, 5.0, 5.0, 3.0, 4.0, 4.0, 3.0, 3.0, 3.0, 0.0]",0.1477305107363488,0.0,{},,,,,,,
MovieLens-25M,horizon,TS,Clipped Suppression,8,250000,10,,0.016442451420029897,250000,0,19804.988134665902,3443003986,simulated,121609,suppressed non-target rounds (including 0->0),0.513564,0.513564,0,0.0,"[13422, 13555, 13469, 13560, 13543, 13561, 13480, 13529, 13490, 128391]","[0, 0, 0, 0, 0, 0, 0, 0, 0, 0]","[0.0, 0.0, 0.0, 0.0, 0.0, 0.0, 0.0, 0.0, 0.0, 0.0]",,,,,,,,,,
MovieLens-25M,horizon,UCB,Ours,8,400000,10,,0.016442451420029897,332977,67023,27430.126400660687,1431310024,simulated,66973,injected samples,0.9365325,1.0,41631,2815.777777777778,"[0, 0, 0, 0, 0, 0, 0, 0, 0, 332977]","[2820, 2839, 2839, 2801, 2820, 2820, 2801, 2801, 2801, 41631]","[4.0, 5.0, 5.0, 3.0, 4.0, 4.0, 3.0, 3.0, 3.0, 0.0]",0.09426251461273302,0.0,{},,,,,,,
MovieLens-25M,horizon,UCB,Clipped Suppression,8,400000,10,,0.016442451420029897,400000,0,27430.126400660687,1526432811,simulated,271228,suppressed non-target rounds (including 0->0),0.32193,0.32193,0,0.0,"[30137, 30137, 30137, 30137, 30136, 30136, 30136, 30136, 30136, 128772]","[0, 0, 0, 0, 0, 0, 0, 0, 0, 0]","[0.0, 0.0, 0.0, 0.0, 0.0, 0.0, 0.0, 0.0, 0.0, 0.0]",,,,,,,,,,
MovieLens-25M,horizon,TS,Ours,8,400000,10,,0.016442451420029897,299004,100996,27430.126400660687,949718259,simulated,100946,injected samples,0.912095,1.0,65829,3901.8888888888887,"[0, 0, 0, 0, 0, 0, 0, 0, 0, 299004]","[3905, 3921, 3921, 3890, 3905, 3905, 3890, 3890, 3890, 65829]","[4.0, 5.0, 5.0, 3.0, 4.0, 4.0, 3.0, 3.0, 3.0, 0.0]",0.12953831576733738,0.0,{},,,,,,,
MovieLens-25M,horizon,TS,Clipped Suppression,8,400000,10,,0.016442451420029897,400000,0,27430.126400660687,2163931957,simulated,157260,suppressed non-target rounds (including 0->0),0.60685,0.60685,0,0.0,"[17394, 17528, 17466, 17505, 17525, 17494, 17381, 17523, 17444, 242740]","[0, 0, 0, 0, 0, 0, 0, 0, 0, 0]","[0.0, 0.0, 0.0, 0.0, 0.0, 0.0, 0.0, 0.0, 0.0, 0.0]",,,,,,,,,,
MovieLens-25M,horizon,UCB,Ours,8,550000,10,,0.016442451420029897,466803,83197,34194.80516566394,4181142374,simulated,83147,injected samples,0.9432290909090909,1.0,51968,3464.3333333333335,"[0, 0, 0, 0, 0, 0, 0, 0, 0, 466803]","[3469, 3490, 3490, 3448, 3469, 3469, 3448, 3448, 3448, 51968]","[4.0, 5.0, 5.0, 3.0, 4.0, 4.0, 3.0, 3.0, 3.0, 0.0]",0.08632833214230601,0.0,{},,,,,,,
MovieLens-25M,horizon,UCB,Clipped Suppression,8,550000,10,,0.016442451420029897,550000,0,34194.80516566394,1830168000,simulated,339840,suppressed non-target rounds (including 0->0),0.3821090909090909,0.3821090909090909,0,0.0,"[37760, 37760, 37760, 37760, 37760, 37760, 37760, 37760, 37760, 210160]","[0, 0, 0, 0, 0, 0, 0, 0, 0, 0]","[0.0, 0.0, 0.0, 0.0, 0.0, 0.0, 0.0, 0.0, 0.0, 0.0]",,,,,,,,,,
MovieLens-25M,horizon,TS,Ours,8,550000,10,,0.016442451420029897,425961,124039,34194.80516566394,1945327633,simulated,123989,injected samples,0.9220072727272727,1.0,81138,4761.222222222223,"[0, 0, 0, 0, 0, 0, 0, 0, 0, 425961]","[4765, 4782, 4782, 4748, 4765, 4765, 4748, 4748, 4748, 81138]","[4.0, 5.0, 5.0, 3.0, 4.0, 4.0, 3.0, 3.0, 3.0, 0.0]",0.11834177064387275,0.0,{},,,,,,,
MovieLens-25M,horizon,TS,Clipped Suppression,8,550000,10,,0.016442451420029897,550000,0,34194.80516566394,623729457,simulated,172798,suppressed non-target rounds (including 0->0),0.6858218181818182,0.6858218181818182,0,0.0,"[19179, 19220, 19093, 19265, 19187, 19139, 19257, 19252, 19206, 377202]","[0, 0, 0, 0, 0, 0, 0, 0, 0, 0]","[0.0, 0.0, 0.0, 0.0, 0.0, 0.0, 0.0, 0.0, 0.0, 0.0]",,,,,,,,,,
MovieLens-25M,horizon,UCB,Ours,8,700000,10,,0.016442451420029897,601987,98013,40401.844201652595,3055100165,simulated,97963,injected samples,0.9477957142857143,1.0,61465,4055.3333333333335,"[0, 0, 0, 0, 0, 0, 0, 0, 0, 601987]","[4060, 4083, 4083, 4038, 4060, 4060, 4038, 4038, 4038, 61465]","[4.0, 5.0, 5.0, 3.0, 4.0, 4.0, 3.0, 3.0, 3.0, 0.0]",0.08071756858292531,0.0,{},,,,,,,
MovieLens-25M,horizon,UCB,Clipped Suppression,8,700000,10,,0.016442451420029897,700000,0,40401.844201652595,1903328416,simulated,389844,suppressed non-target rounds (including 0->0),0.44308,0.44308,0,0.0,"[43316, 43316, 43316, 43316, 43316, 43316, 43316, 43316, 43316, 310156]","[0, 0, 0, 0, 0, 0, 0, 0, 0, 0]","[0.0, 0.0, 0.0, 0.0, 0.0, 0.0, 0.0, 0.0, 0.0, 0.0]",,,,,,,,,,
MovieLens-25M,horizon,TS,Ours,8,700000,10,,0.016442451420029897,554973,145027,40401.844201652595,4122067779,simulated,144977,injected samples,0.9286814285714285,1.0,95099,5542.0,"[0, 0, 0, 0, 0, 0, 0, 0, 0, 554973]","[5546, 5564, 5564, 5528, 5546, 5546, 5528, 5528, 5528, 95099]","[4.0, 5.0, 5.0, 3.0, 4.0, 4.0, 3.0, 3.0, 3.0, 0.0]",0.11043783732048523,0.0,{},,,,,,,
MovieLens-25M,horizon,TS,Clipped Suppression,8,700000,10,,0.016442451420029897,700000,0,40401.844201652595,2129761273,simulated,186932,suppressed non-target rounds (including 0->0),0.7329542857142857,0.7329542857142857,0,0.0,"[20713, 20771, 20776, 20649, 20839, 20831, 20830, 20778, 20745, 513068]","[0, 0, 0, 0, 0, 0, 0, 0, 0, 0]","[0.0, 0.0, 0.0, 0.0, 0.0, 0.0, 0.0, 0.0, 0.0, 0.0]",,,,,,,,,,
MovieLens-25M,horizon,UCB,Ours,8,850000,10,,0.016442451420029897,738147,111853,46204.95572790959,2169184208,simulated,111803,injected samples,0.9511811764705882,1.0,70352,4605.666666666667,"[0, 0, 0, 0, 0, 0, 0, 0, 0, 738147]","[4611, 4635, 4635, 4587, 4611, 4611, 4587, 4587, 4587, 70352]","[4.0, 5.0, 5.0, 3.0, 4.0, 4.0, 3.0, 3.0, 3.0, 0.0]",0.07643859910945486,0.0,{},,,,,,,
MovieLens-25M,horizon,UCB,Clipped Suppression,8,850000,10,,0.016442451420029897,850000,0,46204.95572790959,1269058148,simulated,437679,suppressed non-target rounds (including 0->0),0.4850835294117647,0.4850835294117647,0,0.0,"[48631, 48631, 48631, 48631, 48631, 48631, 48631, 48631, 48631, 412321]","[0, 0, 0, 0, 0, 0, 0, 0, 0, 0]","[0.0, 0.0, 0.0, 0.0, 0.0, 0.0, 0.0, 0.0, 0.0, 0.0]",,,,,,,,,,
MovieLens-25M,horizon,TS,Ours,8,850000,10,,0.016442451420029897,685457,164543,46204.95572790959,2037417125,simulated,164493,injected samples,0.9335929411764706,1.0,108092,6266.777777777777,"[0, 0, 0, 0, 0, 0, 0, 0, 0, 685457]","[6271, 6290, 6290, 6252, 6271, 6271, 6252, 6252, 6252, 108092]","[4.0, 5.0, 5.0, 3.0, 4.0, 4.0, 3.0, 3.0, 3.0, 0.0]",0.10441919960169638,0.0,{},,,,,,,
MovieLens-25M,horizon,TS,Clipped Suppression,8,850000,10,,0.016442451420029897,850000,0,46204.95572790959,4219295387,simulated,198897,suppressed non-target rounds (including 0->0),0.7660035294117647,0.7660035294117647,0,0.0,"[22071, 22168, 22045, 22139, 22051, 22140, 22086, 22150, 22047, 651103]","[0, 0, 0, 0, 0, 0, 0, 0, 0, 0]","[0.0, 0.0, 0.0, 0.0, 0.0, 0.0, 0.0, 0.0, 0.0, 0.0]",,,,,,,,,,
MovieLens-25M,horizon,UCB,Ours,8,1000000,10,,0.016442451420029897,875067,124933,51695.845932463315,795816209,simulated,124883,injected samples,0.953839,1.0,78767,5124.0,"[0, 0, 0, 0, 0, 0, 0, 0, 0, 875067]","[5130, 5155, 5155, 5104, 5130, 5130, 5104, 5104, 5104, 78767]","[4.0, 5.0, 5.0, 3.0, 4.0, 4.0, 3.0, 3.0, 3.0, 0.0]",0.07301425986767573,0.0,{},,,,,,,
MovieLens-25M,horizon,UCB,Clipped Suppression,8,1000000,10,,0.016442451420029897,1000000,0,51695.845932463315,2388083390,simulated,485739,suppressed non-target rounds (including 0->0),0.514261,0.514261,0,0.0,"[53971, 53971, 53971, 53971, 53971, 53971, 53971, 53971, 53971, 514261]","[0, 0, 0, 0, 0, 0, 0, 0, 0, 0]","[0.0, 0.0, 0.0, 0.0, 0.0, 0.0, 0.0, 0.0, 0.0, 0.0]",,,,,,,,,,
MovieLens-25M,horizon,TS,Ours,8,1000000,10,,0.016442451420029897,817072,182928,51695.845932463315,1903776093,simulated,182878,injected samples,0.937418,1.0,120341,6948.555555555556,"[0, 0, 0, 0, 0, 0, 0, 0, 0, 817072]","[6953, 6973, 6973, 6933, 6953, 6953, 6933, 6933, 6933, 120341]","[4.0, 5.0, 5.0, 3.0, 4.0, 4.0, 3.0, 3.0, 3.0, 0.0]",0.09960910549580018,0.0,{},,,,,,,
MovieLens-25M,horizon,TS,Clipped Suppression,8,1000000,10,,0.016442451420029897,1000000,0,51695.845932463315,3269910223,simulated,202294,suppressed non-target rounds (including 0->0),0.797706,0.797706,0,0.0,"[22525, 22522, 22482, 22448, 22473, 22408, 22520, 22442, 22474, 797706]","[0, 0, 0, 0, 0, 0, 0, 0, 0, 0]","[0.0, 0.0, 0.0, 0.0, 0.0, 0.0, 0.0, 0.0, 0.0, 0.0]",,,,,,,,,,
MovieLens-25M,arms,UCB,Ours,8,1000000,5,,0.016442451420029897,907411,92589,41031.02010778911,1191155445,simulated,92564,injected samples,0.965758,1.0,58342,8555.5,"[0, 0, 0, 0, 907411]","[8596, 8531, 8564, 8531, 58342]","[5.0, 3.0, 4.0, 3.0, 0.0]",0.05512420871887981,0.0,{},,,,,,,
MovieLens-25M,arms,UCB,Clipped Suppression,8,1000000,5,,0.016442451420029897,1000000,0,41031.02010778911,1164446050,simulated,237952,suppressed non-target rounds (including 0->0),0.762048,0.762048,0,0.0,"[59488, 59488, 59488, 59488, 762048]","[0, 0, 0, 0, 0]","[0.0, 0.0, 0.0, 0.0, 0.0]",,,,,,,,,,
MovieLens-25M,arms,TS,Ours,8,1000000,5,,0.016442451420029897,861817,138183,41031.02010778911,1426773523,simulated,138158,injected samples,0.954206,1.0,92384,11443.5,"[0, 0, 0, 0, 861817]","[11476, 11424, 11450, 11424, 92384]","[5.0, 3.0, 4.0, 3.0, 0.0]",0.07674706570860285,0.0,{},,,,,,,
MovieLens-25M,arms,TS,Clipped Suppression,8,1000000,5,,0.016442451420029897,1000000,0,41031.02010778911,157815314,simulated,95822,suppressed non-target rounds (including 0->0),0.904178,0.904178,0,0.0,"[24034, 23800, 24028, 23960, 904178]","[0, 0, 0, 0, 0]","[0.0, 0.0, 0.0, 0.0, 0.0]",,,,,,,,,,
MovieLens-25M,arms,UCB,Ours,8,1000000,10,,0.016442451420029897,875067,124933,51695.845932463315,795816209,simulated,124883,injected samples,0.953839,1.0,78767,5124.0,"[0, 0, 0, 0, 0, 0, 0, 0, 0, 875067]","[5130, 5155, 5155, 5104, 5130, 5130, 5104, 5104, 5104, 78767]","[4.0, 5.0, 5.0, 3.0, 4.0, 4.0, 3.0, 3.0, 3.0, 0.0]",0.07301425986767573,0.0,{},,,,,,,
MovieLens-25M,arms,UCB,Clipped Suppression,8,1000000,10,,0.016442451420029897,1000000,0,51695.845932463315,2388083390,simulated,485739,suppressed non-target rounds (including 0->0),0.514261,0.514261,0,0.0,"[53971, 53971, 53971, 53971, 53971, 53971, 53971, 53971, 53971, 514261]","[0, 0, 0, 0, 0, 0, 0, 0, 0, 0]","[0.0, 0.0, 0.0, 0.0, 0.0, 0.0, 0.0, 0.0, 0.0, 0.0]",,,,,,,,,,
MovieLens-25M,arms,TS,Ours,8,1000000,10,,0.016442451420029897,817072,182928,51695.845932463315,1903776093,simulated,182878,injected samples,0.937418,1.0,120341,6948.555555555556,"[0, 0, 0, 0, 0, 0, 0, 0, 0, 817072]","[6953, 6973, 6973, 6933, 6953, 6953, 6933, 6933, 6933, 120341]","[4.0, 5.0, 5.0, 3.0, 4.0, 4.0, 3.0, 3.0, 3.0, 0.0]",0.09960910549580018,0.0,{},,,,,,,
MovieLens-25M,arms,TS,Clipped Suppression,8,1000000,10,,0.016442451420029897,1000000,0,51695.845932463315,3269910223,simulated,202294,suppressed non-target rounds (including 0->0),0.797706,0.797706,0,0.0,"[22525, 22522, 22482, 22448, 22473, 22408, 22520, 22442, 22474, 797706]","[0, 0, 0, 0, 0, 0, 0, 0, 0, 0]","[0.0, 0.0, 0.0, 0.0, 0.0, 0.0, 0.0, 0.0, 0.0, 0.0]",,,,,,,,,,
MovieLens-25M,arms,UCB,Ours,8,1000000,15,,0.016442451420029897,852991,147009,59176.97111973348,4256499215,simulated,146934,injected samples,0.945569,1.0,92573,3882.9285714285716,"[0, 0, 0, 0, 0, 0, 0, 0, 0, 0, 0, 0, 0, 0, 852991]","[3917, 3874, 3895, 3895, 3895, 3895, 3874, 3917, 3874, 3852, 3874, 3895, 3852, 3852, 92573]","[5.0, 3.0, 4.0, 4.0, 4.0, 4.0, 3.0, 5.0, 3.0, 2.0, 3.0, 4.0, 2.0, 2.0, 0.0]",0.08472796854959905,0.0,{},,,,,,,
MovieLens-25M,arms,UCB,Clipped Suppression,8,1000000,15,,0.016442451420029897,1000000,0,59176.97111973348,1669382656,simulated,651599,suppressed non-target rounds (including 0->0),0.348401,0.348401,0,0.0,"[46543, 46543, 46543, 46543, 46543, 46543, 46543, 46543, 46543, 46543, 46543, 46542, 46542, 46542, 348401]","[0, 0, 0, 0, 0, 0, 0, 0, 0, 0, 0, 0, 0, 0, 0]","[0.0, 0.0, 0.0, 0.0, 0.0, 0.0, 0.0, 0.0, 0.0, 0.0, 0.0, 0.0, 0.0, 0.0, 0.0]",,,,,,,,,,
MovieLens-25M,arms,TS,Ours,8,1000000,15,,0.016442451420029897,786089,213911,59176.97111973348,2290511884,simulated,213836,injected samples,0.925523,1.0,139429,5314.785714285715,"[0, 0, 0, 0, 0, 0, 0, 0, 0, 0, 0, 0, 0, 0, 786089]","[5342, 5307, 5325, 5325, 5325, 5325, 5307, 5342, 5307, 5290, 5307, 5325, 5290, 5290, 139429]","[5.0, 3.0, 4.0, 4.0, 4.0, 4.0, 3.0, 5.0, 3.0, 2.0, 3.0, 4.0, 2.0, 2.0, 0.0]",0.11458139035018797,0.0,{},,,,,,,
MovieLens-25M,arms,TS,Clipped Suppression,8,1000000,15,,0.016442451420029897,1000000,0,59176.97111973348,897292179,simulated,312483,suppressed non-target rounds (including 0->0),0.687517,0.687517,0,0.0,"[22348, 22227, 22348, 22303, 22395, 22354, 22315, 22313, 22289, 22422, 22258, 22292, 22328, 22291, 687517]","[0, 0, 0, 0, 0, 0, 0, 0, 0, 0, 0, 0, 0, 0, 0]","[0.0, 0.0, 0.0, 0.0, 0.0, 0.0, 0.0, 0.0, 0.0, 0.0, 0.0, 0.0, 0.0, 0.0, 0.0]",,,,,,,,,,
MovieLens-25M,arms,UCB,Ours,8,1000000,20,,0.016442451420029897,835150,164850,65132.68448243278,906947349,simulated,164750,injected samples,0.938706,1.0,103551,3221.0,"[0, 0, 0, 0, 0, 0, 0, 0, 0, 0, 0, 0, 0, 0, 0, 0, 0, 0, 0, 835150]","[3241, 3241, 3201, 3241, 3201, 3241, 3221, 3221, 3241, 3221, 3221, 3241, 3201, 3221, 3221, 3201, 3221, 3221, 3181, 103551]","[5.0, 5.0, 3.0, 5.0, 3.0, 5.0, 4.0, 4.0, 5.0, 4.0, 4.0, 5.0, 3.0, 4.0, 4.0, 3.0, 4.0, 4.0, 2.0, 0.0]",0.09383298293532424,0.0,{},,,,,,,
MovieLens-25M,arms,UCB,Clipped Suppression,8,1000000,20,,0.016442451420029897,1000000,0,65132.68448243278,3414368282,simulated,758917,suppressed non-target rounds (including 0->0),0.241083,0.241083,0,0.0,"[39943, 39943, 39943, 39943, 39943, 39943, 39943, 39943, 39943, 39943, 39943, 39943, 39943, 39943, 39943, 39943, 39943, 39943, 39943, 241083]","[0, 0, 0, 0, 0, 0, 0, 0, 0, 0, 0, 0, 0, 0, 0, 0, 0, 0, 0, 0]","[0.0, 0.0, 0.0, 0.0, 0.0, 0.0, 0.0, 0.0, 0.0, 0.0, 0.0, 0.0, 0.0, 0.0, 0.0, 0.0, 0.0, 0.0, 0.0, 0.0]",,,,,,,,,,
MovieLens-25M,arms,TS,Ours,8,1000000,20,,0.016442451420029897,761033,238967,65132.68448243278,2879319504,simulated,238867,injected samples,0.915673,1.0,154635,4433.263157894737,"[0, 0, 0, 0, 0, 0, 0, 0, 0, 0, 0, 0, 0, 0, 0, 0, 0, 0, 0, 761033]","[4449, 4449, 4418, 4449, 4418, 4449, 4433, 4433, 4449, 4433, 4433, 4449, 4418, 4433, 4433, 4418, 4433, 4433, 4402, 154635]","[5.0, 5.0, 3.0, 5.0, 3.0, 5.0, 4.0, 4.0, 5.0, 4.0, 4.0, 5.0, 3.0, 4.0, 4.0, 3.0, 4.0, 4.0, 2.0, 0.0]",0.12615854168258478,0.0,{},,,,,,,
MovieLens-25M,arms,TS,Clipped Suppression,8,1000000,20,,0.016442451420029897,1000000,0,65132.68448243278,735703485,simulated,415511,suppressed non-target rounds (including 0->0),0.584489,0.584489,0,0.0,"[21901, 21886, 21825, 21911, 21930, 21919, 21850, 21829, 21814, 21882, 21893, 21782, 21920, 21887, 21865, 21896, 21806, 21856, 21859, 584489]","[0, 0, 0, 0, 0, 0, 0, 0, 0, 0, 0, 0, 0, 0, 0, 0, 0, 0, 0, 0]","[0.0, 0.0, 0.0, 0.0, 0.0, 0.0, 0.0, 0.0, 0.0, 0.0, 0.0, 0.0, 0.0, 0.0, 0.0, 0.0, 0.0, 0.0, 0.0, 0.0]",,,,,,,,,,
MovieLens-25M,arms,UCB,Ours,8,1000000,30,,0.016442451420029897,807082,192918,74558.3115827732,556310512,simulated,192768,injected samples,0.927849,1.0,120762,2482.9655172413795,"[0, 0, 0, 0, 0, 0, 0, 0, 0, 0, 0, 0, 0, 0, 0, 0, 0, 0, 0, 0, 0, 0, 0, 0, 0, 0, 0, 0, 0, 807082]","[2503, 2434, 2469, 2469, 2486, 2486, 2503, 2486, 2486, 2503, 2503, 2503, 2469, 2486, 2503, 2434, 2486, 2503, 2486, 2469, 2503, 2469, 2503, 2486, 2469, 2469, 2486, 2451, 2503, 120762]","[5.0, 1.0, 3.0, 3.0, 4.0, 4.0, 5.0, 4.0, 4.0, 5.0, 5.0, 5.0, 3.0, 4.0, 5.0, 1.0, 4.0, 5.0, 4.0, 3.0, 5.0, 3.0, 5.0, 4.0, 3.0, 3.0, 4.0, 2.0, 5.0, 0.0]",0.1077488679201328,0.0,{},,,,,,,
MovieLens-25M,arms,UCB,Clipped Suppression,8,1000000,30,,0.016442451420029897,1000000,0,74558.3115827732,2194909387,simulated,879402,suppressed non-target rounds (including 0->0),0.120598,0.120598,0,0.0,"[30325, 30325, 30325, 30325, 30325, 30325, 30324, 30324, 30324, 30324, 30324, 30324, 30324, 30324, 30324, 30324, 30324, 30324, 30324, 30324, 30324, 30324, 30324, 30324, 30324, 30324, 30324, 30324, 30324, 120598]","[0, 0, 0, 0, 0, 0, 0, 0, 0, 0, 0, 0, 0, 0, 0, 0, 0, 0, 0, 0, 0, 0, 0, 0, 0, 0, 0, 0, 0, 0]","[0.0, 0.0, 0.0, 0.0, 0.0, 0.0, 0.0, 0.0, 0.0, 0.0, 0.0, 0.0, 0.0, 0.0, 0.0, 0.0, 0.0, 0.0, 0.0, 0.0, 0.0, 0.0, 0.0, 0.0, 0.0, 0.0, 0.0, 0.0, 0.0, 0.0]",,,,,,,,,,
MovieLens-25M,arms,TS,Ours,8,1000000,30,,0.016442451420029897,721069,278931,74558.3115827732,249868872,simulated,278781,injected samples,0.899749,1.0,178675,3451.9310344827586,"[0, 0, 0, 0, 0, 0, 0, 0, 0, 0, 0, 0, 0, 0, 0, 0, 0, 0, 0, 0, 0, 0, 0, 0, 0, 0, 0, 0, 0, 721069]","[3468, 3413, 3441, 3441, 3454, 3454, 3468, 3454, 3454, 3468, 3468, 3468, 3441, 3454, 3468, 3413, 3454, 3468, 3454, 3441, 3468, 3441, 3468, 3454, 3441, 3441, 3454, 3427, 3468, 178675]","[5.0, 1.0, 3.0, 3.0, 4.0, 4.0, 5.0, 4.0, 4.0, 5.0, 5.0, 5.0, 3.0, 4.0, 5.0, 1.0, 4.0, 5.0, 4.0, 3.0, 5.0, 3.0, 5.0, 4.0, 3.0, 3.0, 4.0, 2.0, 5.0, 0.0]",0.14385792199768466,0.0,{},,,,,,,
MovieLens-25M,arms,TS,Clipped Suppression,8,1000000,30,,0.016442451420029897,1000000,0,74558.3115827732,2630987449,simulated,597415,suppressed non-target rounds (including 0->0),0.402585,0.402585,0,0.0,"[20522, 20504, 20486, 20620, 20627, 20657, 20538, 20698, 20553, 20528, 20581, 20583, 20612, 20531, 20633, 20666, 20610, 20659, 20565, 20652, 20684, 20599, 20616, 20589, 20646, 20654, 20637, 20541, 20624, 402585]","[0, 0, 0, 0, 0, 0, 0, 0, 0, 0, 0, 0, 0, 0, 0, 0, 0, 0, 0, 0, 0, 0, 0, 0, 0, 0, 0, 0, 0, 0]","[0.0, 0.0, 0.0, 0.0, 0.0, 0.0, 0.0, 0.0, 0.0, 0.0, 0.0, 0.0, 0.0, 0.0, 0.0, 0.0, 0.0, 0.0, 0.0, 0.0, 0.0, 0.0, 0.0, 0.0, 0.0, 0.0, 0.0, 0.0, 0.0, 0.0]",,,,,,,,,,
MovieLens-25M,arms,UCB,Ours,8,1000000,40,,0.016442451420029897,784667,215333,82062.04021557822,2419811867,simulated,215133,injected samples,0.919092,1.0,134420,2069.5641025641025,"[0, 0, 0, 0, 0, 0, 0, 0, 0, 0, 0, 0, 0, 0, 0, 0, 0, 0, 0, 0, 0, 0, 0, 0, 0, 0, 0, 0, 0, 0, 0, 0, 0, 0, 0, 0, 0, 0, 0, 784667]","[2095, 2095, 2079, 2063, 2063, 2063, 2079, 2063, 2079, 2079, 2047, 2079, 2079, 2079, 2047, 2063, 2079, 2047, 2079, 2079, 2063, 2063, 2047, 2063, 2095, 2063, 2063, 2063, 2079, 2063, 2063, 2079, 2079, 2095, 2047, 2047, 2063, 2063, 2079, 134420]","[5.0, 5.0, 4.0, 3.0, 3.0, 3.0, 4.0, 3.0, 4.0, 4.0, 2.0, 4.0, 4.0, 4.0, 2.0, 3.0, 4.0, 2.0, 4.0, 4.0, 3.0, 3.0, 2.0, 3.0, 5.0, 3.0, 3.0, 3.0, 4.0, 3.0, 3.0, 4.0, 4.0, 5.0, 2.0, 2.0, 3.0, 3.0, 4.0, 0.0]",0.11849146640883482,0.0,{},,,,,,,
MovieLens-25M,arms,UCB,Clipped Suppression,8,1000000,40,,0.016442451420029897,1000000,0,82062.04021557822,1991393831,simulated,924885,suppressed non-target rounds (including 0->0),0.075115,0.075115,0,0.0,"[23715, 23715, 23715, 23715, 23715, 23715, 23715, 23715, 23715, 23715, 23715, 23715, 23715, 23715, 23715, 23715, 23715, 23715, 23715, 23715, 23715, 23715, 23715, 23715, 23715, 23715, 23715, 23715, 23715, 23715, 23715, 23715, 23715, 23715, 23715, 23715, 23715, 23715, 23715, 75115]","[0, 0, 0, 0, 0, 0, 0, 0, 0, 0, 0, 0, 0, 0, 0, 0, 0, 0, 0, 0, 0, 0, 0, 0, 0, 0, 0, 0, 0, 0, 0, 0, 0, 0, 0, 0, 0, 0, 0, 0]","[0.0, 0.0, 0.0, 0.0, 0.0, 0.0, 0.0, 0.0, 0.0, 0.0, 0.0, 0.0, 0.0, 0.0, 0.0, 0.0, 0.0, 0.0, 0.0, 0.0, 0.0, 0.0, 0.0, 0.0, 0.0, 0.0, 0.0, 0.0, 0.0, 0.0, 0.0, 0.0, 0.0, 0.0, 0.0, 0.0, 0.0, 0.0, 0.0, 0.0]",,,,,,,,,,
MovieLens-25M,arms,TS,Ours,8,1000000,40,,0.016442451420029897,688756,311244,82062.04021557822,610298910,simulated,311044,injected samples,0.886657,1.0,197896,2901.230769230769,"[0, 0, 0, 0, 0, 0, 0, 0, 0, 0, 0, 0, 0, 0, 0, 0, 0, 0, 0, 0, 0, 0, 0, 0, 0, 0, 0, 0, 0, 0, 0, 0, 0, 0, 0, 0, 0, 0, 0, 688756]","[2921, 2921, 2909, 2896, 2896, 2896, 2909, 2896, 2909, 2909, 2883, 2909, 2909, 2909, 2883, 2896, 2909, 2883, 2909, 2909, 2896, 2896, 2883, 2896, 2921, 2896, 2896, 2896, 2909, 2896, 2896, 2909, 2909, 2921, 2883, 2883, 2896, 2896, 2909, 197896]","[5.0, 5.0, 4.0, 3.0, 3.0, 3.0, 4.0, 3.0, 4.0, 4.0, 2.0, 4.0, 4.0, 4.0, 2.0, 3.0, 4.0, 2.0, 4.0, 4.0, 3.0, 3.0, 2.0, 3.0, 5.0, 3.0, 3.0, 3.0, 4.0, 3.0, 3.0, 4.0, 4.0, 5.0, 2.0, 2.0, 3.0, 3.0, 4.0, 0.0]",0.15750284490055932,0.0,{},,,,,,,
MovieLens-25M,arms,TS,Clipped Suppression,8,1000000,40,,0.016442451420029897,1000000,0,82062.04021557822,1138282082,simulated,720181,suppressed non-target rounds (including 0->0),0.279819,0.279819,0,0.0,"[18424, 18528, 18510, 18466, 18483, 18495, 18476, 18499, 18511, 18404, 18476, 18456, 18497, 18477, 18452, 18410, 18407, 18492, 18497, 18450, 18468, 18363, 18450, 18507, 18450, 18413, 18506, 18482, 18385, 18430, 18536, 18559, 18473, 18470, 18495, 18366, 18478, 18486, 18454, 279819]","[0, 0, 0, 0, 0, 0, 0, 0, 0, 0, 0, 0, 0, 0, 0, 0, 0, 0, 0, 0, 0, 0, 0, 0, 0, 0, 0, 0, 0, 0, 0, 0, 0, 0, 0, 0, 0, 0, 0, 0]","[0.0, 0.0, 0.0, 0.0, 0.0, 0.0, 0.0, 0.0, 0.0, 0.0, 0.0, 0.0, 0.0, 0.0, 0.0, 0.0, 0.0, 0.0, 0.0, 0.0, 0.0, 0.0, 0.0, 0.0, 0.0, 0.0, 0.0, 0.0, 0.0, 0.0, 0.0, 0.0, 0.0, 0.0, 0.0, 0.0, 0.0, 0.0, 0.0, 0.0]",,,,,,,,,,
MovieLens-25M,arms,UCB,Ours,8,1000000,50,,0.016442451420029897,765424,234576,88398.65308761662,1755663779,simulated,234326,injected samples,0.91145,1.0,146021,1802.142857142857,"[0, 0, 0, 0, 0, 0, 0, 0, 0, 0, 0, 0, 0, 0, 0, 0, 0, 0, 0, 0, 0, 0, 0, 0, 0, 0, 0, 0, 0, 0, 0, 0, 0, 0, 0, 0, 0, 0, 0, 0, 0, 0, 0, 0, 0, 0, 0, 0, 0, 765424]","[1813, 1827, 1813, 1813, 1827, 1783, 1813, 1827, 1813, 1783, 1798, 1827, 1813, 1827, 1798, 1813, 1813, 1813, 1813, 1798, 1783, 1813, 1827, 1798, 1813, 1798, 1798, 1813, 1813, 1798, 1783, 1798, 1783, 1798, 1813, 1827, 1798, 1813, 1768, 1768, 1813, 1798, 1798, 1798, 1768, 1783, 1768, 1768, 1783, 146021]","[4.0, 5.0, 4.0, 4.0, 5.0, 2.0, 4.0, 5.0, 4.0, 2.0, 3.0, 5.0, 4.0, 5.0, 3.0, 4.0, 4.0, 4.0, 4.0, 3.0, 2.0, 4.0, 5.0, 3.0, 4.0, 3.0, 3.0, 4.0, 4.0, 3.0, 2.0, 3.0, 2.0, 3.0, 4.0, 5.0, 3.0, 4.0, 1.0, 1.0, 4.0, 3.0, 3.0, 3.0, 1.0, 2.0, 1.0, 1.0, 2.0, 1.0]",0.1274141891004023,0.0,{},,,,,,,
MovieLens-25M,arms,UCB,Clipped Suppression,8,1000000,50,,0.016442451420029897,1000000,0,88398.65308761662,1627667079,simulated,945428,suppressed non-target rounds (including 0->0),0.054572,0.054572,0,0.0,"[19295, 19295, 19295, 19295, 19295, 19295, 19295, 19295, 19295, 19295, 19295, 19295, 19295, 19295, 19295, 19295, 19295, 19295, 19295, 19295, 19295, 19295, 19294, 19294, 19294, 19294, 19294, 19294, 19294, 19294, 19294, 19294, 19294, 19294, 19294, 19294, 19294, 19294, 19294, 19294, 19294, 19294, 19294, 19294, 19294, 19294, 19294, 19294, 19294, 54572]","[0, 0, 0, 0, 0, 0, 0, 0, 0, 0, 0, 0, 0, 0, 0, 0, 0, 0, 0, 0, 0, 0, 0, 0, 0, 0, 0, 0, 0, 0, 0, 0, 0, 0, 0, 0, 0, 0, 0, 0, 0, 0, 0, 0, 0, 0, 0, 0, 0, 0]","[0.0, 0.0, 0.0, 0.0, 0.0, 0.0, 0.0, 0.0, 0.0, 0.0, 0.0, 0.0, 0.0, 0.0, 0.0, 0.0, 0.0, 0.0, 0.0, 0.0, 0.0, 0.0, 0.0, 0.0, 0.0, 0.0, 0.0, 0.0, 0.0, 0.0, 0.0, 0.0, 0.0, 0.0, 0.0, 0.0, 0.0, 0.0, 0.0, 0.0, 0.0, 0.0, 0.0, 0.0, 0.0, 0.0, 0.0, 0.0, 0.0, 0.0]",,,,,,,,,,
MovieLens-25M,arms,TS,Ours,8,1000000,50,,0.016442451420029897,660894,339106,88398.65308761662,310952021,simulated,338856,injected samples,0.875171,1.0,214272,2542.530612244898,"[0, 0, 0, 0, 0, 0, 0, 0, 0, 0, 0, 0, 0, 0, 0, 0, 0, 0, 0, 0, 0, 0, 0, 0, 0, 0, 0, 0, 0, 0, 0, 0, 0, 0, 0, 0, 0, 0, 0, 0, 0, 0, 0, 0, 0, 0, 0, 0, 0, 660894]","[2551, 2563, 2551, 2551, 2563, 2527, 2551, 2563, 2551, 2527, 2539, 2563, 2551, 2563, 2539, 2551, 2551, 2551, 2551, 2539, 2527, 2551, 2563, 2539, 2551, 2539, 2539, 2551, 2551, 2539, 2527, 2539, 2527, 2539, 2551, 2563, 2539, 2551, 2516, 2516, 2551, 2539, 2539, 2539, 2516, 2527, 2516, 2516, 2527, 214272]","[4.0, 5.0, 4.0, 4.0, 5.0, 2.0, 4.0, 5.0, 4.0, 2.0, 3.0, 5.0, 4.0, 5.0, 3.0, 4.0, 4.0, 4.0, 4.0, 3.0, 2.0, 4.0, 5.0, 3.0, 4.0, 3.0, 3.0, 4.0, 4.0, 3.0, 2.0, 3.0, 2.0, 3.0, 4.0, 5.0, 3.0, 4.0, 1.0, 1.0, 4.0, 3.0, 3.0, 3.0, 1.0, 2.0, 1.0, 1.0, 2.0, 1.0]",0.1687885933355887,0.0,{},,,,,,,
MovieLens-25M,arms,TS,Clipped Suppression,8,1000000,50,,0.016442451420029897,1000000,0,88398.65308761662,4053791318,simulated,817592,suppressed non-target rounds (including 0->0),0.182408,0.182408,0,0.0,"[16716, 16693, 16707, 16820, 16701, 16626, 16693, 16605, 16722, 16647, 16711, 16616, 16808, 16677, 16686, 16664, 16667, 16650, 16745, 16697, 16610, 16623, 16738, 16665, 16670, 16738, 16694, 16711, 16735, 16684, 16666, 16731, 16655, 16607, 16717, 16628, 16689, 16633, 16609, 16754, 16643, 16766, 16635, 16691, 16707, 16692, 16638, 16725, 16687, 182408]","[0, 0, 0, 0, 0, 0, 0, 0, 0, 0, 0, 0, 0, 0, 0, 0, 0, 0, 0, 0, 0, 0, 0, 0, 0, 0, 0, 0, 0, 0, 0, 0, 0, 0, 0, 0, 0, 0, 0, 0, 0, 0, 0, 0, 0, 0, 0, 0, 0, 0]","[0.0, 0.0, 0.0, 0.0, 0.0, 0.0, 0.0, 0.0, 0.0, 0.0, 0.0, 0.0, 0.0, 0.0, 0.0, 0.0, 0.0, 0.0, 0.0, 0.0, 0.0, 0.0, 0.0, 0.0, 0.0, 0.0, 0.0, 0.0, 0.0, 0.0, 0.0, 0.0, 0.0, 0.0, 0.0, 0.0, 0.0, 0.0, 0.0, 0.0, 0.0, 0.0, 0.0, 0.0, 0.0, 0.0, 0.0, 0.0, 0.0, 0.0]",,,,,,,,,,
MovieLens-25M,gap,UCB,Ours,8,1000000,10,0.0,0.0,875067,124933,51695.845932463315,795816209,simulated,124883,injected samples,0.953839,1.0,78767,5124.0,"[0, 0, 0, 0, 0, 0, 0, 0, 0, 875067]","[5130, 5155, 5155, 5104, 5130, 5130, 5104, 5104, 5104, 78767]","[4.0, 5.0, 5.0, 3.0, 4.0, 4.0, 3.0, 3.0, 3.0, 0.0]",0.07301425986767573,0.0,{},,,,,,,
MovieLens-25M,gap,UCB,Direct,8,1000000,10,0.0,0.0,884498,115502,51695.845932463315,2388083390,simulated,115452,injected samples,0.957041,1.0,72538,4768.222222222223,"[0, 0, 0, 0, 0, 0, 0, 0, 0, 884498]","[4774, 4798, 4798, 4749, 4774, 4774, 4749, 4749, 4749, 72538]","[4.0, 5.0, 5.0, 3.0, 4.0, 4.0, 3.0, 3.0, 3.0, 0.0]",0.08149317063952953,0.0,"{""search"": ""same grid; exact integer TS target envelope"", ""z_stages"": [[0.0, 1.0055705112905038, 4097.0, 115454.0, 332.0], [0.08126070293875898, 0.08175170416497504, 1025.0, 115452.0, 485.0], [0.08149277773708767, 0.08149373672385762, 1025.0, 115452.0, 420.0], [0.08149317013499452, 0.08149317200801555, 1025.0, 115452.0, 276.0], [0.0814931706380031, 0.08149317064166134, 1025.0, 115452.0, 428.0], [0.08149317063952856, 0.0814931706395357, 1025.0, 115452.0, 139.0]]}",,,,,,,
MovieLens-25M,gap,UCB,Two-phase,8,1000000,10,0.0,0.0,1000000,0,51695.845932463315,3852553084,infeasible,,scheduled corrupted rounds,,,0,0.0,,"[0, 0, 0, 0, 0, 0, 0, 0, 0, 0]","[0.0, 0.0, 0.0, 0.0, 0.0, 0.0, 0.0, 0.0, 0.0, 0.0]",,,,0,0,"{""C1"": null, ""C2"": null, ""K"": 10, ""T"": 1000000, ""feasible"": false, ""learner"": ""UCB"", ""learner_setting"": ""mean + sqrt(log(T)/N)"", ""mu"": 0.0, ""reason"": ""undefined at mu_K=0"", ""source"": ""https://proceedings.neurips.cc/paper_files/paper/2021/file/be315e7f05e9f13629031915fe87ad44-Supplemental.pdf"", ""source_section"": ""A.2"", ""target_feedback"": ""deterministic mu_K"", ""total"": null, ""version"": ""xu2021-original-settings-v1""}",,,,
MovieLens-25M,gap,TS,Ours,8,1000000,10,0.0,0.0,817072,182928,51695.845932463315,1903776093,simulated,182878,injected samples,0.937418,1.0,120341,6948.555555555556,"[0, 0, 0, 0, 0, 0, 0, 0, 0, 817072]","[6953, 6973, 6973, 6933, 6953, 6953, 6933, 6933, 6933, 120341]","[4.0, 5.0, 5.0, 3.0, 4.0, 4.0, 3.0, 3.0, 3.0, 0.0]",0.09960910549580018,0.0,{},,,,,,,
MovieLens-25M,gap,TS,Direct,8,1000000,10,0.0,0.0,836535,163465,51695.845932463315,3269910223,simulated,163415,injected samples,0.94368,1.0,107140,6252.777777777777,"[0, 0, 0, 0, 0, 0, 0, 0, 0, 836535]","[6257, 6276, 6276, 6238, 6257, 6257, 6238, 6238, 6238, 107140]","[4.0, 5.0, 5.0, 3.0, 4.0, 4.0, 3.0, 3.0, 3.0, 0.0]",0.10503053530984027,0.0,"{""search"": ""same grid; exact integer TS target envelope"", ""z_stages"": [[0.0, 0.9917340366815204, 4097.0, 163419.0, 433.0], [0.1045969491812541, 0.1050811943163525, 1025.0, 163415.0, 917.0], [0.10503012158726009, 0.10503106737853958, 1025.0, 163415.0, 448.0], [0.10503053444732058, 0.10503053629456917, 1025.0, 163415.0, 479.0], [0.10503053530961044, 0.10503053531321835, 1025.0, 163415.0, 66.0], [0.10503053530983945, 0.1050305353098465, 1025.0, 163415.0, 118.0]]}",,,,,,,
MovieLens-25M,gap,TS,Two-phase,8,1000000,10,0.0,0.0,1000000,0,51695.845932463315,1632350380,infeasible,,scheduled corrupted rounds,,,0,0.0,,"[0, 0, 0, 0, 0, 0, 0, 0, 0, 0]","[0.0, 0.0, 0.0, 0.0, 0.0, 0.0, 0.0, 0.0, 0.0, 0.0]",,,,0,0,"{""C1"": null, ""C2"": null, ""K"": 10, ""T"": 1000000, ""feasible"": false, ""learner"": ""TS"", ""learner_setting"": ""Beta(sum+1, N-sum+1)"", ""mu"": 0.0, ""reason"": ""undefined at mu_K=0"", ""source"": ""https://proceedings.neurips.cc/paper_files/paper/2021/file/be315e7f05e9f13629031915fe87ad44-Supplemental.pdf"", ""source_section"": ""A.4"", ""target_feedback"": ""Bernoulli(mu_K)"", ""total"": null, ""version"": ""xu2021-original-settings-v1""}",,,,
MovieLens-25M,gap,UCB,Ours,8,1000000,10,0.1,0.005169584593246332,880644,119356,51695.845932463315,772622895,simulated,119306,injected samples,0.953988,1.0,73339,5107.444444444444,"[0, 0, 0, 0, 0, 0, 0, 0, 0, 880644]","[5113, 5138, 5138, 5088, 5113, 5113, 5088, 5088, 5088, 73339]","[4.0, 5.0, 5.0, 3.0, 4.0, 4.0, 3.0, 3.0, 3.0, 0.02584792296623166]",0.07314325827666363,0.005169584593246332,{},,,,,,,
MovieLens-25M,gap,UCB,Direct,8,1000000,10,0.1,0.005169584593246332,889094,110906,51695.845932463315,1190564129,simulated,110856,injected samples,0.956969,1.0,67870,4776.222222222223,"[0, 0, 0, 0, 0, 0, 0, 0, 0, 889094]","[4782, 4806, 4806, 4757, 4782, 4782, 4757, 4757, 4757, 67870]","[4.0, 5.0, 5.0, 3.0, 4.0, 4.0, 3.0, 3.0, 3.0, 0.02584792296623166]",0.08142415912491556,0.005169584593246332,"{""search"": ""same grid; exact integer TS target envelope"", ""z_stages"": [[0.0, 1.005570537139616, 4097.0, 110858.0, 332.0], [0.08126070502763987, 0.08175170626647757, 1025.0, 110856.0, 341.0], [0.08142373278272269, 0.0814246917695173, 1025.0, 110856.0, 456.0], [0.08142415889501912, 0.08142416076804021, 1025.0, 110856.0, 126.0], [0.0814241591236594, 0.08142415912731764, 1025.0, 110856.0, 352.0], [0.08142415912491334, 0.08142415912492049, 1025.0, 110856.0, 318.0]]}",,,,,,,
MovieLens-25M,gap,UCB,Two-phase,8,1000000,10,0.1,0.005169584593246332,1000000,0,51695.845932463315,3640690339,infeasible,5196454,scheduled corrupted rounds,,,0,0.0,,"[0, 0, 0, 0, 0, 0, 0, 0, 0, 0]","[0.0, 0.0, 0.0, 0.0, 0.0, 0.0, 0.0, 0.0, 0.0, 0.0]",,,,5169590,26864,"{""C1"": 5169590, ""C2"": 26864, ""K"": 10, ""T"": 1000000, ""feasible"": false, ""learner"": ""UCB"", ""learner_setting"": ""mean + sqrt(log(T)/N)"", ""mu"": 0.005169584593246332, ""reason"": ""original budget reaches/exceeds T"", ""source"": ""https://proceedings.neurips.cc/paper_files/paper/2021/file/be315e7f05e9f13629031915fe87ad44-Supplemental.pdf"", ""source_section"": ""A.2"", ""target_feedback"": ""deterministic mu_K"", ""total"": 5196454, ""version"": ""xu2021-original-settings-v1""}",,,,
MovieLens-25M,gap,TS,Ours,8,1000000,10,0.1,0.005169584593246332,822838,177162,51695.845932463315,3346828792,simulated,177112,injected samples,0.937616,1.0,114773,6926.555555555556,"[0, 0, 0, 0, 0, 0, 0, 0, 0, 822838]","[6931, 6951, 6951, 6911, 6931, 6931, 6911, 6911, 6911, 114773]","[4.0, 5.0, 5.0, 3.0, 4.0, 4.0, 3.0, 3.0, 3.0, 0.02584792296623166]",0.09976868375338818,0.005169584593246332,{},,,,,,,
MovieLens-25M,gap,TS,Direct,8,1000000,10,0.1,0.005169584593246332,840882,159118,51695.845932463315,3551249365,simulated,159068,injected samples,0.94368,1.0,102793,6252.777777777777,"[0, 0, 0, 0, 0, 0, 0, 0, 0, 840882]","[6257, 6276, 6276, 6238, 6257, 6257, 6238, 6238, 6238, 102793]","[4.0, 5.0, 5.0, 3.0, 4.0, 4.0, 3.0, 3.0, 3.0, 0.02584792296623166]",0.10503053530984027,0.005169584593246332,"{""search"": ""same grid; exact integer TS target envelope"", ""z_stages"": [[0.0, 0.9917340625306325, 4097.0, 159072.0, 433.0], [0.10459695190752764, 0.10508119705524768, 1025.0, 159068.0, 917.0], [0.10503012432482409, 0.10503107011612822, 1025.0, 159068.0, 445.0], [0.10503053441402237, 0.105030536261271, 1025.0, 159068.0, 497.0], [0.10503053530878342, 0.10503053531239133, 1025.0, 159068.0, 300.0], [0.1050305353098369, 0.10503053530984395, 1025.0, 159068.0, 489.0]]}",,,,,,,
MovieLens-25M,gap,TS,Two-phase,8,1000000,10,0.1,0.005169584593246332,1000000,0,51695.845932463315,1471932002,infeasible,2098502,scheduled corrupted rounds,,,0,0.0,,"[0, 0, 0, 0, 0, 0, 0, 0, 0, 0]","[0.0, 0.0, 0.0, 0.0, 0.0, 0.0, 0.0, 0.0, 0.0, 0.0]",,,,2067834,30668,"{""C1"": 2067834, ""C2"": 30668, ""K"": 10, ""T"": 1000000, ""beta"": 0.9545316954435116, ""feasible"": false, ""learner"": ""TS"", ""learner_setting"": ""Beta(sum+1, N-sum+1)"", ""mu"": 0.005169584593246332, ""n1"": 201972.97093474137, ""n2"": 211593.82906525867, ""n3"": 1.0496843132033238, ""promotion_term"": 21490.784001452565, ""reason"": ""original budget reaches/exceeds T"", ""source"": ""https://proceedings.neurips.cc/paper_files/paper/2021/file/be315e7f05e9f13629031915fe87ad44-Supplemental.pdf"", ""source_section"": ""A.4"", ""target_feedback"": ""Bernoulli(mu_K)"", ""total"": 2098502, ""version"": ""xu2021-original-settings-v1"", ""waiting_term"": 9176.919442654274}",,,,
MovieLens-25M,gap,UCB,Ours,8,1000000,10,0.2,0.010339169186492664,886225,113775,51695.845932463315,1338979390,simulated,113725,injected samples,0.954141,1.0,67911,5090.444444444444,"[0, 0, 0, 0, 0, 0, 0, 0, 0, 886225]","[5096, 5121, 5121, 5071, 5096, 5096, 5071, 5071, 5071, 67911]","[4.0, 5.0, 5.0, 3.0, 4.0, 4.0, 3.0, 3.0, 3.0, 0.05169584593246332]",0.07327312850924872,0.010339169186492664,{},,,,,,,
MovieLens-25M,gap,UCB,Direct,8,1000000,10,0.2,0.010339169186492664,893739,106261,51695.845932463315,529773399,simulated,106211,injected samples,0.95717,1.0,63426,4753.888888888889,"[0, 0, 0, 0, 0, 0, 0, 0, 0, 893739]","[4759, 4784, 4784, 4735, 4759, 4759, 4735, 4735, 4735, 63426]","[4.0, 5.0, 5.0, 3.0, 4.0, 4.0, 3.0, 3.0, 3.0, 0.05169584593246332]",0.0816168411929335,0.010339169186492664,"{""search"": ""same grid; exact integer TS target envelope"", ""z_stages"": [[0.0, 1.005570562988728, 4097.0, 106213.0, 332.0], [0.08126070711652074, 0.08175170836798008, 1025.0, 106211.0, 743.0], [0.08161649122646492, 0.08161745021328416, 1025.0, 106211.0, 374.0], [0.08161684054490591, 0.08161684241792704, 1025.0, 106211.0, 355.0], [0.08161684119241516, 0.0816168411960734, 1025.0, 106211.0, 146.0], [0.08161684119293318, 0.08161684119294033, 1025.0, 106211.0, 45.0]]}",,,,,,,
MovieLens-25M,gap,UCB,Two-phase,8,1000000,10,0.2,0.010339169186492664,1000000,0,51695.845932463315,3929585416,infeasible,1305902,scheduled corrupted rounds,,,0,0.0,,"[0, 0, 0, 0, 0, 0, 0, 0, 0, 0]","[0.0, 0.0, 0.0, 0.0, 0.0, 0.0, 0.0, 0.0, 0.0, 0.0]",,,,1292400,13502,"{""C1"": 1292400, ""C2"": 13502, ""K"": 10, ""T"": 1000000, ""feasible"": false, ""learner"": ""UCB"", ""learner_setting"": ""mean + sqrt(log(T)/N)"", ""mu"": 0.010339169186492664, ""reason"": ""original budget reaches/exceeds T"", ""source"": ""https://proceedings.neurips.cc/paper_files/paper/2021/file/be315e7f05e9f13629031915fe87ad44-Supplemental.pdf"", ""source_section"": ""A.2"", ""target_feedback"": ""deterministic mu_K"", ""total"": 1305902, ""version"": ""xu2021-original-settings-v1""}",,,,
MovieLens-25M,gap,TS,Ours,8,1000000,10,0.2,0.010339169186492664,828605,171395,51695.845932463315,2608075549,simulated,171345,injected samples,0.937814,1.0,109204,6904.555555555556,"[0, 0, 0, 0, 0, 0, 0, 0, 0, 828605]","[6909, 6929, 6929, 6889, 6909, 6909, 6889, 6889, 6889, 109204]","[4.0, 5.0, 5.0, 3.0, 4.0, 4.0, 3.0, 3.0, 3.0, 0.05169584593246332]",0.09992932775172156,0.010339169186492664,{},,,,,,,
MovieLens-25M,gap,TS,Direct,8,1000000,10,0.2,0.010339169186492664,845274,154726,51695.845932463315,1711255981,simulated,154676,injected samples,0.943617,1.0,98338,6259.777777777777,"[0, 0, 0, 0, 0, 0, 0, 0, 0, 845274]","[6264, 6283, 6283, 6245, 6264, 6264, 6245, 6245, 6245, 98338]","[4.0, 5.0, 5.0, 3.0, 4.0, 4.0, 3.0, 3.0, 3.0, 0.05169584593246332]",0.10497143270604688,0.010339169186492664,"{""search"": ""same grid; exact integer TS target envelope"", ""z_stages"": [[0.0, 0.9917340883797444, 4097.0, 154679.0, 434.0], [0.10483907721397201, 0.10532332237431367, 1025.0, 154676.0, 280.0], [0.10497101510433854, 0.10497196089566734, 1025.0, 154676.0, 453.0], [0.10497143258254227, 0.10497143442979096, 1025.0, 154676.0, 69.0], [0.10497143270521113, 0.10497143270881903, 1025.0, 154676.0, 238.0], [0.10497143270604616, 0.1049714327060532, 1025.0, 154676.0, 104.0]]}",,,,,,,
MovieLens-25M,gap,TS,Two-phase,8,1000000,10,0.2,0.010339169186492664,1000000,0,51695.845932463315,4180564162,simulated,539705,scheduled corrupted rounds,0.534555,0.534555,0,0.0,"[51790, 51897, 51702, 51732, 51695, 51587, 51659, 51733, 51650, 534555]","[0, 0, 0, 0, 0, 0, 0, 0, 0, 0]","[0.0, 0.0, 0.0, 0.0, 0.0, 0.0, 0.0, 0.0, 0.0, 0.0]",,,,516959,22746,"{""C1"": 516959, ""C2"": 22746, ""K"": 10, ""T"": 1000000, ""beta"": 0.9110860762152083, ""feasible"": true, ""learner"": ""TS"", ""learner_setting"": ""Beta(sum+1, N-sum+1)"", ""mu"": 0.010339169186492664, ""n1"": 49290.684304214476, ""n2"": 54101.115695785535, ""n3"": 1.0997390623339454, ""promotion_term"": 10801.53199371647, ""reason"": """", ""source"": ""https://proceedings.neurips.cc/paper_files/paper/2021/file/be315e7f05e9f13629031915fe87ad44-Supplemental.pdf"", ""source_section"": ""A.4"", ""target_feedback"": ""Bernoulli(mu_K)"", ""total"": 539705, ""version"": ""xu2021-original-settings-v1"", ""waiting_term"": 11943.844471723236}","[51784, 51895, 51699, 51731, 51693, 51586, 51653, 51728, 51647, 51543]","[6, 2, 3, 1, 2, 1, 6, 5, 3, 22717]","[0, 0, 0, 0, 0, 0, 0, 0, 0, 460295]",1.0
MovieLens-25M,gap,UCB,Ours,8,1000000,10,0.3,0.015508753779738994,891797,108203,51695.845932463315,1801612661,simulated,108153,injected samples,0.954285,1.0,62483,5074.444444444444,"[0, 0, 0, 0, 0, 0, 0, 0, 0, 891797]","[5080, 5105, 5105, 5055, 5080, 5080, 5055, 5055, 5055, 62483]","[4.0, 5.0, 5.0, 3.0, 4.0, 4.0, 3.0, 3.0, 3.0, 0.07754376889869496]",0.07340388366884293,0.015508753779738994,{},,,,,,,
MovieLens-25M,gap,UCB,Direct,8,1000000,10,0.3,0.015508753779738994,898432,101568,51695.845932463315,4157290887,simulated,101518,injected samples,0.957152,1.0,58715,4755.888888888889,"[0, 0, 0, 0, 0, 0, 0, 0, 0, 898432]","[4761, 4786, 4786, 4737, 4761, 4761, 4737, 4737, 4737, 58715]","[4.0, 5.0, 5.0, 3.0, 4.0, 4.0, 3.0, 3.0, 3.0, 0.07754376889869496]",0.08159953843425678,0.015508753779738994,"{""search"": ""same grid; exact integer TS target envelope"", ""z_stages"": [[0.0, 1.00557058883784, 4097.0, 101520.0, 332.0], [0.08126070920540161, 0.08175171046948258, 1025.0, 101518.0, 707.0], [0.0815992315613012, 0.0816001905481451, 1025.0, 101518.0, 328.0], [0.08159953780026405, 0.08159953967328522, 1025.0, 101518.0, 347.0], [0.08159953843314034, 0.08159953843679858, 1025.0, 101518.0, 313.0], [0.08159953843425496, 0.08159953843426211, 1025.0, 101518.0, 260.0]]}",,,,,,,
MovieLens-25M,gap,UCB,Two-phase,8,1000000,10,0.3,0.015508753779738994,1000000,0,51695.845932463315,532867738,simulated,583449,scheduled corrupted rounds,0.483031,0.483031,0,0.0,"[57441, 57441, 57441, 57441, 57441, 57441, 57441, 57441, 57441, 483031]","[0, 0, 0, 0, 0, 0, 0, 0, 0, 0]","[0.0, 0.0, 0.0, 0.0, 0.0, 0.0, 0.0, 0.0, 0.0, 0.0]",,,,574400,9049,"{""C1"": 574400, ""C2"": 9049, ""K"": 10, ""T"": 1000000, ""feasible"": true, ""learner"": ""UCB"", ""learner_setting"": ""mean + sqrt(log(T)/N)"", ""mu"": 0.015508753779738994, ""reason"": """", ""source"": ""https://proceedings.neurips.cc/paper_files/paper/2021/file/be315e7f05e9f13629031915fe87ad44-Supplemental.pdf"", ""source_section"": ""A.2"", ""target_feedback"": ""deterministic mu_K"", ""total"": 583449, ""version"": ""xu2021-original-settings-v1""}","[57440, 57440, 57440, 57440, 57440, 57440, 57440, 57440, 57440, 57440]","[1, 1, 1, 1, 1, 1, 1, 1, 1, 9040]","[0, 0, 0, 0, 0, 0, 0, 0, 0, 416551]",1.0
MovieLens-25M,gap,TS,Ours,8,1000000,10,0.3,0.015508753779738994,834372,165628,51695.845932463315,2374544523,simulated,165578,injected samples,0.938012,1.0,103635,6882.555555555556,"[0, 0, 0, 0, 0, 0, 0, 0, 0, 834372]","[6887, 6907, 6907, 6867, 6887, 6887, 6867, 6867, 6867, 103635]","[4.0, 5.0, 5.0, 3.0, 4.0, 4.0, 3.0, 3.0, 3.0, 0.07754376889869496]",0.10009105250004968,0.015508753779738994,{},,,,,,,
MovieLens-25M,gap,TS,Direct,8,1000000,10,0.3,0.015508753779738994,849713,150287,51695.845932463315,518732465,simulated,150237,injected samples,0.943671,1.0,93953,6253.777777777777,"[0, 0, 0, 0, 0, 0, 0, 0, 0, 849713]","[6258, 6277, 6277, 6239, 6258, 6258, 6239, 6239, 6239, 93953]","[4.0, 5.0, 5.0, 3.0, 4.0, 4.0, 3.0, 3.0, 3.0, 0.07754376889869496]",0.1050220859776921,0.015508753779738994,"{""search"": ""same grid; exact integer TS target envelope"", ""z_stages"": [[0.0, 0.9917341142288565, 4097.0, 150241.0, 433.0], [0.10459695736007471, 0.10508120253303802, 1025.0, 150237.0, 899.0], [0.10502161767777105, 0.10502256346912449, 1025.0, 150237.0, 508.0], [0.10502208595532593, 0.10502208780257466, 1025.0, 150237.0, 13.0], [0.10502208597697338, 0.10502208598058128, 1025.0, 150237.0, 204.0], [0.10502208597768861, 0.10502208597769566, 1025.0, 150237.0, 505.0]]}",,,,,,,
MovieLens-25M,gap,TS,Two-phase,8,1000000,10,0.3,0.015508753779738994,1000000,0,51695.845932463315,1042154478,simulated,252629,scheduled corrupted rounds,0.793142,0.793142,0,0.0,"[23007, 23027, 22972, 22874, 23033, 22958, 23099, 22933, 22955, 793142]","[0, 0, 0, 0, 0, 0, 0, 0, 0, 0]","[0.0, 0.0, 0.0, 0.0, 0.0, 0.0, 0.0, 0.0, 0.0, 0.0]",,,,229760,22869,"{""C1"": 229760, ""C2"": 22869, ""K"": 10, ""T"": 1000000, ""beta"": 0.8695323470156004, ""feasible"": true, ""learner"": ""TS"", ""learner_setting"": ""Beta(sum+1, N-sum+1)"", ""mu"": 0.015508753779738994, ""n1"": 21372.5213186025, ""n2"": 24579.4786813975, ""n3"": 1.1522940470257748, ""promotion_term"": 7238.848048905075, ""reason"": """", ""source"": ""https://proceedings.neurips.cc/paper_files/paper/2021/file/be315e7f05e9f13629031915fe87ad44-Supplemental.pdf"", ""source_section"": ""A.4"", ""target_feedback"": ""Bernoulli(mu_K)"", ""total"": 252629, ""version"": ""xu2021-original-settings-v1"", ""waiting_term"": 15629.872243122792}","[23006, 23026, 22972, 22874, 23032, 22958, 23099, 22932, 22955, 22906]","[1, 1, 0, 0, 1, 0, 0, 1, 0, 22865]","[0, 0, 0, 0, 0, 0, 0, 0, 0, 747371]",1.0
MovieLens-25M,gap,UCB,Ours,8,1000000,10,0.4,0.020678338372985328,897379,102621,51695.845932463315,3360554800,simulated,102571,injected samples,0.954438,1.0,57054,5057.444444444444,"[0, 0, 0, 0, 0, 0, 0, 0, 0, 897379]","[5063, 5088, 5088, 5038, 5063, 5063, 5038, 5038, 5038, 57054]","[4.0, 5.0, 5.0, 3.0, 4.0, 4.0, 3.0, 3.0, 3.0, 0.10339169186492664]",0.07353553394650186,0.020678338372985328,{},,,,,,,
MovieLens-25M,gap,UCB,Direct,8,1000000,10,0.4,0.020678338372985328,903174,96826,51695.845932463315,750224837,simulated,96776,injected samples,0.956987,1.0,53808,4774.222222222223,"[0, 0, 0, 0, 0, 0, 0, 0, 0, 903174]","[4780, 4804, 4804, 4755, 4780, 4780, 4755, 4755, 4755, 53808]","[4.0, 5.0, 5.0, 3.0, 4.0, 4.0, 3.0, 3.0, 3.0, 0.10339169186492664]",0.0814413956084292,0.020678338372985328,"{""search"": ""same grid; exact integer TS target envelope"", ""z_stages"": [[0.0, 1.0055706146869519, 4097.0, 96778.0, 332.0], [0.08126071129428249, 0.0817517125709851, 1025.0, 96776.0, 377.0], [0.08144100082557172, 0.08144195981244029, 1025.0, 96776.0, 422.0], [0.08144139509654015, 0.08144139696956137, 1025.0, 96776.0, 280.0], [0.08144139560686527, 0.08144139561052352, 1025.0, 96776.0, 438.0], [0.08144139560842645, 0.0814413956084336, 1025.0, 96776.0, 393.0]]}",,,,,,,
MovieLens-25M,gap,UCB,Two-phase,8,1000000,10,0.4,0.020678338372985328,1000000,0,51695.845932463315,239120910,simulated,329923,scheduled corrupted rounds,0.709201,0.709201,0,0.0,"[32311, 32311, 32311, 32311, 32311, 32311, 32311, 32311, 32311, 709201]","[0, 0, 0, 0, 0, 0, 0, 0, 0, 0]","[0.0, 0.0, 0.0, 0.0, 0.0, 0.0, 0.0, 0.0, 0.0, 0.0]",,,,323100,6823,"{""C1"": 323100, ""C2"": 6823, ""K"": 10, ""T"": 1000000, ""feasible"": true, ""learner"": ""UCB"", ""learner_setting"": ""mean + sqrt(log(T)/N)"", ""mu"": 0.020678338372985328, ""reason"": """", ""source"": ""https://proceedings.neurips.cc/paper_files/paper/2021/file/be315e7f05e9f13629031915fe87ad44-Supplemental.pdf"", ""source_section"": ""A.2"", ""target_feedback"": ""deterministic mu_K"", ""total"": 329923, ""version"": ""xu2021-original-settings-v1""}","[32310, 32310, 32310, 32310, 32310, 32310, 32310, 32310, 32310, 32310]","[1, 1, 1, 1, 1, 1, 1, 1, 1, 6814]","[0, 0, 0, 0, 0, 0, 0, 0, 0, 670077]",1.0
MovieLens-25M,gap,TS,Ours,8,1000000,10,0.4,0.020678338372985328,840142,159858,51695.845932463315,872494996,simulated,159808,injected samples,0.938212,1.0,98065,6860.333333333333,"[0, 0, 0, 0, 0, 0, 0, 0, 0, 840142]","[6865, 6884, 6884, 6845, 6865, 6865, 6845, 6845, 6845, 98065]","[4.0, 5.0, 5.0, 3.0, 4.0, 4.0, 3.0, 3.0, 3.0, 0.10339169186492664]",0.100253869447742,0.020678338372985328,{},,,,,,,
MovieLens-25M,gap,TS,Direct,8,1000000,10,0.4,0.020678338372985328,854199,145801,51695.845932463315,3534767664,simulated,145751,injected samples,0.943887,1.0,89683,6229.777777777777,"[0, 0, 0, 0, 0, 0, 0, 0, 0, 854199]","[6234, 6253, 6253, 6215, 6234, 6234, 6215, 6215, 6215, 89683]","[4.0, 5.0, 5.0, 3.0, 4.0, 4.0, 3.0, 3.0, 3.0, 0.10339169186492664]",0.10522543368951705,0.020678338372985328,"{""search"": ""same grid; exact integer TS target envelope"", ""z_stages"": [[0.0, 0.9917341400779685, 4097.0, 145755.0, 434.0], [0.1048390826791407, 0.10532332786472565, 1025.0, 145751.0, 817.0], [0.1052249655614037, 0.1052259113527818, 1025.0, 145751.0, 507.0], [0.10522543291534639, 0.10522543476259517, 1025.0, 145751.0, 430.0], [0.10522543368924261, 0.10522543369285052, 1025.0, 145751.0, 78.0], [0.10522543368951391, 0.10522543368952096, 1025.0, 145751.0, 455.0]]}",,,,,,,
MovieLens-25M,gap,TS,Two-phase,8,1000000,10,0.4,0.020678338372985328,1000000,0,51695.845932463315,1423515711,simulated,155270,scheduled corrupted rounds,0.88369,0.88369,0,0.0,"[12925, 12925, 12946, 12950, 12919, 12935, 12976, 12927, 12807, 883690]","[0, 0, 0, 0, 0, 0, 0, 0, 0, 0]","[0.0, 0.0, 0.0, 0.0, 0.0, 0.0, 0.0, 0.0, 0.0, 0.0]",,,,129240,26030,"{""C1"": 129240, ""C2"": 26030, ""K"": 10, ""T"": 1000000, ""beta"": 0.8297505246489114, ""feasible"": true, ""learner"": ""TS"", ""learner_setting"": ""Beta(sum+1, N-sum+1)"", ""mu"": 0.020678338372985328, ""n1"": 11721.390988951873, ""n2"": 14126.609011048127, ""n3"": 1.2075399983463464, ""promotion_term"": 5457.795035156615, ""reason"": """", ""source"": ""https://proceedings.neurips.cc/paper_files/paper/2021/file/be315e7f05e9f13629031915fe87ad44-Supplemental.pdf"", ""source_section"": ""A.4"", ""target_feedback"": ""Bernoulli(mu_K)"", ""total"": 155270, ""version"": ""xu2021-original-settings-v1"", ""waiting_term"": 20571.576084349912}","[12919, 12923, 12943, 12948, 12916, 12933, 12976, 12926, 12806, 12950]","[6, 2, 3, 2, 3, 2, 0, 1, 1, 26010]","[0, 0, 0, 0, 0, 0, 0, 0, 0, 844730]",1.0
MovieLens-25M,gap,UCB,Ours,8,1000000,10,0.5,0.025847922966231656,902961,97039,51695.845932463315,465340854,simulated,96989,injected samples,0.954591,1.0,51625,5040.444444444444,"[0, 0, 0, 0, 0, 0, 0, 0, 0, 902961]","[5046, 5071, 5071, 5021, 5046, 5046, 5021, 5021, 5021, 51625]","[4.0, 5.0, 5.0, 3.0, 4.0, 4.0, 3.0, 3.0, 3.0, 0.12923961483115828]",0.07366809038458275,0.025847922966231656,{},,,,,,,
MovieLens-25M,gap,UCB,Direct,8,1000000,10,0.5,0.025847922966231656,907967,92033,51695.845932463315,2076001146,simulated,91983,injected samples,0.956999,1.0,49027,4772.888888888889,"[0, 0, 0, 0, 0, 0, 0, 0, 0, 907967]","[4778, 4803, 4803, 4754, 4778, 4778, 4754, 4754, 4754, 49027]","[4.0, 5.0, 5.0, 3.0, 4.0, 4.0, 3.0, 3.0, 3.0, 0.12923961483115828]",0.08145290640554155,0.025847922966231656,"{""search"": ""same grid; exact integer TS target envelope"", ""z_stages"": [[0.0, 1.005570640536064, 4097.0, 91985.0, 332.0], [0.08126071338316337, 0.08175171467248762, 1025.0, 91983.0, 401.0], [0.08145251076180567, 0.08145346974869887, 1025.0, 91983.0, 423.0], [0.08145290596929486, 0.08145290784231614, 1025.0, 91983.0, 239.0], [0.08145290640462598, 0.08145290640828422, 1025.0, 91983.0, 257.0], [0.08145290640554054, 0.08145290640554768, 1025.0, 91983.0, 145.0]]}",,,,,,,
MovieLens-25M,gap,UCB,Two-phase,8,1000000,10,0.5,0.025847922966231656,1000000,0,51695.845932463315,2214588660,simulated,212277,scheduled corrupted rounds,0.81388,0.81388,0,0.0,"[20680, 20680, 20680, 20680, 20680, 20680, 20680, 20680, 20680, 813880]","[0, 0, 0, 0, 0, 0, 0, 0, 0, 0]","[0.0, 0.0, 0.0, 0.0, 0.0, 0.0, 0.0, 0.0, 0.0, 0.0]",,,,206790,5487,"{""C1"": 206790, ""C2"": 5487, ""K"": 10, ""T"": 1000000, ""feasible"": true, ""learner"": ""UCB"", ""learner_setting"": ""mean + sqrt(log(T)/N)"", ""mu"": 0.025847922966231656, ""reason"": """", ""source"": ""https://proceedings.neurips.cc/paper_files/paper/2021/file/be315e7f05e9f13629031915fe87ad44-Supplemental.pdf"", ""source_section"": ""A.2"", ""target_feedback"": ""deterministic mu_K"", ""total"": 212277, ""version"": ""xu2021-original-settings-v1""}","[20679, 20679, 20679, 20679, 20679, 20679, 20679, 20679, 20679, 20679]","[1, 1, 1, 1, 1, 1, 1, 1, 1, 5478]","[0, 0, 0, 0, 0, 0, 0, 0, 0, 787723]",1.0
MovieLens-25M,gap,TS,Ours,8,1000000,10,0.5,0.025847922966231656,845918,154082,51695.845932463315,1191364102,simulated,154032,injected samples,0.938417,1.0,92494,6837.555555555556,"[0, 0, 0, 0, 0, 0, 0, 0, 0, 845918]","[6842, 6862, 6862, 6822, 6842, 6842, 6822, 6822, 6822, 92494]","[4.0, 5.0, 5.0, 3.0, 4.0, 4.0, 3.0, 3.0, 3.0, 0.12923961483115828]",0.10041779216608973,0.025847922966231656,{},,,,,,,
MovieLens-25M,gap,TS,Direct,8,1000000,10,0.5,0.025847922966231656,858732,141268,51695.845932463315,1065355911,simulated,141218,injected samples,0.943887,1.0,85150,6229.777777777777,"[0, 0, 0, 0, 0, 0, 0, 0, 0, 858732]","[6234, 6253, 6253, 6215, 6234, 6234, 6215, 6215, 6215, 85150]","[4.0, 5.0, 5.0, 3.0, 4.0, 4.0, 3.0, 3.0, 3.0, 0.12923961483115828]",0.10522543368951705,0.025847922966231656,"{""search"": ""same grid; exact integer TS target envelope"", ""z_stages"": [[0.0, 0.9917341659270805, 4097.0, 141222.0, 434.0], [0.10483908541172507, 0.10532333060993165, 1025.0, 141218.0, 817.0], [0.10522496830404594, 0.1052259140954487, 1025.0, 141218.0, 504.0], [0.10522543288712757, 0.1052254347343764, 1025.0, 141218.0, 445.0], [0.10522543368808313, 0.10522543369169103, 1025.0, 141218.0, 407.0], [0.1052254336895136, 0.10522543368952066, 1025.0, 141218.0, 499.0]]}",,,,,,,
MovieLens-25M,gap,TS,Two-phase,8,1000000,10,0.5,0.025847922966231656,1000000,0,51695.845932463315,798338228,simulated,114345,scheduled corrupted rounds,0.925564,0.925564,0,0.0,"[8288, 8250, 8259, 8259, 8277, 8271, 8237, 8285, 8310, 925564]","[0, 0, 0, 0, 0, 0, 0, 0, 0, 0]","[0.0, 0.0, 0.0, 0.0, 0.0, 0.0, 0.0, 0.0, 0.0, 0.0]",,,,82714,31631,"{""C1"": 82714, ""C2"": 31631, ""K"": 10, ""T"": 1000000, ""beta"": 0.7916312468634676, ""feasible"": true, ""learner"": ""TS"", ""learner_setting"": ""Beta(sum+1, N-sum+1)"", ""mu"": 0.025847922966231656, ""n1"": 7309.3104648547105, ""n2"": 9233.48953514529, ""n3"": 1.2656864558243412, ""promotion_term"": 4389.427791888336, ""reason"": """", ""source"": ""https://proceedings.neurips.cc/paper_files/paper/2021/file/be315e7f05e9f13629031915fe87ad44-Supplemental.pdf"", ""source_section"": ""A.4"", ""target_feedback"": ""Bernoulli(mu_K)"", ""total"": 114345, ""version"": ""xu2021-original-settings-v1"", ""waiting_term"": 27241.08315291435}","[8288, 8250, 8259, 8258, 8277, 8270, 8237, 8285, 8310, 8280]","[0, 0, 0, 1, 0, 1, 0, 0, 0, 31629]","[0, 0, 0, 0, 0, 0, 0, 0, 0, 885655]",1.0
MovieLens-25M,gap,UCB,Ours,8,1000000,10,0.75,0.03877188444934749,916915,83085,51695.845932463315,332814058,simulated,83035,injected samples,0.954969,1.0,38049,4998.444444444444,"[0, 0, 0, 0, 0, 0, 0, 0, 0, 916915]","[5004, 5029, 5029, 4979, 5004, 5004, 4979, 4979, 4979, 38049]","[4.0, 5.0, 5.0, 3.0, 4.0, 4.0, 3.0, 3.0, 3.0, 0.19385942224673744]",0.07400351597296692,0.03877188444934749,{},,,,,,,
MovieLens-25M,gap,UCB,Direct,8,1000000,10,0.75,0.03877188444934749,920175,79825,51695.845932463315,3848383142,simulated,79775,injected samples,0.957026,1.0,36846,4769.888888888889,"[0, 0, 0, 0, 0, 0, 0, 0, 0, 920175]","[4775, 4800, 4800, 4751, 4775, 4775, 4751, 4751, 4751, 36846]","[4.0, 5.0, 5.0, 3.0, 4.0, 4.0, 3.0, 3.0, 3.0, 0.19385942224673744]",0.08147872540863851,0.03877188444934749,"{""search"": ""same grid; exact integer TS target envelope"", ""z_stages"": [[0.0, 1.005570705158844, 4097.0, 79777.0, 332.0], [0.08126071860536557, 0.08175171992624392, 1025.0, 79775.0, 455.0], [0.08147840864411438, 0.08147936763106921, 1025.0, 79775.0, 339.0], [0.08147872518473033, 0.08147872705775172, 1025.0, 79775.0, 123.0], [0.08147872540788327, 0.08147872541154151, 1025.0, 79775.0, 212.0], [0.08147872540863707, 0.08147872540864422, 1025.0, 79775.0, 206.0]]}",,,,,,,
MovieLens-25M,gap,UCB,Two-phase,8,1000000,10,0.75,0.03877188444934749,1000000,0,51695.845932463315,2148348638,simulated,95618,scheduled corrupted rounds,0.917272,0.917272,0,0.0,"[9192, 9192, 9192, 9192, 9192, 9192, 9192, 9192, 9192, 917272]","[0, 0, 0, 0, 0, 0, 0, 0, 0, 0]","[0.0, 0.0, 0.0, 0.0, 0.0, 0.0, 0.0, 0.0, 0.0, 0.0]",,,,91910,3708,"{""C1"": 91910, ""C2"": 3708, ""K"": 10, ""T"": 1000000, ""feasible"": true, ""learner"": ""UCB"", ""learner_setting"": ""mean + sqrt(log(T)/N)"", ""mu"": 0.03877188444934749, ""reason"": """", ""source"": ""https://proceedings.neurips.cc/paper_files/paper/2021/file/be315e7f05e9f13629031915fe87ad44-Supplemental.pdf"", ""source_section"": ""A.2"", ""target_feedback"": ""deterministic mu_K"", ""total"": 95618, ""version"": ""xu2021-original-settings-v1""}","[9191, 9191, 9191, 9191, 9191, 9191, 9191, 9191, 9191, 9191]","[1, 1, 1, 1, 1, 1, 1, 1, 1, 3699]","[0, 0, 0, 0, 0, 0, 0, 0, 0, 904382]",1.0
MovieLens-25M,gap,TS,Ours,8,1000000,10,0.75,0.03877188444934749,860349,139651,51695.845932463315,1681082025,simulated,139601,injected samples,0.938917,1.0,78563,6782.0,"[0, 0, 0, 0, 0, 0, 0, 0, 0, 860349]","[6786, 6806, 6806, 6767, 6786, 6786, 6767, 6767, 6767, 78563]","[4.0, 5.0, 5.0, 3.0, 4.0, 4.0, 3.0, 3.0, 3.0, 0.19385942224673744]",0.10083252290188138,0.03877188444934749,{},,,,,,,
MovieLens-25M,gap,TS,Direct,8,1000000,10,0.75,0.03877188444934749,870277,129723,51695.845932463315,338678412,simulated,129673,injected samples,0.943617,1.0,73335,6259.777777777777,"[0, 0, 0, 0, 0, 0, 0, 0, 0, 870277]","[6264, 6283, 6283, 6245, 6264, 6264, 6245, 6245, 6245, 73335]","[4.0, 5.0, 5.0, 3.0, 4.0, 4.0, 3.0, 3.0, 3.0, 0.19385942224673744]",0.10497143270604688,0.03877188444934749,"{""search"": ""same grid; exact integer TS target envelope"", ""z_stages"": [[0.0, 0.9917342305498605, 4097.0, 129676.0, 434.0], [0.10483909224318594, 0.10532333747294662, 1025.0, 129673.0, 280.0], [0.10497103015246644, 0.10497197594393082, 1025.0, 129673.0, 436.0], [0.1049714319291139, 0.10497143377636285, 1025.0, 129673.0, 431.0], [0.10497143270481414, 0.10497143270842205, 1025.0, 129673.0, 350.0], [0.10497143270604378, 0.10497143270605083, 1025.0, 129673.0, 449.0]]}",,,,,,,
MovieLens-25M,gap,TS,Two-phase,8,1000000,10,0.75,0.03877188444934749,1000000,0,51695.845932463315,2632149178,simulated,96319,scheduled corrupted rounds,0.966919,0.966919,0,0.0,"[3684, 3706, 3651, 3682, 3664, 3654, 3663, 3662, 3715, 966919]","[0, 0, 0, 0, 0, 0, 0, 0, 0, 0]","[0.0, 0.0, 0.0, 0.0, 0.0, 0.0, 0.0, 0.0, 0.0, 0.0]",,,,36762,59557,"{""C1"": 36762, ""C2"": 59557, ""K"": 10, ""T"": 1000000, ""beta"": 0.7029612790013512, ""feasible"": true, ""learner"": ""TS"", ""learner_setting"": ""Beta(sum+1, N-sum+1)"", ""mu"": 0.03877188444934749, ""n1"": 3034.8050379860897, ""n2"": 4317.59496201391, ""n3"": 1.4253373223996604, ""promotion_term"": 2965.6477855111257, ""reason"": """", ""source"": ""https://proceedings.neurips.cc/paper_files/paper/2021/file/be315e7f05e9f13629031915fe87ad44-Supplemental.pdf"", ""source_section"": ""A.4"", ""target_feedback"": ""Bernoulli(mu_K)"", ""total"": 96319, ""version"": ""xu2021-original-settings-v1"", ""waiting_term"": 56590.68151852219}","[3682, 3706, 3648, 3682, 3664, 3654, 3662, 3661, 3714, 3689]","[2, 0, 3, 0, 0, 0, 1, 1, 1, 59549]","[0, 0, 0, 0, 0, 0, 0, 0, 0, 903681]",1.0
MovieLens-25M,gap,UCB,Ours,8,1000000,10,1.0,0.05169584593246331,930872,69128,51695.845932463315,1738165352,simulated,69078,injected samples,0.955347,1.0,24470,4956.444444444444,"[0, 0, 0, 0, 0, 0, 0, 0, 0, 930872]","[4962, 4987, 4987, 4937, 4962, 4962, 4937, 4937, 4937, 24470]","[4.0, 5.0, 5.0, 3.0, 4.0, 4.0, 3.0, 3.0, 3.0, 0.25847922966231657]",0.07434484632480332,0.05169584593246331,{},,,,,,,
MovieLens-25M,gap,UCB,Direct,8,1000000,10,1.0,0.05169584593246331,932716,67284,51695.845932463315,1402720748,simulated,67234,injected samples,0.957118,1.0,24397,4759.666666666667,"[0, 0, 0, 0, 0, 0, 0, 0, 0, 932716]","[4765, 4789, 4789, 4741, 4765, 4765, 4741, 4741, 4741, 24397]","[4.0, 5.0, 5.0, 3.0, 4.0, 4.0, 3.0, 3.0, 3.0, 0.25847922966231657]",0.08156703964597775,0.05169584593246331,"{""search"": ""same grid; exact integer TS target envelope"", ""z_stages"": [[0.0, 1.005570769781624, 4097.0, 67236.0, 332.0], [0.08126072382756777, 0.08175172518000019, 1025.0, 67234.0, 639.0], [0.08156664068582156, 0.08156759967283804, 1025.0, 67234.0, 427.0], [0.08156703963940459, 0.08156704151242611, 1025.0, 67234.0, 4.0], [0.08156703964489197, 0.08156703964855021, 1025.0, 67234.0, 304.0], [0.08156703964597443, 0.08156703964598158, 1025.0, 67234.0, 475.0]]}",,,,,,,
MovieLens-25M,gap,UCB,Two-phase,8,1000000,10,1.0,0.05169584593246331,1000000,0,51695.845932463315,2627999623,simulated,54519,scheduled corrupted rounds,0.953461,0.953461,0,0.0,"[5171, 5171, 5171, 5171, 5171, 5171, 5171, 5171, 5171, 953461]","[0, 0, 0, 0, 0, 0, 0, 0, 0, 0]","[0.0, 0.0, 0.0, 0.0, 0.0, 0.0, 0.0, 0.0, 0.0, 0.0]",,,,51700,2819,"{""C1"": 51700, ""C2"": 2819, ""K"": 10, ""T"": 1000000, ""feasible"": true, ""learner"": ""UCB"", ""learner_setting"": ""mean + sqrt(log(T)/N)"", ""mu"": 0.05169584593246331, ""reason"": """", ""source"": ""https://proceedings.neurips.cc/paper_files/paper/2021/file/be315e7f05e9f13629031915fe87ad44-Supplemental.pdf"", ""source_section"": ""A.2"", ""target_feedback"": ""deterministic mu_K"", ""total"": 54519, ""version"": ""xu2021-original-settings-v1""}","[5170, 5170, 5170, 5170, 5170, 5170, 5170, 5170, 5170, 5170]","[1, 1, 1, 1, 1, 1, 1, 1, 1, 2810]","[0, 0, 0, 0, 0, 0, 0, 0, 0, 945481]",1.0
MovieLens-25M,gap,TS,Ours,8,1000000,10,1.0,0.05169584593246331,874789,125211,51695.845932463315,3075745984,simulated,125161,injected samples,0.939421,1.0,64627,6726.0,"[0, 0, 0, 0, 0, 0, 0, 0, 0, 874789]","[6730, 6750, 6750, 6711, 6730, 6730, 6711, 6711, 6711, 64627]","[4.0, 5.0, 5.0, 3.0, 4.0, 4.0, 3.0, 3.0, 3.0, 0.25847922966231657]",0.10125445997288857,0.05169584593246331,{},,,,,,,
MovieLens-25M,gap,TS,Direct,8,1000000,10,1.0,0.05169584593246331,882138,117862,51695.845932463315,1762024472,simulated,117812,injected samples,0.943671,1.0,61528,6253.777777777777,"[0, 0, 0, 0, 0, 0, 0, 0, 0, 882138]","[6258, 6277, 6277, 6239, 6258, 6258, 6239, 6239, 6239, 61528]","[4.0, 5.0, 5.0, 3.0, 4.0, 4.0, 3.0, 3.0, 3.0, 0.25847922966231657]",0.1050220859776921,0.05169584593246331,"{""search"": ""same grid; exact integer TS target envelope"", ""z_stages"": [[0.0, 0.9917342951726407, 4097.0, 117816.0, 433.0], [0.10459697644398945, 0.1050812217053042, 1025.0, 117812.0, 899.0], [0.10502163683916586, 0.10502258263069188, 1025.0, 117812.0, 487.0], [0.10502208572069091, 0.10502208756793997, 1025.0, 117812.0, 143.0], [0.1050220859768524, 0.10502208598046031, 1025.0, 117812.0, 239.0], [0.10502208597769096, 0.10502208597769801, 1025.0, 117812.0, 165.0]]}",,,,,,,
MovieLens-25M,gap,TS,Two-phase,8,1000000,10,1.0,0.05169584593246331,1000000,0,51695.845932463315,3921431221,simulated,146125,scheduled corrupted rounds,0.981376,0.981376,0,0.0,"[2045, 2072, 2052, 2057, 2103, 2038, 2088, 2056, 2113, 981376]","[0, 0, 0, 0, 0, 0, 0, 0, 0, 0]","[0.0, 0.0, 0.0, 0.0, 0.0, 0.0, 0.0, 0.0, 0.0, 0.0]",,,,20679,125446,"{""C1"": 20679, ""C2"": 125446, ""K"": 10, ""T"": 1000000, ""beta"": 0.6226981130941249, ""feasible"": true, ""learner"": ""TS"", ""learner_setting"": ""Beta(sum+1, N-sum+1)"", ""mu"": 0.05169584593246331, ""n1"": 1586.8494167025717, ""n2"": 2548.9505832974282, ""n3"": 1.6090573041626903, ""promotion_term"": 2254.589718819844, ""reason"": """", ""source"": ""https://proceedings.neurips.cc/paper_files/paper/2021/file/be315e7f05e9f13629031915fe87ad44-Supplemental.pdf"", ""source_section"": ""A.4"", ""target_feedback"": ""Bernoulli(mu_K)"", ""total"": 146125, ""version"": ""xu2021-original-settings-v1"", ""waiting_term"": 123191.31273692497}","[2040, 2071, 2048, 2057, 2102, 2032, 2087, 2056, 2109, 2077]","[5, 1, 4, 0, 1, 6, 1, 0, 4, 125424]","[0, 0, 0, 0, 0, 0, 0, 0, 0, 853875]",1.0
MovieLens-25M,gap,UCB,Ours,8,1000000,10,1.5,0.07754376889869498,958679,41321,51695.845932463315,2930674485,simulated,41271,injected samples,0.958686,1.0,2,4585.444444444444,"[0, 0, 0, 0, 0, 0, 0, 0, 0, 958679]","[4591, 4614, 4614, 4567, 4591, 4591, 4567, 4567, 4567, 2]","[4.0, 5.0, 5.0, 3.0, 4.0, 4.0, 3.0, 3.0, 3.0, 0.3877188444934749]",0.07754376889869508,0.07754376889869498,{},,,,,,,
MovieLens-25M,gap,UCB,Direct,8,1000000,10,1.5,0.07754376889869498,958801,41199,51695.845932463315,1309856124,simulated,41149,injected samples,0.95881,1.0,4,4571.666666666667,"[0, 0, 0, 0, 0, 0, 0, 0, 0, 958801]","[4577, 4601, 4601, 4553, 4577, 4577, 4553, 4553, 4553, 4]","[4.0, 5.0, 5.0, 3.0, 4.0, 4.0, 3.0, 3.0, 3.0, 0.3877188444934749]",0.08324059635136968,0.07754376889869498,"{""search"": ""same grid; exact integer TS target envelope"", ""z_stages"": [[0.0, 1.005570899027184, 4097.0, 41163.0, 339.0], [0.08297923922636431, 0.08347024064190493, 1025.0, 41149.0, 546.0], [0.08324056322194014, 0.08324152220907986, 1025.0, 41149.0, 36.0], [0.0832405959998209, 0.08324059787284264, 1025.0, 41149.0, 193.0], [0.08324059635101247, 0.08324059635467072, 1025.0, 41149.0, 100.0], [0.08324059635136614, 0.08324059635137329, 1025.0, 41149.0, 507.0]]}",,,,,,,
MovieLens-25M,gap,UCB,Two-phase,8,1000000,10,1.5,0.07754376889869498,1000000,0,51695.845932463315,2433515593,simulated,24912,scheduled corrupted rounds,0.979309,0.979309,0,0.0,"[2299, 2299, 2299, 2299, 2299, 2299, 2299, 2299, 2299, 979309]","[0, 0, 0, 0, 0, 0, 0, 0, 0, 0]","[0.0, 0.0, 0.0, 0.0, 0.0, 0.0, 0.0, 0.0, 0.0, 0.0]",,,,22980,1932,"{""C1"": 22980, ""C2"": 1932, ""K"": 10, ""T"": 1000000, ""feasible"": true, ""learner"": ""UCB"", ""learner_setting"": ""mean + sqrt(log(T)/N)"", ""mu"": 0.07754376889869498, ""reason"": """", ""source"": ""https://proceedings.neurips.cc/paper_files/paper/2021/file/be315e7f05e9f13629031915fe87ad44-Supplemental.pdf"", ""source_section"": ""A.2"", ""target_feedback"": ""deterministic mu_K"", ""total"": 24912, ""version"": ""xu2021-original-settings-v1""}","[2298, 2298, 2298, 2298, 2298, 2298, 2298, 2298, 2298, 2298]","[1, 1, 1, 1, 1, 1, 1, 1, 1, 1923]","[0, 0, 0, 0, 0, 0, 0, 0, 0, 975088]",1.0
MovieLens-25M,gap,TS,Ours,8,1000000,10,1.5,0.07754376889869498,903691,96309,51695.845932463315,3930657171,simulated,96259,injected samples,0.940438,1.0,36742,6613.0,"[0, 0, 0, 0, 0, 0, 0, 0, 0, 903691]","[6617, 6637, 6637, 6598, 6617, 6617, 6598, 6598, 6598, 36742]","[4.0, 5.0, 5.0, 3.0, 4.0, 4.0, 3.0, 3.0, 3.0, 0.3877188444934749]",0.10212086939929621,0.07754376889869498,{},,,,,,,
MovieLens-25M,gap,TS,Direct,8,1000000,10,1.5,0.07754376889869498,906856,93144,51695.845932463315,1005834347,simulated,93094,injected samples,0.943608,1.0,36747,6260.777777777777,"[0, 0, 0, 0, 0, 0, 0, 0, 0, 906856]","[6265, 6284, 6284, 6246, 6265, 6265, 6246, 6246, 6246, 36747]","[4.0, 5.0, 5.0, 3.0, 4.0, 4.0, 3.0, 3.0, 3.0, 0.3877188444934749]",0.10496299760670046,0.07754376889869498,"{""search"": ""same grid; exact integer TS target envelope"", ""z_stages"": [[0.0, 0.9917344244182007, 4097.0, 93098.0, 433.0], [0.10459699007535711, 0.10508123539978005, 1025.0, 93094.0, 774.0], [0.10496253854779747, 0.10496348433944674, 1025.0, 93094.0, 498.0], [0.10496299758925225, 0.10496299943650156, 1025.0, 93094.0, 10.0], [0.10496299760548784, 0.10496299760909575, 1025.0, 93094.0, 345.0], [0.10496299760669987, 0.10496299760670692, 1025.0, 93094.0, 84.0]]}",,,,,,,
MovieLens-25M,gap,TS,Two-phase,8,1000000,10,1.5,0.07754376889869498,1000000,0,51695.845932463315,1537555822,simulated,705094,scheduled corrupted rounds,0.991705,0.991705,0,0.0,"[919, 909, 932, 934, 929, 927, 915, 905, 925, 991705]","[0, 0, 0, 0, 0, 0, 0, 0, 0, 0]","[0.0, 0.0, 0.0, 0.0, 0.0, 0.0, 0.0, 0.0, 0.0, 0.0]",,,,9191,695903,"{""C1"": 9191, ""C2"": 695903, ""K"": 10, ""T"": 1000000, ""beta"": 0.483068019263162, ""feasible"": true, ""learner"": ""TS"", ""learner_setting"": ""Beta(sum+1, N-sum+1)"", ""mu"": 0.07754376889869498, ""n1"": 598.3937954981504, ""n2"": 1239.8062045018496, ""n3"": 2.0741529292101375, ""promotion_term"": 1545.232729572479, ""reason"": """", ""source"": ""https://proceedings.neurips.cc/paper_files/paper/2021/file/be315e7f05e9f13629031915fe87ad44-Supplemental.pdf"", ""source_section"": ""A.4"", ""target_feedback"": ""Bernoulli(mu_K)"", ""total"": 705094, ""version"": ""xu2021-original-settings-v1"", ""waiting_term"": 694356.9110103906}","[917, 905, 928, 931, 927, 919, 913, 903, 919, 929]","[2, 4, 4, 3, 2, 8, 2, 2, 6, 695870]","[0, 0, 0, 0, 0, 0, 0, 0, 0, 294906]",1.0
MovieLens-25M,gap,UCB,Ours,8,1000000,10,2.0,0.10339169186492662,975810,24190,51695.845932463315,1471498714,simulated,24140,injected samples,0.975817,1.0,2,2682.0,"[0, 0, 0, 0, 0, 0, 0, 0, 0, 975810]","[2686, 2704, 2704, 2668, 2686, 2686, 2668, 2668, 2668, 2]","[4.0, 5.0, 5.0, 3.0, 4.0, 4.0, 3.0, 3.0, 3.0, 0.5169584593246331]",0.10339169186492664,0.10339169186492662,{},,,,,,,
MovieLens-25M,gap,UCB,Direct,8,1000000,10,2.0,0.10339169186492662,975839,24161,51695.845932463315,4054575769,simulated,24111,injected samples,0.975844,1.0,0,2679.0,"[0, 0, 0, 0, 0, 0, 0, 0, 0, 975839]","[2683, 2701, 2701, 2665, 2683, 2683, 2665, 2665, 2665, 0]","[4.0, 5.0, 5.0, 3.0, 4.0, 4.0, 3.0, 3.0, 3.0, 0.5169584593246331]",0.10902702506316632,0.10339169186492662,"{""search"": ""same grid; exact integer TS target envelope"", ""z_stages"": [[0.0, 1.0055710282727444, 4097.0, 24129.0, 444.0], [0.1087568275207094, 0.10924782899935821, 1025.0, 24111.0, 564.0], [0.10902678243523996, 0.10902774142250293, 1025.0, 24111.0, 260.0], [0.1090270249915887, 0.1090270268646107, 1025.0, 24111.0, 40.0], [0.1090270250629245, 0.10902702506658274, 1025.0, 24111.0, 68.0], [0.10902702506316386, 0.109027025063171, 1025.0, 24111.0, 352.0]]}",,,,,,,
MovieLens-25M,gap,UCB,Two-phase,8,1000000,10,2.0,0.10339169186492662,1000000,0,51695.845932463315,1627991399,simulated,14422,scheduled corrupted rounds,0.988354,0.988354,0,0.0,"[1294, 1294, 1294, 1294, 1294, 1294, 1294, 1294, 1294, 988354]","[0, 0, 0, 0, 0, 0, 0, 0, 0, 0]","[0.0, 0.0, 0.0, 0.0, 0.0, 0.0, 0.0, 0.0, 0.0, 0.0]",,,,12930,1492,"{""C1"": 12930, ""C2"": 1492, ""K"": 10, ""T"": 1000000, ""feasible"": true, ""learner"": ""UCB"", ""learner_setting"": ""mean + sqrt(log(T)/N)"", ""mu"": 0.10339169186492662, ""reason"": """", ""source"": ""https://proceedings.neurips.cc/paper_files/paper/2021/file/be315e7f05e9f13629031915fe87ad44-Supplemental.pdf"", ""source_section"": ""A.2"", ""target_feedback"": ""deterministic mu_K"", ""total"": 14422, ""version"": ""xu2021-original-settings-v1""}","[1293, 1293, 1293, 1293, 1293, 1293, 1293, 1293, 1293, 1293]","[1, 1, 1, 1, 1, 1, 1, 1, 1, 1483]","[0, 0, 0, 0, 0, 0, 0, 0, 0, 985578]",1.0
MovieLens-25M,gap,TS,Ours,8,1000000,10,2.0,0.10339169186492662,932625,67375,51695.845932463315,2566685787,simulated,67325,injected samples,0.941466,1.0,8836,6498.777777777777,"[0, 0, 0, 0, 0, 0, 0, 0, 0, 932625]","[6503, 6522, 6522, 6484, 6503, 6503, 6484, 6484, 6484, 8836]","[4.0, 5.0, 5.0, 3.0, 4.0, 4.0, 3.0, 3.0, 3.0, 0.5169584593246331]",0.10301894473869946,0.10339169186492662,{},,,,,,,
MovieLens-25M,gap,TS,Direct,8,1000000,10,2.0,0.10339169186492662,933000,67000,51695.845932463315,129008827,simulated,66950,injected samples,0.943743,1.0,10738,6245.777777777777,"[0, 0, 0, 0, 0, 0, 0, 0, 0, 933000]","[6250, 6269, 6269, 6231, 6250, 6250, 6231, 6231, 6231, 10738]","[4.0, 5.0, 5.0, 3.0, 4.0, 4.0, 3.0, 3.0, 3.0, 0.5169584593246331]",0.10508973770334061,0.10339169186492662,"{""search"": ""same grid; exact integer TS target envelope"", ""z_stages"": [[0.0, 0.9917345536637608, 4097.0, 66954.0, 434.0], [0.10483912640049034, 0.10532337178802148, 1025.0, 66950.0, 530.0], [0.10508928832432235, 0.10509023411609486, 1025.0, 66950.0, 487.0], [0.10508973720596439, 0.10508973905321393, 1025.0, 66950.0, 276.0], [0.1050897377020519, 0.10508973770565982, 1025.0, 66950.0, 366.0], [0.10508973770333793, 0.10508973770334498, 1025.0, 66950.0, 389.0]]}",,,,,,,
MovieLens-25M,gap,TS,Two-phase,8,1000000,10,2.0,0.10339169186492662,1000000,0,51695.845932463315,4060590977,infeasible,5343203,scheduled corrupted rounds,,,0,0.0,,"[0, 0, 0, 0, 0, 0, 0, 0, 0, 0]","[0.0, 0.0, 0.0, 0.0, 0.0, 0.0, 0.0, 0.0, 0.0, 0.0]",,,,5170,5338033,"{""C1"": 5170, ""C2"": 5338033, ""K"": 10, ""T"": 1000000, ""beta"": 0.36579764504492285, ""feasible"": false, ""learner"": ""TS"", ""learner_setting"": ""Beta(sum+1, N-sum+1)"", ""mu"": 0.10339169186492662, ""n1"": 276.46889273196496, ""n2"": 757.5311072680349, ""n3"": 2.739101688419504, ""promotion_term"": 1192.3490828531187, ""reason"": ""original budget reaches/exceeds T"", ""source"": ""https://proceedings.neurips.cc/paper_files/paper/2021/file/be315e7f05e9f13629031915fe87ad44-Supplemental.pdf"", ""source_section"": ""A.4"", ""target_feedback"": ""Bernoulli(mu_K)"", ""total"": 5343203, ""version"": ""xu2021-original-settings-v1"", ""waiting_term"": 5336840.012372333}",,,,
MovieLens-25M,gap,UCB,Ours,8,1000000,10,3.0,0.15508753779738996,988732,11268,51695.845932463315,227567755,simulated,11218,injected samples,0.988738,1.0,1,1246.3333333333333,"[0, 0, 0, 0, 0, 0, 0, 0, 0, 988732]","[1249, 1261, 1261, 1237, 1249, 1249, 1237, 1237, 1237, 1]","[4.0, 5.0, 5.0, 3.0, 4.0, 4.0, 3.0, 3.0, 3.0, 0.7754376889869498]",0.15508753779738996,0.15508753779738996,{},,,,,,,
MovieLens-25M,gap,UCB,Direct,8,1000000,10,3.0,0.15508753779738996,988737,11263,51695.845932463315,4203405094,simulated,11213,injected samples,0.988742,1.0,0,1245.888888888889,"[0, 0, 0, 0, 0, 0, 0, 0, 0, 988737]","[1249, 1261, 1261, 1236, 1249, 1249, 1236, 1236, 1236, 0]","[4.0, 5.0, 5.0, 3.0, 4.0, 4.0, 3.0, 3.0, 3.0, 0.7754376889869498]",0.16068384687588622,0.15508753779738996,"{""search"": ""same grid; exact integer TS target envelope"", ""z_stages"": [[0.0, 1.0055712867638646, 4097.0, 11231.0, 654.0], [0.16031202398847744, 0.1608030255933426, 1025.0, 11213.0, 776.0], [0.16068363164840957, 0.16068459063591908, 1025.0, 11213.0, 230.0], [0.16068384610948347, 0.16068384798250596, 1025.0, 11213.0, 419.0], [0.1606838468740571, 0.16068384687771534, 1025.0, 11213.0, 512.0], [0.16068384687588264, 0.1606838468758898, 1025.0, 11213.0, 511.0]]}",,,,,,,
MovieLens-25M,gap,UCB,Two-phase,8,1000000,10,3.0,0.15508753779738996,1000000,0,51695.845932463315,800384076,simulated,6806,scheduled corrupted rounds,0.994816,0.994816,0,0.0,"[576, 576, 576, 576, 576, 576, 576, 576, 576, 994816]","[0, 0, 0, 0, 0, 0, 0, 0, 0, 0]","[0.0, 0.0, 0.0, 0.0, 0.0, 0.0, 0.0, 0.0, 0.0, 0.0]",,,,5750,1056,"{""C1"": 5750, ""C2"": 1056, ""K"": 10, ""T"": 1000000, ""feasible"": true, ""learner"": ""UCB"", ""learner_setting"": ""mean + sqrt(log(T)/N)"", ""mu"": 0.15508753779738996, ""reason"": """", ""source"": ""https://proceedings.neurips.cc/paper_files/paper/2021/file/be315e7f05e9f13629031915fe87ad44-Supplemental.pdf"", ""source_section"": ""A.2"", ""target_feedback"": ""deterministic mu_K"", ""total"": 6806, ""version"": ""xu2021-original-settings-v1""}","[575, 575, 575, 575, 575, 575, 575, 575, 575, 575]","[1, 1, 1, 1, 1, 1, 1, 1, 1, 1047]","[0, 0, 0, 0, 0, 0, 0, 0, 0, 993194]",1.0
MovieLens-25M,gap,TS,Ours,8,1000000,10,3.0,0.15508753779738996,968644,31356,51695.845932463315,573710621,simulated,31306,injected samples,0.971433,1.0,2784,3169.1111111111113,"[0, 0, 0, 0, 0, 0, 0, 0, 0, 968644]","[3172, 3185, 3185, 3159, 3172, 3172, 3159, 3159, 3159, 2784]","[4.0, 5.0, 5.0, 3.0, 4.0, 4.0, 3.0, 3.0, 3.0, 0.7754376889869498]",0.1478298016680592,0.15508753779738996,{},,,,,,,
MovieLens-25M,gap,TS,Direct,8,1000000,10,3.0,0.15508753779738996,968822,31178,51695.845932463315,2987996679,simulated,31128,injected samples,0.971374,1.0,2547,3175.6666666666665,"[0, 0, 0, 0, 0, 0, 0, 0, 0, 968822]","[3179, 3192, 3192, 3165, 3179, 3179, 3165, 3165, 3165, 2547]","[4.0, 5.0, 5.0, 3.0, 4.0, 4.0, 3.0, 3.0, 3.0, 0.7754376889869498]",0.14766696114437936,0.15508753779738996,"{""search"": ""same grid; exact integer TS target envelope"", ""z_stages"": [[0.0, 0.9917348121548812, 4097.0, 31130.0, 610.0], [0.14745275893611393, 0.14793700444986144, 1025.0, 31128.0, 453.0], [0.14766650793241654, 0.14766745372443557, 1025.0, 31128.0, 491.0], [0.14766696050867564, 0.1476669623559257, 1025.0, 31128.0, 353.0], [0.14766696114366784, 0.14766696114727576, 1025.0, 31128.0, 202.0], [0.14766696114437602, 0.14766696114438307, 1025.0, 31128.0, 482.0]]}",,,,,,,
MovieLens-25M,gap,TS,Two-phase,8,1000000,10,3.0,0.15508753779738996,1000000,0,51695.845932463315,142970533,infeasible,1713501677,scheduled corrupted rounds,,,0,0.0,,"[0, 0, 0, 0, 0, 0, 0, 0, 0, 0]","[0.0, 0.0, 0.0, 0.0, 0.0, 0.0, 0.0, 0.0, 0.0, 0.0]",,,,2298,1713499379,"{""C1"": 2298, ""C2"": 1713499379, ""K"": 10, ""T"": 1000000, ""beta"": 0.1800742558144034, ""feasible"": false, ""learner"": ""TS"", ""learner_setting"": ""Beta(sum+1, N-sum+1)"", ""mu"": 0.15508753779738996, ""n1"": 69.4381746100914, ""n2"": 390.1618253899086, ""n3"": 5.564132100010513, ""promotion_term"": 843.6167716814657, ""reason"": ""original budget reaches/exceeds T"", ""source"": ""https://proceedings.neurips.cc/paper_files/paper/2021/file/be315e7f05e9f13629031915fe87ad44-Supplemental.pdf"", ""source_section"": ""A.4"", ""target_feedback"": ""Bernoulli(mu_K)"", ""total"": 1713501677, ""version"": ""xu2021-original-settings-v1"", ""waiting_term"": 1713498534.950569}",,,,
MovieLens-25M,gap,UCB,Ours,8,1000000,10,4.0,0.20678338372985325,993469,6531,51695.845932463315,3508563316,simulated,6481,injected samples,0.993475,1.0,1,720.0,"[0, 0, 0, 0, 0, 0, 0, 0, 0, 993469]","[722, 731, 731, 713, 722, 722, 713, 713, 713, 1]","[4.0, 5.0, 5.0, 3.0, 4.0, 4.0, 3.0, 3.0, 3.0, 1.0339169186492663]",0.20678338372985325,0.20678338372985325,{},,,,,,,
MovieLens-25M,gap,UCB,Direct,8,1000000,10,4.0,0.20678338372985325,993470,6530,51695.845932463315,2899077661,simulated,6480,injected samples,0.993475,1.0,0,720.0,"[0, 0, 0, 0, 0, 0, 0, 0, 0, 993470]","[722, 731, 731, 713, 722, 722, 713, 713, 713, 0]","[4.0, 5.0, 5.0, 3.0, 4.0, 4.0, 3.0, 3.0, 3.0, 1.0339169186492663]",0.21230483266070538,0.20678338372985325,"{""search"": ""same grid; exact integer TS target envelope"", ""z_stages"": [[0.0, 1.005571545254985, 4097.0, 6480.0, 865.0], [0.2121127478272234, 0.2126037495583049, 1025.0, 6480.0, 401.0], [0.2123045453784271, 0.21230550436618312, 1025.0, 6480.0, 307.0], [0.21230483195094013, 0.2123048338239631, 1025.0, 6480.0, 389.0], [0.21230483266064024, 0.21230483266429848, 1025.0, 6480.0, 19.0], [0.21230483266070455, 0.21230483266071168, 1025.0, 6480.0, 118.0]]}",,,,,,,
MovieLens-25M,gap,UCB,Two-phase,8,1000000,10,4.0,0.20678338372985325,1000000,0,51695.845932463315,4168028298,simulated,4085,scheduled corrupted rounds,0.997075,0.997075,0,0.0,"[325, 325, 325, 325, 325, 325, 325, 325, 325, 997075]","[0, 0, 0, 0, 0, 0, 0, 0, 0, 0]","[0.0, 0.0, 0.0, 0.0, 0.0, 0.0, 0.0, 0.0, 0.0, 0.0]",,,,3240,845,"{""C1"": 3240, ""C2"": 845, ""K"": 10, ""T"": 1000000, ""feasible"": true, ""learner"": ""UCB"", ""learner_setting"": ""mean + sqrt(log(T)/N)"", ""mu"": 0.20678338372985325, ""reason"": """", ""source"": ""https://proceedings.neurips.cc/paper_files/paper/2021/file/be315e7f05e9f13629031915fe87ad44-Supplemental.pdf"", ""source_section"": ""A.2"", ""target_feedback"": ""deterministic mu_K"", ""total"": 4085, ""version"": ""xu2021-original-settings-v1""}","[324, 324, 324, 324, 324, 324, 324, 324, 324, 324]","[1, 1, 1, 1, 1, 1, 1, 1, 1, 836]","[0, 0, 0, 0, 0, 0, 0, 0, 0, 995915]",1.0
MovieLens-25M,gap,TS,Ours,8,1000000,10,4.0,0.20678338372985325,981670,18330,51695.845932463315,4293303800,simulated,18280,injected samples,0.983568,1.0,1893,1820.7777777777778,"[0, 0, 0, 0, 0, 0, 0, 0, 0, 981670]","[1823, 1833, 1833, 1813, 1823, 1823, 1813, 1813, 1813, 1893]","[4.0, 5.0, 5.0, 3.0, 4.0, 4.0, 3.0, 3.0, 3.0, 1.0339169186492663]",0.1954140429615998,0.20678338372985325,{},,,,,,,
MovieLens-25M,gap,TS,Direct,8,1000000,10,4.0,0.20678338372985325,981890,18110,51695.845932463315,1079498927,simulated,18060,injected samples,0.98355,1.0,1655,1822.7777777777778,"[0, 0, 0, 0, 0, 0, 0, 0, 0, 981890]","[1825, 1835, 1835, 1815, 1825, 1825, 1815, 1815, 1815, 1655]","[4.0, 5.0, 5.0, 3.0, 4.0, 4.0, 3.0, 3.0, 3.0, 1.0339169186492663]",0.19529765679943972,0.20678338372985325,"{""search"": ""same grid; exact integer TS target envelope"", ""z_stages"": [[0.0, 0.9917350706460014, 4097.0, 18063.0, 807.0], [0.19515099290543875, 0.19563523854540263, 1025.0, 18060.0, 311.0], [0.1952975907065997, 0.19529853649886525, 1025.0, 18060.0, 72.0], [0.1952976562839931, 0.1952976581312436, 1025.0, 18060.0, 286.0], [0.19529765679812044, 0.19529765680172834, 1025.0, 18060.0, 375.0], [0.19529765679943817, 0.19529765679944522, 1025.0, 18060.0, 224.0]]}",,,,,,,
MovieLens-25M,gap,TS,Two-phase,8,1000000,10,4.0,0.20678338372985325,1000000,0,51695.845932463315,3818477910,infeasible,1901480593645945,scheduled corrupted rounds,,,0,0.0,,"[0, 0, 0, 0, 0, 0, 0, 0, 0, 0]","[0.0, 0.0, 0.0, 0.0, 0.0, 0.0, 0.0, 0.0, 0.0, 0.0]",,,,1293,1901480593644652,"{""C1"": 1293, ""C2"": 1901480593644652, ""K"": 10, ""T"": 1000000, ""beta"": 0.03995065173165885, ""feasible"": false, ""learner"": ""TS"", ""learner_setting"": ""Beta(sum+1, N-sum+1)"", ""mu"": 0.20678338372985325, ""n1"": 9.011186419215505, ""n2"": 249.58881358078452, ""n3"": 25.07986487660793, ""promotion_term"": 674.1435055153747, ""reason"": ""original budget reaches/exceeds T"", ""source"": ""https://proceedings.neurips.cc/paper_files/paper/2021/file/be315e7f05e9f13629031915fe87ad44-Supplemental.pdf"", ""source_section"": ""A.4"", ""target_feedback"": ""Bernoulli(mu_K)"", ""total"": 1901480593645945, ""version"": ""xu2021-original-settings-v1"", ""waiting_term"": 1901480593643977.0}",,,,
MovieLens-25M,gap,UCB,Ours,8,1000000,10,5.0,0.25847922966231657,995724,4276,51695.845932463315,974430615,simulated,4226,injected samples,0.99573,1.0,1,469.44444444444446,"[0, 0, 0, 0, 0, 0, 0, 0, 0, 995724]","[471, 478, 478, 464, 471, 471, 464, 464, 464, 1]","[4.0, 5.0, 5.0, 3.0, 4.0, 4.0, 3.0, 3.0, 3.0, 1.292396148311583]",0.25847922966231657,0.25847922966231657,{},,,,,,,
MovieLens-25M,gap,UCB,Direct,8,1000000,10,5.0,0.25847922966231657,995725,4275,51695.845932463315,1113759148,simulated,4225,injected samples,0.99573,1.0,0,469.44444444444446,"[0, 0, 0, 0, 0, 0, 0, 0, 0, 995725]","[471, 478, 478, 464, 471, 471, 464, 464, 464, 0]","[4.0, 5.0, 5.0, 3.0, 4.0, 4.0, 3.0, 3.0, 3.0, 1.292396148311583]",0.26404069038683686,0.25847922966231657,"{""search"": ""same grid; exact integer TS target envelope"", ""z_stages"": [[0.0, 1.0055718037461052, 4097.0, 4230.0, 1075.0], [0.2636679973689739, 0.2641589992262718, 1025.0, 4225.0, 778.0], [0.26404056420795874, 0.26404152319596125, 1025.0, 4225.0, 135.0], [0.2640406897005294, 0.2640406915735528, 1025.0, 4225.0, 376.0], [0.26404069038645106, 0.2640406903901093, 1025.0, 4225.0, 108.0], [0.2640406903868333, 0.26404069038684047, 1025.0, 4225.0, 505.0]]}",,,,,,,
MovieLens-25M,gap,UCB,Two-phase,8,1000000,10,5.0,0.25847922966231657,1000000,0,51695.845932463315,1879234768,simulated,2792,scheduled corrupted rounds,0.998128,0.998128,0,0.0,"[208, 208, 208, 208, 208, 208, 208, 208, 208, 998128]","[0, 0, 0, 0, 0, 0, 0, 0, 0, 0]","[0.0, 0.0, 0.0, 0.0, 0.0, 0.0, 0.0, 0.0, 0.0, 0.0]",,,,2070,722,"{""C1"": 2070, ""C2"": 722, ""K"": 10, ""T"": 1000000, ""feasible"": true, ""learner"": ""UCB"", ""learner_setting"": ""mean + sqrt(log(T)/N)"", ""mu"": 0.25847922966231657, ""reason"": """", ""source"": ""https://proceedings.neurips.cc/paper_files/paper/2021/file/be315e7f05e9f13629031915fe87ad44-Supplemental.pdf"", ""source_section"": ""A.2"", ""target_feedback"": ""deterministic mu_K"", ""total"": 2792, ""version"": ""xu2021-original-settings-v1""}","[207, 207, 207, 207, 207, 207, 207, 207, 207, 207]","[1, 1, 1, 1, 1, 1, 1, 1, 1, 713]","[0, 0, 0, 0, 0, 0, 0, 0, 0, 997208]",1.0
MovieLens-25M,gap,TS,Ours,8,1000000,10,5.0,0.25847922966231657,987826,12174,51695.845932463315,897745417,simulated,12124,injected samples,0.989252,1.0,1421,1189.2222222222222,"[0, 0, 0, 0, 0, 0, 0, 0, 0, 987826]","[1191, 1199, 1199, 1183, 1191, 1191, 1183, 1183, 1183, 1421]","[4.0, 5.0, 5.0, 3.0, 4.0, 4.0, 3.0, 3.0, 3.0, 1.292396148311583]",0.24226773704984295,0.25847922966231657,{},,,,,,,
MovieLens-25M,gap,TS,Direct,8,1000000,10,5.0,0.25847922966231657,988055,11945,51695.845932463315,591034342,simulated,11895,injected samples,0.989288,1.0,1228,1185.2222222222222,"[0, 0, 0, 0, 0, 0, 0, 0, 0, 988055]","[1187, 1195, 1195, 1179, 1187, 1187, 1179, 1179, 1179, 1228]","[4.0, 5.0, 5.0, 3.0, 4.0, 4.0, 3.0, 3.0, 3.0, 1.292396148311583]",0.242634644829729,0.25847922966231657,"{""search"": ""same grid; exact integer TS target envelope"", ""z_stages"": [[0.0, 0.9917353291371217, 4097.0, 11896.0, 1003.0], [0.24260712885629784, 0.24309137462247807, 1025.0, 11895.0, 59.0], [0.2426345568391479, 0.24263550263165998, 1025.0, 11895.0, 96.0], [0.2426346445835704, 0.2426346464308214, 1025.0, 11895.0, 137.0], [0.24263464482890842, 0.24263464483251634, 1025.0, 11895.0, 233.0], [0.24263464482972585, 0.2426346448297329, 1025.0, 11895.0, 454.0]]}",,,,,,,
MovieLens-25M,gap,TS,Two-phase,8,1000000,10,5.0,0.25847922966231657,1000000,0,51695.845932463315,2071388012,infeasible,,scheduled corrupted rounds,,,0,0.0,,"[0, 0, 0, 0, 0, 0, 0, 0, 0, 0]","[0.0, 0.0, 0.0, 0.0, 0.0, 0.0, 0.0, 0.0, 0.0, 0.0]",,,,828,0,"{""C1"": 828, ""C2"": null, ""K"": 10, ""T"": 1000000, ""feasible"": false, ""learner"": ""TS"", ""learner_setting"": ""Beta(sum+1, N-sum+1)"", ""mu"": 0.25847922966231657, ""n1"": -13.458956056127466, ""n2"": 179.05895605612744, ""reason"": ""A.4 phase-one lower count bound is nonpositive"", ""source"": ""https://proceedings.neurips.cc/paper_files/paper/2021/file/be315e7f05e9f13629031915fe87ad44-Supplemental.pdf"", ""source_section"": ""A.4"", ""target_feedback"": ""Bernoulli(mu_K)"", ""total"": null, ""version"": ""xu2021-original-settings-v1""}",,,,
MovieLens-25M,gap,UCB,Ours,8,1000000,10,6.0,0.3101750755947799,996973,3027,51695.845932463315,3964402722,simulated,2977,injected samples,0.996979,1.0,1,330.6666666666667,"[0, 0, 0, 0, 0, 0, 0, 0, 0, 996973]","[332, 338, 338, 326, 332, 332, 326, 326, 326, 1]","[4.0, 5.0, 5.0, 3.0, 4.0, 4.0, 3.0, 3.0, 3.0, 1.5508753779738995]",0.3101750755947799,0.3101750755947799,{},,,,,,,
MovieLens-25M,gap,UCB,Direct,8,1000000,10,6.0,0.3101750755947799,996974,3026,51695.845932463315,2706127602,simulated,2976,injected samples,0.996979,1.0,0,330.6666666666667,"[0, 0, 0, 0, 0, 0, 0, 0, 0, 996974]","[332, 338, 338, 326, 332, 332, 326, 326, 326, 0]","[4.0, 5.0, 5.0, 3.0, 4.0, 4.0, 3.0, 3.0, 3.0, 1.5508753779738995]",0.31561966011627557,0.3101750755947799,"{""search"": ""same grid; exact integer TS target envelope"", ""z_stages"": [[0.0, 1.0055720622372253, 4097.0, 2976.0, 1286.0], [0.3154687744079186, 0.31595977639143286, 1025.0, 2976.0, 315.0], [0.31561933556301963, 0.3156202945512687, 1025.0, 2976.0, 347.0], [0.3156196595961585, 0.3156196614691824, 1025.0, 2976.0, 285.0], [0.31561966011563, 0.3156196601192882, 1025.0, 2976.0, 181.0], [0.315619660116273, 0.3156196601162802, 1025.0, 2976.0, 362.0]]}",,,,,,,
MovieLens-25M,gap,UCB,Two-phase,8,1000000,10,6.0,0.3101750755947799,1000000,0,51695.845932463315,1919625025,simulated,2088,scheduled corrupted rounds,0.998695,0.998695,0,0.0,"[145, 145, 145, 145, 145, 145, 145, 145, 145, 998695]","[0, 0, 0, 0, 0, 0, 0, 0, 0, 0]","[0.0, 0.0, 0.0, 0.0, 0.0, 0.0, 0.0, 0.0, 0.0, 0.0]",,,,1440,648,"{""C1"": 1440, ""C2"": 648, ""K"": 10, ""T"": 1000000, ""feasible"": true, ""learner"": ""UCB"", ""learner_setting"": ""mean + sqrt(log(T)/N)"", ""mu"": 0.3101750755947799, ""reason"": """", ""source"": ""https://proceedings.neurips.cc/paper_files/paper/2021/file/be315e7f05e9f13629031915fe87ad44-Supplemental.pdf"", ""source_section"": ""A.2"", ""target_feedback"": ""deterministic mu_K"", ""total"": 2088, ""version"": ""xu2021-original-settings-v1""}","[144, 144, 144, 144, 144, 144, 144, 144, 144, 144]","[1, 1, 1, 1, 1, 1, 1, 1, 1, 639]","[0, 0, 0, 0, 0, 0, 0, 0, 0, 997912]",1.0
MovieLens-25M,gap,TS,Ours,8,1000000,10,6.0,0.3101750755947799,991234,8766,51695.845932463315,1884674980,simulated,8716,injected samples,0.992375,1.0,1136,842.2222222222222,"[0, 0, 0, 0, 0, 0, 0, 0, 0, 991234]","[844, 850, 850, 837, 844, 844, 837, 837, 837, 1136]","[4.0, 5.0, 5.0, 3.0, 4.0, 4.0, 3.0, 3.0, 3.0, 1.5508753779738995]",0.2883748025534747,0.3101750755947799,{},,,,,,,
MovieLens-25M,gap,TS,Direct,8,1000000,10,6.0,0.3101750755947799,991458,8542,51695.845932463315,372727675,simulated,8492,injected samples,0.9924,1.0,937,839.4444444444445,"[0, 0, 0, 0, 0, 0, 0, 0, 0, 991458]","[841, 848, 848, 834, 841, 841, 834, 834, 834, 937]","[4.0, 5.0, 5.0, 3.0, 4.0, 4.0, 3.0, 3.0, 3.0, 1.5508753779738995]",0.28876924387419894,0.3101750755947799,"{""search"": ""same grid; exact integer TS target envelope"", ""z_stages"": [[0.0, 0.9917355876282419, 4097.0, 8493.0, 1192.0], [0.2883684289221768, 0.2888526748145734, 1025.0, 8492.0, 848.0], [0.28876897215543845, 0.288769917948197, 1025.0, 8492.0, 295.0], [0.2887692437014062, 0.28876924554865774, 1025.0, 8492.0, 96.0], [0.2887692438727821, 0.28876924387639, 1025.0, 8492.0, 403.0], [0.2887692438741985, 0.28876924387420555, 1025.0, 8492.0, 61.0]]}",,,,,,,
MovieLens-25M,gap,TS,Two-phase,8,1000000,10,6.0,0.3101750755947799,1000000,0,51695.845932463315,2324702370,infeasible,,scheduled corrupted rounds,,,0,0.0,,"[0, 0, 0, 0, 0, 0, 0, 0, 0, 0]","[0.0, 0.0, 0.0, 0.0, 0.0, 0.0, 0.0, 0.0, 0.0, 0.0]",,,,575,0,"{""C1"": 575, ""C2"": null, ""K"": 10, ""T"": 1000000, ""feasible"": false, ""learner"": ""TS"", ""learner_setting"": ""Beta(sum+1, N-sum+1)"", ""mu"": 0.3101750755947799, ""n1"": -22.715796713439556, ""n2"": 137.71579671343957, ""reason"": ""A.4 phase-one lower count bound is nonpositive"", ""source"": ""https://proceedings.neurips.cc/paper_files/paper/2021/file/be315e7f05e9f13629031915fe87ad44-Supplemental.pdf"", ""source_section"": ""A.4"", ""target_feedback"": ""Bernoulli(mu_K)"", ""total"": null, ""version"": ""xu2021-original-settings-v1""}",,,,
MovieLens-25M,horizon,UCB,Ours,9,100000,10,,0.016442451420029897,73792,26208,10480.819243109449,2128931069,simulated,26158,injected samples,0.89588,1.0,15791,1151.888888888889,"[0, 0, 0, 0, 0, 0, 0, 0, 0, 73792]","[1149, 1175, 1175, 1149, 1149, 1149, 1149, 1162, 1110, 15791]","[3.0, 5.0, 5.0, 3.0, 3.0, 3.0, 3.0, 4.0, 0.0, 0.0]",0.13636403570874245,0.0,{},,,,,,,
MovieLens-25M,horizon,UCB,Clipped Suppression,9,100000,10,,0.016442451420029897,100000,0,10480.819243109449,2729591046,simulated,81164,suppressed non-target rounds (including 0->0),0.18836,0.18836,0,0.0,"[9019, 9019, 9018, 9018, 9018, 9018, 9018, 9018, 9018, 18836]","[0, 0, 0, 0, 0, 0, 0, 0, 0, 0]","[0.0, 0.0, 0.0, 0.0, 0.0, 0.0, 0.0, 0.0, 0.0, 0.0]",,,,,,,,,,
MovieLens-25M,horizon,TS,Ours,9,100000,10,,0.016442451420029897,58137,41863,10480.819243109449,2427214591,simulated,41813,injected samples,0.84858,1.0,26716,1677.4444444444443,"[0, 0, 0, 0, 0, 0, 0, 0, 0, 58137]","[1675, 1696, 1696, 1675, 1675, 1675, 1675, 1686, 1644, 26716]","[3.0, 5.0, 5.0, 3.0, 3.0, 3.0, 3.0, 4.0, 0.0, 0.0]",0.18924202132523654,0.0,{},,,,,,,
MovieLens-25M,horizon,TS,Clipped Suppression,9,100000,10,,0.016442451420029897,100000,0,10480.819243109449,192490283,simulated,65648,suppressed non-target rounds (including 0->0),0.34352,0.34352,0,0.0,"[7366, 7316, 7270, 7323, 7174, 7276, 7328, 7216, 7379, 34352]","[0, 0, 0, 0, 0, 0, 0, 0, 0, 0]","[0.0, 0.0, 0.0, 0.0, 0.0, 0.0, 0.0, 0.0, 0.0, 0.0]",,,,,,,,,,
MovieLens-25M,horizon,UCB,Ours,9,250000,10,,0.016442451420029897,201336,48664,19804.988134665902,989047924,simulated,48614,injected samples,0.925248,1.0,29971,2071.4444444444443,"[0, 0, 0, 0, 0, 0, 0, 0, 0, 201336]","[2068, 2101, 2101, 2068, 2068, 2068, 2068, 2084, 2017, 29971]","[3.0, 5.0, 5.0, 3.0, 3.0, 3.0, 3.0, 4.0, 0.0, 0.0]",0.10704518333477989,0.0,{},,,,,,,
MovieLens-25M,horizon,UCB,Clipped Suppression,9,250000,10,,0.016442451420029897,250000,0,19804.988134665902,615958002,simulated,184104,suppressed non-target rounds (including 0->0),0.263584,0.263584,0,0.0,"[20456, 20456, 20456, 20456, 20456, 20456, 20456, 20456, 20456, 65896]","[0, 0, 0, 0, 0, 0, 0, 0, 0, 0]","[0.0, 0.0, 0.0, 0.0, 0.0, 0.0, 0.0, 0.0, 0.0, 0.0]",,,,,,,,,,
MovieLens-25M,horizon,TS,Ours,9,250000,10,,0.016442451420029897,175334,74666,19804.988134665902,3149462546,simulated,74616,injected samples,0.89492,1.0,48391,2913.8888888888887,"[0, 0, 0, 0, 0, 0, 0, 0, 0, 175334]","[2911, 2938, 2938, 2911, 2911, 2911, 2911, 2924, 2870, 48391]","[3.0, 5.0, 5.0, 3.0, 3.0, 3.0, 3.0, 4.0, 0.0, 0.0]",0.14767312274011973,0.0,{},,,,,,,
MovieLens-25M,horizon,TS,Clipped Suppression,9,250000,10,,0.016442451420029897,250000,0,19804.988134665902,3124884598,simulated,126885,suppressed non-target rounds (including 0->0),0.49246,0.49246,0,0.0,"[14064, 14094, 14022, 14087, 14199, 14030, 14164, 14061, 14164, 123115]","[0, 0, 0, 0, 0, 0, 0, 0, 0, 0]","[0.0, 0.0, 0.0, 0.0, 0.0, 0.0, 0.0, 0.0, 0.0, 0.0]",,,,,,,,,,
MovieLens-25M,horizon,UCB,Ours,9,400000,10,,0.016442451420029897,333074,66926,27430.126400660687,28182236,simulated,66876,injected samples,0.9366975,1.0,41600,2808.4444444444443,"[0, 0, 0, 0, 0, 0, 0, 0, 0, 333074]","[2804, 2843, 2843, 2804, 2804, 2804, 2804, 2824, 2746, 41600]","[3.0, 5.0, 5.0, 3.0, 3.0, 3.0, 3.0, 4.0, 0.0, 0.0]",0.09420043271140147,0.0,{},,,,,,,
MovieLens-25M,horizon,UCB,Clipped Suppression,9,400000,10,,0.016442451420029897,400000,0,27430.126400660687,2797082552,simulated,264877,suppressed non-target rounds (including 0->0),0.3378075,0.3378075,0,0.0,"[29431, 29431, 29431, 29431, 29431, 29431, 29431, 29430, 29430, 135123]","[0, 0, 0, 0, 0, 0, 0, 0, 0, 0]","[0.0, 0.0, 0.0, 0.0, 0.0, 0.0, 0.0, 0.0, 0.0, 0.0]",,,,,,,,,,
MovieLens-25M,horizon,TS,Ours,9,400000,10,,0.016442451420029897,299080,100920,27430.126400660687,3580932014,simulated,100870,injected samples,0.912225,1.0,65805,3896.1111111111113,"[0, 0, 0, 0, 0, 0, 0, 0, 0, 299080]","[3893, 3923, 3923, 3893, 3893, 3893, 3893, 3908, 3846, 65805]","[3.0, 5.0, 5.0, 3.0, 3.0, 3.0, 3.0, 4.0, 0.0, 0.0]",0.12949478821261873,0.0,{},,,,,,,
MovieLens-25M,horizon,TS,Clipped Suppression,9,400000,10,,0.016442451420029897,400000,0,27430.126400660687,1990102423,simulated,154028,suppressed non-target rounds (including 0->0),0.61493,0.61493,0,0.0,"[17018, 17126, 17168, 17126, 17050, 17250, 17078, 17069, 17143, 245972]","[0, 0, 0, 0, 0, 0, 0, 0, 0, 0]","[0.0, 0.0, 0.0, 0.0, 0.0, 0.0, 0.0, 0.0, 0.0, 0.0]",,,,,,,,,,
MovieLens-25M,horizon,UCB,Ours,9,550000,10,,0.016442451420029897,466906,83094,34194.80516566394,2610786419,simulated,83044,injected samples,0.9433563636363637,1.0,51935,3456.5555555555557,"[0, 0, 0, 0, 0, 0, 0, 0, 0, 466906]","[3452, 3494, 3494, 3452, 3452, 3452, 3452, 3473, 3388, 51935]","[3.0, 5.0, 5.0, 3.0, 3.0, 3.0, 3.0, 4.0, 0.0, 0.0]",0.08627760288470504,0.0,{},,,,,,,
MovieLens-25M,horizon,UCB,Clipped Suppression,9,550000,10,,0.016442451420029897,550000,0,34194.80516566394,4035442504,simulated,342288,suppressed non-target rounds (including 0->0),0.37765818181818184,0.37765818181818184,0,0.0,"[38032, 38032, 38032, 38032, 38032, 38032, 38032, 38032, 38032, 207712]","[0, 0, 0, 0, 0, 0, 0, 0, 0, 0]","[0.0, 0.0, 0.0, 0.0, 0.0, 0.0, 0.0, 0.0, 0.0, 0.0]",,,,,,,,,,
MovieLens-25M,horizon,TS,Ours,9,550000,10,,0.016442451420029897,426047,123953,34194.80516566394,2831231347,simulated,123903,injected samples,0.9221163636363636,1.0,81112,4754.555555555556,"[0, 0, 0, 0, 0, 0, 0, 0, 0, 426047]","[4751, 4784, 4784, 4751, 4751, 4751, 4751, 4768, 4700, 81112]","[3.0, 5.0, 5.0, 3.0, 3.0, 3.0, 3.0, 4.0, 0.0, 0.0]",0.11830580503812838,0.0,{},,,,,,,
MovieLens-25M,horizon,TS,Clipped Suppression,9,550000,10,,0.016442451420029897,550000,0,34194.80516566394,776456943,simulated,170251,suppressed non-target rounds (including 0->0),0.6904527272727272,0.6904527272727272,0,0.0,"[18914, 18895, 19003, 18925, 18899, 18902, 18914, 18950, 18849, 379749]","[0, 0, 0, 0, 0, 0, 0, 0, 0, 0]","[0.0, 0.0, 0.0, 0.0, 0.0, 0.0, 0.0, 0.0, 0.0, 0.0]",,,,,,,,,,
MovieLens-25M,horizon,UCB,Ours,9,700000,10,,0.016442451420029897,602100,97900,40401.844201652595,3880507893,simulated,97850,injected samples,0.9479057142857142,1.0,61429,4046.777777777778,"[0, 0, 0, 0, 0, 0, 0, 0, 0, 602100]","[4042, 4087, 4087, 4042, 4042, 4042, 4042, 4064, 3973, 61429]","[3.0, 5.0, 5.0, 3.0, 3.0, 3.0, 3.0, 4.0, 0.0, 0.0]",0.08067407221673517,0.0,{},,,,,,,
MovieLens-25M,horizon,UCB,Clipped Suppression,9,700000,10,,0.016442451420029897,700000,0,40401.844201652595,16350872,simulated,393354,suppressed non-target rounds (including 0->0),0.4380657142857143,0.4380657142857143,0,0.0,"[43706, 43706, 43706, 43706, 43706, 43706, 43706, 43706, 43706, 306646]","[0, 0, 0, 0, 0, 0, 0, 0, 0, 0]","[0.0, 0.0, 0.0, 0.0, 0.0, 0.0, 0.0, 0.0, 0.0, 0.0]",,,,,,,,,,
MovieLens-25M,horizon,TS,Ours,9,700000,10,,0.016442451420029897,555064,144936,40401.844201652595,2917702558,simulated,144886,injected samples,0.9287714285714286,1.0,95071,5535.0,"[0, 0, 0, 0, 0, 0, 0, 0, 0, 555064]","[5531, 5567, 5567, 5531, 5531, 5531, 5531, 5549, 5477, 95071]","[3.0, 5.0, 5.0, 3.0, 3.0, 3.0, 3.0, 4.0, 0.0, 0.0]",0.11040675882731973,0.0,{},,,,,,,
MovieLens-25M,horizon,TS,Clipped Suppression,9,700000,10,,0.016442451420029897,700000,0,40401.844201652595,1797307181,simulated,185481,suppressed non-target rounds (including 0->0),0.7350271428571429,0.7350271428571429,0,0.0,"[20691, 20582, 20519, 20531, 20672, 20615, 20597, 20651, 20623, 514519]","[0, 0, 0, 0, 0, 0, 0, 0, 0, 0]","[0.0, 0.0, 0.0, 0.0, 0.0, 0.0, 0.0, 0.0, 0.0, 0.0]",,,,,,,,,,
MovieLens-25M,horizon,UCB,Ours,9,850000,10,,0.016442451420029897,738269,111731,46204.95572790959,3072985238,simulated,111681,injected samples,0.95128,1.0,70314,4596.333333333333,"[0, 0, 0, 0, 0, 0, 0, 0, 0, 738269]","[4591, 4639, 4639, 4591, 4591, 4591, 4591, 4615, 4519, 70314]","[3.0, 5.0, 5.0, 3.0, 3.0, 3.0, 3.0, 4.0, 0.0, 0.0]",0.07640018995478995,0.0,{},,,,,,,
MovieLens-25M,horizon,UCB,Clipped Suppression,9,850000,10,,0.016442451420029897,850000,0,46204.95572790959,3213963018,simulated,432306,suppressed non-target rounds (including 0->0),0.49140470588235297,0.49140470588235297,0,0.0,"[48034, 48034, 48034, 48034, 48034, 48034, 48034, 48034, 48034, 417694]","[0, 0, 0, 0, 0, 0, 0, 0, 0, 0]","[0.0, 0.0, 0.0, 0.0, 0.0, 0.0, 0.0, 0.0, 0.0, 0.0]",,,,,,,,,,
MovieLens-25M,horizon,TS,Ours,9,850000,10,,0.016442451420029897,685555,164445,46204.95572790959,567894463,simulated,164395,injected samples,0.9336729411764706,1.0,108062,6259.222222222223,"[0, 0, 0, 0, 0, 0, 0, 0, 0, 685555]","[6255, 6293, 6293, 6255, 6255, 6255, 6255, 6274, 6198, 108062]","[3.0, 5.0, 5.0, 3.0, 3.0, 3.0, 3.0, 4.0, 0.0, 0.0]",0.1043916004889481,0.0,{},,,,,,,
MovieLens-25M,horizon,TS,Clipped Suppression,9,850000,10,,0.016442451420029897,850000,0,46204.95572790959,390451029,simulated,196308,suppressed non-target rounds (including 0->0),0.7690494117647059,0.7690494117647059,0,0.0,"[21724, 21768, 21864, 21736, 21909, 21844, 21731, 21838, 21894, 653692]","[0, 0, 0, 0, 0, 0, 0, 0, 0, 0]","[0.0, 0.0, 0.0, 0.0, 0.0, 0.0, 0.0, 0.0, 0.0, 0.0]",,,,,,,,,,
MovieLens-25M,horizon,UCB,Ours,9,1000000,10,,0.016442451420029897,875194,124806,51695.845932463315,826997889,simulated,124756,injected samples,0.953925,1.0,78726,5114.444444444444,"[0, 0, 0, 0, 0, 0, 0, 0, 0, 875194]","[5109, 5159, 5159, 5109, 5109, 5109, 5109, 5134, 5033, 78726]","[3.0, 5.0, 5.0, 3.0, 3.0, 3.0, 3.0, 4.0, 0.0, 0.0]",0.07297966187421073,0.0,{},,,,,,,
MovieLens-25M,horizon,UCB,Clipped Suppression,9,1000000,10,,0.016442451420029897,1000000,0,51695.845932463315,3671123338,simulated,477279,suppressed non-target rounds (including 0->0),0.522721,0.522721,0,0.0,"[53031, 53031, 53031, 53031, 53031, 53031, 53031, 53031, 53031, 522721]","[0, 0, 0, 0, 0, 0, 0, 0, 0, 0]","[0.0, 0.0, 0.0, 0.0, 0.0, 0.0, 0.0, 0.0, 0.0, 0.0]",,,,,,,,,,
MovieLens-25M,horizon,TS,Ours,9,1000000,10,,0.016442451420029897,817167,182833,51695.845932463315,3405434431,simulated,182783,injected samples,0.937482,1.0,120310,6941.444444444444,"[0, 0, 0, 0, 0, 0, 0, 0, 0, 817167]","[6937, 6977, 6977, 6937, 6937, 6937, 6937, 6957, 6877, 120310]","[3.0, 5.0, 5.0, 3.0, 3.0, 3.0, 3.0, 4.0, 0.0, 0.0]",0.09958413010231332,0.0,{},,,,,,,
MovieLens-25M,horizon,TS,Clipped Suppression,9,1000000,10,,0.016442451420029897,1000000,0,51695.845932463315,3742219239,simulated,206873,suppressed non-target rounds (including 0->0),0.793127,0.793127,0,0.0,"[22951, 22980, 23128, 22931, 22945, 22959, 23061, 23017, 22901, 793127]","[0, 0, 0, 0, 0, 0, 0, 0, 0, 0]","[0.0, 0.0, 0.0, 0.0, 0.0, 0.0, 0.0, 0.0, 0.0, 0.0]",,,,,,,,,,
MovieLens-25M,arms,UCB,Ours,9,1000000,5,,0.016442451420029897,907314,92686,41031.02010778911,2781896279,simulated,92661,injected samples,0.965692,1.0,58373,8572.0,"[0, 0, 0, 0, 907314]","[8556, 8588, 8556, 8588, 58373]","[4.0, 5.0, 4.0, 5.0, 0.0]",0.0551524761240806,0.0,{},,,,,,,
MovieLens-25M,arms,UCB,Clipped Suppression,9,1000000,5,,0.016442451420029897,1000000,0,41031.02010778911,2538426156,simulated,238384,suppressed non-target rounds (including 0->0),0.761616,0.761616,0,0.0,"[59596, 59596, 59596, 59596, 761616]","[0, 0, 0, 0, 0]","[0.0, 0.0, 0.0, 0.0, 0.0]",,,,,,,,,,
MovieLens-25M,arms,TS,Ours,9,1000000,5,,0.016442451420029897,861740,138260,41031.02010778911,290977567,simulated,138235,injected samples,0.954154,1.0,92409,11456.5,"[0, 0, 0, 0, 861740]","[11444, 11469, 11444, 11469, 92409]","[4.0, 5.0, 4.0, 5.0, 0.0]",0.07676786746834613,0.0,{},,,,,,,
MovieLens-25M,arms,TS,Clipped Suppression,9,1000000,5,,0.016442451420029897,1000000,0,41031.02010778911,4071541090,simulated,96541,suppressed non-target rounds (including 0->0),0.903459,0.903459,0,0.0,"[24249, 24123, 24053, 24116, 903459]","[0, 0, 0, 0, 0]","[0.0, 0.0, 0.0, 0.0, 0.0]",,,,,,,,,,
MovieLens-25M,arms,UCB,Ours,9,1000000,10,,0.016442451420029897,875194,124806,51695.845932463315,826997889,simulated,124756,injected samples,0.953925,1.0,78726,5114.444444444444,"[0, 0, 0, 0, 0, 0, 0, 0, 0, 875194]","[5109, 5159, 5159, 5109, 5109, 5109, 5109, 5134, 5033, 78726]","[3.0, 5.0, 5.0, 3.0, 3.0, 3.0, 3.0, 4.0, 0.0, 0.0]",0.07297966187421073,0.0,{},,,,,,,
MovieLens-25M,arms,UCB,Clipped Suppression,9,1000000,10,,0.016442451420029897,1000000,0,51695.845932463315,3671123338,simulated,477279,suppressed non-target rounds (including 0->0),0.522721,0.522721,0,0.0,"[53031, 53031, 53031, 53031, 53031, 53031, 53031, 53031, 53031, 522721]","[0, 0, 0, 0, 0, 0, 0, 0, 0, 0]","[0.0, 0.0, 0.0, 0.0, 0.0, 0.0, 0.0, 0.0, 0.0, 0.0]",,,,,,,,,,
MovieLens-25M,arms,TS,Ours,9,1000000,10,,0.016442451420029897,817167,182833,51695.845932463315,3405434431,simulated,182783,injected samples,0.937482,1.0,120310,6941.444444444444,"[0, 0, 0, 0, 0, 0, 0, 0, 0, 817167]","[6937, 6977, 6977, 6937, 6937, 6937, 6937, 6957, 6877, 120310]","[3.0, 5.0, 5.0, 3.0, 3.0, 3.0, 3.0, 4.0, 0.0, 0.0]",0.09958413010231332,0.0,{},,,,,,,
MovieLens-25M,arms,TS,Clipped Suppression,9,1000000,10,,0.016442451420029897,1000000,0,51695.845932463315,3742219239,simulated,206873,suppressed non-target rounds (including 0->0),0.793127,0.793127,0,0.0,"[22951, 22980, 23128, 22931, 22945, 22959, 23061, 23017, 22901, 793127]","[0, 0, 0, 0, 0, 0, 0, 0, 0, 0]","[0.0, 0.0, 0.0, 0.0, 0.0, 0.0, 0.0, 0.0, 0.0, 0.0]",,,,,,,,,,
MovieLens-25M,arms,UCB,Ours,9,1000000,15,,0.016442451420029897,852857,147143,59176.97111973348,2674530293,simulated,147068,injected samples,0.945477,1.0,92615,3889.5,"[0, 0, 0, 0, 0, 0, 0, 0, 0, 0, 0, 0, 0, 0, 852857]","[3914, 3893, 3914, 3871, 3914, 3893, 3914, 3893, 3914, 3871, 3893, 3871, 3871, 3827, 92615]","[5.0, 4.0, 5.0, 3.0, 5.0, 4.0, 5.0, 4.0, 5.0, 3.0, 4.0, 3.0, 3.0, 1.0, 1.0]",0.0847628791417312,0.0,{},,,,,,,
MovieLens-25M,arms,UCB,Clipped Suppression,9,1000000,15,,0.016442451420029897,1000000,0,59176.97111973348,1460020597,simulated,652526,suppressed non-target rounds (including 0->0),0.347474,0.347474,0,0.0,"[46609, 46609, 46609, 46609, 46609, 46609, 46609, 46609, 46609, 46609, 46609, 46609, 46609, 46609, 347474]","[0, 0, 0, 0, 0, 0, 0, 0, 0, 0, 0, 0, 0, 0, 0]","[0.0, 0.0, 0.0, 0.0, 0.0, 0.0, 0.0, 0.0, 0.0, 0.0, 0.0, 0.0, 0.0, 0.0, 0.0]",,,,,,,,,,
MovieLens-25M,arms,TS,Ours,9,1000000,15,,0.016442451420029897,785986,214014,59176.97111973348,2020186814,simulated,213939,injected samples,0.925452,1.0,139461,5319.857142857143,"[0, 0, 0, 0, 0, 0, 0, 0, 0, 0, 0, 0, 0, 0, 785986]","[5340, 5322, 5340, 5305, 5340, 5322, 5340, 5322, 5340, 5305, 5322, 5305, 5305, 5270, 139461]","[5.0, 4.0, 5.0, 3.0, 5.0, 4.0, 5.0, 4.0, 5.0, 3.0, 4.0, 3.0, 3.0, 1.0, 1.0]",0.11460628477379356,0.0,{},,,,,,,
MovieLens-25M,arms,TS,Clipped Suppression,9,1000000,15,,0.016442451420029897,1000000,0,59176.97111973348,4231724424,simulated,330739,suppressed non-target rounds (including 0->0),0.669261,0.669261,0,0.0,"[23543, 23744, 23647, 23628, 23509, 23587, 23604, 23647, 23605, 23585, 23611, 23632, 23735, 23662, 669261]","[0, 0, 0, 0, 0, 0, 0, 0, 0, 0, 0, 0, 0, 0, 0]","[0.0, 0.0, 0.0, 0.0, 0.0, 0.0, 0.0, 0.0, 0.0, 0.0, 0.0, 0.0, 0.0, 0.0, 0.0]",,,,,,,,,,
MovieLens-25M,arms,UCB,Ours,9,1000000,20,,0.016442451420029897,835270,164730,65132.68448243278,3285801871,simulated,164630,injected samples,0.938788,1.0,103513,3216.684210526316,"[0, 0, 0, 0, 0, 0, 0, 0, 0, 0, 0, 0, 0, 0, 0, 0, 0, 0, 0, 835270]","[3243, 3163, 3223, 3223, 3243, 3223, 3243, 3203, 3243, 3243, 3223, 3203, 3183, 3243, 3183, 3223, 3223, 3203, 3183, 103513]","[5.0, 1.0, 4.0, 4.0, 5.0, 4.0, 5.0, 3.0, 5.0, 5.0, 4.0, 3.0, 2.0, 5.0, 2.0, 4.0, 4.0, 3.0, 2.0, 0.0]",0.09380207696050372,0.0,{},,,,,,,
MovieLens-25M,arms,UCB,Clipped Suppression,9,1000000,20,,0.016442451420029897,1000000,0,65132.68448243278,4102414165,simulated,762109,suppressed non-target rounds (including 0->0),0.237891,0.237891,0,0.0,"[40111, 40111, 40111, 40111, 40111, 40111, 40111, 40111, 40111, 40111, 40111, 40111, 40111, 40111, 40111, 40111, 40111, 40111, 40111, 237891]","[0, 0, 0, 0, 0, 0, 0, 0, 0, 0, 0, 0, 0, 0, 0, 0, 0, 0, 0, 0]","[0.0, 0.0, 0.0, 0.0, 0.0, 0.0, 0.0, 0.0, 0.0, 0.0, 0.0, 0.0, 0.0, 0.0, 0.0, 0.0, 0.0, 0.0, 0.0, 0.0]",,,,,,,,,,
MovieLens-25M,arms,TS,Ours,9,1000000,20,,0.016442451420029897,761125,238875,65132.68448243278,4217207111,simulated,238775,injected samples,0.915736,1.0,154606,4429.9473684210525,"[0, 0, 0, 0, 0, 0, 0, 0, 0, 0, 0, 0, 0, 0, 0, 0, 0, 0, 0, 761125]","[4451, 4387, 4435, 4435, 4451, 4435, 4451, 4419, 4451, 4451, 4435, 4419, 4403, 4451, 4403, 4435, 4435, 4419, 4403, 154606]","[5.0, 1.0, 4.0, 4.0, 5.0, 4.0, 5.0, 3.0, 5.0, 5.0, 4.0, 3.0, 2.0, 5.0, 2.0, 4.0, 4.0, 3.0, 2.0, 0.0]",0.12613670836006796,0.0,{},,,,,,,
MovieLens-25M,arms,TS,Clipped Suppression,9,1000000,20,,0.016442451420029897,1000000,0,65132.68448243278,771052048,simulated,417174,suppressed non-target rounds (including 0->0),0.582826,0.582826,0,0.0,"[21974, 22073, 21958, 21936, 22040, 21849, 21904, 21896, 22097, 21943, 21955, 21919, 21936, 21943, 21931, 21963, 21943, 21934, 21980, 582826]","[0, 0, 0, 0, 0, 0, 0, 0, 0, 0, 0, 0, 0, 0, 0, 0, 0, 0, 0, 0]","[0.0, 0.0, 0.0, 0.0, 0.0, 0.0, 0.0, 0.0, 0.0, 0.0, 0.0, 0.0, 0.0, 0.0, 0.0, 0.0, 0.0, 0.0, 0.0, 0.0]",,,,,,,,,,
MovieLens-25M,arms,UCB,Ours,9,1000000,30,,0.016442451420029897,807116,192884,74558.3115827732,2226501747,simulated,192734,injected samples,0.927872,1.0,120751,2482.1724137931033,"[0, 0, 0, 0, 0, 0, 0, 0, 0, 0, 0, 0, 0, 0, 0, 0, 0, 0, 0, 0, 0, 0, 0, 0, 0, 0, 0, 0, 0, 807116]","[2504, 2486, 2486, 2504, 2504, 2486, 2504, 2486, 2469, 2486, 2504, 2504, 2504, 2504, 2452, 2486, 2469, 2486, 2504, 2504, 2504, 2434, 2452, 2469, 2486, 2469, 2469, 2452, 2416, 120751]","[5.0, 4.0, 4.0, 5.0, 5.0, 4.0, 5.0, 4.0, 3.0, 4.0, 5.0, 5.0, 5.0, 5.0, 2.0, 4.0, 3.0, 4.0, 5.0, 5.0, 5.0, 1.0, 2.0, 3.0, 4.0, 3.0, 3.0, 2.0, 0.0, 2.0]",0.10774019449887337,0.0,{},,,,,,,
MovieLens-25M,arms,UCB,Clipped Suppression,9,1000000,30,,0.016442451420029897,1000000,0,74558.3115827732,3348269569,simulated,879556,suppressed non-target rounds (including 0->0),0.120444,0.120444,0,0.0,"[30330, 30330, 30330, 30330, 30330, 30330, 30330, 30330, 30330, 30330, 30330, 30330, 30330, 30330, 30330, 30329, 30329, 30329, 30329, 30329, 30329, 30329, 30329, 30329, 30329, 30329, 30329, 30329, 30329, 120444]","[0, 0, 0, 0, 0, 0, 0, 0, 0, 0, 0, 0, 0, 0, 0, 0, 0, 0, 0, 0, 0, 0, 0, 0, 0, 0, 0, 0, 0, 0]","[0.0, 0.0, 0.0, 0.0, 0.0, 0.0, 0.0, 0.0, 0.0, 0.0, 0.0, 0.0, 0.0, 0.0, 0.0, 0.0, 0.0, 0.0, 0.0, 0.0, 0.0, 0.0, 0.0, 0.0, 0.0, 0.0, 0.0, 0.0, 0.0, 0.0]",,,,,,,,,,
MovieLens-25M,arms,TS,Ours,9,1000000,30,,0.016442451420029897,721087,278913,74558.3115827732,1833691462,simulated,278763,injected samples,0.899758,1.0,178666,3451.6206896551726,"[0, 0, 0, 0, 0, 0, 0, 0, 0, 0, 0, 0, 0, 0, 0, 0, 0, 0, 0, 0, 0, 0, 0, 0, 0, 0, 0, 0, 0, 721087]","[3469, 3455, 3455, 3469, 3469, 3455, 3469, 3455, 3441, 3455, 3469, 3469, 3469, 3469, 3427, 3455, 3441, 3455, 3469, 3469, 3469, 3413, 3427, 3441, 3455, 3441, 3441, 3427, 3399, 178666]","[5.0, 4.0, 4.0, 5.0, 5.0, 4.0, 5.0, 4.0, 3.0, 4.0, 5.0, 5.0, 5.0, 5.0, 2.0, 4.0, 3.0, 4.0, 5.0, 5.0, 5.0, 1.0, 2.0, 3.0, 4.0, 3.0, 3.0, 2.0, 0.0, 2.0]",0.1438518823043689,0.0,{},,,,,,,
MovieLens-25M,arms,TS,Clipped Suppression,9,1000000,30,,0.016442451420029897,1000000,0,74558.3115827732,2043376169,simulated,562307,suppressed non-target rounds (including 0->0),0.437693,0.437693,0,0.0,"[19378, 19416, 19396, 19358, 19421, 19369, 19401, 19382, 19455, 19339, 19345, 19406, 19476, 19522, 19288, 19419, 19441, 19346, 19359, 19464, 19356, 19452, 19472, 19358, 19352, 19353, 19358, 19348, 19277, 437693]","[0, 0, 0, 0, 0, 0, 0, 0, 0, 0, 0, 0, 0, 0, 0, 0, 0, 0, 0, 0, 0, 0, 0, 0, 0, 0, 0, 0, 0, 0]","[0.0, 0.0, 0.0, 0.0, 0.0, 0.0, 0.0, 0.0, 0.0, 0.0, 0.0, 0.0, 0.0, 0.0, 0.0, 0.0, 0.0, 0.0, 0.0, 0.0, 0.0, 0.0, 0.0, 0.0, 0.0, 0.0, 0.0, 0.0, 0.0, 0.0]",,,,,,,,,,
MovieLens-25M,arms,UCB,Ours,9,1000000,40,,0.016442451420029897,784496,215504,82062.04021557822,4033649277,simulated,215304,injected samples,0.918971,1.0,134470,2072.6666666666665,"[0, 0, 0, 0, 0, 0, 0, 0, 0, 0, 0, 0, 0, 0, 0, 0, 0, 0, 0, 0, 0, 0, 0, 0, 0, 0, 0, 0, 0, 0, 0, 0, 0, 0, 0, 0, 0, 0, 0, 784496]","[2094, 2094, 2094, 2094, 2094, 2062, 2094, 2078, 2078, 2094, 2046, 2078, 2078, 2078, 2078, 2094, 2062, 2078, 2078, 2062, 2062, 2094, 2078, 2062, 2078, 2078, 2078, 2078, 2046, 2078, 2030, 2078, 2062, 2094, 2062, 2046, 2030, 2030, 2062, 134470]","[5.0, 5.0, 5.0, 5.0, 5.0, 3.0, 5.0, 4.0, 4.0, 5.0, 2.0, 4.0, 4.0, 4.0, 4.0, 5.0, 3.0, 4.0, 4.0, 3.0, 3.0, 5.0, 4.0, 3.0, 4.0, 4.0, 4.0, 4.0, 2.0, 4.0, 1.0, 4.0, 3.0, 5.0, 3.0, 2.0, 1.0, 1.0, 3.0, 0.0]",0.11852975885747008,0.0,{},,,,,,,
MovieLens-25M,arms,UCB,Clipped Suppression,9,1000000,40,,0.016442451420029897,1000000,0,82062.04021557822,2744986730,simulated,927459,suppressed non-target rounds (including 0->0),0.072541,0.072541,0,0.0,"[23781, 23781, 23781, 23781, 23781, 23781, 23781, 23781, 23781, 23781, 23781, 23781, 23781, 23781, 23781, 23781, 23781, 23781, 23781, 23781, 23781, 23781, 23781, 23781, 23781, 23781, 23781, 23781, 23781, 23781, 23781, 23781, 23781, 23781, 23781, 23781, 23781, 23781, 23781, 72541]","[0, 0, 0, 0, 0, 0, 0, 0, 0, 0, 0, 0, 0, 0, 0, 0, 0, 0, 0, 0, 0, 0, 0, 0, 0, 0, 0, 0, 0, 0, 0, 0, 0, 0, 0, 0, 0, 0, 0, 0]","[0.0, 0.0, 0.0, 0.0, 0.0, 0.0, 0.0, 0.0, 0.0, 0.0, 0.0, 0.0, 0.0, 0.0, 0.0, 0.0, 0.0, 0.0, 0.0, 0.0, 0.0, 0.0, 0.0, 0.0, 0.0, 0.0, 0.0, 0.0, 0.0, 0.0, 0.0, 0.0, 0.0, 0.0, 0.0, 0.0, 0.0, 0.0, 0.0, 0.0]",,,,,,,,,,
MovieLens-25M,arms,TS,Ours,9,1000000,40,,0.016442451420029897,688630,311370,82062.04021557822,2100964201,simulated,311170,injected samples,0.886569,1.0,197934,2903.4871794871797,"[0, 0, 0, 0, 0, 0, 0, 0, 0, 0, 0, 0, 0, 0, 0, 0, 0, 0, 0, 0, 0, 0, 0, 0, 0, 0, 0, 0, 0, 0, 0, 0, 0, 0, 0, 0, 0, 0, 0, 688630]","[2920, 2920, 2920, 2920, 2920, 2895, 2920, 2908, 2908, 2920, 2882, 2908, 2908, 2908, 2908, 2920, 2895, 2908, 2908, 2895, 2895, 2920, 2908, 2895, 2908, 2908, 2908, 2908, 2882, 2908, 2870, 2908, 2895, 2920, 2895, 2882, 2870, 2870, 2895, 197934]","[5.0, 5.0, 5.0, 5.0, 5.0, 3.0, 5.0, 4.0, 4.0, 5.0, 2.0, 4.0, 4.0, 4.0, 4.0, 5.0, 3.0, 4.0, 4.0, 3.0, 3.0, 5.0, 4.0, 3.0, 4.0, 4.0, 4.0, 4.0, 2.0, 4.0, 1.0, 4.0, 3.0, 5.0, 3.0, 2.0, 1.0, 1.0, 3.0, 0.0]",0.15752923606322533,0.0,{},,,,,,,
MovieLens-25M,arms,TS,Clipped Suppression,9,1000000,40,,0.016442451420029897,1000000,0,82062.04021557822,1106081034,simulated,736081,suppressed non-target rounds (including 0->0),0.263919,0.263919,0,0.0,"[18907, 18908, 18879, 18903, 18828, 18951, 18904, 18869, 18834, 18717, 18898, 18897, 18821, 18814, 18928, 18899, 18935, 18807, 18900, 18769, 18807, 18815, 18863, 19076, 18874, 18897, 18887, 18906, 18910, 18953, 18840, 18890, 18810, 18871, 18784, 18910, 18948, 18874, 18798, 263919]","[0, 0, 0, 0, 0, 0, 0, 0, 0, 0, 0, 0, 0, 0, 0, 0, 0, 0, 0, 0, 0, 0, 0, 0, 0, 0, 0, 0, 0, 0, 0, 0, 0, 0, 0, 0, 0, 0, 0, 0]","[0.0, 0.0, 0.0, 0.0, 0.0, 0.0, 0.0, 0.0, 0.0, 0.0, 0.0, 0.0, 0.0, 0.0, 0.0, 0.0, 0.0, 0.0, 0.0, 0.0, 0.0, 0.0, 0.0, 0.0, 0.0, 0.0, 0.0, 0.0, 0.0, 0.0, 0.0, 0.0, 0.0, 0.0, 0.0, 0.0, 0.0, 0.0, 0.0, 0.0]",,,,,,,,,,
MovieLens-25M,arms,UCB,Ours,9,1000000,50,,0.016442451420029897,765124,234876,88398.65308761662,442950969,simulated,234626,injected samples,0.911241,1.0,146112,1806.408163265306,"[0, 0, 0, 0, 0, 0, 0, 0, 0, 0, 0, 0, 0, 0, 0, 0, 0, 0, 0, 0, 0, 0, 0, 0, 0, 0, 0, 0, 0, 0, 0, 0, 0, 0, 0, 0, 0, 0, 0, 0, 0, 0, 0, 0, 0, 0, 0, 0, 0, 765124]","[1826, 1826, 1796, 1811, 1811, 1811, 1811, 1826, 1796, 1811, 1796, 1826, 1811, 1811, 1826, 1811, 1811, 1826, 1811, 1826, 1811, 1826, 1811, 1826, 1811, 1796, 1796, 1811, 1811, 1781, 1826, 1826, 1811, 1811, 1766, 1796, 1796, 1826, 1796, 1811, 1811, 1811, 1796, 1796, 1766, 1766, 1766, 1796, 1781, 146112]","[5.0, 5.0, 3.0, 4.0, 4.0, 4.0, 4.0, 5.0, 3.0, 4.0, 3.0, 5.0, 4.0, 4.0, 5.0, 4.0, 4.0, 5.0, 4.0, 5.0, 4.0, 5.0, 4.0, 5.0, 4.0, 3.0, 3.0, 4.0, 4.0, 2.0, 5.0, 5.0, 4.0, 4.0, 1.0, 3.0, 3.0, 5.0, 3.0, 4.0, 4.0, 4.0, 3.0, 3.0, 1.0, 1.0, 1.0, 3.0, 2.0, 1.0]",0.12748372859885898,0.0,{},,,,,,,
MovieLens-25M,arms,UCB,Clipped Suppression,9,1000000,50,,0.016442451420029897,1000000,0,88398.65308761662,3425558237,simulated,944613,suppressed non-target rounds (including 0->0),0.055387,0.055387,0,0.0,"[19278, 19278, 19278, 19278, 19278, 19278, 19278, 19278, 19278, 19278, 19278, 19278, 19278, 19278, 19278, 19278, 19278, 19278, 19278, 19278, 19278, 19278, 19278, 19278, 19278, 19278, 19278, 19278, 19278, 19278, 19278, 19278, 19278, 19278, 19278, 19278, 19278, 19278, 19278, 19278, 19277, 19277, 19277, 19277, 19277, 19277, 19277, 19277, 19277, 55387]","[0, 0, 0, 0, 0, 0, 0, 0, 0, 0, 0, 0, 0, 0, 0, 0, 0, 0, 0, 0, 0, 0, 0, 0, 0, 0, 0, 0, 0, 0, 0, 0, 0, 0, 0, 0, 0, 0, 0, 0, 0, 0, 0, 0, 0, 0, 0, 0, 0, 0]","[0.0, 0.0, 0.0, 0.0, 0.0, 0.0, 0.0, 0.0, 0.0, 0.0, 0.0, 0.0, 0.0, 0.0, 0.0, 0.0, 0.0, 0.0, 0.0, 0.0, 0.0, 0.0, 0.0, 0.0, 0.0, 0.0, 0.0, 0.0, 0.0, 0.0, 0.0, 0.0, 0.0, 0.0, 0.0, 0.0, 0.0, 0.0, 0.0, 0.0, 0.0, 0.0, 0.0, 0.0, 0.0, 0.0, 0.0, 0.0, 0.0, 0.0]",,,,,,,,,,
MovieLens-25M,arms,TS,Ours,9,1000000,50,,0.016442451420029897,660651,339349,88398.65308761662,1310375252,simulated,339099,injected samples,0.874997,1.0,214341,2546.081632653061,"[0, 0, 0, 0, 0, 0, 0, 0, 0, 0, 0, 0, 0, 0, 0, 0, 0, 0, 0, 0, 0, 0, 0, 0, 0, 0, 0, 0, 0, 0, 0, 0, 0, 0, 0, 0, 0, 0, 0, 0, 0, 0, 0, 0, 0, 0, 0, 0, 0, 660651]","[2561, 2561, 2538, 2550, 2550, 2550, 2550, 2561, 2538, 2550, 2538, 2561, 2550, 2550, 2561, 2550, 2550, 2561, 2550, 2561, 2550, 2561, 2550, 2561, 2550, 2538, 2538, 2550, 2550, 2526, 2561, 2561, 2550, 2550, 2514, 2538, 2538, 2561, 2538, 2550, 2550, 2550, 2538, 2538, 2514, 2514, 2514, 2538, 2526, 214341]","[5.0, 5.0, 3.0, 4.0, 4.0, 4.0, 4.0, 5.0, 3.0, 4.0, 3.0, 5.0, 4.0, 4.0, 5.0, 4.0, 4.0, 5.0, 4.0, 5.0, 4.0, 5.0, 4.0, 5.0, 4.0, 3.0, 3.0, 4.0, 4.0, 2.0, 5.0, 5.0, 4.0, 4.0, 1.0, 3.0, 3.0, 5.0, 3.0, 4.0, 4.0, 4.0, 3.0, 3.0, 1.0, 1.0, 1.0, 3.0, 2.0, 1.0]",0.16883607665237815,0.0,{},,,,,,,
MovieLens-25M,arms,TS,Clipped Suppression,9,1000000,50,,0.016442451420029897,1000000,0,88398.65308761662,1604914563,simulated,793885,suppressed non-target rounds (including 0->0),0.206115,0.206115,0,0.0,"[16255, 16221, 16263, 16146, 16203, 16193, 16232, 16074, 16241, 16306, 16209, 16262, 16173, 16216, 16170, 16205, 16174, 16159, 16248, 16230, 16205, 16110, 16216, 16166, 16187, 16188, 16223, 16271, 16231, 16106, 16245, 16211, 16177, 16193, 16239, 16163, 16217, 16217, 16165, 16181, 16200, 16212, 16205, 16209, 16246, 16224, 16214, 16225, 16059, 206115]","[0, 0, 0, 0, 0, 0, 0, 0, 0, 0, 0, 0, 0, 0, 0, 0, 0, 0, 0, 0, 0, 0, 0, 0, 0, 0, 0, 0, 0, 0, 0, 0, 0, 0, 0, 0, 0, 0, 0, 0, 0, 0, 0, 0, 0, 0, 0, 0, 0, 0]","[0.0, 0.0, 0.0, 0.0, 0.0, 0.0, 0.0, 0.0, 0.0, 0.0, 0.0, 0.0, 0.0, 0.0, 0.0, 0.0, 0.0, 0.0, 0.0, 0.0, 0.0, 0.0, 0.0, 0.0, 0.0, 0.0, 0.0, 0.0, 0.0, 0.0, 0.0, 0.0, 0.0, 0.0, 0.0, 0.0, 0.0, 0.0, 0.0, 0.0, 0.0, 0.0, 0.0, 0.0, 0.0, 0.0, 0.0, 0.0, 0.0, 0.0]",,,,,,,,,,
MovieLens-25M,gap,UCB,Ours,9,1000000,10,0.0,0.0,875194,124806,51695.845932463315,826997889,simulated,124756,injected samples,0.953925,1.0,78726,5114.444444444444,"[0, 0, 0, 0, 0, 0, 0, 0, 0, 875194]","[5109, 5159, 5159, 5109, 5109, 5109, 5109, 5134, 5033, 78726]","[3.0, 5.0, 5.0, 3.0, 3.0, 3.0, 3.0, 4.0, 0.0, 0.0]",0.07297966187421073,0.0,{},,,,,,,
MovieLens-25M,gap,UCB,Direct,9,1000000,10,0.0,0.0,884611,115389,51695.845932463315,3671123338,simulated,115339,injected samples,0.957074,1.0,72458,4764.555555555556,"[0, 0, 0, 0, 0, 0, 0, 0, 0, 884611]","[4759, 4808, 4808, 4759, 4759, 4759, 4759, 4784, 4686, 72458]","[3.0, 5.0, 5.0, 3.0, 3.0, 3.0, 3.0, 4.0, 0.0, 0.0]",0.08140693355229539,0.0,"{""search"": ""same grid; exact integer TS target envelope"", ""z_stages"": [[0.0, 1.0055705112905038, 4097.0, 115342.0, 332.0], [0.08126070293875898, 0.08175170416497504, 1025.0, 115339.0, 305.0], [0.08140646892779187, 0.08140742791456182, 1025.0, 115339.0, 497.0], [0.08140693343700857, 0.0814069353100296, 1025.0, 115339.0, 64.0], [0.08140693355224327, 0.0814069335559015, 1025.0, 115339.0, 15.0], [0.08140693355229328, 0.08140693355230043, 1025.0, 115339.0, 302.0]]}",,,,,,,
MovieLens-25M,gap,UCB,Two-phase,9,1000000,10,0.0,0.0,1000000,0,51695.845932463315,2963754038,infeasible,,scheduled corrupted rounds,,,0,0.0,,"[0, 0, 0, 0, 0, 0, 0, 0, 0, 0]","[0.0, 0.0, 0.0, 0.0, 0.0, 0.0, 0.0, 0.0, 0.0, 0.0]",,,,0,0,"{""C1"": null, ""C2"": null, ""K"": 10, ""T"": 1000000, ""feasible"": false, ""learner"": ""UCB"", ""learner_setting"": ""mean + sqrt(log(T)/N)"", ""mu"": 0.0, ""reason"": ""undefined at mu_K=0"", ""source"": ""https://proceedings.neurips.cc/paper_files/paper/2021/file/be315e7f05e9f13629031915fe87ad44-Supplemental.pdf"", ""source_section"": ""A.2"", ""target_feedback"": ""deterministic mu_K"", ""total"": null, ""version"": ""xu2021-original-settings-v1""}",,,,
MovieLens-25M,gap,TS,Ours,9,1000000,10,0.0,0.0,817167,182833,51695.845932463315,3405434431,simulated,182783,injected samples,0.937482,1.0,120310,6941.444444444444,"[0, 0, 0, 0, 0, 0, 0, 0, 0, 817167]","[6937, 6977, 6977, 6937, 6937, 6937, 6937, 6957, 6877, 120310]","[3.0, 5.0, 5.0, 3.0, 3.0, 3.0, 3.0, 4.0, 0.0, 0.0]",0.09958413010231332,0.0,{},,,,,,,
MovieLens-25M,gap,TS,Direct,9,1000000,10,0.0,0.0,836619,163381,51695.845932463315,3742219239,simulated,163331,injected samples,0.943712,1.0,107088,6249.222222222223,"[0, 0, 0, 0, 0, 0, 0, 0, 0, 836619]","[6245, 6283, 6283, 6245, 6245, 6245, 6245, 6264, 6188, 107088]","[3.0, 5.0, 5.0, 3.0, 3.0, 3.0, 3.0, 4.0, 0.0, 0.0]",0.10497143270604688,0.0,"{""search"": ""same grid; exact integer TS target envelope"", ""z_stages"": [[0.0, 0.9917340366815204, 4097.0, 163334.0, 433.0], [0.1045969491812541, 0.1050811943163525, 1025.0, 163331.0, 792.0], [0.10497100963229203, 0.10497195542357152, 1025.0, 163331.0, 459.0], [0.10497143265221977, 0.10497143449946836, 1025.0, 163331.0, 30.0], [0.10497143270453442, 0.10497143270814233, 1025.0, 163331.0, 430.0], [0.10497143270604593, 0.10497143270605298, 1025.0, 163331.0, 137.0]]}",,,,,,,
MovieLens-25M,gap,TS,Two-phase,9,1000000,10,0.0,0.0,1000000,0,51695.845932463315,2533690276,infeasible,,scheduled corrupted rounds,,,0,0.0,,"[0, 0, 0, 0, 0, 0, 0, 0, 0, 0]","[0.0, 0.0, 0.0, 0.0, 0.0, 0.0, 0.0, 0.0, 0.0, 0.0]",,,,0,0,"{""C1"": null, ""C2"": null, ""K"": 10, ""T"": 1000000, ""feasible"": false, ""learner"": ""TS"", ""learner_setting"": ""Beta(sum+1, N-sum+1)"", ""mu"": 0.0, ""reason"": ""undefined at mu_K=0"", ""source"": ""https://proceedings.neurips.cc/paper_files/paper/2021/file/be315e7f05e9f13629031915fe87ad44-Supplemental.pdf"", ""source_section"": ""A.4"", ""target_feedback"": ""Bernoulli(mu_K)"", ""total"": null, ""version"": ""xu2021-original-settings-v1""}",,,,
MovieLens-25M,gap,UCB,Ours,9,1000000,10,0.1,0.005169584593246332,880771,119229,51695.845932463315,3005706518,simulated,119179,injected samples,0.954075,1.0,73299,5097.777777777777,"[0, 0, 0, 0, 0, 0, 0, 0, 0, 880771]","[5092, 5143, 5143, 5092, 5092, 5092, 5092, 5118, 5016, 73299]","[3.0, 5.0, 5.0, 3.0, 3.0, 3.0, 3.0, 4.0, 0.0, 0.02584792296623166]",0.07310854945318568,0.005169584593246332,{},,,,,,,
MovieLens-25M,gap,UCB,Direct,9,1000000,10,0.1,0.005169584593246332,889208,110792,51695.845932463315,156550130,simulated,110742,injected samples,0.957119,1.0,67906,4759.555555555556,"[0, 0, 0, 0, 0, 0, 0, 0, 0, 889208]","[4754, 4803, 4803, 4754, 4754, 4754, 4754, 4779, 4681, 67906]","[3.0, 5.0, 5.0, 3.0, 3.0, 3.0, 3.0, 4.0, 0.0, 0.02584792296623166]",0.0814500179453677,0.005169584593246332,"{""search"": ""same grid; exact integer TS target envelope"", ""z_stages"": [[0.0, 1.005570537139616, 4097.0, 110746.0, 332.0], [0.08126070502763987, 0.08175170626647757, 1025.0, 110742.0, 395.0], [0.08144962542617702, 0.08145058441297164, 1025.0, 110742.0, 420.0], [0.08145001782409396, 0.08145001969711504, 1025.0, 110742.0, 67.0], [0.08145001794481602, 0.08145001794847427, 1025.0, 110742.0, 155.0], [0.08145001794536619, 0.08145001794537333, 1025.0, 110742.0, 216.0]]}",,,,,,,
MovieLens-25M,gap,UCB,Two-phase,9,1000000,10,0.1,0.005169584593246332,1000000,0,51695.845932463315,2192141891,infeasible,5196454,scheduled corrupted rounds,,,0,0.0,,"[0, 0, 0, 0, 0, 0, 0, 0, 0, 0]","[0.0, 0.0, 0.0, 0.0, 0.0, 0.0, 0.0, 0.0, 0.0, 0.0]",,,,5169590,26864,"{""C1"": 5169590, ""C2"": 26864, ""K"": 10, ""T"": 1000000, ""feasible"": false, ""learner"": ""UCB"", ""learner_setting"": ""mean + sqrt(log(T)/N)"", ""mu"": 0.005169584593246332, ""reason"": ""original budget reaches/exceeds T"", ""source"": ""https://proceedings.neurips.cc/paper_files/paper/2021/file/be315e7f05e9f13629031915fe87ad44-Supplemental.pdf"", ""source_section"": ""A.2"", ""target_feedback"": ""deterministic mu_K"", ""total"": 5196454, ""version"": ""xu2021-original-settings-v1""}",,,,
MovieLens-25M,gap,TS,Ours,9,1000000,10,0.1,0.005169584593246332,822933,177067,51695.845932463315,4053138982,simulated,177017,injected samples,0.93768,1.0,114742,6919.444444444444,"[0, 0, 0, 0, 0, 0, 0, 0, 0, 822933]","[6915, 6955, 6955, 6915, 6915, 6915, 6915, 6935, 6855, 114742]","[3.0, 5.0, 5.0, 3.0, 3.0, 3.0, 3.0, 4.0, 0.0, 0.02584792296623166]",0.09974363152782009,0.005169584593246332,{},,,,,,,
MovieLens-25M,gap,TS,Direct,9,1000000,10,0.1,0.005169584593246332,840967,159033,51695.845932463315,1412284331,simulated,158983,injected samples,0.943775,1.0,102803,6242.222222222223,"[0, 0, 0, 0, 0, 0, 0, 0, 0, 840967]","[6238, 6276, 6276, 6238, 6238, 6238, 6238, 6257, 6181, 102803]","[3.0, 5.0, 5.0, 3.0, 3.0, 3.0, 3.0, 4.0, 0.0, 0.02584792296623166]",0.10503057299040264,0.005169584593246332,"{""search"": ""same grid; exact integer TS target envelope"", ""z_stages"": [[0.0, 0.9917340625306325, 4097.0, 158987.0, 433.0], [0.10459695190752764, 0.10508119705524768, 1025.0, 158983.0, 917.0], [0.10503012432482409, 0.10503107011612822, 1025.0, 158983.0, 486.0], [0.1050305722826195, 0.10503057412986815, 1025.0, 158983.0, 393.0], [0.10503057298976937, 0.10503057299337729, 1025.0, 158983.0, 180.0], [0.10503057299040004, 0.10503057299040709, 1025.0, 158983.0, 376.0]]}",,,,,,,
MovieLens-25M,gap,TS,Two-phase,9,1000000,10,0.1,0.005169584593246332,1000000,0,51695.845932463315,3354464705,infeasible,2098502,scheduled corrupted rounds,,,0,0.0,,"[0, 0, 0, 0, 0, 0, 0, 0, 0, 0]","[0.0, 0.0, 0.0, 0.0, 0.0, 0.0, 0.0, 0.0, 0.0, 0.0]",,,,2067834,30668,"{""C1"": 2067834, ""C2"": 30668, ""K"": 10, ""T"": 1000000, ""beta"": 0.9545316954435116, ""feasible"": false, ""learner"": ""TS"", ""learner_setting"": ""Beta(sum+1, N-sum+1)"", ""mu"": 0.005169584593246332, ""n1"": 201972.97093474137, ""n2"": 211593.82906525867, ""n3"": 1.0496843132033238, ""promotion_term"": 21490.784001452565, ""reason"": ""original budget reaches/exceeds T"", ""source"": ""https://proceedings.neurips.cc/paper_files/paper/2021/file/be315e7f05e9f13629031915fe87ad44-Supplemental.pdf"", ""source_section"": ""A.4"", ""target_feedback"": ""Bernoulli(mu_K)"", ""total"": 2098502, ""version"": ""xu2021-original-settings-v1"", ""waiting_term"": 9176.919442654274}",,,,
MovieLens-25M,gap,UCB,Ours,9,1000000,10,0.2,0.010339169186492664,886346,113654,51695.845932463315,3988856355,simulated,113604,injected samples,0.954222,1.0,67871,5081.444444444444,"[0, 0, 0, 0, 0, 0, 0, 0, 0, 886346]","[5076, 5126, 5126, 5076, 5076, 5076, 5076, 5101, 5000, 67871]","[3.0, 5.0, 5.0, 3.0, 3.0, 3.0, 3.0, 4.0, 0.0, 0.05169584593246332]",0.07323831062708891,0.010339169186492664,{},,,,,,,
MovieLens-25M,gap,UCB,Direct,9,1000000,10,0.2,0.010339169186492664,893853,106147,51695.845932463315,1493052683,simulated,106097,injected samples,0.957146,1.0,63288,4756.555555555556,"[0, 0, 0, 0, 0, 0, 0, 0, 0, 893853]","[4751, 4800, 4800, 4751, 4751, 4751, 4751, 4776, 4678, 63288]","[3.0, 5.0, 5.0, 3.0, 3.0, 3.0, 3.0, 4.0, 0.0, 0.05169584593246332]",0.08147590135419928,0.010339169186492664,"{""search"": ""same grid; exact integer TS target envelope"", ""z_stages"": [[0.0, 1.005570562988728, 4097.0, 106101.0, 332.0], [0.08126070711652074, 0.08175170836798008, 1025.0, 106097.0, 449.0], [0.0814755201640342, 0.08147647915085346, 1025.0, 106097.0, 408.0], [0.08147590132383443, 0.08147590319685556, 1025.0, 106097.0, 17.0], [0.08147590135310039, 0.08147590135675864, 1025.0, 106097.0, 308.0], [0.08147590135419715, 0.0814759013542043, 1025.0, 106097.0, 306.0]]}",,,,,,,
MovieLens-25M,gap,UCB,Two-phase,9,1000000,10,0.2,0.010339169186492664,1000000,0,51695.845932463315,2072308834,infeasible,1305902,scheduled corrupted rounds,,,0,0.0,,"[0, 0, 0, 0, 0, 0, 0, 0, 0, 0]","[0.0, 0.0, 0.0, 0.0, 0.0, 0.0, 0.0, 0.0, 0.0, 0.0]",,,,1292400,13502,"{""C1"": 1292400, ""C2"": 13502, ""K"": 10, ""T"": 1000000, ""feasible"": false, ""learner"": ""UCB"", ""learner_setting"": ""mean + sqrt(log(T)/N)"", ""mu"": 0.010339169186492664, ""reason"": ""original budget reaches/exceeds T"", ""source"": ""https://proceedings.neurips.cc/paper_files/paper/2021/file/be315e7f05e9f13629031915fe87ad44-Supplemental.pdf"", ""source_section"": ""A.2"", ""target_feedback"": ""deterministic mu_K"", ""total"": 1305902, ""version"": ""xu2021-original-settings-v1""}",,,,
MovieLens-25M,gap,TS,Ours,9,1000000,10,0.2,0.010339169186492664,828703,171297,51695.845932463315,3673082592,simulated,171247,injected samples,0.937881,1.0,109173,6897.111111111111,"[0, 0, 0, 0, 0, 0, 0, 0, 0, 828703]","[6893, 6932, 6932, 6893, 6893, 6893, 6893, 6912, 6833, 109173]","[3.0, 5.0, 5.0, 3.0, 3.0, 3.0, 3.0, 4.0, 0.0, 0.05169584593246332]",0.09990419921741522,0.010339169186492664,{},,,,,,,
MovieLens-25M,gap,TS,Direct,9,1000000,10,0.2,0.010339169186492664,845360,154640,51695.845932463315,4084484693,simulated,154590,injected samples,0.943766,1.0,98401,6243.222222222223,"[0, 0, 0, 0, 0, 0, 0, 0, 0, 845360]","[6239, 6277, 6277, 6239, 6239, 6239, 6239, 6258, 6182, 98401]","[3.0, 5.0, 5.0, 3.0, 3.0, 3.0, 3.0, 4.0, 0.0, 0.05169584593246332]",0.1050220859776921,0.010339169186492664,"{""search"": ""same grid; exact integer TS target envelope"", ""z_stages"": [[0.0, 0.9917340883797444, 4097.0, 154594.0, 433.0], [0.10459695463380117, 0.10508119979414283, 1025.0, 154590.0, 899.0], [0.10502161494042891, 0.10502256073175771, 1025.0, 154590.0, 510.0], [0.10502208506522027, 0.10502208691246896, 1025.0, 154590.0, 506.0], [0.10502208597621694, 0.10502208597982485, 1025.0, 154590.0, 419.0], [0.1050220859776897, 0.10502208597769674, 1025.0, 154590.0, 348.0]]}",,,,,,,
MovieLens-25M,gap,TS,Two-phase,9,1000000,10,0.2,0.010339169186492664,1000000,0,51695.845932463315,2750474772,simulated,539705,scheduled corrupted rounds,0.534588,0.534588,0,0.0,"[51656, 51647, 51579, 51866, 51721, 51701, 51701, 51865, 51676, 534588]","[0, 0, 0, 0, 0, 0, 0, 0, 0, 0]","[0.0, 0.0, 0.0, 0.0, 0.0, 0.0, 0.0, 0.0, 0.0, 0.0]",,,,516959,22746,"{""C1"": 516959, ""C2"": 22746, ""K"": 10, ""T"": 1000000, ""beta"": 0.9110860762152083, ""feasible"": true, ""learner"": ""TS"", ""learner_setting"": ""Beta(sum+1, N-sum+1)"", ""mu"": 0.010339169186492664, ""n1"": 49290.684304214476, ""n2"": 54101.115695785535, ""n3"": 1.0997390623339454, ""promotion_term"": 10801.53199371647, ""reason"": """", ""source"": ""https://proceedings.neurips.cc/paper_files/paper/2021/file/be315e7f05e9f13629031915fe87ad44-Supplemental.pdf"", ""source_section"": ""A.4"", ""target_feedback"": ""Bernoulli(mu_K)"", ""total"": 539705, ""version"": ""xu2021-original-settings-v1"", ""waiting_term"": 11943.844471723236}","[51654, 51641, 51576, 51862, 51719, 51698, 51696, 51865, 51674, 51574]","[2, 6, 3, 4, 2, 3, 5, 0, 2, 22719]","[0, 0, 0, 0, 0, 0, 0, 0, 0, 460295]",1.0
MovieLens-25M,gap,UCB,Ours,9,1000000,10,0.3,0.015508753779738994,891927,108073,51695.845932463315,2519244514,simulated,108023,injected samples,0.954375,1.0,62443,5064.444444444444,"[0, 0, 0, 0, 0, 0, 0, 0, 0, 891927]","[5059, 5109, 5109, 5059, 5059, 5059, 5059, 5084, 4983, 62443]","[3.0, 5.0, 5.0, 3.0, 3.0, 3.0, 3.0, 4.0, 0.0, 0.07754376889869496]",0.07336895363361648,0.015508753779738994,{},,,,,,,
MovieLens-25M,gap,UCB,Direct,9,1000000,10,0.3,0.015508753779738994,898546,101454,51695.845932463315,627547340,simulated,101404,injected samples,0.957074,1.0,58523,4764.555555555556,"[0, 0, 0, 0, 0, 0, 0, 0, 0, 898546]","[4759, 4808, 4808, 4759, 4759, 4759, 4759, 4784, 4686, 58523]","[3.0, 5.0, 5.0, 3.0, 3.0, 3.0, 3.0, 4.0, 0.0, 0.07754376889869496]",0.08140693355229539,0.015508753779738994,"{""search"": ""same grid; exact integer TS target envelope"", ""z_stages"": [[0.0, 1.00557058883784, 4097.0, 101407.0, 332.0], [0.08126070920540161, 0.08175171046948258, 1025.0, 101404.0, 305.0], [0.08140647520567565, 0.08140743419251956, 1025.0, 101404.0, 490.0], [0.08140693315935404, 0.08140693503237521, 1025.0, 101404.0, 215.0], [0.08140693355078621, 0.08140693355444445, 1025.0, 101404.0, 423.0], [0.08140693355229381, 0.08140693355230096, 1025.0, 101404.0, 226.0]]}",,,,,,,
MovieLens-25M,gap,UCB,Two-phase,9,1000000,10,0.3,0.015508753779738994,1000000,0,51695.845932463315,3635099173,simulated,583449,scheduled corrupted rounds,0.483031,0.483031,0,0.0,"[57441, 57441, 57441, 57441, 57441, 57441, 57441, 57441, 57441, 483031]","[0, 0, 0, 0, 0, 0, 0, 0, 0, 0]","[0.0, 0.0, 0.0, 0.0, 0.0, 0.0, 0.0, 0.0, 0.0, 0.0]",,,,574400,9049,"{""C1"": 574400, ""C2"": 9049, ""K"": 10, ""T"": 1000000, ""feasible"": true, ""learner"": ""UCB"", ""learner_setting"": ""mean + sqrt(log(T)/N)"", ""mu"": 0.015508753779738994, ""reason"": """", ""source"": ""https://proceedings.neurips.cc/paper_files/paper/2021/file/be315e7f05e9f13629031915fe87ad44-Supplemental.pdf"", ""source_section"": ""A.2"", ""target_feedback"": ""deterministic mu_K"", ""total"": 583449, ""version"": ""xu2021-original-settings-v1""}","[57440, 57440, 57440, 57440, 57440, 57440, 57440, 57440, 57440, 57440]","[1, 1, 1, 1, 1, 1, 1, 1, 1, 9040]","[0, 0, 0, 0, 0, 0, 0, 0, 0, 416551]",1.0
MovieLens-25M,gap,TS,Ours,9,1000000,10,0.3,0.015508753779738994,834475,165525,51695.845932463315,1879319354,simulated,165475,injected samples,0.938084,1.0,103604,6874.555555555556,"[0, 0, 0, 0, 0, 0, 0, 0, 0, 834475]","[6870, 6910, 6910, 6870, 6870, 6870, 6870, 6890, 6811, 103604]","[3.0, 5.0, 5.0, 3.0, 3.0, 3.0, 3.0, 4.0, 0.0, 0.07754376889869496]",0.10006584571810798,0.015508753779738994,{},,,,,,,
MovieLens-25M,gap,TS,Direct,9,1000000,10,0.3,0.015508753779738994,849799,150201,51695.845932463315,927137864,simulated,150151,injected samples,0.943766,1.0,93962,6243.222222222223,"[0, 0, 0, 0, 0, 0, 0, 0, 0, 849799]","[6239, 6277, 6277, 6239, 6239, 6239, 6239, 6258, 6182, 93962]","[3.0, 5.0, 5.0, 3.0, 3.0, 3.0, 3.0, 4.0, 0.0, 0.07754376889869496]",0.1050220859776921,0.015508753779738994,"{""search"": ""same grid; exact integer TS target envelope"", ""z_stages"": [[0.0, 0.9917341142288565, 4097.0, 150155.0, 433.0], [0.10459695736007471, 0.10508120253303802, 1025.0, 150151.0, 899.0], [0.10502161767777105, 0.10502256346912449, 1025.0, 150151.0, 508.0], [0.10502208595532593, 0.10502208780257466, 1025.0, 150151.0, 13.0], [0.10502208597697338, 0.10502208598058128, 1025.0, 150151.0, 204.0], [0.10502208597768861, 0.10502208597769566, 1025.0, 150151.0, 505.0]]}",,,,,,,
MovieLens-25M,gap,TS,Two-phase,9,1000000,10,0.3,0.015508753779738994,1000000,0,51695.845932463315,2754045323,simulated,252629,scheduled corrupted rounds,0.793132,0.793132,0,0.0,"[23058, 22975, 23037, 22948, 22961, 22917, 22958, 23062, 22952, 793132]","[0, 0, 0, 0, 0, 0, 0, 0, 0, 0]","[0.0, 0.0, 0.0, 0.0, 0.0, 0.0, 0.0, 0.0, 0.0, 0.0]",,,,229760,22869,"{""C1"": 229760, ""C2"": 22869, ""K"": 10, ""T"": 1000000, ""beta"": 0.8695323470156004, ""feasible"": true, ""learner"": ""TS"", ""learner_setting"": ""Beta(sum+1, N-sum+1)"", ""mu"": 0.015508753779738994, ""n1"": 21372.5213186025, ""n2"": 24579.4786813975, ""n3"": 1.1522940470257748, ""promotion_term"": 7238.848048905075, ""reason"": """", ""source"": ""https://proceedings.neurips.cc/paper_files/paper/2021/file/be315e7f05e9f13629031915fe87ad44-Supplemental.pdf"", ""source_section"": ""A.4"", ""target_feedback"": ""Bernoulli(mu_K)"", ""total"": 252629, ""version"": ""xu2021-original-settings-v1"", ""waiting_term"": 15629.872243122792}","[23053, 22975, 23035, 22947, 22960, 22916, 22954, 23060, 22951, 22909]","[5, 0, 2, 1, 1, 1, 4, 2, 1, 22852]","[0, 0, 0, 0, 0, 0, 0, 0, 0, 747371]",1.0
MovieLens-25M,gap,UCB,Ours,9,1000000,10,0.4,0.020678338372985328,897508,102492,51695.845932463315,3665016131,simulated,102442,injected samples,0.954527,1.0,57014,5047.555555555556,"[0, 0, 0, 0, 0, 0, 0, 0, 0, 897508]","[5042, 5092, 5092, 5042, 5042, 5042, 5042, 5067, 4967, 57014]","[3.0, 5.0, 5.0, 3.0, 3.0, 3.0, 3.0, 4.0, 0.0, 0.10339169186492664]",0.07350049217456817,0.020678338372985328,{},,,,,,,
MovieLens-25M,gap,UCB,Direct,9,1000000,10,0.4,0.020678338372985328,903290,96710,51695.845932463315,3584318876,simulated,96660,injected samples,0.957182,1.0,53887,4752.555555555556,"[0, 0, 0, 0, 0, 0, 0, 0, 0, 903290]","[4747, 4796, 4796, 4747, 4747, 4747, 4747, 4772, 4674, 53887]","[3.0, 5.0, 5.0, 3.0, 3.0, 3.0, 3.0, 4.0, 0.0, 0.10339169186492664]",0.08151045088190083,0.020678338372985328,"{""search"": ""same grid; exact integer TS target envelope"", ""z_stages"": [[0.0, 1.0055706146869519, 4097.0, 96664.0, 332.0], [0.08126071129428249, 0.0817517125709851, 1025.0, 96660.0, 521.0], [0.08151004788010803, 0.08151100686697658, 1025.0, 96660.0, 431.0], [0.08151045057967198, 0.0815104524526932, 1025.0, 96660.0, 166.0], [0.08151045088147715, 0.0815104508851354, 1025.0, 96660.0, 119.0], [0.0815104508818987, 0.08151045088190585, 1025.0, 96660.0, 304.0]]}",,,,,,,
MovieLens-25M,gap,UCB,Two-phase,9,1000000,10,0.4,0.020678338372985328,1000000,0,51695.845932463315,2576351624,simulated,329923,scheduled corrupted rounds,0.709201,0.709201,0,0.0,"[32311, 32311, 32311, 32311, 32311, 32311, 32311, 32311, 32311, 709201]","[0, 0, 0, 0, 0, 0, 0, 0, 0, 0]","[0.0, 0.0, 0.0, 0.0, 0.0, 0.0, 0.0, 0.0, 0.0, 0.0]",,,,323100,6823,"{""C1"": 323100, ""C2"": 6823, ""K"": 10, ""T"": 1000000, ""feasible"": true, ""learner"": ""UCB"", ""learner_setting"": ""mean + sqrt(log(T)/N)"", ""mu"": 0.020678338372985328, ""reason"": """", ""source"": ""https://proceedings.neurips.cc/paper_files/paper/2021/file/be315e7f05e9f13629031915fe87ad44-Supplemental.pdf"", ""source_section"": ""A.2"", ""target_feedback"": ""deterministic mu_K"", ""total"": 329923, ""version"": ""xu2021-original-settings-v1""}","[32310, 32310, 32310, 32310, 32310, 32310, 32310, 32310, 32310, 32310]","[1, 1, 1, 1, 1, 1, 1, 1, 1, 6814]","[0, 0, 0, 0, 0, 0, 0, 0, 0, 670077]",1.0
MovieLens-25M,gap,TS,Ours,9,1000000,10,0.4,0.020678338372985328,840244,159756,51695.845932463315,2666206543,simulated,159706,injected samples,0.938283,1.0,98034,6852.444444444444,"[0, 0, 0, 0, 0, 0, 0, 0, 0, 840244]","[6848, 6888, 6888, 6848, 6848, 6848, 6848, 6868, 6788, 98034]","[3.0, 5.0, 5.0, 3.0, 3.0, 3.0, 3.0, 4.0, 0.0, 0.10339169186492664]",0.10022858340208857,0.020678338372985328,{},,,,,,,
MovieLens-25M,gap,TS,Direct,9,1000000,10,0.4,0.020678338372985328,854284,145716,51695.845932463315,4133327352,simulated,145666,injected samples,0.943658,1.0,89369,6255.222222222223,"[0, 0, 0, 0, 0, 0, 0, 0, 0, 854284]","[6251, 6289, 6289, 6251, 6251, 6251, 6251, 6270, 6194, 89369]","[3.0, 5.0, 5.0, 3.0, 3.0, 3.0, 3.0, 4.0, 0.0, 0.10339169186492664]",0.10492085254366532,0.020678338372985328,"{""search"": ""same grid; exact integer TS target envelope"", ""z_stages"": [[0.0, 0.9917341400779685, 4097.0, 145669.0, 433.0], [0.10459696008634824, 0.10508120527193318, 1025.0, 145666.0, 685.0], [0.10492042073765694, 0.10492136652903503, 1025.0, 145666.0, 468.0], [0.10492085207024832, 0.1049208539174971, 1025.0, 145666.0, 263.0], [0.10492085254288423, 0.10492085254649214, 1025.0, 145666.0, 222.0], [0.10492085254366289, 0.10492085254366994, 1025.0, 145666.0, 352.0]]}",,,,,,,
MovieLens-25M,gap,TS,Two-phase,9,1000000,10,0.4,0.020678338372985328,1000000,0,51695.845932463315,2637142937,simulated,155270,scheduled corrupted rounds,0.883645,0.883645,0,0.0,"[12937, 12958, 12943, 12907, 12850, 12948, 12955, 12931, 12926, 883645]","[0, 0, 0, 0, 0, 0, 0, 0, 0, 0]","[0.0, 0.0, 0.0, 0.0, 0.0, 0.0, 0.0, 0.0, 0.0, 0.0]",,,,129240,26030,"{""C1"": 129240, ""C2"": 26030, ""K"": 10, ""T"": 1000000, ""beta"": 0.8297505246489114, ""feasible"": true, ""learner"": ""TS"", ""learner_setting"": ""Beta(sum+1, N-sum+1)"", ""mu"": 0.020678338372985328, ""n1"": 11721.390988951873, ""n2"": 14126.609011048127, ""n3"": 1.2075399983463464, ""promotion_term"": 5457.795035156615, ""reason"": """", ""source"": ""https://proceedings.neurips.cc/paper_files/paper/2021/file/be315e7f05e9f13629031915fe87ad44-Supplemental.pdf"", ""source_section"": ""A.4"", ""target_feedback"": ""Bernoulli(mu_K)"", ""total"": 155270, ""version"": ""xu2021-original-settings-v1"", ""waiting_term"": 20571.576084349912}","[12936, 12958, 12942, 12906, 12849, 12948, 12953, 12929, 12926, 12893]","[1, 0, 1, 1, 1, 0, 2, 2, 0, 26022]","[0, 0, 0, 0, 0, 0, 0, 0, 0, 844730]",1.0
MovieLens-25M,gap,UCB,Ours,9,1000000,10,0.5,0.025847922966231656,903082,96918,51695.845932463315,3709987096,simulated,96868,injected samples,0.954672,1.0,51585,5031.444444444444,"[0, 0, 0, 0, 0, 0, 0, 0, 0, 903082]","[5026, 5076, 5076, 5026, 5026, 5026, 5026, 5051, 4950, 51585]","[3.0, 5.0, 5.0, 3.0, 3.0, 3.0, 3.0, 4.0, 0.0, 0.12923961483115828]",0.073632932849416,0.025847922966231656,{},,,,,,,
MovieLens-25M,gap,UCB,Direct,9,1000000,10,0.5,0.025847922966231656,908083,91917,51695.845932463315,4148139984,simulated,91867,injected samples,0.957065,1.0,48977,4765.555555555556,"[0, 0, 0, 0, 0, 0, 0, 0, 0, 908083]","[4760, 4809, 4809, 4760, 4760, 4760, 4760, 4785, 4687, 48977]","[3.0, 5.0, 5.0, 3.0, 3.0, 3.0, 3.0, 4.0, 0.0, 0.12923961483115828]",0.08139832485397766,0.025847922966231656,"{""search"": ""same grid; exact integer TS target envelope"", ""z_stages"": [[0.0, 1.005570640536064, 4097.0, 91870.0, 332.0], [0.08126071338316337, 0.08175171467248762, 1025.0, 91867.0, 287.0], [0.0813978485088926, 0.08139880749578582, 1025.0, 91867.0, 509.0], [0.08139832425629666, 0.08139832612931794, 1025.0, 91867.0, 327.0], [0.08139832485259055, 0.08139832485624879, 1025.0, 91867.0, 389.0], [0.08139832485397668, 0.08139832485398382, 1025.0, 91867.0, 141.0]]}",,,,,,,
MovieLens-25M,gap,UCB,Two-phase,9,1000000,10,0.5,0.025847922966231656,1000000,0,51695.845932463315,276749813,simulated,212277,scheduled corrupted rounds,0.81388,0.81388,0,0.0,"[20680, 20680, 20680, 20680, 20680, 20680, 20680, 20680, 20680, 813880]","[0, 0, 0, 0, 0, 0, 0, 0, 0, 0]","[0.0, 0.0, 0.0, 0.0, 0.0, 0.0, 0.0, 0.0, 0.0, 0.0]",,,,206790,5487,"{""C1"": 206790, ""C2"": 5487, ""K"": 10, ""T"": 1000000, ""feasible"": true, ""learner"": ""UCB"", ""learner_setting"": ""mean + sqrt(log(T)/N)"", ""mu"": 0.025847922966231656, ""reason"": """", ""source"": ""https://proceedings.neurips.cc/paper_files/paper/2021/file/be315e7f05e9f13629031915fe87ad44-Supplemental.pdf"", ""source_section"": ""A.2"", ""target_feedback"": ""deterministic mu_K"", ""total"": 212277, ""version"": ""xu2021-original-settings-v1""}","[20679, 20679, 20679, 20679, 20679, 20679, 20679, 20679, 20679, 20679]","[1, 1, 1, 1, 1, 1, 1, 1, 1, 5478]","[0, 0, 0, 0, 0, 0, 0, 0, 0, 787723]",1.0
MovieLens-25M,gap,TS,Ours,9,1000000,10,0.5,0.025847922966231656,846013,153987,51695.845932463315,2854546911,simulated,153937,injected samples,0.938481,1.0,92463,6830.444444444444,"[0, 0, 0, 0, 0, 0, 0, 0, 0, 846013]","[6826, 6866, 6866, 6826, 6826, 6826, 6826, 6846, 6766, 92463]","[3.0, 5.0, 5.0, 3.0, 3.0, 3.0, 3.0, 4.0, 0.0, 0.12923961483115828]",0.10039242559342915,0.025847922966231656,{},,,,,,,
MovieLens-25M,gap,TS,Direct,9,1000000,10,0.5,0.025847922966231656,858818,141182,51695.845932463315,3455883402,simulated,141132,injected samples,0.943712,1.0,84889,6249.222222222223,"[0, 0, 0, 0, 0, 0, 0, 0, 0, 858818]","[6245, 6283, 6283, 6245, 6245, 6245, 6245, 6264, 6188, 84889]","[3.0, 5.0, 5.0, 3.0, 3.0, 3.0, 3.0, 4.0, 0.0, 0.12923961483115828]",0.10497143270604688,0.025847922966231656,"{""search"": ""same grid; exact integer TS target envelope"", ""z_stages"": [[0.0, 0.9917341659270805, 4097.0, 141136.0, 433.0], [0.10459696281262178, 0.10508120801082836, 1025.0, 141132.0, 792.0], [0.1049710233124083, 0.10497196910381106, 1025.0, 141132.0, 444.0], [0.10497143247802493, 0.10497143432527375, 1025.0, 141132.0, 127.0], [0.10497143270532312, 0.10497143270893103, 1025.0, 141132.0, 206.0], [0.1049714327060454, 0.10497143270605246, 1025.0, 141132.0, 213.0]]}",,,,,,,
MovieLens-25M,gap,TS,Two-phase,9,1000000,10,0.5,0.025847922966231656,1000000,0,51695.845932463315,2859468595,simulated,114345,scheduled corrupted rounds,0.92555,0.92555,0,0.0,"[8251, 8291, 8336, 8357, 8293, 8234, 8183, 8244, 8261, 925550]","[0, 0, 0, 0, 0, 0, 0, 0, 0, 0]","[0.0, 0.0, 0.0, 0.0, 0.0, 0.0, 0.0, 0.0, 0.0, 0.0]",,,,82714,31631,"{""C1"": 82714, ""C2"": 31631, ""K"": 10, ""T"": 1000000, ""beta"": 0.7916312468634676, ""feasible"": true, ""learner"": ""TS"", ""learner_setting"": ""Beta(sum+1, N-sum+1)"", ""mu"": 0.025847922966231656, ""n1"": 7309.3104648547105, ""n2"": 9233.48953514529, ""n3"": 1.2656864558243412, ""promotion_term"": 4389.427791888336, ""reason"": """", ""source"": ""https://proceedings.neurips.cc/paper_files/paper/2021/file/be315e7f05e9f13629031915fe87ad44-Supplemental.pdf"", ""source_section"": ""A.4"", ""target_feedback"": ""Bernoulli(mu_K)"", ""total"": 114345, ""version"": ""xu2021-original-settings-v1"", ""waiting_term"": 27241.08315291435}","[8247, 8286, 8335, 8357, 8289, 8232, 8180, 8239, 8259, 8290]","[4, 5, 1, 0, 4, 2, 3, 5, 2, 31605]","[0, 0, 0, 0, 0, 0, 0, 0, 0, 885655]",1.0
MovieLens-25M,gap,UCB,Ours,9,1000000,10,0.75,0.03877188444934749,917039,82961,51695.845932463315,3797433177,simulated,82911,injected samples,0.955053,1.0,38009,4989.111111111111,"[0, 0, 0, 0, 0, 0, 0, 0, 0, 917039]","[4984, 5033, 5033, 4984, 4984, 4984, 4984, 5008, 4908, 38009]","[3.0, 5.0, 5.0, 3.0, 3.0, 3.0, 3.0, 4.0, 0.0, 0.19385942224673744]",0.0739680695856183,0.03877188444934749,{},,,,,,,
MovieLens-25M,gap,UCB,Direct,9,1000000,10,0.75,0.03877188444934749,920293,79707,51695.845932463315,810982630,simulated,79657,injected samples,0.957182,1.0,36884,4752.555555555556,"[0, 0, 0, 0, 0, 0, 0, 0, 0, 920293]","[4747, 4796, 4796, 4747, 4747, 4747, 4747, 4772, 4674, 36884]","[3.0, 5.0, 5.0, 3.0, 3.0, 3.0, 3.0, 4.0, 0.0, 0.19385942224673744]",0.08151045088190083,0.03877188444934749,"{""search"": ""same grid; exact integer TS target envelope"", ""z_stages"": [[0.0, 1.005570705158844, 4097.0, 79661.0, 332.0], [0.08126071860536557, 0.08175171992624392, 1025.0, 79657.0, 521.0], [0.0815100552136241, 0.08151101420057895, 1025.0, 79657.0, 423.0], [0.08151045042113869, 0.0815104522941601, 1025.0, 79657.0, 252.0], [0.08151045088024843, 0.08151045088390668, 1025.0, 79657.0, 463.0], [0.08151045088189893, 0.08151045088190607, 1025.0, 79657.0, 272.0]]}",,,,,,,
MovieLens-25M,gap,UCB,Two-phase,9,1000000,10,0.75,0.03877188444934749,1000000,0,51695.845932463315,856925604,simulated,95618,scheduled corrupted rounds,0.917272,0.917272,0,0.0,"[9192, 9192, 9192, 9192, 9192, 9192, 9192, 9192, 9192, 917272]","[0, 0, 0, 0, 0, 0, 0, 0, 0, 0]","[0.0, 0.0, 0.0, 0.0, 0.0, 0.0, 0.0, 0.0, 0.0, 0.0]",,,,91910,3708,"{""C1"": 91910, ""C2"": 3708, ""K"": 10, ""T"": 1000000, ""feasible"": true, ""learner"": ""UCB"", ""learner_setting"": ""mean + sqrt(log(T)/N)"", ""mu"": 0.03877188444934749, ""reason"": """", ""source"": ""https://proceedings.neurips.cc/paper_files/paper/2021/file/be315e7f05e9f13629031915fe87ad44-Supplemental.pdf"", ""source_section"": ""A.2"", ""target_feedback"": ""deterministic mu_K"", ""total"": 95618, ""version"": ""xu2021-original-settings-v1""}","[9191, 9191, 9191, 9191, 9191, 9191, 9191, 9191, 9191, 9191]","[1, 1, 1, 1, 1, 1, 1, 1, 1, 3699]","[0, 0, 0, 0, 0, 0, 0, 0, 0, 904382]",1.0
MovieLens-25M,gap,TS,Ours,9,1000000,10,0.75,0.03877188444934749,860447,139553,51695.845932463315,2509082794,simulated,139503,injected samples,0.938984,1.0,78532,6774.555555555556,"[0, 0, 0, 0, 0, 0, 0, 0, 0, 860447]","[6770, 6810, 6810, 6770, 6770, 6770, 6770, 6790, 6711, 78532]","[3.0, 5.0, 5.0, 3.0, 3.0, 3.0, 3.0, 4.0, 0.0, 0.19385942224673744]",0.10080695539986087,0.03877188444934749,{},,,,,,,
MovieLens-25M,gap,TS,Direct,9,1000000,10,0.75,0.03877188444934749,870365,129635,51695.845932463315,3417747042,simulated,129585,injected samples,0.943712,1.0,73342,6249.222222222223,"[0, 0, 0, 0, 0, 0, 0, 0, 0, 870365]","[6245, 6283, 6283, 6245, 6245, 6245, 6245, 6264, 6188, 73342]","[3.0, 5.0, 5.0, 3.0, 3.0, 3.0, 3.0, 4.0, 0.0, 0.19385942224673744]",0.10497143270604688,0.03877188444934749,"{""search"": ""same grid; exact integer TS target envelope"", ""z_stages"": [[0.0, 0.9917342305498605, 4097.0, 129589.0, 433.0], [0.1045969696283056, 0.10508121485806628, 1025.0, 129585.0, 792.0], [0.10497103015246644, 0.10497197594393082, 1025.0, 129585.0, 436.0], [0.1049714319291139, 0.10497143377636285, 1025.0, 129585.0, 431.0], [0.10497143270481414, 0.10497143270842205, 1025.0, 129585.0, 350.0], [0.10497143270604378, 0.10497143270605083, 1025.0, 129585.0, 449.0]]}",,,,,,,
MovieLens-25M,gap,TS,Two-phase,9,1000000,10,0.75,0.03877188444934749,1000000,0,51695.845932463315,1521868238,simulated,96319,scheduled corrupted rounds,0.966932,0.966932,0,0.0,"[3670, 3648, 3665, 3657, 3649, 3709, 3688, 3686, 3696, 966932]","[0, 0, 0, 0, 0, 0, 0, 0, 0, 0]","[0.0, 0.0, 0.0, 0.0, 0.0, 0.0, 0.0, 0.0, 0.0, 0.0]",,,,36762,59557,"{""C1"": 36762, ""C2"": 59557, ""K"": 10, ""T"": 1000000, ""beta"": 0.7029612790013512, ""feasible"": true, ""learner"": ""TS"", ""learner_setting"": ""Beta(sum+1, N-sum+1)"", ""mu"": 0.03877188444934749, ""n1"": 3034.8050379860897, ""n2"": 4317.59496201391, ""n3"": 1.4253373223996604, ""promotion_term"": 2965.6477855111257, ""reason"": """", ""source"": ""https://proceedings.neurips.cc/paper_files/paper/2021/file/be315e7f05e9f13629031915fe87ad44-Supplemental.pdf"", ""source_section"": ""A.4"", ""target_feedback"": ""Bernoulli(mu_K)"", ""total"": 96319, ""version"": ""xu2021-original-settings-v1"", ""waiting_term"": 56590.68151852219}","[3670, 3647, 3663, 3657, 3646, 3707, 3686, 3685, 3693, 3708]","[0, 1, 2, 0, 3, 2, 2, 1, 3, 59543]","[0, 0, 0, 0, 0, 0, 0, 0, 0, 903681]",1.0
MovieLens-25M,gap,UCB,Ours,9,1000000,10,1.0,0.05169584593246331,931000,69000,51695.845932463315,1146327010,simulated,68950,injected samples,0.955435,1.0,24430,4946.666666666667,"[0, 0, 0, 0, 0, 0, 0, 0, 0, 931000]","[4941, 4991, 4991, 4941, 4941, 4941, 4941, 4966, 4867, 24430]","[3.0, 5.0, 5.0, 3.0, 3.0, 3.0, 3.0, 4.0, 0.0, 0.25847922966231657]",0.07430910635546722,0.05169584593246331,{},,,,,,,
MovieLens-25M,gap,UCB,Direct,9,1000000,10,1.0,0.05169584593246331,932835,67165,51695.845932463315,3886963512,simulated,67115,injected samples,0.95711,1.0,24270,4760.555555555556,"[0, 0, 0, 0, 0, 0, 0, 0, 0, 932835]","[4755, 4804, 4804, 4755, 4755, 4755, 4755, 4780, 4682, 24270]","[3.0, 5.0, 5.0, 3.0, 3.0, 3.0, 3.0, 4.0, 0.0, 0.25847922966231657]",0.0814413956084292,0.05169584593246331,"{""search"": ""same grid; exact integer TS target envelope"", ""z_stages"": [[0.0, 1.005570769781624, 4097.0, 67119.0, 332.0], [0.08126072382756777, 0.08175172518000019, 1025.0, 67115.0, 377.0], [0.08144101338666405, 0.08144197237368052, 1025.0, 67115.0, 409.0], [0.08144139548305343, 0.08144139735607495, 1025.0, 67115.0, 69.0], [0.08144139560743377, 0.08144139561109201, 1025.0, 67115.0, 279.0], [0.08144139560842692, 0.08144139560843407, 1025.0, 67115.0, 326.0]]}",,,,,,,
MovieLens-25M,gap,UCB,Two-phase,9,1000000,10,1.0,0.05169584593246331,1000000,0,51695.845932463315,2188115905,simulated,54519,scheduled corrupted rounds,0.953461,0.953461,0,0.0,"[5171, 5171, 5171, 5171, 5171, 5171, 5171, 5171, 5171, 953461]","[0, 0, 0, 0, 0, 0, 0, 0, 0, 0]","[0.0, 0.0, 0.0, 0.0, 0.0, 0.0, 0.0, 0.0, 0.0, 0.0]",,,,51700,2819,"{""C1"": 51700, ""C2"": 2819, ""K"": 10, ""T"": 1000000, ""feasible"": true, ""learner"": ""UCB"", ""learner_setting"": ""mean + sqrt(log(T)/N)"", ""mu"": 0.05169584593246331, ""reason"": """", ""source"": ""https://proceedings.neurips.cc/paper_files/paper/2021/file/be315e7f05e9f13629031915fe87ad44-Supplemental.pdf"", ""source_section"": ""A.2"", ""target_feedback"": ""deterministic mu_K"", ""total"": 54519, ""version"": ""xu2021-original-settings-v1""}","[5170, 5170, 5170, 5170, 5170, 5170, 5170, 5170, 5170, 5170]","[1, 1, 1, 1, 1, 1, 1, 1, 1, 2810]","[0, 0, 0, 0, 0, 0, 0, 0, 0, 945481]",1.0
MovieLens-25M,gap,TS,Ours,9,1000000,10,1.0,0.05169584593246331,874888,125112,51695.845932463315,2119150492,simulated,125062,injected samples,0.93949,1.0,64597,6718.333333333333,"[0, 0, 0, 0, 0, 0, 0, 0, 0, 874888]","[6714, 6753, 6753, 6714, 6714, 6714, 6714, 6734, 6655, 64597]","[3.0, 5.0, 5.0, 3.0, 3.0, 3.0, 3.0, 4.0, 0.0, 0.25847922966231657]",0.10122868819847106,0.05169584593246331,{},,,,,,,
MovieLens-25M,gap,TS,Direct,9,1000000,10,1.0,0.05169584593246331,882227,117773,51695.845932463315,249172396,simulated,117723,injected samples,0.943703,1.0,61471,6250.222222222223,"[0, 0, 0, 0, 0, 0, 0, 0, 0, 882227]","[6246, 6284, 6284, 6246, 6246, 6246, 6246, 6265, 6189, 61471]","[3.0, 5.0, 5.0, 3.0, 3.0, 3.0, 3.0, 4.0, 0.0, 0.25847922966231657]",0.10496299760670046,0.05169584593246331,"{""search"": ""same grid; exact integer TS target envelope"", ""z_stages"": [[0.0, 0.9917342951726407, 4097.0, 117727.0, 433.0], [0.10459697644398945, 0.1050812217053042, 1025.0, 117723.0, 774.0], [0.10496252486879053, 0.10496347066031654, 1025.0, 117723.0, 512.0], [0.104962996840929, 0.10496299868817807, 1025.0, 117723.0, 425.0], [0.10496299760580556, 0.10496299760941348, 1025.0, 117723.0, 254.0], [0.10496299760669697, 0.10496299760670402, 1025.0, 117723.0, 505.0]]}",,,,,,,
MovieLens-25M,gap,TS,Two-phase,9,1000000,10,1.0,0.05169584593246331,1000000,0,51695.845932463315,2611676811,simulated,146125,scheduled corrupted rounds,0.981359,0.981359,0,0.0,"[2079, 2098, 2049, 2055, 2068, 2083, 2063, 2078, 2068, 981359]","[0, 0, 0, 0, 0, 0, 0, 0, 0, 0]","[0.0, 0.0, 0.0, 0.0, 0.0, 0.0, 0.0, 0.0, 0.0, 0.0]",,,,20679,125446,"{""C1"": 20679, ""C2"": 125446, ""K"": 10, ""T"": 1000000, ""beta"": 0.6226981130941249, ""feasible"": true, ""learner"": ""TS"", ""learner_setting"": ""Beta(sum+1, N-sum+1)"", ""mu"": 0.05169584593246331, ""n1"": 1586.8494167025717, ""n2"": 2548.9505832974282, ""n3"": 1.6090573041626903, ""promotion_term"": 2254.589718819844, ""reason"": """", ""source"": ""https://proceedings.neurips.cc/paper_files/paper/2021/file/be315e7f05e9f13629031915fe87ad44-Supplemental.pdf"", ""source_section"": ""A.4"", ""target_feedback"": ""Bernoulli(mu_K)"", ""total"": 146125, ""version"": ""xu2021-original-settings-v1"", ""waiting_term"": 123191.31273692497}","[2079, 2097, 2048, 2055, 2067, 2082, 2062, 2076, 2068, 2045]","[0, 1, 1, 0, 1, 1, 1, 2, 0, 125439]","[0, 0, 0, 0, 0, 0, 0, 0, 0, 853875]",1.0
MovieLens-25M,gap,UCB,Ours,9,1000000,10,1.5,0.07754376889869498,958799,41201,51695.845932463315,2554060215,simulated,41151,injected samples,0.958806,1.0,2,4572.111111111111,"[0, 0, 0, 0, 0, 0, 0, 0, 0, 958799]","[4567, 4614, 4614, 4567, 4567, 4567, 4567, 4591, 4495, 2]","[3.0, 5.0, 5.0, 3.0, 3.0, 3.0, 3.0, 4.0, 0.0, 0.3877188444934749]",0.07754376889869566,0.07754376889869498,{},,,,,,,
MovieLens-25M,gap,UCB,Direct,9,1000000,10,1.5,0.07754376889869498,958920,41080,51695.845932463315,4075687070,simulated,41030,injected samples,0.958929,1.0,4,4558.444444444444,"[0, 0, 0, 0, 0, 0, 0, 0, 0, 958920]","[4553, 4601, 4601, 4553, 4553, 4553, 4553, 4577, 4482, 4]","[3.0, 5.0, 5.0, 3.0, 3.0, 3.0, 3.0, 4.0, 0.0, 0.3877188444934749]",0.08324059635136968,0.07754376889869498,"{""search"": ""same grid; exact integer TS target envelope"", ""z_stages"": [[0.0, 1.005570899027184, 4097.0, 41043.0, 339.0], [0.08297923922636431, 0.08347024064190493, 1025.0, 41030.0, 546.0], [0.08324056322194014, 0.08324152220907986, 1025.0, 41030.0, 36.0], [0.0832405959998209, 0.08324059787284264, 1025.0, 41030.0, 193.0], [0.08324059635101247, 0.08324059635467072, 1025.0, 41030.0, 100.0], [0.08324059635136614, 0.08324059635137329, 1025.0, 41030.0, 507.0]]}",,,,,,,
MovieLens-25M,gap,UCB,Two-phase,9,1000000,10,1.5,0.07754376889869498,1000000,0,51695.845932463315,3298522707,simulated,24912,scheduled corrupted rounds,0.979309,0.979309,0,0.0,"[2299, 2299, 2299, 2299, 2299, 2299, 2299, 2299, 2299, 979309]","[0, 0, 0, 0, 0, 0, 0, 0, 0, 0]","[0.0, 0.0, 0.0, 0.0, 0.0, 0.0, 0.0, 0.0, 0.0, 0.0]",,,,22980,1932,"{""C1"": 22980, ""C2"": 1932, ""K"": 10, ""T"": 1000000, ""feasible"": true, ""learner"": ""UCB"", ""learner_setting"": ""mean + sqrt(log(T)/N)"", ""mu"": 0.07754376889869498, ""reason"": """", ""source"": ""https://proceedings.neurips.cc/paper_files/paper/2021/file/be315e7f05e9f13629031915fe87ad44-Supplemental.pdf"", ""source_section"": ""A.2"", ""target_feedback"": ""deterministic mu_K"", ""total"": 24912, ""version"": ""xu2021-original-settings-v1""}","[2298, 2298, 2298, 2298, 2298, 2298, 2298, 2298, 2298, 2298]","[1, 1, 1, 1, 1, 1, 1, 1, 1, 1923]","[0, 0, 0, 0, 0, 0, 0, 0, 0, 975088]",1.0
MovieLens-25M,gap,TS,Ours,9,1000000,10,1.5,0.07754376889869498,903791,96209,51695.845932463315,2388120595,simulated,96159,injected samples,0.940507,1.0,36711,6605.333333333333,"[0, 0, 0, 0, 0, 0, 0, 0, 0, 903791]","[6601, 6640, 6640, 6601, 6601, 6601, 6601, 6621, 6542, 36711]","[3.0, 5.0, 5.0, 3.0, 3.0, 3.0, 3.0, 4.0, 0.0, 0.3877188444934749]",0.10209467326822094,0.07754376889869498,{},,,,,,,
MovieLens-25M,gap,TS,Direct,9,1000000,10,1.5,0.07754376889869498,906948,93052,51695.845932463315,3812900888,simulated,93002,injected samples,0.943766,1.0,36813,6243.222222222223,"[0, 0, 0, 0, 0, 0, 0, 0, 0, 906948]","[6239, 6277, 6277, 6239, 6239, 6239, 6239, 6258, 6182, 36813]","[3.0, 5.0, 5.0, 3.0, 3.0, 3.0, 3.0, 4.0, 0.0, 0.3877188444934749]",0.1050220859776921,0.07754376889869498,"{""search"": ""same grid; exact integer TS target envelope"", ""z_stages"": [[0.0, 0.9917344244182007, 4097.0, 93006.0, 433.0], [0.10459699007535711, 0.10508123539978005, 1025.0, 93002.0, 899.0], [0.10502165052587645, 0.10502259631752571, 1025.0, 93002.0, 472.0], [0.10502208555309012, 0.10502208740033944, 1025.0, 93002.0, 236.0], [0.10502208597701941, 0.10502208598062732, 1025.0, 93002.0, 191.0], [0.10502208597768885, 0.1050220859776959, 1025.0, 93002.0, 471.0]]}",,,,,,,
MovieLens-25M,gap,TS,Two-phase,9,1000000,10,1.5,0.07754376889869498,1000000,0,51695.845932463315,3388354132,simulated,705094,scheduled corrupted rounds,0.991703,0.991703,0,0.0,"[946, 899, 912, 929, 931, 925, 906, 919, 930, 991703]","[0, 0, 0, 0, 0, 0, 0, 0, 0, 0]","[0.0, 0.0, 0.0, 0.0, 0.0, 0.0, 0.0, 0.0, 0.0, 0.0]",,,,9191,695903,"{""C1"": 9191, ""C2"": 695903, ""K"": 10, ""T"": 1000000, ""beta"": 0.483068019263162, ""feasible"": true, ""learner"": ""TS"", ""learner_setting"": ""Beta(sum+1, N-sum+1)"", ""mu"": 0.07754376889869498, ""n1"": 598.3937954981504, ""n2"": 1239.8062045018496, ""n3"": 2.0741529292101375, ""promotion_term"": 1545.232729572479, ""reason"": """", ""source"": ""https://proceedings.neurips.cc/paper_files/paper/2021/file/be315e7f05e9f13629031915fe87ad44-Supplemental.pdf"", ""source_section"": ""A.4"", ""target_feedback"": ""Bernoulli(mu_K)"", ""total"": 705094, ""version"": ""xu2021-original-settings-v1"", ""waiting_term"": 694356.9110103906}","[943, 895, 904, 923, 929, 922, 904, 915, 928, 928]","[3, 4, 8, 6, 2, 3, 2, 4, 2, 695869]","[0, 0, 0, 0, 0, 0, 0, 0, 0, 294906]",1.0
MovieLens-25M,gap,UCB,Ours,9,1000000,10,2.0,0.10339169186492662,975901,24099,51695.845932463315,3948912291,simulated,24049,injected samples,0.975908,1.0,2,2671.8888888888887,"[0, 0, 0, 0, 0, 0, 0, 0, 0, 975901]","[2668, 2704, 2704, 2668, 2668, 2668, 2668, 2686, 2613, 2]","[3.0, 5.0, 5.0, 3.0, 3.0, 3.0, 3.0, 4.0, 0.0, 0.5169584593246331]",0.10339169186492664,0.10339169186492662,{},,,,,,,
MovieLens-25M,gap,UCB,Direct,9,1000000,10,2.0,0.10339169186492662,975930,24070,51695.845932463315,319208357,simulated,24020,injected samples,0.975935,1.0,0,2668.8888888888887,"[0, 0, 0, 0, 0, 0, 0, 0, 0, 975930]","[2665, 2701, 2701, 2665, 2665, 2665, 2665, 2683, 2610, 0]","[3.0, 5.0, 5.0, 3.0, 3.0, 3.0, 3.0, 4.0, 0.0, 0.5169584593246331]",0.10902820999945968,0.10339169186492662,"{""search"": ""same grid; exact integer TS target envelope"", ""z_stages"": [[0.0, 1.0055710282727444, 4097.0, 24038.0, 444.0], [0.1087568275207094, 0.10924782899935821, 1025.0, 24020.0, 566.0], [0.10902774142250293, 0.10902870040976592, 1025.0, 24020.0, 501.0], [0.10902820967800243, 0.10902821155102443, 1025.0, 24020.0, 176.0], [0.10902820999809897, 0.1090282100017572, 1025.0, 24020.0, 381.0], [0.10902820999945652, 0.10902820999946367, 1025.0, 24020.0, 453.0]]}",,,,,,,
MovieLens-25M,gap,UCB,Two-phase,9,1000000,10,2.0,0.10339169186492662,1000000,0,51695.845932463315,3082207889,simulated,14422,scheduled corrupted rounds,0.988354,0.988354,0,0.0,"[1294, 1294, 1294, 1294, 1294, 1294, 1294, 1294, 1294, 988354]","[0, 0, 0, 0, 0, 0, 0, 0, 0, 0]","[0.0, 0.0, 0.0, 0.0, 0.0, 0.0, 0.0, 0.0, 0.0, 0.0]",,,,12930,1492,"{""C1"": 12930, ""C2"": 1492, ""K"": 10, ""T"": 1000000, ""feasible"": true, ""learner"": ""UCB"", ""learner_setting"": ""mean + sqrt(log(T)/N)"", ""mu"": 0.10339169186492662, ""reason"": """", ""source"": ""https://proceedings.neurips.cc/paper_files/paper/2021/file/be315e7f05e9f13629031915fe87ad44-Supplemental.pdf"", ""source_section"": ""A.2"", ""target_feedback"": ""deterministic mu_K"", ""total"": 14422, ""version"": ""xu2021-original-settings-v1""}","[1293, 1293, 1293, 1293, 1293, 1293, 1293, 1293, 1293, 1293]","[1, 1, 1, 1, 1, 1, 1, 1, 1, 1483]","[0, 0, 0, 0, 0, 0, 0, 0, 0, 985578]",1.0
MovieLens-25M,gap,TS,Ours,9,1000000,10,2.0,0.10339169186492662,932722,67278,51695.845932463315,3663409279,simulated,67228,injected samples,0.941533,1.0,8806,6491.333333333333,"[0, 0, 0, 0, 0, 0, 0, 0, 0, 932722]","[6487, 6526, 6526, 6487, 6487, 6487, 6487, 6506, 6429, 8806]","[3.0, 5.0, 5.0, 3.0, 3.0, 3.0, 3.0, 4.0, 0.0, 0.5169584593246331]",0.10299230390154354,0.10339169186492662,{},,,,,,,
MovieLens-25M,gap,TS,Direct,9,1000000,10,2.0,0.10339169186492662,933094,66906,51695.845932463315,1509616393,simulated,66856,injected samples,0.943766,1.0,10667,6243.222222222223,"[0, 0, 0, 0, 0, 0, 0, 0, 0, 933094]","[6239, 6277, 6277, 6239, 6239, 6239, 6239, 6258, 6182, 10667]","[3.0, 5.0, 5.0, 3.0, 3.0, 3.0, 3.0, 4.0, 0.0, 0.5169584593246331]",0.1050220859776921,0.10339169186492662,"{""search"": ""same grid; exact integer TS target envelope"", ""z_stages"": [[0.0, 0.9917345536637608, 4097.0, 66860.0, 433.0], [0.10459700370672477, 0.10508124909425591, 1025.0, 66856.0, 899.0], [0.10502166421258705, 0.10502261000435956, 1025.0, 66856.0, 457.0], [0.10502208538548574, 0.1050220872327353, 1025.0, 66856.0, 329.0], [0.10502208597718286, 0.10502208598079078, 1025.0, 66856.0, 145.0], [0.10502208597769022, 0.10502208597769727, 1025.0, 66856.0, 272.0]]}",,,,,,,
MovieLens-25M,gap,TS,Two-phase,9,1000000,10,2.0,0.10339169186492662,1000000,0,51695.845932463315,1552951815,infeasible,5343203,scheduled corrupted rounds,,,0,0.0,,"[0, 0, 0, 0, 0, 0, 0, 0, 0, 0]","[0.0, 0.0, 0.0, 0.0, 0.0, 0.0, 0.0, 0.0, 0.0, 0.0]",,,,5170,5338033,"{""C1"": 5170, ""C2"": 5338033, ""K"": 10, ""T"": 1000000, ""beta"": 0.36579764504492285, ""feasible"": false, ""learner"": ""TS"", ""learner_setting"": ""Beta(sum+1, N-sum+1)"", ""mu"": 0.10339169186492662, ""n1"": 276.46889273196496, ""n2"": 757.5311072680349, ""n3"": 2.739101688419504, ""promotion_term"": 1192.3490828531187, ""reason"": ""original budget reaches/exceeds T"", ""source"": ""https://proceedings.neurips.cc/paper_files/paper/2021/file/be315e7f05e9f13629031915fe87ad44-Supplemental.pdf"", ""source_section"": ""A.4"", ""target_feedback"": ""Bernoulli(mu_K)"", ""total"": 5343203, ""version"": ""xu2021-original-settings-v1"", ""waiting_term"": 5336840.012372333}",,,,
MovieLens-25M,gap,UCB,Ours,9,1000000,10,3.0,0.15508753779738996,988793,11207,51695.845932463315,2485125870,simulated,11157,injected samples,0.988799,1.0,1,1239.5555555555557,"[0, 0, 0, 0, 0, 0, 0, 0, 0, 988793]","[1237, 1261, 1261, 1237, 1237, 1237, 1237, 1249, 1200, 1]","[3.0, 5.0, 5.0, 3.0, 3.0, 3.0, 3.0, 4.0, 0.0, 0.7754376889869498]",0.15508753779738996,0.15508753779738996,{},,,,,,,
MovieLens-25M,gap,UCB,Direct,9,1000000,10,3.0,0.15508753779738996,988800,11200,51695.845932463315,1544637911,simulated,11150,injected samples,0.988805,1.0,0,1238.888888888889,"[0, 0, 0, 0, 0, 0, 0, 0, 0, 988800]","[1236, 1261, 1261, 1236, 1236, 1236, 1236, 1249, 1199, 0]","[3.0, 5.0, 5.0, 3.0, 3.0, 3.0, 3.0, 4.0, 0.0, 0.7754376889869498]",0.16068384687588622,0.15508753779738996,"{""search"": ""same grid; exact integer TS target envelope"", ""z_stages"": [[0.0, 1.0055712867638646, 4097.0, 11168.0, 654.0], [0.16031202398847744, 0.1608030255933426, 1025.0, 11150.0, 776.0], [0.16068363164840957, 0.16068459063591908, 1025.0, 11150.0, 230.0], [0.16068384610948347, 0.16068384798250596, 1025.0, 11150.0, 419.0], [0.1606838468740571, 0.16068384687771534, 1025.0, 11150.0, 512.0], [0.16068384687588264, 0.1606838468758898, 1025.0, 11150.0, 511.0]]}",,,,,,,
MovieLens-25M,gap,UCB,Two-phase,9,1000000,10,3.0,0.15508753779738996,1000000,0,51695.845932463315,2958040538,simulated,6806,scheduled corrupted rounds,0.994816,0.994816,0,0.0,"[576, 576, 576, 576, 576, 576, 576, 576, 576, 994816]","[0, 0, 0, 0, 0, 0, 0, 0, 0, 0]","[0.0, 0.0, 0.0, 0.0, 0.0, 0.0, 0.0, 0.0, 0.0, 0.0]",,,,5750,1056,"{""C1"": 5750, ""C2"": 1056, ""K"": 10, ""T"": 1000000, ""feasible"": true, ""learner"": ""UCB"", ""learner_setting"": ""mean + sqrt(log(T)/N)"", ""mu"": 0.15508753779738996, ""reason"": """", ""source"": ""https://proceedings.neurips.cc/paper_files/paper/2021/file/be315e7f05e9f13629031915fe87ad44-Supplemental.pdf"", ""source_section"": ""A.2"", ""target_feedback"": ""deterministic mu_K"", ""total"": 6806, ""version"": ""xu2021-original-settings-v1""}","[575, 575, 575, 575, 575, 575, 575, 575, 575, 575]","[1, 1, 1, 1, 1, 1, 1, 1, 1, 1047]","[0, 0, 0, 0, 0, 0, 0, 0, 0, 993194]",1.0
MovieLens-25M,gap,TS,Ours,9,1000000,10,3.0,0.15508753779738996,968711,31289,51695.845932463315,4186553971,simulated,31239,injected samples,0.971498,1.0,2782,3161.8888888888887,"[0, 0, 0, 0, 0, 0, 0, 0, 0, 968711]","[3159, 3186, 3186, 3159, 3159, 3159, 3159, 3172, 3118, 2782]","[3.0, 5.0, 5.0, 3.0, 3.0, 3.0, 3.0, 4.0, 0.0, 0.7754376889869498]",0.14782576338571884,0.15508753779738996,{},,,,,,,
MovieLens-25M,gap,TS,Direct,9,1000000,10,3.0,0.15508753779738996,968890,31110,51695.845932463315,86439961,simulated,31060,injected samples,0.971442,1.0,2547,3168.1111111111113,"[0, 0, 0, 0, 0, 0, 0, 0, 0, 968890]","[3165, 3192, 3192, 3165, 3165, 3165, 3165, 3179, 3125, 2547]","[3.0, 5.0, 5.0, 3.0, 3.0, 3.0, 3.0, 4.0, 0.0, 0.7754376889869498]",0.14766696114437936,0.15508753779738996,"{""search"": ""same grid; exact integer TS target envelope"", ""z_stages"": [[0.0, 0.9917348121548812, 4097.0, 31062.0, 610.0], [0.14745275893611393, 0.14793700444986144, 1025.0, 31060.0, 453.0], [0.14766650793241654, 0.14766745372443557, 1025.0, 31060.0, 491.0], [0.14766696050867564, 0.1476669623559257, 1025.0, 31060.0, 353.0], [0.14766696114366784, 0.14766696114727576, 1025.0, 31060.0, 202.0], [0.14766696114437602, 0.14766696114438307, 1025.0, 31060.0, 482.0]]}",,,,,,,
MovieLens-25M,gap,TS,Two-phase,9,1000000,10,3.0,0.15508753779738996,1000000,0,51695.845932463315,490513232,infeasible,1713501677,scheduled corrupted rounds,,,0,0.0,,"[0, 0, 0, 0, 0, 0, 0, 0, 0, 0]","[0.0, 0.0, 0.0, 0.0, 0.0, 0.0, 0.0, 0.0, 0.0, 0.0]",,,,2298,1713499379,"{""C1"": 2298, ""C2"": 1713499379, ""K"": 10, ""T"": 1000000, ""beta"": 0.1800742558144034, ""feasible"": false, ""learner"": ""TS"", ""learner_setting"": ""Beta(sum+1, N-sum+1)"", ""mu"": 0.15508753779738996, ""n1"": 69.4381746100914, ""n2"": 390.1618253899086, ""n3"": 5.564132100010513, ""promotion_term"": 843.6167716814657, ""reason"": ""original budget reaches/exceeds T"", ""source"": ""https://proceedings.neurips.cc/paper_files/paper/2021/file/be315e7f05e9f13629031915fe87ad44-Supplemental.pdf"", ""source_section"": ""A.4"", ""target_feedback"": ""Bernoulli(mu_K)"", ""total"": 1713501677, ""version"": ""xu2021-original-settings-v1"", ""waiting_term"": 1713498534.950569}",,,,
MovieLens-25M,gap,UCB,Ours,9,1000000,10,4.0,0.20678338372985325,993515,6485,51695.845932463315,2943509573,simulated,6435,injected samples,0.993521,1.0,1,714.8888888888889,"[0, 0, 0, 0, 0, 0, 0, 0, 0, 993515]","[713, 731, 731, 713, 713, 713, 713, 722, 685, 1]","[3.0, 5.0, 5.0, 3.0, 3.0, 3.0, 3.0, 4.0, 0.0, 1.0339169186492663]",0.20678338372985325,0.20678338372985325,{},,,,,,,
MovieLens-25M,gap,UCB,Direct,9,1000000,10,4.0,0.20678338372985325,993516,6484,51695.845932463315,758259874,simulated,6434,injected samples,0.993521,1.0,0,714.8888888888889,"[0, 0, 0, 0, 0, 0, 0, 0, 0, 993516]","[713, 731, 731, 713, 713, 713, 713, 722, 685, 0]","[3.0, 5.0, 5.0, 3.0, 3.0, 3.0, 3.0, 4.0, 0.0, 1.0339169186492663]",0.21230483266070538,0.20678338372985325,"{""search"": ""same grid; exact integer TS target envelope"", ""z_stages"": [[0.0, 1.005571545254985, 4097.0, 6434.0, 865.0], [0.2121127478272234, 0.2126037495583049, 1025.0, 6434.0, 401.0], [0.2123045453784271, 0.21230550436618312, 1025.0, 6434.0, 307.0], [0.21230483195094013, 0.2123048338239631, 1025.0, 6434.0, 389.0], [0.21230483266064024, 0.21230483266429848, 1025.0, 6434.0, 19.0], [0.21230483266070455, 0.21230483266071168, 1025.0, 6434.0, 118.0]]}",,,,,,,
MovieLens-25M,gap,UCB,Two-phase,9,1000000,10,4.0,0.20678338372985325,1000000,0,51695.845932463315,2458343767,simulated,4085,scheduled corrupted rounds,0.997075,0.997075,0,0.0,"[325, 325, 325, 325, 325, 325, 325, 325, 325, 997075]","[0, 0, 0, 0, 0, 0, 0, 0, 0, 0]","[0.0, 0.0, 0.0, 0.0, 0.0, 0.0, 0.0, 0.0, 0.0, 0.0]",,,,3240,845,"{""C1"": 3240, ""C2"": 845, ""K"": 10, ""T"": 1000000, ""feasible"": true, ""learner"": ""UCB"", ""learner_setting"": ""mean + sqrt(log(T)/N)"", ""mu"": 0.20678338372985325, ""reason"": """", ""source"": ""https://proceedings.neurips.cc/paper_files/paper/2021/file/be315e7f05e9f13629031915fe87ad44-Supplemental.pdf"", ""source_section"": ""A.2"", ""target_feedback"": ""deterministic mu_K"", ""total"": 4085, ""version"": ""xu2021-original-settings-v1""}","[324, 324, 324, 324, 324, 324, 324, 324, 324, 324]","[1, 1, 1, 1, 1, 1, 1, 1, 1, 836]","[0, 0, 0, 0, 0, 0, 0, 0, 0, 995915]",1.0
MovieLens-25M,gap,TS,Ours,9,1000000,10,4.0,0.20678338372985325,981721,18279,51695.845932463315,3538966605,simulated,18229,injected samples,0.983618,1.0,1892,1815.2222222222222,"[0, 0, 0, 0, 0, 0, 0, 0, 0, 981721]","[1813, 1833, 1833, 1813, 1813, 1813, 1813, 1823, 1783, 1892]","[3.0, 5.0, 5.0, 3.0, 3.0, 3.0, 3.0, 4.0, 0.0, 1.0339169186492663]",0.19540580387350776,0.20678338372985325,{},,,,,,,
MovieLens-25M,gap,TS,Direct,9,1000000,10,4.0,0.20678338372985325,981940,18060,51695.845932463315,1205418277,simulated,18010,injected samples,0.9836,1.0,1655,1817.2222222222222,"[0, 0, 0, 0, 0, 0, 0, 0, 0, 981940]","[1815, 1835, 1835, 1815, 1815, 1815, 1815, 1825, 1785, 1655]","[3.0, 5.0, 5.0, 3.0, 3.0, 3.0, 3.0, 4.0, 0.0, 1.0339169186492663]",0.19529765679943972,0.20678338372985325,"{""search"": ""same grid; exact integer TS target envelope"", ""z_stages"": [[0.0, 0.9917350706460014, 4097.0, 18011.0, 807.0], [0.19515099290543875, 0.19563523854540263, 1025.0, 18010.0, 311.0], [0.1952975907065997, 0.19529853649886525, 1025.0, 18010.0, 72.0], [0.1952976562839931, 0.1952976581312436, 1025.0, 18010.0, 286.0], [0.19529765679812044, 0.19529765680172834, 1025.0, 18010.0, 375.0], [0.19529765679943817, 0.19529765679944522, 1025.0, 18010.0, 224.0]]}",,,,,,,
MovieLens-25M,gap,TS,Two-phase,9,1000000,10,4.0,0.20678338372985325,1000000,0,51695.845932463315,2375684468,infeasible,1901480593645945,scheduled corrupted rounds,,,0,0.0,,"[0, 0, 0, 0, 0, 0, 0, 0, 0, 0]","[0.0, 0.0, 0.0, 0.0, 0.0, 0.0, 0.0, 0.0, 0.0, 0.0]",,,,1293,1901480593644652,"{""C1"": 1293, ""C2"": 1901480593644652, ""K"": 10, ""T"": 1000000, ""beta"": 0.03995065173165885, ""feasible"": false, ""learner"": ""TS"", ""learner_setting"": ""Beta(sum+1, N-sum+1)"", ""mu"": 0.20678338372985325, ""n1"": 9.011186419215505, ""n2"": 249.58881358078452, ""n3"": 25.07986487660793, ""promotion_term"": 674.1435055153747, ""reason"": ""original budget reaches/exceeds T"", ""source"": ""https://proceedings.neurips.cc/paper_files/paper/2021/file/be315e7f05e9f13629031915fe87ad44-Supplemental.pdf"", ""source_section"": ""A.4"", ""target_feedback"": ""Bernoulli(mu_K)"", ""total"": 1901480593645945, ""version"": ""xu2021-original-settings-v1"", ""waiting_term"": 1901480593643977.0}",,,,
MovieLens-25M,gap,UCB,Ours,9,1000000,10,5.0,0.25847922966231657,995761,4239,51695.845932463315,2957646090,simulated,4189,injected samples,0.995767,1.0,1,465.3333333333333,"[0, 0, 0, 0, 0, 0, 0, 0, 0, 995761]","[464, 478, 478, 464, 464, 464, 464, 471, 441, 1]","[3.0, 5.0, 5.0, 3.0, 3.0, 3.0, 3.0, 4.0, 0.0, 1.292396148311583]",0.25847922966231657,0.25847922966231657,{},,,,,,,
MovieLens-25M,gap,UCB,Direct,9,1000000,10,5.0,0.25847922966231657,995762,4238,51695.845932463315,2786551827,simulated,4188,injected samples,0.995767,1.0,0,465.3333333333333,"[0, 0, 0, 0, 0, 0, 0, 0, 0, 995762]","[464, 478, 478, 464, 464, 464, 464, 471, 441, 0]","[3.0, 5.0, 5.0, 3.0, 3.0, 3.0, 3.0, 4.0, 0.0, 1.292396148311583]",0.26404069038683686,0.25847922966231657,"{""search"": ""same grid; exact integer TS target envelope"", ""z_stages"": [[0.0, 1.0055718037461052, 4097.0, 4192.0, 1075.0], [0.2636679973689739, 0.2641589992262718, 1025.0, 4188.0, 778.0], [0.26404056420795874, 0.26404152319596125, 1025.0, 4188.0, 135.0], [0.2640406897005294, 0.2640406915735528, 1025.0, 4188.0, 376.0], [0.26404069038645106, 0.2640406903901093, 1025.0, 4188.0, 108.0], [0.2640406903868333, 0.26404069038684047, 1025.0, 4188.0, 505.0]]}",,,,,,,
MovieLens-25M,gap,UCB,Two-phase,9,1000000,10,5.0,0.25847922966231657,1000000,0,51695.845932463315,394731275,simulated,2792,scheduled corrupted rounds,0.998128,0.998128,0,0.0,"[208, 208, 208, 208, 208, 208, 208, 208, 208, 998128]","[0, 0, 0, 0, 0, 0, 0, 0, 0, 0]","[0.0, 0.0, 0.0, 0.0, 0.0, 0.0, 0.0, 0.0, 0.0, 0.0]",,,,2070,722,"{""C1"": 2070, ""C2"": 722, ""K"": 10, ""T"": 1000000, ""feasible"": true, ""learner"": ""UCB"", ""learner_setting"": ""mean + sqrt(log(T)/N)"", ""mu"": 0.25847922966231657, ""reason"": """", ""source"": ""https://proceedings.neurips.cc/paper_files/paper/2021/file/be315e7f05e9f13629031915fe87ad44-Supplemental.pdf"", ""source_section"": ""A.2"", ""target_feedback"": ""deterministic mu_K"", ""total"": 2792, ""version"": ""xu2021-original-settings-v1""}","[207, 207, 207, 207, 207, 207, 207, 207, 207, 207]","[1, 1, 1, 1, 1, 1, 1, 1, 1, 713]","[0, 0, 0, 0, 0, 0, 0, 0, 0, 997208]",1.0
MovieLens-25M,gap,TS,Ours,9,1000000,10,5.0,0.25847922966231657,987869,12131,51695.845932463315,3481764567,simulated,12081,injected samples,0.989293,1.0,1419,1184.6666666666667,"[0, 0, 0, 0, 0, 0, 0, 0, 0, 987869]","[1183, 1199, 1199, 1183, 1183, 1183, 1183, 1191, 1158, 1419]","[3.0, 5.0, 5.0, 3.0, 3.0, 3.0, 3.0, 4.0, 0.0, 1.292396148311583]",0.24225337887909043,0.25847922966231657,{},,,,,,,
MovieLens-25M,gap,TS,Direct,9,1000000,10,5.0,0.25847922966231657,988095,11905,51695.845932463315,2515152005,simulated,11855,injected samples,0.989328,1.0,1228,1180.7777777777778,"[0, 0, 0, 0, 0, 0, 0, 0, 0, 988095]","[1179, 1195, 1195, 1179, 1179, 1179, 1179, 1187, 1155, 1228]","[3.0, 5.0, 5.0, 3.0, 3.0, 3.0, 3.0, 4.0, 0.0, 1.292396148311583]",0.242634644829729,0.25847922966231657,"{""search"": ""same grid; exact integer TS target envelope"", ""z_stages"": [[0.0, 0.9917353291371217, 4097.0, 11856.0, 1003.0], [0.24260712885629784, 0.24309137462247807, 1025.0, 11855.0, 59.0], [0.2426345568391479, 0.24263550263165998, 1025.0, 11855.0, 96.0], [0.2426346445835704, 0.2426346464308214, 1025.0, 11855.0, 137.0], [0.24263464482890842, 0.24263464483251634, 1025.0, 11855.0, 233.0], [0.24263464482972585, 0.2426346448297329, 1025.0, 11855.0, 454.0]]}",,,,,,,
MovieLens-25M,gap,TS,Two-phase,9,1000000,10,5.0,0.25847922966231657,1000000,0,51695.845932463315,957330181,infeasible,,scheduled corrupted rounds,,,0,0.0,,"[0, 0, 0, 0, 0, 0, 0, 0, 0, 0]","[0.0, 0.0, 0.0, 0.0, 0.0, 0.0, 0.0, 0.0, 0.0, 0.0]",,,,828,0,"{""C1"": 828, ""C2"": null, ""K"": 10, ""T"": 1000000, ""feasible"": false, ""learner"": ""TS"", ""learner_setting"": ""Beta(sum+1, N-sum+1)"", ""mu"": 0.25847922966231657, ""n1"": -13.458956056127466, ""n2"": 179.05895605612744, ""reason"": ""A.4 phase-one lower count bound is nonpositive"", ""source"": ""https://proceedings.neurips.cc/paper_files/paper/2021/file/be315e7f05e9f13629031915fe87ad44-Supplemental.pdf"", ""source_section"": ""A.4"", ""target_feedback"": ""Bernoulli(mu_K)"", ""total"": null, ""version"": ""xu2021-original-settings-v1""}",,,,
MovieLens-25M,gap,UCB,Ours,9,1000000,10,6.0,0.3101750755947799,997004,2996,51695.845932463315,2687739119,simulated,2946,injected samples,0.99701,1.0,1,327.22222222222223,"[0, 0, 0, 0, 0, 0, 0, 0, 0, 997004]","[326, 338, 338, 326, 326, 326, 326, 332, 307, 1]","[3.0, 5.0, 5.0, 3.0, 3.0, 3.0, 3.0, 4.0, 0.0, 1.5508753779738995]",0.3101750755947799,0.3101750755947799,{},,,,,,,
MovieLens-25M,gap,UCB,Direct,9,1000000,10,6.0,0.3101750755947799,997005,2995,51695.845932463315,358890736,simulated,2945,injected samples,0.99701,1.0,0,327.22222222222223,"[0, 0, 0, 0, 0, 0, 0, 0, 0, 997005]","[326, 338, 338, 326, 326, 326, 326, 332, 307, 0]","[3.0, 5.0, 5.0, 3.0, 3.0, 3.0, 3.0, 4.0, 0.0, 1.5508753779738995]",0.31564392241028505,0.3101750755947799,"{""search"": ""same grid; exact integer TS target envelope"", ""z_stages"": [[0.0, 1.0055720622372253, 4097.0, 2945.0, 1286.0], [0.3154687744079186, 0.31595977639143286, 1025.0, 2945.0, 366.0], [0.31564378976337043, 0.3156447487516195, 1025.0, 2945.0, 142.0], [0.3156439218115571, 0.315643923684581, 1025.0, 2945.0, 328.0], [0.3156439224096809, 0.31564392241333916, 1025.0, 2945.0, 170.0], [0.31564392241028466, 0.3156439224102918, 1025.0, 2945.0, 52.0]]}",,,,,,,
MovieLens-25M,gap,UCB,Two-phase,9,1000000,10,6.0,0.3101750755947799,1000000,0,51695.845932463315,2237479265,simulated,2088,scheduled corrupted rounds,0.998695,0.998695,0,0.0,"[145, 145, 145, 145, 145, 145, 145, 145, 145, 998695]","[0, 0, 0, 0, 0, 0, 0, 0, 0, 0]","[0.0, 0.0, 0.0, 0.0, 0.0, 0.0, 0.0, 0.0, 0.0, 0.0]",,,,1440,648,"{""C1"": 1440, ""C2"": 648, ""K"": 10, ""T"": 1000000, ""feasible"": true, ""learner"": ""UCB"", ""learner_setting"": ""mean + sqrt(log(T)/N)"", ""mu"": 0.3101750755947799, ""reason"": """", ""source"": ""https://proceedings.neurips.cc/paper_files/paper/2021/file/be315e7f05e9f13629031915fe87ad44-Supplemental.pdf"", ""source_section"": ""A.2"", ""target_feedback"": ""deterministic mu_K"", ""total"": 2088, ""version"": ""xu2021-original-settings-v1""}","[144, 144, 144, 144, 144, 144, 144, 144, 144, 144]","[1, 1, 1, 1, 1, 1, 1, 1, 1, 639]","[0, 0, 0, 0, 0, 0, 0, 0, 0, 997912]",1.0
MovieLens-25M,gap,TS,Ours,9,1000000,10,6.0,0.3101750755947799,991268,8732,51695.845932463315,4061567998,simulated,8682,injected samples,0.992408,1.0,1135,838.5555555555555,"[0, 0, 0, 0, 0, 0, 0, 0, 0, 991268]","[837, 851, 851, 837, 837, 837, 837, 844, 816, 1135]","[3.0, 5.0, 5.0, 3.0, 3.0, 3.0, 3.0, 4.0, 0.0, 1.5508753779738995]",0.2883521392861159,0.3101750755947799,{},,,,,,,
MovieLens-25M,gap,TS,Direct,9,1000000,10,6.0,0.3101750755947799,991492,8508,51695.845932463315,2460694530,simulated,8458,injected samples,0.992434,1.0,937,835.6666666666666,"[0, 0, 0, 0, 0, 0, 0, 0, 0, 991492]","[834, 848, 848, 834, 834, 834, 834, 841, 814, 937]","[3.0, 5.0, 5.0, 3.0, 3.0, 3.0, 3.0, 4.0, 0.0, 1.5508753779738995]",0.28876924387419894,0.3101750755947799,"{""search"": ""same grid; exact integer TS target envelope"", ""z_stages"": [[0.0, 0.9917355876282419, 4097.0, 8459.0, 1192.0], [0.2883684289221768, 0.2888526748145734, 1025.0, 8458.0, 848.0], [0.28876897215543845, 0.288769917948197, 1025.0, 8458.0, 295.0], [0.2887692437014062, 0.28876924554865774, 1025.0, 8458.0, 96.0], [0.2887692438727821, 0.28876924387639, 1025.0, 8458.0, 403.0], [0.2887692438741985, 0.28876924387420555, 1025.0, 8458.0, 61.0]]}",,,,,,,
MovieLens-25M,gap,TS,Two-phase,9,1000000,10,6.0,0.3101750755947799,1000000,0,51695.845932463315,3121039461,infeasible,,scheduled corrupted rounds,,,0,0.0,,"[0, 0, 0, 0, 0, 0, 0, 0, 0, 0]","[0.0, 0.0, 0.0, 0.0, 0.0, 0.0, 0.0, 0.0, 0.0, 0.0]",,,,575,0,"{""C1"": 575, ""C2"": null, ""K"": 10, ""T"": 1000000, ""feasible"": false, ""learner"": ""TS"", ""learner_setting"": ""Beta(sum+1, N-sum+1)"", ""mu"": 0.3101750755947799, ""n1"": -22.715796713439556, ""n2"": 137.71579671343957, ""reason"": ""A.4 phase-one lower count bound is nonpositive"", ""source"": ""https://proceedings.neurips.cc/paper_files/paper/2021/file/be315e7f05e9f13629031915fe87ad44-Supplemental.pdf"", ""source_section"": ""A.4"", ""target_feedback"": ""Bernoulli(mu_K)"", ""total"": null, ""version"": ""xu2021-original-settings-v1""}",,,,
