dataset,setting,regime,learner,method,repeat,T,K,target_mean,boundary_ratio,base_target_mean,target_feedback,lower_bound_source,mu_minus_K,z_star,cost,Lambda_T,normalized_cost,target_budget_fraction,target_cost,non_target_avg,H,T0,non_target_online_pulls,zero_non_target_pulls,online_ratio,status,seed,clean_sum_json,allocation_json,online_counts_json,trajectory_seconds
MovieLens-25M,near-boundary-clean-log-v1,fixed,UCB,Ours,0,100000,10,0.016442451420029897,0.15688135668249298,0.016442451420029897,Bernoulli; same mean in clean and online rewards,"clean log: max(0, empirical mean - 2 beta)",0.0,0.13659846567636336,26257,25059.44785667459,1.0477884488985836,0.6025821685645733,15822,1159.4444444444443,73693,26307,0,1,1.0,simulated,2492326142,"[3.0, 5.0, 5.0, 5.0, 4.0, 3.0, 4.0, 5.0, 3.0, 0.0]","[1145, 1171, 1171, 1171, 1158, 1145, 1158, 1171, 1145, 15822]","[0, 0, 0, 0, 0, 0, 0, 0, 0, 73693]",0.13452579200384207
MovieLens-25M,near-boundary-clean-log-v1,fixed,TS,Ours,0,100000,10,0.016442451420029897,0.15688135668249298,0.016442451420029897,Bernoulli; same mean in clean and online rewards,"clean log: max(0, empirical mean - 2 beta)",0.0,0.18939614126930276,41902,32976.642231990234,1.2706569609246445,0.6381795618347573,26741,1684.5555555555557,58048,41952,0,1,1.0,simulated,410435471,"[3.0, 5.0, 5.0, 5.0, 4.0, 3.0, 4.0, 5.0, 3.0, 0.0]","[1673, 1694, 1694, 1694, 1683, 1673, 1683, 1694, 1673, 26741]","[0, 0, 0, 0, 0, 0, 0, 0, 0, 58048]",0.0031346670002676547
MovieLens-25M,near-boundary-clean-log-v1,fixed,UCB,Ours,0,250000,10,0.010399119360792878,0.13126894207261167,0.016442451420029897,Bernoulli; same mean in clean and online rewards,"clean log: max(0, empirical mean - 2 beta)",0.0,0.10717857919779214,48746,47353.36579619098,1.0294094026980665,0.6157018011734297,30013,2081.4444444444443,201204,48796,0,1,1.0,simulated,2722242303,"[3.0, 5.0, 5.0, 5.0, 4.0, 3.0, 4.0, 5.0, 3.0, 0.0]","[2063, 2096, 2096, 2096, 2080, 2063, 2080, 2096, 2063, 30013]","[0, 0, 0, 0, 0, 0, 0, 0, 0, 201204]",0.004439500000444241
MovieLens-25M,near-boundary-clean-log-v1,fixed,TS,Ours,0,250000,10,0.010399119360792878,0.13126894207261167,0.016442451420029897,Bernoulli; same mean in clean and online rewards,"clean log: max(0, empirical mean - 2 beta)",0.0,0.14776493260187024,74722,61975.520735617014,1.20566957910299,0.6480420759615642,48423,2922.1111111111113,175228,74772,0,1,1.0,simulated,3210379574,"[3.0, 5.0, 5.0, 5.0, 4.0, 3.0, 4.0, 5.0, 3.0, 0.0]","[2907, 2934, 2934, 2934, 2921, 2907, 2921, 2934, 2907, 48423]","[0, 0, 0, 0, 0, 0, 0, 0, 0, 175228]",0.00795066700084135
MovieLens-25M,near-boundary-clean-log-v1,fixed,UCB,Ours,0,1000000,10,0.005199559680396439,0.10057983550920645,0.016442451420029897,Bernoulli; same mean in clean and online rewards,"clean log: max(0, empirical mean - 2 beta)",0.0,0.0730350127684482,124959,123603.82576037137,1.0109638535157957,0.6305348154194576,78791,5129.777777777777,874991,125009,0,1,1.0,simulated,538957713,"[3.0, 5.0, 5.0, 5.0, 4.0, 3.0, 4.0, 5.0, 3.0, 0.0]","[5102, 5152, 5152, 5152, 5127, 5102, 5127, 5152, 5102, 78791]","[0, 0, 0, 0, 0, 0, 0, 0, 0, 874991]",0.017825957998866215
MovieLens-25M,near-boundary-clean-log-v1,fixed,TS,Ours,0,1000000,10,0.005199559680396439,0.10057983550920645,0.016442451420029897,Bernoulli; same mean in clean and online rewards,"clean log: max(0, empirical mean - 2 beta)",0.0,0.09962408820708102,182939,160643.27736779582,1.1387902624842352,0.6579242261081563,120360,6953.222222222223,817011,182989,0,1,1.0,simulated,2299809992,"[3.0, 5.0, 5.0, 5.0, 4.0, 3.0, 4.0, 5.0, 3.0, 0.0]","[6931, 6971, 6971, 6971, 6951, 6931, 6951, 6971, 6931, 120360]","[0, 0, 0, 0, 0, 0, 0, 0, 0, 817011]",0.03546079200168606
MovieLens-25M,near-boundary-clean-log-v1,fixed,UCB,Ours,0,2500000,10,0.0032884902840059796,0.08450672706639467,0.016442451420029897,Bernoulli; same mean in clean and online rewards,"clean log: max(0, empirical mean - 2 beta)",0.0,0.05618853144972871,233367,232606.34472215077,1.0032701398526245,0.637776549383589,148836,9392.333333333334,2266583,233417,0,1,1.0,simulated,3638602152,"[3.0, 5.0, 5.0, 5.0, 4.0, 3.0, 4.0, 5.0, 3.0, 0.0]","[9355, 9422, 9422, 9422, 9389, 9355, 9389, 9422, 9355, 148836]","[0, 0, 0, 0, 0, 0, 0, 0, 0, 2266583]",0.045373874992947094
MovieLens-25M,near-boundary-clean-log-v1,fixed,TS,Ours,0,2500000,10,0.0032884902840059796,0.08450672706639467,0.016442451420029897,Bernoulli; same mean in clean and online rewards,"clean log: max(0, empirical mean - 2 beta)",0.0,0.07606913560903711,333740,301113.0238807741,1.108354582936089,0.6621052316174267,220971,12529.888888888889,2166210,333790,0,1,1.0,simulated,2130585543,"[3.0, 5.0, 5.0, 5.0, 4.0, 3.0, 4.0, 5.0, 3.0, 0.0]","[12501, 12553, 12553, 12553, 12527, 12501, 12527, 12553, 12501, 220971]","[0, 0, 0, 0, 0, 0, 0, 0, 0, 2166210]",0.0927570839994587
MovieLens-25M,near-boundary-clean-log-v1,fixed,UCB,Ours,0,10000000,10,0.0016442451420029898,0.06509215618281318,0.016442451420029897,Bernoulli; same mean in clean and online rewards,"clean log: max(0, empirical mean - 2 beta)",0.0,0.0374079153844314,601650,603968.343962668,0.9961614810017074,0.6459203856062494,388618,23670.222222222223,9398300,601700,0,1,1.0,simulated,4067707996,"[3.0, 5.0, 5.0, 5.0, 4.0, 3.0, 4.0, 5.0, 3.0, 0.0]","[23614, 23715, 23715, 23715, 23665, 23614, 23665, 23715, 23614, 388618]","[0, 0, 0, 0, 0, 0, 0, 0, 0, 9398300]",0.18176074999792036
MovieLens-25M,near-boundary-clean-log-v1,fixed,TS,Ours,0,10000000,10,0.0016442451420029898,0.06509215618281318,0.016442451420029897,Bernoulli; same mean in clean and online rewards,"clean log: max(0, empirical mean - 2 beta)",0.0,0.05007896869120011,836677,777780.8263738758,1.0757233549979708,0.6660814149307319,557295,31042.444444444445,9163273,836727,0,1,1.0,simulated,3965532255,"[3.0, 5.0, 5.0, 5.0, 4.0, 3.0, 4.0, 5.0, 3.0, 0.0]","[30998, 31078, 31078, 31078, 31038, 30998, 31038, 31078, 30998, 557295]","[0, 0, 0, 0, 0, 0, 0, 0, 0, 9163273]",0.3972859579953365
MovieLens-25M,near-boundary-clean-log-v1,growing,UCB,Ours,0,100000,10,0.016442451420029897,0.15688135668249298,0.016442451420029897,Bernoulli; same mean in clean and online rewards,"clean log: max(0, empirical mean - 2 beta)",0.0,0.13659846567636336,26257,25059.44785667459,1.0477884488985836,0.6025821685645733,15822,1159.4444444444443,73693,26307,0,1,1.0,simulated,2492326142,"[3.0, 5.0, 5.0, 5.0, 4.0, 3.0, 4.0, 5.0, 3.0, 0.0]","[1145, 1171, 1171, 1171, 1158, 1145, 1158, 1171, 1145, 15822]","[0, 0, 0, 0, 0, 0, 0, 0, 0, 73693]",0.13452579200384207
MovieLens-25M,near-boundary-clean-log-v1,growing,TS,Ours,0,100000,10,0.016442451420029897,0.15688135668249298,0.016442451420029897,Bernoulli; same mean in clean and online rewards,"clean log: max(0, empirical mean - 2 beta)",0.0,0.18939614126930276,41902,32976.642231990234,1.2706569609246445,0.6381795618347573,26741,1684.5555555555557,58048,41952,0,1,1.0,simulated,410435471,"[3.0, 5.0, 5.0, 5.0, 4.0, 3.0, 4.0, 5.0, 3.0, 0.0]","[1673, 1694, 1694, 1694, 1683, 1673, 1683, 1694, 1673, 26741]","[0, 0, 0, 0, 0, 0, 0, 0, 0, 58048]",0.0031346670002676547
MovieLens-25M,near-boundary-clean-log-v1,growing,UCB,Ours,0,250000,13,0.010399119360792878,0.12027652379813261,0.016442451420029897,Bernoulli; same mean in clean and online rewards,"clean log: max(0, empirical mean - 2 beta)",0.0,0.11799409278225209,54403,52119.122949772594,1.0438203277600888,0.6147822730364134,33446,1746.4166666666667,195532,54468,0,1,1.0,simulated,4178031522,"[4.0, 4.0, 3.0, 4.0, 4.0, 5.0, 4.0, 2.0, 4.0, 5.0, 3.0, 4.0, 0.0]","[1749, 1749, 1734, 1749, 1749, 1764, 1749, 1718, 1749, 1764, 1734, 1749, 33446]","[0, 0, 0, 0, 0, 0, 0, 0, 0, 0, 0, 0, 195532]",0.00487487499776762
MovieLens-25M,near-boundary-clean-log-v1,growing,TS,Ours,0,250000,13,0.010399119360792878,0.12027652379813261,0.016442451420029897,Bernoulli; same mean in clean and online rewards,"clean log: max(0, empirical mean - 2 beta)",0.0,0.1613403240464908,82979,68402.66141806709,1.2130960737455003,0.6425481145832078,53318,2471.75,166956,83044,0,1,1.0,simulated,3354263295,"[4.0, 4.0, 3.0, 4.0, 4.0, 5.0, 4.0, 2.0, 4.0, 5.0, 3.0, 4.0, 0.0]","[2474, 2474, 2461, 2474, 2474, 2486, 2474, 2449, 2474, 2486, 2461, 2474, 53318]","[0, 0, 0, 0, 0, 0, 0, 0, 0, 0, 0, 0, 166956]",0.009537499994621612
MovieLens-25M,near-boundary-clean-log-v1,growing,UCB,Ours,0,1000000,18,0.005199559680396439,0.08268373492232584,0.016442451420029897,Bernoulli; same mean in clean and online rewards,"clean log: max(0, empirical mean - 2 beta)",0.0,0.09042928088711222,158044,152792.03568165077,1.0343732858517045,0.6290716509326517,99421,3448.4117647058824,841866,158134,0,1,1.0,simulated,3297472940,"[4.0, 4.0, 5.0, 4.0, 3.0, 5.0, 4.0, 4.0, 4.0, 3.0, 4.0, 3.0, 4.0, 4.0, 4.0, 3.0, 4.0, 0.0]","[3451, 3451, 3471, 3451, 3430, 3471, 3451, 3451, 3451, 3430, 3451, 3430, 3451, 3451, 3451, 3430, 3451, 99421]","[0, 0, 0, 0, 0, 0, 0, 0, 0, 0, 0, 0, 0, 0, 0, 0, 0, 841866]",0.03563091599789914
MovieLens-25M,near-boundary-clean-log-v1,growing,TS,Ours,0,1000000,18,0.005199559680396439,0.08268373492232584,0.016442451420029897,Bernoulli; same mean in clean and online rewards,"clean log: max(0, empirical mean - 2 beta)",0.0,0.12182949543604091,229412,199711.916226929,1.1487146302242843,0.6490593342981187,148902,4735.882352941177,770498,229502,0,1,1.0,simulated,1849957206,"[4.0, 4.0, 5.0, 4.0, 3.0, 5.0, 4.0, 4.0, 4.0, 3.0, 4.0, 3.0, 4.0, 4.0, 4.0, 3.0, 4.0, 0.0]","[4738, 4738, 4754, 4738, 4721, 4754, 4738, 4738, 4738, 4721, 4738, 4721, 4738, 4738, 4738, 4721, 4738, 148902]","[0, 0, 0, 0, 0, 0, 0, 0, 0, 0, 0, 0, 0, 0, 0, 0, 0, 770498]",0.0587752499995986
MovieLens-25M,near-boundary-clean-log-v1,growing,UCB,Ours,0,2500000,22,0.0032884902840059796,0.06497561341878554,0.016442451420029897,Bernoulli; same mean in clean and online rewards,"clean log: max(0, empirical mean - 2 beta)",0.0,0.0747050550575982,317105,308517.9841897023,1.0278331126558173,0.63651787262894,201843,5488.666666666667,2182785,317215,0,1,1.0,simulated,2881787576,"[5.0, 5.0, 4.0, 4.0, 3.0, 4.0, 3.0, 3.0, 4.0, 5.0, 4.0, 3.0, 4.0, 3.0, 2.0, 4.0, 4.0, 4.0, 4.0, 3.0, 2.0, 0.0]","[5522, 5522, 5497, 5497, 5472, 5497, 5472, 5472, 5497, 5522, 5497, 5472, 5497, 5472, 5447, 5497, 5497, 5497, 5497, 5472, 5447, 201843]","[0, 0, 0, 0, 0, 0, 0, 0, 0, 0, 0, 0, 0, 0, 0, 0, 0, 0, 0, 0, 0, 2182785]",0.09746420799638145
MovieLens-25M,near-boundary-clean-log-v1,growing,TS,Ours,0,2500000,22,0.0032884902840059796,0.06497561341878554,0.016442451420029897,Bernoulli; same mean in clean and online rewards,"clean log: max(0, empirical mean - 2 beta)",0.0,0.09988688488062442,449447,402280.4279028685,1.1172479912657347,0.6526842987048529,293347,7433.333333333333,2050443,449557,0,1,1.0,simulated,3201677110,"[5.0, 5.0, 4.0, 4.0, 3.0, 4.0, 3.0, 3.0, 4.0, 5.0, 4.0, 3.0, 4.0, 3.0, 2.0, 4.0, 4.0, 4.0, 4.0, 3.0, 2.0, 0.0]","[7460, 7460, 7440, 7440, 7420, 7440, 7420, 7420, 7440, 7460, 7440, 7420, 7440, 7420, 7400, 7440, 7440, 7440, 7440, 7420, 7400, 293347]","[0, 0, 0, 0, 0, 0, 0, 0, 0, 0, 0, 0, 0, 0, 0, 0, 0, 0, 0, 0, 0, 2050443]",0.18447891699906904
MovieLens-25M,near-boundary-clean-log-v1,growing,UCB,Ours,0,10000000,32,0.0016442451420029898,0.04417182386119378,0.016442451420029897,Bernoulli; same mean in clean and online rewards,"clean log: max(0, empirical mean - 2 beta)",0.0,0.05669874500550186,932150,912124.0448846335,1.0219552978870319,0.6448200396931825,601069,10680.032258064517,9067690,932310,0,1,1.0,simulated,3524952253,"[3.0, 5.0, 5.0, 4.0, 3.0, 5.0, 5.0, 2.0, 5.0, 3.0, 4.0, 3.0, 3.0, 5.0, 5.0, 3.0, 4.0, 3.0, 4.0, 5.0, 4.0, 4.0, 4.0, 3.0, 3.0, 4.0, 3.0, 2.0, 2.0, 4.0, 2.0, 0.0]","[10657, 10725, 10725, 10691, 10657, 10725, 10725, 10623, 10725, 10657, 10691, 10657, 10657, 10725, 10725, 10657, 10691, 10657, 10691, 10725, 10691, 10691, 10691, 10657, 10657, 10691, 10657, 10623, 10623, 10691, 10623, 601069]","[0, 0, 0, 0, 0, 0, 0, 0, 0, 0, 0, 0, 0, 0, 0, 0, 0, 0, 0, 0, 0, 0, 0, 0, 0, 0, 0, 0, 0, 0, 0, 9067690]",0.5029079170053592
MovieLens-25M,near-boundary-clean-log-v1,growing,TS,Ours,0,10000000,32,0.0016442451420029898,0.04417182386119378,0.016442451420029897,Bernoulli; same mean in clean and online rewards,"clean log: max(0, empirical mean - 2 beta)",0.0,0.07505224260580465,1285162,1186263.2629214055,1.0833699737400928,0.6561203957166489,843221,14256.161290322581,8714678,1285322,0,1,1.0,simulated,2668775384,"[3.0, 5.0, 5.0, 4.0, 3.0, 5.0, 5.0, 2.0, 5.0, 3.0, 4.0, 3.0, 3.0, 5.0, 5.0, 3.0, 4.0, 3.0, 4.0, 5.0, 4.0, 4.0, 4.0, 3.0, 3.0, 4.0, 3.0, 2.0, 2.0, 4.0, 2.0, 0.0]","[14238, 14291, 14291, 14265, 14238, 14291, 14291, 14212, 14291, 14238, 14265, 14238, 14238, 14291, 14291, 14238, 14265, 14238, 14265, 14291, 14265, 14265, 14265, 14238, 14238, 14265, 14238, 14212, 14212, 14265, 14212, 843221]","[0, 0, 0, 0, 0, 0, 0, 0, 0, 0, 0, 0, 0, 0, 0, 0, 0, 0, 0, 0, 0, 0, 0, 0, 0, 0, 0, 0, 0, 0, 0, 8714678]",1.0445079159981105
MovieLens-25M,near-boundary-clean-log-v1,fixed,UCB,Ours,1,100000,10,0.016442451420029897,0.15688135668249298,0.016442451420029897,Bernoulli; same mean in clean and online rewards,"clean log: max(0, empirical mean - 2 beta)",0.0,0.13651059271713378,26222,25059.44785667459,1.04639177008107,0.6029669742963923,15811,1156.7777777777778,73728,26272,0,1,1.0,simulated,3527542505,"[5.0, 2.0, 5.0, 5.0, 4.0, 3.0, 4.0, 3.0, 3.0, 0.0]","[1172, 1134, 1172, 1172, 1160, 1147, 1160, 1147, 1147, 15811]","[0, 0, 0, 0, 0, 0, 0, 0, 0, 73728]",0.002121500001521781
MovieLens-25M,near-boundary-clean-log-v1,fixed,TS,Ours,1,100000,10,0.016442451420029897,0.15688135668249298,0.016442451420029897,Bernoulli; same mean in clean and online rewards,"clean log: max(0, empirical mean - 2 beta)",0.0,0.18933835843124508,41869,32976.642231990234,1.2696562526121413,0.6384437173087487,26731,1682.0,58081,41919,0,1,1.0,simulated,2451453316,"[5.0, 2.0, 5.0, 5.0, 4.0, 3.0, 4.0, 3.0, 3.0, 0.0]","[1695, 1663, 1695, 1695, 1684, 1674, 1684, 1674, 1674, 26731]","[0, 0, 0, 0, 0, 0, 0, 0, 0, 58081]",0.0030608750093961135
MovieLens-25M,near-boundary-clean-log-v1,fixed,UCB,Ours,1,250000,10,0.010399119360792878,0.13126894207261167,0.016442451420029897,Bernoulli; same mean in clean and online rewards,"clean log: max(0, empirical mean - 2 beta)",0.0,0.10712856632602344,48696,47353.36579619098,1.0283535115452558,0.6160054213898473,29997,2077.6666666666665,201254,48746,0,1,1.0,simulated,1733402015,"[5.0, 2.0, 5.0, 5.0, 4.0, 3.0, 4.0, 3.0, 3.0, 0.0]","[2098, 2048, 2098, 2098, 2081, 2065, 2081, 2065, 2065, 29997]","[0, 0, 0, 0, 0, 0, 0, 0, 0, 201254]",0.0045852909970562905
MovieLens-25M,near-boundary-clean-log-v1,fixed,TS,Ours,1,250000,10,0.010399119360792878,0.13126894207261167,0.016442451420029897,Bernoulli; same mean in clean and online rewards,"clean log: max(0, empirical mean - 2 beta)",0.0,0.14773050904440782,74685,61975.520735617014,1.2050725691939028,0.6482024502912231,48411,2919.3333333333335,175265,74735,0,1,1.0,simulated,1907647992,"[5.0, 2.0, 5.0, 5.0, 4.0, 3.0, 4.0, 3.0, 3.0, 0.0]","[2936, 2895, 2936, 2936, 2922, 2909, 2922, 2909, 2909, 48411]","[0, 0, 0, 0, 0, 0, 0, 0, 0, 175265]",0.008116666998830624
MovieLens-25M,near-boundary-clean-log-v1,fixed,UCB,Ours,1,1000000,10,0.005199559680396439,0.10057983550920645,0.016442451420029897,Bernoulli; same mean in clean and online rewards,"clean log: max(0, empirical mean - 2 beta)",0.0,0.07301425853331997,124883,123603.82576037137,1.0103489858162524,0.630726359872841,78767,5124.0,875067,124933,0,1,1.0,simulated,401464650,"[5.0, 2.0, 5.0, 5.0, 4.0, 3.0, 4.0, 3.0, 3.0, 0.0]","[5155, 5079, 5155, 5155, 5130, 5104, 5130, 5104, 5104, 78767]","[0, 0, 0, 0, 0, 0, 0, 0, 0, 875067]",0.017589457987924106
MovieLens-25M,near-boundary-clean-log-v1,fixed,TS,Ours,1,1000000,10,0.005199559680396439,0.10057983550920645,0.016442451420029897,Bernoulli; same mean in clean and online rewards,"clean log: max(0, empirical mean - 2 beta)",0.0,0.0996091058886884,182878,160643.27736779582,1.138410539155631,0.6580397860868995,120341,6948.555555555556,817072,182928,0,1,1.0,simulated,997376357,"[5.0, 2.0, 5.0, 5.0, 4.0, 3.0, 4.0, 3.0, 3.0, 0.0]","[6973, 6913, 6973, 6973, 6953, 6933, 6953, 6933, 6933, 120341]","[0, 0, 0, 0, 0, 0, 0, 0, 0, 817072]",0.03513962498982437
MovieLens-25M,near-boundary-clean-log-v1,fixed,UCB,Ours,1,2500000,10,0.0032884902840059796,0.08450672706639467,0.016442451420029897,Bernoulli; same mean in clean and online rewards,"clean log: max(0, empirical mean - 2 beta)",0.0,0.056177077444244425,233265,232606.34472215077,1.0028316307478027,0.6379139605170085,148803,9384.666666666666,2266685,233315,0,1,1.0,simulated,3814704592,"[5.0, 2.0, 5.0, 5.0, 4.0, 3.0, 4.0, 3.0, 3.0, 0.0]","[9425, 9326, 9425, 9425, 9392, 9359, 9392, 9359, 9359, 148803]","[0, 0, 0, 0, 0, 0, 0, 0, 0, 2266685]",0.04520483300439082
MovieLens-25M,near-boundary-clean-log-v1,fixed,TS,Ours,1,2500000,10,0.0032884902840059796,0.08450672706639467,0.016442451420029897,Bernoulli; same mean in clean and online rewards,"clean log: max(0, empirical mean - 2 beta)",0.0,0.07606068619324174,333660,301113.0238807741,1.1080889019669666,0.6621890547263681,220946,12523.777777777777,2166290,333710,0,1,1.0,simulated,656587869,"[5.0, 2.0, 5.0, 5.0, 4.0, 3.0, 4.0, 3.0, 3.0, 0.0]","[12556, 12477, 12556, 12556, 12530, 12503, 12530, 12503, 12503, 220946]","[0, 0, 0, 0, 0, 0, 0, 0, 0, 2166290]",0.09431070899881888
MovieLens-25M,near-boundary-clean-log-v1,fixed,UCB,Ours,1,10000000,10,0.0016442451420029898,0.06509215618281318,0.016442451420029897,Bernoulli; same mean in clean and online rewards,"clean log: max(0, empirical mean - 2 beta)",0.0,0.03740331915612306,601497,603968.343962668,0.9959081564665238,0.6460015594425242,388568,23658.777777777777,9398453,601547,0,1,1.0,simulated,1687630349,"[5.0, 2.0, 5.0, 5.0, 4.0, 3.0, 4.0, 3.0, 3.0, 0.0]","[23721, 23569, 23721, 23721, 23670, 23619, 23670, 23619, 23619, 388568]","[0, 0, 0, 0, 0, 0, 0, 0, 0, 9398453]",0.22587341599864885
MovieLens-25M,near-boundary-clean-log-v1,fixed,TS,Ours,1,10000000,10,0.0016442451420029898,0.06509215618281318,0.016442451420029897,Bernoulli; same mean in clean and online rewards,"clean log: max(0, empirical mean - 2 beta)",0.0,0.050075499273334365,836554,777780.8263738758,1.075565212760686,0.6661327302242294,557256,31033.11111111111,9163396,836604,0,1,1.0,simulated,3063066196,"[5.0, 2.0, 5.0, 5.0, 4.0, 3.0, 4.0, 3.0, 3.0, 0.0]","[31082, 30962, 31082, 31082, 31042, 31002, 31042, 31002, 31002, 557256]","[0, 0, 0, 0, 0, 0, 0, 0, 0, 9163396]",0.40887654200196266
MovieLens-25M,near-boundary-clean-log-v1,growing,UCB,Ours,1,100000,10,0.016442451420029897,0.15688135668249298,0.016442451420029897,Bernoulli; same mean in clean and online rewards,"clean log: max(0, empirical mean - 2 beta)",0.0,0.13651059271713378,26222,25059.44785667459,1.04639177008107,0.6029669742963923,15811,1156.7777777777778,73728,26272,0,1,1.0,simulated,3527542505,"[5.0, 2.0, 5.0, 5.0, 4.0, 3.0, 4.0, 3.0, 3.0, 0.0]","[1172, 1134, 1172, 1172, 1160, 1147, 1160, 1147, 1147, 15811]","[0, 0, 0, 0, 0, 0, 0, 0, 0, 73728]",0.002121500001521781
MovieLens-25M,near-boundary-clean-log-v1,growing,TS,Ours,1,100000,10,0.016442451420029897,0.15688135668249298,0.016442451420029897,Bernoulli; same mean in clean and online rewards,"clean log: max(0, empirical mean - 2 beta)",0.0,0.18933835843124508,41869,32976.642231990234,1.2696562526121413,0.6384437173087487,26731,1682.0,58081,41919,0,1,1.0,simulated,2451453316,"[5.0, 2.0, 5.0, 5.0, 4.0, 3.0, 4.0, 3.0, 3.0, 0.0]","[1695, 1663, 1695, 1695, 1684, 1674, 1684, 1674, 1674, 26731]","[0, 0, 0, 0, 0, 0, 0, 0, 0, 58081]",0.0030608750093961135
MovieLens-25M,near-boundary-clean-log-v1,growing,UCB,Ours,1,250000,13,0.010399119360792878,0.12027652379813261,0.016442451420029897,Bernoulli; same mean in clean and online rewards,"clean log: max(0, empirical mean - 2 beta)",0.0,0.11792018618352171,54326,52119.122949772594,1.0423429429607667,0.6152302764790339,33423,1741.9166666666667,195609,54391,0,1,1.0,simulated,1856253553,"[5.0, 4.0, 4.0, 5.0, 4.0, 3.0, 5.0, 2.0, 2.0, 4.0, 1.0, 2.0, 0.0]","[1766, 1751, 1751, 1766, 1751, 1736, 1766, 1720, 1720, 1751, 1705, 1720, 33423]","[0, 0, 0, 0, 0, 0, 0, 0, 0, 0, 0, 0, 195609]",0.005035416994360276
MovieLens-25M,near-boundary-clean-log-v1,growing,TS,Ours,1,250000,13,0.010399119360792878,0.12027652379813261,0.016442451420029897,Bernoulli; same mean in clean and online rewards,"clean log: max(0, empirical mean - 2 beta)",0.0,0.1612900223064741,82911,68402.66141806709,1.2121019603792909,0.642845943240342,53299,2467.6666666666665,167024,82976,0,1,1.0,simulated,4238622893,"[5.0, 4.0, 4.0, 5.0, 4.0, 3.0, 5.0, 2.0, 2.0, 4.0, 1.0, 2.0, 0.0]","[2487, 2475, 2475, 2487, 2475, 2463, 2487, 2450, 2450, 2475, 2438, 2450, 53299]","[0, 0, 0, 0, 0, 0, 0, 0, 0, 0, 0, 0, 167024]",0.009624541999073699
MovieLens-25M,near-boundary-clean-log-v1,growing,UCB,Ours,1,1000000,18,0.005199559680396439,0.08268373492232584,0.016442451420029897,Bernoulli; same mean in clean and online rewards,"clean log: max(0, empirical mean - 2 beta)",0.0,0.09042389141782514,158025,152792.03568165077,1.0342489338204273,0.629109318145863,99415,3447.6470588235293,841885,158115,0,1,1.0,simulated,1211844405,"[5.0, 5.0, 5.0, 4.0, 5.0, 3.0, 3.0, 4.0, 5.0, 4.0, 4.0, 2.0, 4.0, 4.0, 3.0, 2.0, 3.0, 0.0]","[3472, 3472, 3472, 3451, 3472, 3431, 3431, 3451, 3472, 3451, 3451, 3410, 3451, 3451, 3431, 3410, 3431, 99415]","[0, 0, 0, 0, 0, 0, 0, 0, 0, 0, 0, 0, 0, 0, 0, 0, 0, 841885]",0.034769457997754216
MovieLens-25M,near-boundary-clean-log-v1,growing,TS,Ours,1,1000000,18,0.005199559680396439,0.08268373492232584,0.016442451420029897,Bernoulli; same mean in clean and online rewards,"clean log: max(0, empirical mean - 2 beta)",0.0,0.12182567722435075,229393,199711.916226929,1.1486194931871012,0.6490912974676647,148897,4735.058823529412,770517,229483,0,1,1.0,simulated,2027590013,"[5.0, 5.0, 5.0, 4.0, 5.0, 3.0, 3.0, 4.0, 5.0, 4.0, 4.0, 2.0, 4.0, 4.0, 3.0, 2.0, 3.0, 0.0]","[4754, 4754, 4754, 4738, 4754, 4722, 4722, 4738, 4754, 4738, 4738, 4705, 4738, 4738, 4722, 4705, 4722, 148897]","[0, 0, 0, 0, 0, 0, 0, 0, 0, 0, 0, 0, 0, 0, 0, 0, 0, 770517]",0.058325499994680285
MovieLens-25M,near-boundary-clean-log-v1,growing,UCB,Ours,1,2500000,22,0.0032884902840059796,0.06497561341878554,0.016442451420029897,Bernoulli; same mean in clean and online rewards,"clean log: max(0, empirical mean - 2 beta)",0.0,0.07469122709086187,316977,308517.9841897023,1.027418225982886,0.6366455610343968,201802,5484.523809523809,2182913,317087,0,1,1.0,simulated,1396553311,"[5.0, 3.0, 5.0, 5.0, 4.0, 2.0, 3.0, 3.0, 3.0, 5.0, 2.0, 4.0, 3.0, 1.0, 4.0, 5.0, 4.0, 2.0, 3.0, 3.0, 3.0, 0.0]","[5524, 5474, 5524, 5524, 5499, 5448, 5474, 5474, 5474, 5524, 5448, 5499, 5474, 5423, 5499, 5524, 5499, 5448, 5474, 5474, 5474, 201802]","[0, 0, 0, 0, 0, 0, 0, 0, 0, 0, 0, 0, 0, 0, 0, 0, 0, 0, 0, 0, 0, 2182913]",0.098095250010374
MovieLens-25M,near-boundary-clean-log-v1,growing,TS,Ours,1,2500000,22,0.0032884902840059796,0.06497561341878554,0.016442451420029897,Bernoulli; same mean in clean and online rewards,"clean log: max(0, empirical mean - 2 beta)",0.0,0.09987688824648602,449358,402280.4279028685,1.1170267525630118,0.6527445822707062,293316,7430.571428571428,2050532,449468,0,1,1.0,simulated,596787542,"[5.0, 3.0, 5.0, 5.0, 4.0, 2.0, 3.0, 3.0, 3.0, 5.0, 2.0, 4.0, 3.0, 1.0, 4.0, 5.0, 4.0, 2.0, 3.0, 3.0, 3.0, 0.0]","[7462, 7422, 7462, 7462, 7442, 7402, 7422, 7422, 7422, 7462, 7402, 7442, 7422, 7382, 7442, 7462, 7442, 7402, 7422, 7422, 7422, 293316]","[0, 0, 0, 0, 0, 0, 0, 0, 0, 0, 0, 0, 0, 0, 0, 0, 0, 0, 0, 0, 0, 2050532]",0.18164125000475906
MovieLens-25M,near-boundary-clean-log-v1,growing,UCB,Ours,1,10000000,32,0.0016442451420029898,0.04417182386119378,0.016442451420029897,Bernoulli; same mean in clean and online rewards,"clean log: max(0, empirical mean - 2 beta)",0.0,0.056699718874192326,932195,912124.0448846335,1.0220046332819843,0.6448007122973197,601080,10681.129032258064,9067645,932355,0,1,1.0,simulated,2843703079,"[4.0, 5.0, 4.0, 5.0, 4.0, 5.0, 5.0, 4.0, 4.0, 3.0, 4.0, 4.0, 4.0, 4.0, 5.0, 5.0, 5.0, 4.0, 4.0, 4.0, 2.0, 1.0, 4.0, 3.0, 2.0, 4.0, 3.0, 3.0, 2.0, 3.0, 2.0, 0.0]","[10691, 10725, 10691, 10725, 10691, 10725, 10725, 10691, 10691, 10657, 10691, 10691, 10691, 10691, 10725, 10725, 10725, 10691, 10691, 10691, 10623, 10589, 10691, 10657, 10623, 10691, 10657, 10657, 10623, 10657, 10623, 601080]","[0, 0, 0, 0, 0, 0, 0, 0, 0, 0, 0, 0, 0, 0, 0, 0, 0, 0, 0, 0, 0, 0, 0, 0, 0, 0, 0, 0, 0, 0, 0, 9067645]",0.4879041249951115
MovieLens-25M,near-boundary-clean-log-v1,growing,TS,Ours,1,10000000,32,0.0016442451420029898,0.04417182386119378,0.016442451420029897,Bernoulli; same mean in clean and online rewards,"clean log: max(0, empirical mean - 2 beta)",0.0,0.0750529629847303,1285181,1186263.2629214055,1.0833859904208702,0.6561169204960235,843229,14256.516129032258,8714659,1285341,0,1,1.0,simulated,1868325824,"[4.0, 5.0, 4.0, 5.0, 4.0, 5.0, 5.0, 4.0, 4.0, 3.0, 4.0, 4.0, 4.0, 4.0, 5.0, 5.0, 5.0, 4.0, 4.0, 4.0, 2.0, 1.0, 4.0, 3.0, 2.0, 4.0, 3.0, 3.0, 2.0, 3.0, 2.0, 0.0]","[14264, 14291, 14264, 14291, 14264, 14291, 14291, 14264, 14264, 14238, 14264, 14264, 14264, 14264, 14291, 14291, 14291, 14264, 14264, 14264, 14211, 14185, 14264, 14238, 14211, 14264, 14238, 14238, 14211, 14238, 14211, 843229]","[0, 0, 0, 0, 0, 0, 0, 0, 0, 0, 0, 0, 0, 0, 0, 0, 0, 0, 0, 0, 0, 0, 0, 0, 0, 0, 0, 0, 0, 0, 0, 8714659]",1.0883850829995936
MovieLens-25M,near-boundary-clean-log-v1,fixed,UCB,Ours,2,100000,10,0.016442451420029897,0.15688135668249298,0.016442451420029897,Bernoulli; same mean in clean and online rewards,"clean log: max(0, empirical mean - 2 beta)",0.0,0.13651064580235672,26224,25059.44785667459,1.0464715802992137,0.6029209884075656,15811,1157.0,73726,26274,0,1,1.0,simulated,4087471949,"[4.0, 4.0, 3.0, 4.0, 4.0, 5.0, 3.0, 4.0, 3.0, 0.0]","[1160, 1160, 1147, 1160, 1160, 1172, 1147, 1160, 1147, 15811]","[0, 0, 0, 0, 0, 0, 0, 0, 0, 73726]",0.002114415998221375
MovieLens-25M,near-boundary-clean-log-v1,fixed,TS,Ours,2,100000,10,0.016442451420029897,0.15688135668249298,0.016442451420029897,Bernoulli; same mean in clean and online rewards,"clean log: max(0, empirical mean - 2 beta)",0.0,0.18933837047343227,41868,32976.642231990234,1.269625928117823,0.6384589662749593,26731,1681.888888888889,58082,41918,0,1,1.0,simulated,632627853,"[4.0, 4.0, 3.0, 4.0, 4.0, 5.0, 3.0, 4.0, 3.0, 0.0]","[1684, 1684, 1674, 1684, 1684, 1695, 1674, 1684, 1674, 26731]","[0, 0, 0, 0, 0, 0, 0, 0, 0, 58082]",0.003021208001882769
MovieLens-25M,near-boundary-clean-log-v1,fixed,UCB,Ours,2,250000,10,0.010399119360792878,0.13126894207261167,0.016442451420029897,Bernoulli; same mean in clean and online rewards,"clean log: max(0, empirical mean - 2 beta)",0.0,0.10712858488170235,48695,47353.36579619098,1.0283323937221995,0.6160180716706027,29997,2077.5555555555557,201255,48745,0,1,1.0,simulated,959813013,"[4.0, 4.0, 3.0, 4.0, 4.0, 5.0, 3.0, 4.0, 3.0, 0.0]","[2081, 2081, 2065, 2081, 2081, 2098, 2065, 2081, 2065, 29997]","[0, 0, 0, 0, 0, 0, 0, 0, 0, 201255]",0.004881999993813224
MovieLens-25M,near-boundary-clean-log-v1,fixed,TS,Ours,2,250000,10,0.010399119360792878,0.13126894207261167,0.016442451420029897,Bernoulli; same mean in clean and online rewards,"clean log: max(0, empirical mean - 2 beta)",0.0,0.14773051189606007,74684,61975.520735617014,1.2050564337909546,0.6482111295592095,48411,2919.222222222222,175266,74734,0,1,1.0,simulated,462684036,"[4.0, 4.0, 3.0, 4.0, 4.0, 5.0, 3.0, 4.0, 3.0, 0.0]","[2922, 2922, 2909, 2922, 2922, 2936, 2909, 2922, 2909, 48411]","[0, 0, 0, 0, 0, 0, 0, 0, 0, 175266]",0.00805420799588319
MovieLens-25M,near-boundary-clean-log-v1,fixed,UCB,Ours,2,1000000,10,0.005199559680396439,0.10057983550920645,0.016442451420029897,Bernoulli; same mean in clean and online rewards,"clean log: max(0, empirical mean - 2 beta)",0.0,0.07301426208813258,124884,123603.82576037137,1.0103570761807201,0.6307213093751001,78767,5124.111111111111,875066,124934,0,1,1.0,simulated,1902612360,"[4.0, 4.0, 3.0, 4.0, 4.0, 5.0, 3.0, 4.0, 3.0, 0.0]","[5130, 5130, 5104, 5130, 5130, 5155, 5104, 5130, 5104, 78767]","[0, 0, 0, 0, 0, 0, 0, 0, 0, 875066]",0.017587833004654385
MovieLens-25M,near-boundary-clean-log-v1,fixed,TS,Ours,2,1000000,10,0.005199559680396439,0.10057983550920645,0.016442451420029897,Bernoulli; same mean in clean and online rewards,"clean log: max(0, empirical mean - 2 beta)",0.0,0.09960910588868846,182878,160643.27736779582,1.138410539155631,0.6580397860868995,120341,6948.555555555556,817072,182928,0,1,1.0,simulated,1855641488,"[4.0, 4.0, 3.0, 4.0, 4.0, 5.0, 3.0, 4.0, 3.0, 0.0]","[6953, 6953, 6933, 6953, 6953, 6973, 6933, 6953, 6933, 120341]","[0, 0, 0, 0, 0, 0, 0, 0, 0, 817072]",0.03529879100096878
MovieLens-25M,near-boundary-clean-log-v1,fixed,UCB,Ours,2,2500000,10,0.0032884902840059796,0.08450672706639467,0.016442451420029897,Bernoulli; same mean in clean and online rewards,"clean log: max(0, empirical mean - 2 beta)",0.0,0.05617707843165058,233265,232606.34472215077,1.0028316307478027,0.6379139605170085,148803,9384.666666666666,2266685,233315,0,1,1.0,simulated,818177816,"[4.0, 4.0, 3.0, 4.0, 4.0, 5.0, 3.0, 4.0, 3.0, 0.0]","[9392, 9392, 9359, 9392, 9392, 9425, 9359, 9392, 9359, 148803]","[0, 0, 0, 0, 0, 0, 0, 0, 0, 2266685]",0.044837208988610655
MovieLens-25M,near-boundary-clean-log-v1,fixed,TS,Ours,2,2500000,10,0.0032884902840059796,0.08450672706639467,0.016442451420029897,Bernoulli; same mean in clean and online rewards,"clean log: max(0, empirical mean - 2 beta)",0.0,0.07606068688821199,333661,301113.0238807741,1.1080922229790808,0.6621870701100818,220946,12523.888888888889,2166289,333711,0,1,1.0,simulated,2060326999,"[4.0, 4.0, 3.0, 4.0, 4.0, 5.0, 3.0, 4.0, 3.0, 0.0]","[12530, 12530, 12503, 12530, 12530, 12556, 12503, 12530, 12503, 220946]","[0, 0, 0, 0, 0, 0, 0, 0, 0, 2166289]",0.0922852499934379
MovieLens-25M,near-boundary-clean-log-v1,fixed,UCB,Ours,2,10000000,10,0.0016442451420029898,0.06509215618281318,0.016442451420029897,Bernoulli; same mean in clean and online rewards,"clean log: max(0, empirical mean - 2 beta)",0.0,0.03740332072388099,601496,603968.343962668,0.9959065007506076,0.6460026334339714,388568,23658.666666666668,9398454,601546,0,1,1.0,simulated,194390593,"[4.0, 4.0, 3.0, 4.0, 4.0, 5.0, 3.0, 4.0, 3.0, 0.0]","[23670, 23670, 23619, 23670, 23670, 23721, 23619, 23670, 23619, 388568]","[0, 0, 0, 0, 0, 0, 0, 0, 0, 9398454]",0.19103391699900385
MovieLens-25M,near-boundary-clean-log-v1,fixed,TS,Ours,2,10000000,10,0.0016442451420029898,0.06509215618281318,0.016442451420029897,Bernoulli; same mean in clean and online rewards,"clean log: max(0, empirical mean - 2 beta)",0.0,0.050075499273334365,836554,777780.8263738758,1.075565212760686,0.6661327302242294,557256,31033.11111111111,9163396,836604,0,1,1.0,simulated,2081210412,"[4.0, 4.0, 3.0, 4.0, 4.0, 5.0, 3.0, 4.0, 3.0, 0.0]","[31042, 31042, 31002, 31042, 31042, 31082, 31002, 31042, 31002, 557256]","[0, 0, 0, 0, 0, 0, 0, 0, 0, 9163396]",0.3975187920004828
MovieLens-25M,near-boundary-clean-log-v1,growing,UCB,Ours,2,100000,10,0.016442451420029897,0.15688135668249298,0.016442451420029897,Bernoulli; same mean in clean and online rewards,"clean log: max(0, empirical mean - 2 beta)",0.0,0.13651064580235672,26224,25059.44785667459,1.0464715802992137,0.6029209884075656,15811,1157.0,73726,26274,0,1,1.0,simulated,4087471949,"[4.0, 4.0, 3.0, 4.0, 4.0, 5.0, 3.0, 4.0, 3.0, 0.0]","[1160, 1160, 1147, 1160, 1160, 1172, 1147, 1160, 1147, 15811]","[0, 0, 0, 0, 0, 0, 0, 0, 0, 73726]",0.002114415998221375
MovieLens-25M,near-boundary-clean-log-v1,growing,TS,Ours,2,100000,10,0.016442451420029897,0.15688135668249298,0.016442451420029897,Bernoulli; same mean in clean and online rewards,"clean log: max(0, empirical mean - 2 beta)",0.0,0.18933837047343227,41868,32976.642231990234,1.269625928117823,0.6384589662749593,26731,1681.888888888889,58082,41918,0,1,1.0,simulated,632627853,"[4.0, 4.0, 3.0, 4.0, 4.0, 5.0, 3.0, 4.0, 3.0, 0.0]","[1684, 1684, 1674, 1684, 1684, 1695, 1674, 1684, 1674, 26731]","[0, 0, 0, 0, 0, 0, 0, 0, 0, 58082]",0.003021208001882769
MovieLens-25M,near-boundary-clean-log-v1,growing,UCB,Ours,2,250000,13,0.010399119360792878,0.12027652379813261,0.016442451420029897,Bernoulli; same mean in clean and online rewards,"clean log: max(0, empirical mean - 2 beta)",0.0,0.11796454447589347,54372,52119.122949772594,1.043225536477245,0.6149672625616126,33437,1744.5833333333333,195563,54437,0,1,1.0,simulated,1634885291,"[5.0, 4.0, 3.0, 3.0, 4.0, 3.0, 5.0, 3.0, 4.0, 2.0, 4.0, 4.0, 0.0]","[1765, 1750, 1734, 1734, 1750, 1734, 1765, 1734, 1750, 1719, 1750, 1750, 33437]","[0, 0, 0, 0, 0, 0, 0, 0, 0, 0, 0, 0, 195563]",0.004843042013817467
MovieLens-25M,near-boundary-clean-log-v1,growing,TS,Ours,2,250000,13,0.010399119360792878,0.12027652379813261,0.016442451420029897,Bernoulli; same mean in clean and online rewards,"clean log: max(0, empirical mean - 2 beta)",0.0,0.16132020616202514,82950,68402.66141806709,1.2126721136334404,0.6426763110307414,53310,2470.0,166985,83015,0,1,1.0,simulated,2561217518,"[5.0, 4.0, 3.0, 3.0, 4.0, 3.0, 5.0, 3.0, 4.0, 2.0, 4.0, 4.0, 0.0]","[2486, 2474, 2462, 2462, 2474, 2462, 2486, 2462, 2474, 2450, 2474, 2474, 53310]","[0, 0, 0, 0, 0, 0, 0, 0, 0, 0, 0, 0, 166985]",0.00934300001244992
MovieLens-25M,near-boundary-clean-log-v1,growing,UCB,Ours,2,1000000,18,0.005199559680396439,0.08268373492232584,0.016442451420029897,Bernoulli; same mean in clean and online rewards,"clean log: max(0, empirical mean - 2 beta)",0.0,0.09039157404674142,157901,152792.03568165077,1.0334373731952495,0.629356368864035,99376,3442.6470588235293,842009,157991,0,1,1.0,simulated,840756336,"[5.0, 1.0, 3.0, 4.0, 4.0, 5.0, 5.0, 3.0, 5.0, 4.0, 5.0, 2.0, 3.0, 3.0, 2.0, 2.0, 3.0, 0.0]","[3474, 3392, 3433, 3454, 3454, 3474, 3474, 3433, 3474, 3454, 3474, 3412, 3433, 3433, 3412, 3412, 3433, 99376]","[0, 0, 0, 0, 0, 0, 0, 0, 0, 0, 0, 0, 0, 0, 0, 0, 0, 842009]",0.035160333005478606
MovieLens-25M,near-boundary-clean-log-v1,growing,TS,Ours,2,1000000,18,0.005199559680396439,0.08268373492232584,0.016442451420029897,Bernoulli; same mean in clean and online rewards,"clean log: max(0, empirical mean - 2 beta)",0.0,0.1218027666292345,229299,199711.916226929,1.1481488152136687,0.6492265557198243,148867,4731.294117647059,770611,229389,0,1,1.0,simulated,2048122898,"[5.0, 1.0, 3.0, 4.0, 4.0, 5.0, 5.0, 3.0, 5.0, 4.0, 5.0, 2.0, 3.0, 3.0, 2.0, 2.0, 3.0, 0.0]","[4756, 4691, 4724, 4740, 4740, 4756, 4756, 4724, 4756, 4740, 4756, 4707, 4724, 4724, 4707, 4707, 4724, 148867]","[0, 0, 0, 0, 0, 0, 0, 0, 0, 0, 0, 0, 0, 0, 0, 0, 0, 770611]",0.058995792001951486
MovieLens-25M,near-boundary-clean-log-v1,growing,UCB,Ours,2,2500000,22,0.0032884902840059796,0.06497561341878554,0.016442451420029897,Bernoulli; same mean in clean and online rewards,"clean log: max(0, empirical mean - 2 beta)",0.0,0.0747105845352431,317154,308517.9841897023,1.027991936460299,0.6364699798835897,201859,5490.238095238095,2182736,317264,0,1,1.0,simulated,1217668032,"[4.0, 4.0, 4.0, 5.0, 4.0, 4.0, 4.0, 4.0, 4.0, 3.0, 3.0, 5.0, 4.0, 3.0, 5.0, 3.0, 2.0, 5.0, 4.0, 3.0, 2.0, 0.0]","[5496, 5496, 5496, 5522, 5496, 5496, 5496, 5496, 5496, 5471, 5471, 5522, 5496, 5471, 5522, 5471, 5446, 5522, 5496, 5471, 5446, 201859]","[0, 0, 0, 0, 0, 0, 0, 0, 0, 0, 0, 0, 0, 0, 0, 0, 0, 0, 0, 0, 0, 2182736]",0.09860370800015517
MovieLens-25M,near-boundary-clean-log-v1,growing,TS,Ours,2,2500000,22,0.0032884902840059796,0.06497561341878554,0.016442451420029897,Bernoulli; same mean in clean and online rewards,"clean log: max(0, empirical mean - 2 beta)",0.0,0.0998908830452421,449499,402280.4279028685,1.1173772543279996,0.6526354897341262,293359,7435.238095238095,2050391,449609,0,1,1.0,simulated,763684050,"[4.0, 4.0, 4.0, 5.0, 4.0, 4.0, 4.0, 4.0, 4.0, 3.0, 3.0, 5.0, 4.0, 3.0, 5.0, 3.0, 2.0, 5.0, 4.0, 3.0, 2.0, 0.0]","[7440, 7440, 7440, 7460, 7440, 7440, 7440, 7440, 7440, 7420, 7420, 7460, 7440, 7420, 7460, 7420, 7400, 7460, 7440, 7420, 7400, 293359]","[0, 0, 0, 0, 0, 0, 0, 0, 0, 0, 0, 0, 0, 0, 0, 0, 0, 0, 0, 0, 0, 2050391]",0.1844906250044005
MovieLens-25M,near-boundary-clean-log-v1,growing,UCB,Ours,2,10000000,32,0.0016442451420029898,0.04417182386119378,0.016442451420029897,Bernoulli; same mean in clean and online rewards,"clean log: max(0, empirical mean - 2 beta)",0.0,0.05669290232028773,931952,912124.0448846335,1.021738222149241,0.6448862173159132,601003,10675.774193548386,9067888,932112,0,1,1.0,simulated,3705007498,"[4.0, 5.0, 4.0, 4.0, 4.0, 2.0, 2.0, 3.0, 3.0, 5.0, 4.0, 5.0, 3.0, 4.0, 3.0, 4.0, 3.0, 2.0, 3.0, 5.0, 5.0, 5.0, 5.0, 4.0, 2.0, 4.0, 5.0, 1.0, 4.0, 1.0, 0.0, 0.0]","[10693, 10727, 10693, 10693, 10693, 10626, 10626, 10660, 10660, 10727, 10693, 10727, 10660, 10693, 10660, 10693, 10660, 10626, 10660, 10727, 10727, 10727, 10727, 10693, 10626, 10693, 10727, 10591, 10693, 10591, 10557, 601003]","[0, 0, 0, 0, 0, 0, 0, 0, 0, 0, 0, 0, 0, 0, 0, 0, 0, 0, 0, 0, 0, 0, 0, 0, 0, 0, 0, 0, 0, 0, 0, 9067888]",0.4880878749972908
MovieLens-25M,near-boundary-clean-log-v1,growing,TS,Ours,2,10000000,32,0.0016442451420029898,0.04417182386119378,0.016442451420029897,Bernoulli; same mean in clean and online rewards,"clean log: max(0, empirical mean - 2 beta)",0.0,0.07504793219482803,1285000,1186263.2629214055,1.0832334104618868,0.6561634241245137,843170,14252.58064516129,8714840,1285160,0,1,1.0,simulated,393868198,"[4.0, 5.0, 4.0, 4.0, 4.0, 2.0, 2.0, 3.0, 3.0, 5.0, 4.0, 5.0, 3.0, 4.0, 3.0, 4.0, 3.0, 2.0, 3.0, 5.0, 5.0, 5.0, 5.0, 4.0, 2.0, 4.0, 5.0, 1.0, 4.0, 1.0, 0.0, 0.0]","[14266, 14293, 14266, 14266, 14266, 14213, 14213, 14240, 14240, 14293, 14266, 14293, 14240, 14266, 14240, 14266, 14240, 14213, 14240, 14293, 14293, 14293, 14293, 14266, 14213, 14266, 14293, 14187, 14266, 14187, 14160, 843170]","[0, 0, 0, 0, 0, 0, 0, 0, 0, 0, 0, 0, 0, 0, 0, 0, 0, 0, 0, 0, 0, 0, 0, 0, 0, 0, 0, 0, 0, 0, 0, 8714840]",1.0461955000064336
MovieLens-25M,near-boundary-clean-log-v1,fixed,UCB,Ours,3,100000,10,0.016442451420029897,0.15688135668249298,0.016442451420029897,Bernoulli; same mean in clean and online rewards,"clean log: max(0, empirical mean - 2 beta)",0.0,0.13639342465744664,26170,25059.44785667459,1.0443167044093358,0.603553687428353,15795,1152.7777777777778,73780,26220,0,1,1.0,simulated,472963888,"[3.0, 4.0, 2.0, 4.0, 4.0, 4.0, 3.0, 4.0, 2.0, 0.0]","[1149, 1161, 1136, 1161, 1161, 1161, 1149, 1161, 1136, 15795]","[0, 0, 0, 0, 0, 0, 0, 0, 0, 73780]",0.001987625000765547
MovieLens-25M,near-boundary-clean-log-v1,fixed,TS,Ours,3,100000,10,0.016442451420029897,0.15688135668249298,0.016442451420029897,Bernoulli; same mean in clean and online rewards,"clean log: max(0, empirical mean - 2 beta)",0.0,0.18926130814915726,41824,32976.642231990234,1.2682916503678185,0.6388437260902831,26719,1678.3333333333333,58126,41874,0,1,1.0,simulated,1538106070,"[3.0, 4.0, 2.0, 4.0, 4.0, 4.0, 3.0, 4.0, 2.0, 0.0]","[1675, 1685, 1665, 1685, 1685, 1685, 1675, 1685, 1665, 26719]","[0, 0, 0, 0, 0, 0, 0, 0, 0, 58126]",0.0029778750031255186
MovieLens-25M,near-boundary-clean-log-v1,fixed,UCB,Ours,3,250000,10,0.010399119360792878,0.13126894207261167,0.016442451420029897,Bernoulli; same mean in clean and online rewards,"clean log: max(0, empirical mean - 2 beta)",0.0,0.107061882944982,48630,47353.36579619098,1.0269597352235458,0.6164096236890808,29976,2072.6666666666665,201320,48680,0,1,1.0,simulated,2150906203,"[3.0, 4.0, 2.0, 4.0, 4.0, 4.0, 3.0, 4.0, 2.0, 0.0]","[2067, 2084, 2050, 2084, 2084, 2084, 2067, 2084, 2050, 29976]","[0, 0, 0, 0, 0, 0, 0, 0, 0, 201320]",0.004518542002188042
MovieLens-25M,near-boundary-clean-log-v1,fixed,TS,Ours,3,250000,10,0.010399119360792878,0.13126894207261167,0.016442451420029897,Bernoulli; same mean in clean and online rewards,"clean log: max(0, empirical mean - 2 beta)",0.0,0.14768460506285946,74629,61975.520735617014,1.2041689866287981,0.6484744536306262,48395,2914.8888888888887,175321,74679,0,1,1.0,simulated,2627555911,"[3.0, 4.0, 2.0, 4.0, 4.0, 4.0, 3.0, 4.0, 2.0, 0.0]","[2910, 2924, 2897, 2924, 2924, 2924, 2910, 2924, 2897, 48395]","[0, 0, 0, 0, 0, 0, 0, 0, 0, 175321]",0.008096333011053503
MovieLens-25M,near-boundary-clean-log-v1,fixed,UCB,Ours,3,1000000,10,0.005199559680396439,0.10057983550920645,0.016442451420029897,Bernoulli; same mean in clean and online rewards,"clean log: max(0, empirical mean - 2 beta)",0.0,0.07298658552245693,124782,123603.82576037137,1.0095318590050177,0.6309804298696927,78735,5116.333333333333,875168,124832,0,1,1.0,simulated,3063570920,"[3.0, 4.0, 2.0, 4.0, 4.0, 4.0, 3.0, 4.0, 2.0, 0.0]","[5108, 5133, 5083, 5133, 5133, 5133, 5108, 5133, 5083, 78735]","[0, 0, 0, 0, 0, 0, 0, 0, 0, 875168]",0.017451709005399607
MovieLens-25M,near-boundary-clean-log-v1,fixed,TS,Ours,3,1000000,10,0.005199559680396439,0.10057983550920645,0.016442451420029897,Bernoulli; same mean in clean and online rewards,"clean log: max(0, empirical mean - 2 beta)",0.0,0.09958912579188509,182800,160643.27736779582,1.1379249912928255,0.658183807439825,120316,6942.666666666667,817150,182850,0,1,1.0,simulated,2712956574,"[3.0, 4.0, 2.0, 4.0, 4.0, 4.0, 3.0, 4.0, 2.0, 0.0]","[6936, 6956, 6916, 6956, 6956, 6956, 6936, 6956, 6916, 120316]","[0, 0, 0, 0, 0, 0, 0, 0, 0, 817150]",0.03517020800791215
MovieLens-25M,near-boundary-clean-log-v1,fixed,UCB,Ours,3,2500000,10,0.0032884902840059796,0.08450672706639467,0.016442451420029897,Bernoulli; same mean in clean and online rewards,"clean log: max(0, empirical mean - 2 beta)",0.0,0.056161805234620124,233134,232606.34472215077,1.0022684474857275,0.6380922559558022,148761,9374.777777777777,2266816,233184,0,1,1.0,simulated,927327200,"[3.0, 4.0, 2.0, 4.0, 4.0, 4.0, 3.0, 4.0, 2.0, 0.0]","[9364, 9397, 9330, 9397, 9397, 9397, 9364, 9397, 9330, 148761]","[0, 0, 0, 0, 0, 0, 0, 0, 0, 2266816]",0.04458895800053142
MovieLens-25M,near-boundary-clean-log-v1,fixed,TS,Ours,3,2500000,10,0.0032884902840059796,0.08450672706639467,0.016442451420029897,Bernoulli; same mean in clean and online rewards,"clean log: max(0, empirical mean - 2 beta)",0.0,0.07604941984794256,333554,301113.0238807741,1.1077368746828797,0.6623005570312454,220913,12515.666666666666,2166396,333604,0,1,1.0,simulated,4041075752,"[3.0, 4.0, 2.0, 4.0, 4.0, 4.0, 3.0, 4.0, 2.0, 0.0]","[12507, 12533, 12481, 12533, 12533, 12533, 12507, 12533, 12481, 220913]","[0, 0, 0, 0, 0, 0, 0, 0, 0, 2166396]",0.09248712500266265
MovieLens-25M,near-boundary-clean-log-v1,fixed,UCB,Ours,3,10000000,10,0.0016442451420029898,0.06509215618281318,0.016442451420029897,Bernoulli; same mean in clean and online rewards,"clean log: max(0, empirical mean - 2 beta)",0.0,0.03739719253667273,601293,603968.343962668,0.9955703904196123,0.6461109642054705,388502,23643.444444444445,9398657,601343,0,1,1.0,simulated,435873219,"[3.0, 4.0, 2.0, 4.0, 4.0, 4.0, 3.0, 4.0, 2.0, 0.0]","[23627, 23677, 23576, 23677, 23677, 23677, 23627, 23677, 23576, 388502]","[0, 0, 0, 0, 0, 0, 0, 0, 0, 9398657]",0.18536962498910725
MovieLens-25M,near-boundary-clean-log-v1,fixed,TS,Ours,3,10000000,10,0.0016442451420029898,0.06509215618281318,0.016442451420029897,Bernoulli; same mean in clean and online rewards,"clean log: max(0, empirical mean - 2 beta)",0.0,0.05007087426758723,836397,777780.8263738758,1.07536335640903,0.6661967941061482,557205,31021.333333333332,9163553,836447,0,1,1.0,simulated,2050745623,"[3.0, 4.0, 2.0, 4.0, 4.0, 4.0, 3.0, 4.0, 2.0, 0.0]","[31008, 31048, 30968, 31048, 31048, 31048, 31008, 31048, 30968, 557205]","[0, 0, 0, 0, 0, 0, 0, 0, 0, 9163553]",0.3907600829988951
MovieLens-25M,near-boundary-clean-log-v1,growing,UCB,Ours,3,100000,10,0.016442451420029897,0.15688135668249298,0.016442451420029897,Bernoulli; same mean in clean and online rewards,"clean log: max(0, empirical mean - 2 beta)",0.0,0.13639342465744664,26170,25059.44785667459,1.0443167044093358,0.603553687428353,15795,1152.7777777777778,73780,26220,0,1,1.0,simulated,472963888,"[3.0, 4.0, 2.0, 4.0, 4.0, 4.0, 3.0, 4.0, 2.0, 0.0]","[1149, 1161, 1136, 1161, 1161, 1161, 1149, 1161, 1136, 15795]","[0, 0, 0, 0, 0, 0, 0, 0, 0, 73780]",0.001987625000765547
MovieLens-25M,near-boundary-clean-log-v1,growing,TS,Ours,3,100000,10,0.016442451420029897,0.15688135668249298,0.016442451420029897,Bernoulli; same mean in clean and online rewards,"clean log: max(0, empirical mean - 2 beta)",0.0,0.18926130814915726,41824,32976.642231990234,1.2682916503678185,0.6388437260902831,26719,1678.3333333333333,58126,41874,0,1,1.0,simulated,1538106070,"[3.0, 4.0, 2.0, 4.0, 4.0, 4.0, 3.0, 4.0, 2.0, 0.0]","[1675, 1685, 1665, 1685, 1685, 1685, 1675, 1685, 1665, 26719]","[0, 0, 0, 0, 0, 0, 0, 0, 0, 58126]",0.0029778750031255186
MovieLens-25M,near-boundary-clean-log-v1,growing,UCB,Ours,3,250000,13,0.010399119360792878,0.12027652379813261,0.016442451420029897,Bernoulli; same mean in clean and online rewards,"clean log: max(0, empirical mean - 2 beta)",0.0,0.1180531587611219,54465,52119.122949772594,1.0450099103257768,0.6144312861470669,33465,1750.0,195470,54530,0,1,1.0,simulated,1853883259,"[5.0, 5.0, 5.0, 4.0, 5.0, 5.0, 3.0, 5.0, 3.0, 3.0, 3.0, 4.0, 0.0]","[1763, 1763, 1763, 1747, 1763, 1763, 1732, 1763, 1732, 1732, 1732, 1747, 33465]","[0, 0, 0, 0, 0, 0, 0, 0, 0, 0, 0, 0, 195470]",0.005165208000107668
MovieLens-25M,near-boundary-clean-log-v1,growing,TS,Ours,3,250000,13,0.010399119360792878,0.12027652379813261,0.016442451420029897,Bernoulli; same mean in clean and online rewards,"clean log: max(0, empirical mean - 2 beta)",0.0,0.16138055023522374,83026,68402.66141806709,1.2137831815133215,0.6423529978560932,53332,2474.5,166909,83091,0,1,1.0,simulated,1947552608,"[5.0, 5.0, 5.0, 4.0, 5.0, 5.0, 3.0, 5.0, 3.0, 3.0, 3.0, 4.0, 0.0]","[2485, 2485, 2485, 2472, 2485, 2485, 2460, 2485, 2460, 2460, 2460, 2472, 53332]","[0, 0, 0, 0, 0, 0, 0, 0, 0, 0, 0, 0, 166909]",0.009494333004113287
MovieLens-25M,near-boundary-clean-log-v1,growing,UCB,Ours,3,1000000,18,0.005199559680396439,0.08268373492232584,0.016442451420029897,Bernoulli; same mean in clean and online rewards,"clean log: max(0, empirical mean - 2 beta)",0.0,0.09041850753916492,158004,152792.03568165077,1.0341114921016472,0.6291486291486291,99408,3446.823529411765,841906,158094,0,1,1.0,simulated,1611328351,"[5.0, 3.0, 5.0, 4.0, 5.0, 4.0, 4.0, 3.0, 4.0, 4.0, 4.0, 2.0, 3.0, 4.0, 5.0, 2.0, 3.0, 0.0]","[3472, 3431, 3472, 3452, 3472, 3452, 3452, 3431, 3452, 3452, 3452, 3410, 3431, 3452, 3472, 3410, 3431, 99408]","[0, 0, 0, 0, 0, 0, 0, 0, 0, 0, 0, 0, 0, 0, 0, 0, 0, 841906]",0.035167582987924106
MovieLens-25M,near-boundary-clean-log-v1,growing,TS,Ours,3,1000000,18,0.005199559680396439,0.08268373492232584,0.016442451420029897,Bernoulli; same mean in clean and online rewards,"clean log: max(0, empirical mean - 2 beta)",0.0,0.12182185829107775,229378,199711.916226929,1.1485443849998513,0.649111946219777,148892,4734.470588235294,770532,229468,0,1,1.0,simulated,3267706163,"[5.0, 3.0, 5.0, 4.0, 5.0, 4.0, 4.0, 3.0, 4.0, 4.0, 4.0, 2.0, 3.0, 4.0, 5.0, 2.0, 3.0, 0.0]","[4755, 4722, 4755, 4738, 4755, 4738, 4738, 4722, 4738, 4738, 4738, 4706, 4722, 4738, 4755, 4706, 4722, 148892]","[0, 0, 0, 0, 0, 0, 0, 0, 0, 0, 0, 0, 0, 0, 0, 0, 0, 770532]",0.059190791012952104
MovieLens-25M,near-boundary-clean-log-v1,growing,UCB,Ours,3,2500000,22,0.0032884902840059796,0.06497561341878554,0.016442451420029897,Bernoulli; same mean in clean and online rewards,"clean log: max(0, empirical mean - 2 beta)",0.0,0.07471611568141648,317210,308517.9841897023,1.0281734493797066,0.6364080577535387,201875,5492.142857142857,2182680,317320,0,1,1.0,simulated,3576742397,"[3.0, 4.0, 5.0, 2.0, 4.0, 5.0, 5.0, 3.0, 2.0, 5.0, 4.0, 4.0, 2.0, 4.0, 4.0, 4.0, 4.0, 3.0, 5.0, 5.0, 4.0, 0.0]","[5470, 5496, 5521, 5445, 5496, 5521, 5521, 5470, 5445, 5521, 5496, 5496, 5445, 5496, 5496, 5496, 5496, 5470, 5521, 5521, 5496, 201875]","[0, 0, 0, 0, 0, 0, 0, 0, 0, 0, 0, 0, 0, 0, 0, 0, 0, 0, 0, 0, 0, 2182680]",0.09805729199433699
MovieLens-25M,near-boundary-clean-log-v1,growing,TS,Ours,3,2500000,22,0.0032884902840059796,0.06497561341878554,0.016442451420029897,Bernoulli; same mean in clean and online rewards,"clean log: max(0, empirical mean - 2 beta)",0.0,0.09989488308041639,449531,402280.4279028685,1.117456800827855,0.6526179507086274,293372,7436.142857142857,2050359,449641,0,1,1.0,simulated,3804168307,"[3.0, 4.0, 5.0, 2.0, 4.0, 5.0, 5.0, 3.0, 2.0, 5.0, 4.0, 4.0, 2.0, 4.0, 4.0, 4.0, 4.0, 3.0, 5.0, 5.0, 4.0, 0.0]","[7419, 7439, 7459, 7399, 7439, 7459, 7459, 7419, 7399, 7459, 7439, 7439, 7399, 7439, 7439, 7439, 7439, 7419, 7459, 7459, 7439, 293372]","[0, 0, 0, 0, 0, 0, 0, 0, 0, 0, 0, 0, 0, 0, 0, 0, 0, 0, 0, 0, 0, 2050359]",0.19451879199186806
MovieLens-25M,near-boundary-clean-log-v1,growing,UCB,Ours,3,10000000,32,0.0016442451420029898,0.04417182386119378,0.016442451420029897,Bernoulli; same mean in clean and online rewards,"clean log: max(0, empirical mean - 2 beta)",0.0,0.05669582343280903,932046,912124.0448846335,1.021841278307586,0.6448565843316746,601036,10677.741935483871,9067794,932206,0,1,1.0,simulated,3698995856,"[5.0, 4.0, 4.0, 4.0, 3.0, 5.0, 5.0, 4.0, 4.0, 4.0, 5.0, 3.0, 3.0, 2.0, 2.0, 4.0, 3.0, 4.0, 4.0, 4.0, 3.0, 5.0, 3.0, 1.0, 3.0, 4.0, 5.0, 4.0, 3.0, 0.0, 4.0, 0.0]","[10726, 10692, 10692, 10692, 10658, 10726, 10726, 10692, 10692, 10692, 10726, 10658, 10658, 10624, 10624, 10692, 10658, 10692, 10692, 10692, 10658, 10726, 10658, 10590, 10658, 10692, 10726, 10692, 10658, 10556, 10692, 601036]","[0, 0, 0, 0, 0, 0, 0, 0, 0, 0, 0, 0, 0, 0, 0, 0, 0, 0, 0, 0, 0, 0, 0, 0, 0, 0, 0, 0, 0, 0, 0, 9067794]",0.4940464170067571
MovieLens-25M,near-boundary-clean-log-v1,growing,TS,Ours,3,10000000,32,0.0016442451420029898,0.04417182386119378,0.016442451420029897,Bernoulli; same mean in clean and online rewards,"clean log: max(0, empirical mean - 2 beta)",0.0,0.07505008711566022,1285087,1186263.2629214055,1.0833067500001827,0.6561392341530184,843196,14254.548387096775,8714753,1285247,0,1,1.0,simulated,3995819897,"[5.0, 4.0, 4.0, 4.0, 3.0, 5.0, 5.0, 4.0, 4.0, 4.0, 5.0, 3.0, 3.0, 2.0, 2.0, 4.0, 3.0, 4.0, 4.0, 4.0, 3.0, 5.0, 3.0, 1.0, 3.0, 4.0, 5.0, 4.0, 3.0, 0.0, 4.0, 0.0]","[14292, 14266, 14266, 14266, 14239, 14292, 14292, 14266, 14266, 14266, 14292, 14239, 14239, 14212, 14212, 14266, 14239, 14266, 14266, 14266, 14239, 14292, 14239, 14186, 14239, 14266, 14292, 14266, 14239, 14159, 14266, 843196]","[0, 0, 0, 0, 0, 0, 0, 0, 0, 0, 0, 0, 0, 0, 0, 0, 0, 0, 0, 0, 0, 0, 0, 0, 0, 0, 0, 0, 0, 0, 0, 8714753]",1.0600596250005765
MovieLens-25M,near-boundary-clean-log-v1,fixed,UCB,Ours,4,100000,10,0.016442451420029897,0.15688135668249298,0.016442451420029897,Bernoulli; same mean in clean and online rewards,"clean log: max(0, empirical mean - 2 beta)",0.0,0.13656916082467235,26250,25059.44785667459,1.0475091131350809,0.6026285714285714,15819,1159.0,73700,26300,0,1,1.0,simulated,1522124697,"[5.0, 4.0, 5.0, 2.0, 3.0, 5.0, 5.0, 4.0, 3.0, 0.0]","[1172, 1159, 1172, 1133, 1146, 1172, 1172, 1159, 1146, 15819]","[0, 0, 0, 0, 0, 0, 0, 0, 0, 73700]",0.00205425001331605
MovieLens-25M,near-boundary-clean-log-v1,fixed,TS,Ours,4,100000,10,0.016442451420029897,0.15688135668249298,0.016442451420029897,Bernoulli; same mean in clean and online rewards,"clean log: max(0, empirical mean - 2 beta)",0.0,0.1893768759436104,41889,32976.642231990234,1.270262742498507,0.6383059991883311,26738,1683.4444444444443,58061,41939,0,1,1.0,simulated,4086833766,"[5.0, 4.0, 5.0, 2.0, 3.0, 5.0, 5.0, 4.0, 3.0, 0.0]","[1694, 1683, 1694, 1663, 1673, 1694, 1694, 1683, 1673, 26738]","[0, 0, 0, 0, 0, 0, 0, 0, 0, 58061]",0.003120624998700805
MovieLens-25M,near-boundary-clean-log-v1,fixed,UCB,Ours,4,250000,10,0.010399119360792878,0.13126894207261167,0.016442451420029897,Bernoulli; same mean in clean and online rewards,"clean log: max(0, empirical mean - 2 beta)",0.0,0.10716190421770483,48730,47353.36579619098,1.029071517529167,0.615780833162323,30007,2080.3333333333335,201220,48780,0,1,1.0,simulated,2136474042,"[5.0, 4.0, 5.0, 2.0, 3.0, 5.0, 5.0, 4.0, 3.0, 0.0]","[2097, 2080, 2097, 2047, 2064, 2097, 2097, 2080, 2064, 30007]","[0, 0, 0, 0, 0, 0, 0, 0, 0, 201220]",0.004572499994537793
MovieLens-25M,near-boundary-clean-log-v1,fixed,TS,Ours,4,250000,10,0.010399119360792878,0.13126894207261167,0.016442451420029897,Bernoulli; same mean in clean and online rewards,"clean log: max(0, empirical mean - 2 beta)",0.0,0.14775345788712135,74711,61975.520735617014,1.2054920896705588,0.6480839501545957,48419,2921.3333333333335,175239,74761,0,1,1.0,simulated,165040194,"[5.0, 4.0, 5.0, 2.0, 3.0, 5.0, 5.0, 4.0, 3.0, 0.0]","[2935, 2921, 2935, 2894, 2908, 2935, 2935, 2921, 2908, 48419]","[0, 0, 0, 0, 0, 0, 0, 0, 0, 175239]",0.014803917001700029
MovieLens-25M,near-boundary-clean-log-v1,fixed,UCB,Ours,4,1000000,10,0.005199559680396439,0.10057983550920645,0.016442451420029897,Bernoulli; same mean in clean and online rewards,"clean log: max(0, empirical mean - 2 beta)",0.0,0.07302809509547015,124934,123603.82576037137,1.0107615944041037,0.6305969551923416,78783,5127.888888888889,875016,124984,0,1,1.0,simulated,3121436698,"[5.0, 4.0, 5.0, 2.0, 3.0, 5.0, 5.0, 4.0, 3.0, 0.0]","[5153, 5128, 5153, 5077, 5103, 5153, 5153, 5128, 5103, 78783]","[0, 0, 0, 0, 0, 0, 0, 0, 0, 875016]",0.01760208301129751
MovieLens-25M,near-boundary-clean-log-v1,fixed,TS,Ours,4,1000000,10,0.005199559680396439,0.10057983550920645,0.016442451420029897,Bernoulli; same mean in clean and online rewards,"clean log: max(0, empirical mean - 2 beta)",0.0,0.0996190940718078,182922,160643.27736779582,1.138684437950034,0.6579525699478467,120354,6952.0,817028,182972,0,1,1.0,simulated,2090146607,"[5.0, 4.0, 5.0, 2.0, 3.0, 5.0, 5.0, 4.0, 3.0, 0.0]","[6972, 6952, 6972, 6912, 6932, 6972, 6972, 6952, 6932, 120354]","[0, 0, 0, 0, 0, 0, 0, 0, 0, 817028]",0.03543754199927207
MovieLens-25M,near-boundary-clean-log-v1,fixed,UCB,Ours,4,2500000,10,0.0032884902840059796,0.08450672706639467,0.016442451420029897,Bernoulli; same mean in clean and online rewards,"clean log: max(0, empirical mean - 2 beta)",0.0,0.05618471281001834,233334,232606.34472215077,1.0031282692598882,0.6378196062296965,148825,9389.888888888889,2266616,233384,0,1,1.0,simulated,761197574,"[5.0, 4.0, 5.0, 2.0, 3.0, 5.0, 5.0, 4.0, 3.0, 0.0]","[9423, 9390, 9423, 9323, 9357, 9423, 9423, 9390, 9357, 148825]","[0, 0, 0, 0, 0, 0, 0, 0, 0, 2266616]",0.045435291991452686
MovieLens-25M,near-boundary-clean-log-v1,fixed,TS,Ours,4,2500000,10,0.0032884902840059796,0.08450672706639467,0.016442451420029897,Bernoulli; same mean in clean and online rewards,"clean log: max(0, empirical mean - 2 beta)",0.0,0.07606631876269027,333714,301113.0238807741,1.1082682366211243,0.6621328442918187,220963,12527.888888888889,2166236,333764,0,1,1.0,simulated,2642153829,"[5.0, 4.0, 5.0, 2.0, 3.0, 5.0, 5.0, 4.0, 3.0, 0.0]","[12554, 12528, 12554, 12475, 12502, 12554, 12554, 12528, 12502, 220963]","[0, 0, 0, 0, 0, 0, 0, 0, 0, 2166236]",0.0954642500000773
MovieLens-25M,near-boundary-clean-log-v1,fixed,UCB,Ours,4,10000000,10,0.0016442451420029898,0.06509215618281318,0.016442451420029897,Bernoulli; same mean in clean and online rewards,"clean log: max(0, empirical mean - 2 beta)",0.0,0.03740638406486374,601598,603968.343962668,0.9960753837740633,0.6459479586035858,388601,23666.333333333332,9398352,601648,0,1,1.0,simulated,2523546176,"[5.0, 4.0, 5.0, 2.0, 3.0, 5.0, 5.0, 4.0, 3.0, 0.0]","[23717, 23666, 23717, 23565, 23616, 23717, 23717, 23666, 23616, 388601]","[0, 0, 0, 0, 0, 0, 0, 0, 0, 9398352]",0.19855295898742042
MovieLens-25M,near-boundary-clean-log-v1,fixed,TS,Ours,4,10000000,10,0.0016442451420029898,0.06509215618281318,0.016442451420029897,Bernoulli; same mean in clean and online rewards,"clean log: max(0, empirical mean - 2 beta)",0.0,0.05007781189305202,836633,777780.8263738758,1.0756667837911373,0.6661009068492397,557282,31039.0,9163317,836683,0,1,1.0,simulated,3280140389,"[5.0, 4.0, 5.0, 2.0, 3.0, 5.0, 5.0, 4.0, 3.0, 0.0]","[31079, 31039, 31079, 30959, 30999, 31079, 31079, 31039, 30999, 557282]","[0, 0, 0, 0, 0, 0, 0, 0, 0, 9163317]",0.42094837500189897
MovieLens-25M,near-boundary-clean-log-v1,growing,UCB,Ours,4,100000,10,0.016442451420029897,0.15688135668249298,0.016442451420029897,Bernoulli; same mean in clean and online rewards,"clean log: max(0, empirical mean - 2 beta)",0.0,0.13656916082467235,26250,25059.44785667459,1.0475091131350809,0.6026285714285714,15819,1159.0,73700,26300,0,1,1.0,simulated,1522124697,"[5.0, 4.0, 5.0, 2.0, 3.0, 5.0, 5.0, 4.0, 3.0, 0.0]","[1172, 1159, 1172, 1133, 1146, 1172, 1172, 1159, 1146, 15819]","[0, 0, 0, 0, 0, 0, 0, 0, 0, 73700]",0.00205425001331605
MovieLens-25M,near-boundary-clean-log-v1,growing,TS,Ours,4,100000,10,0.016442451420029897,0.15688135668249298,0.016442451420029897,Bernoulli; same mean in clean and online rewards,"clean log: max(0, empirical mean - 2 beta)",0.0,0.1893768759436104,41889,32976.642231990234,1.270262742498507,0.6383059991883311,26738,1683.4444444444443,58061,41939,0,1,1.0,simulated,4086833766,"[5.0, 4.0, 5.0, 2.0, 3.0, 5.0, 5.0, 4.0, 3.0, 0.0]","[1694, 1683, 1694, 1663, 1673, 1694, 1694, 1683, 1673, 26738]","[0, 0, 0, 0, 0, 0, 0, 0, 0, 58061]",0.003120624998700805
MovieLens-25M,near-boundary-clean-log-v1,growing,UCB,Ours,4,250000,13,0.010399119360792878,0.12027652379813261,0.016442451420029897,Bernoulli; same mean in clean and online rewards,"clean log: max(0, empirical mean - 2 beta)",0.0,0.1179793128783713,54387,52119.122949772594,1.043513338710879,0.6148895875852686,33442,1745.4166666666667,195548,54452,0,1,1.0,simulated,294405984,"[5.0, 3.0, 4.0, 2.0, 4.0, 4.0, 4.0, 4.0, 2.0, 5.0, 4.0, 4.0, 0.0]","[1765, 1734, 1749, 1719, 1749, 1749, 1749, 1749, 1719, 1765, 1749, 1749, 33442]","[0, 0, 0, 0, 0, 0, 0, 0, 0, 0, 0, 0, 195548]",0.004915958998026326
MovieLens-25M,near-boundary-clean-log-v1,growing,TS,Ours,4,250000,13,0.010399119360792878,0.12027652379813261,0.016442451420029897,Bernoulli; same mean in clean and online rewards,"clean log: max(0, empirical mean - 2 beta)",0.0,0.1613302649692191,82964,68402.66141806709,1.2128767840323658,0.6426160744419266,53314,2470.8333333333335,166971,83029,0,1,1.0,simulated,477451202,"[5.0, 3.0, 4.0, 2.0, 4.0, 4.0, 4.0, 4.0, 2.0, 5.0, 4.0, 4.0, 0.0]","[2486, 2462, 2474, 2449, 2474, 2474, 2474, 2474, 2449, 2486, 2474, 2474, 53314]","[0, 0, 0, 0, 0, 0, 0, 0, 0, 0, 0, 0, 166971]",0.009714917003293522
MovieLens-25M,near-boundary-clean-log-v1,growing,UCB,Ours,4,1000000,18,0.005199559680396439,0.08268373492232584,0.016442451420029897,Bernoulli; same mean in clean and online rewards,"clean log: max(0, empirical mean - 2 beta)",0.0,0.09042389264408837,158026,152792.03568165077,1.0342554786641789,0.6291053370964271,99415,3447.705882352941,841884,158116,0,1,1.0,simulated,925747103,"[5.0, 3.0, 5.0, 4.0, 5.0, 4.0, 3.0, 3.0, 5.0, 5.0, 4.0, 2.0, 4.0, 3.0, 4.0, 3.0, 3.0, 0.0]","[3472, 3431, 3472, 3451, 3472, 3451, 3431, 3431, 3472, 3472, 3451, 3410, 3451, 3431, 3451, 3431, 3431, 99415]","[0, 0, 0, 0, 0, 0, 0, 0, 0, 0, 0, 0, 0, 0, 0, 0, 0, 841884]",0.03652441699523479
MovieLens-25M,near-boundary-clean-log-v1,growing,TS,Ours,4,1000000,18,0.005199559680396439,0.08268373492232584,0.016442451420029897,Bernoulli; same mean in clean and online rewards,"clean log: max(0, empirical mean - 2 beta)",0.0,0.12182567722446327,229394,199711.916226929,1.1486245003995845,0.6490884678762304,148897,4735.117647058823,770516,229484,0,1,1.0,simulated,70891379,"[5.0, 3.0, 5.0, 4.0, 5.0, 4.0, 3.0, 3.0, 5.0, 5.0, 4.0, 2.0, 4.0, 3.0, 4.0, 3.0, 3.0, 0.0]","[4754, 4722, 4754, 4738, 4754, 4738, 4722, 4722, 4754, 4754, 4738, 4705, 4738, 4722, 4738, 4722, 4722, 148897]","[0, 0, 0, 0, 0, 0, 0, 0, 0, 0, 0, 0, 0, 0, 0, 0, 0, 770516]",0.05912108300253749
MovieLens-25M,near-boundary-clean-log-v1,growing,UCB,Ours,4,2500000,22,0.0032884902840059796,0.06497561341878554,0.016442451420029897,Bernoulli; same mean in clean and online rewards,"clean log: max(0, empirical mean - 2 beta)",0.0,0.0747244105482193,317286,308517.9841897023,1.0284197883417596,0.6363312594945885,201899,5494.619047619048,2182604,317396,0,1,1.0,simulated,3973365045,"[5.0, 3.0, 5.0, 3.0, 3.0, 4.0, 4.0, 4.0, 3.0, 5.0, 5.0, 3.0, 5.0, 4.0, 3.0, 5.0, 5.0, 5.0, 3.0, 4.0, 3.0, 0.0]","[5520, 5469, 5520, 5469, 5469, 5495, 5495, 5495, 5469, 5520, 5520, 5469, 5520, 5495, 5469, 5520, 5520, 5520, 5469, 5495, 5469, 201899]","[0, 0, 0, 0, 0, 0, 0, 0, 0, 0, 0, 0, 0, 0, 0, 0, 0, 0, 0, 0, 0, 2182604]",0.09777304099407047
MovieLens-25M,near-boundary-clean-log-v1,growing,TS,Ours,4,2500000,22,0.0032884902840059796,0.06497561341878554,0.016442451420029897,Bernoulli; same mean in clean and online rewards,"clean log: max(0, empirical mean - 2 beta)",0.0,0.09990088029665212,449589,402280.4279028685,1.117600978858843,0.6525760194310803,293391,7438.0,2050301,449699,0,1,1.0,simulated,3608921371,"[5.0, 3.0, 5.0, 3.0, 3.0, 4.0, 4.0, 4.0, 3.0, 5.0, 5.0, 3.0, 5.0, 4.0, 3.0, 5.0, 5.0, 5.0, 3.0, 4.0, 3.0, 0.0]","[7458, 7418, 7458, 7418, 7418, 7438, 7438, 7438, 7418, 7458, 7458, 7418, 7458, 7438, 7418, 7458, 7458, 7458, 7418, 7438, 7418, 293391]","[0, 0, 0, 0, 0, 0, 0, 0, 0, 0, 0, 0, 0, 0, 0, 0, 0, 0, 0, 0, 0, 2050301]",0.18335912500333507
MovieLens-25M,near-boundary-clean-log-v1,growing,UCB,Ours,4,10000000,32,0.0016442451420029898,0.04417182386119378,0.016442451420029897,Bernoulli; same mean in clean and online rewards,"clean log: max(0, empirical mean - 2 beta)",0.0,0.05669387638878086,931987,912124.0448846335,1.021776594123093,0.6448738018877945,601014,10676.548387096775,9067853,932147,0,1,1.0,simulated,3113798006,"[4.0, 5.0, 5.0, 4.0, 3.0, 5.0, 4.0, 4.0, 5.0, 3.0, 5.0, 5.0, 1.0, 5.0, 3.0, 3.0, 4.0, 3.0, 3.0, 2.0, 4.0, 4.0, 3.0, 3.0, 4.0, 3.0, 4.0, 2.0, 2.0, 3.0, 1.0, 0.0]","[10693, 10727, 10727, 10693, 10659, 10727, 10693, 10693, 10727, 10659, 10727, 10727, 10591, 10727, 10659, 10659, 10693, 10659, 10659, 10625, 10693, 10693, 10659, 10659, 10693, 10659, 10693, 10625, 10625, 10659, 10591, 601014]","[0, 0, 0, 0, 0, 0, 0, 0, 0, 0, 0, 0, 0, 0, 0, 0, 0, 0, 0, 0, 0, 0, 0, 0, 0, 0, 0, 0, 0, 0, 0, 9067853]",0.48825220800063107
MovieLens-25M,near-boundary-clean-log-v1,growing,TS,Ours,4,10000000,32,0.0016442451420029898,0.04417182386119378,0.016442451420029897,Bernoulli; same mean in clean and online rewards,"clean log: max(0, empirical mean - 2 beta)",0.0,0.07504865143288045,1285035,1186263.2629214055,1.0832629148738449,0.656152556156058,843179,14253.41935483871,8714805,1285195,0,1,1.0,simulated,41760046,"[4.0, 5.0, 5.0, 4.0, 3.0, 5.0, 4.0, 4.0, 5.0, 3.0, 5.0, 5.0, 1.0, 5.0, 3.0, 3.0, 4.0, 3.0, 3.0, 2.0, 4.0, 4.0, 3.0, 3.0, 4.0, 3.0, 4.0, 2.0, 2.0, 3.0, 1.0, 0.0]","[14266, 14293, 14293, 14266, 14240, 14293, 14266, 14266, 14293, 14240, 14293, 14293, 14186, 14293, 14240, 14240, 14266, 14240, 14240, 14213, 14266, 14266, 14240, 14240, 14266, 14240, 14266, 14213, 14213, 14240, 14186, 843179]","[0, 0, 0, 0, 0, 0, 0, 0, 0, 0, 0, 0, 0, 0, 0, 0, 0, 0, 0, 0, 0, 0, 0, 0, 0, 0, 0, 0, 0, 0, 0, 8714805]",1.049769708988606
MovieLens-25M,near-boundary-clean-log-v1,fixed,UCB,Ours,5,100000,10,0.016442451420029897,0.15688135668249298,0.016442451420029897,Bernoulli; same mean in clean and online rewards,"clean log: max(0, empirical mean - 2 beta)",0.0,0.13662777193485193,26274,25059.44785667459,1.0484668357528042,0.602344523102687,15826,1160.888888888889,73676,26324,0,1,1.0,simulated,3437108178,"[4.0, 4.0, 3.0, 5.0, 4.0, 5.0, 5.0, 4.0, 4.0, 0.0]","[1158, 1158, 1145, 1171, 1158, 1171, 1171, 1158, 1158, 15826]","[0, 0, 0, 0, 0, 0, 0, 0, 0, 73676]",0.0020326250087236986
MovieLens-25M,near-boundary-clean-log-v1,fixed,TS,Ours,5,100000,10,0.016442451420029897,0.15688135668249298,0.016442451420029897,Bernoulli; same mean in clean and online rewards,"clean log: max(0, empirical mean - 2 beta)",0.0,0.18941540281747093,41910,32976.642231990234,1.2708995568791908,0.6381293247434979,26744,1685.111111111111,58040,41960,0,1,1.0,simulated,2345028836,"[4.0, 4.0, 3.0, 5.0, 4.0, 5.0, 5.0, 4.0, 4.0, 0.0]","[1683, 1683, 1672, 1693, 1683, 1693, 1693, 1683, 1683, 26744]","[0, 0, 0, 0, 0, 0, 0, 0, 0, 58040]",0.0029913750040577725
MovieLens-25M,near-boundary-clean-log-v1,fixed,UCB,Ours,5,250000,10,0.010399119360792878,0.13126894207261167,0.016442451420029897,Bernoulli; same mean in clean and online rewards,"clean log: max(0, empirical mean - 2 beta)",0.0,0.10719525390959006,48763,47353.36579619098,1.029768405690022,0.6155896889034719,30018,2082.777777777778,201187,48813,0,1,1.0,simulated,207445215,"[4.0, 4.0, 3.0, 5.0, 4.0, 5.0, 5.0, 4.0, 4.0, 0.0]","[2079, 2079, 2062, 2096, 2079, 2096, 2096, 2079, 2079, 30018]","[0, 0, 0, 0, 0, 0, 0, 0, 0, 201187]",0.004501667004660703
MovieLens-25M,near-boundary-clean-log-v1,fixed,TS,Ours,5,250000,10,0.010399119360792878,0.13126894207261167,0.016442451420029897,Bernoulli; same mean in clean and online rewards,"clean log: max(0, empirical mean - 2 beta)",0.0,0.14777640802457342,74736,61975.520735617014,1.2058954747442663,0.6479742025262256,48427,2923.222222222222,175214,74786,0,1,1.0,simulated,1673995791,"[4.0, 4.0, 3.0, 5.0, 4.0, 5.0, 5.0, 4.0, 4.0, 0.0]","[2920, 2920, 2907, 2934, 2920, 2934, 2934, 2920, 2920, 48427]","[0, 0, 0, 0, 0, 0, 0, 0, 0, 175214]",0.00806670798920095
MovieLens-25M,near-boundary-clean-log-v1,fixed,UCB,Ours,5,1000000,10,0.005199559680396439,0.10057983550920645,0.016442451420029897,Bernoulli; same mean in clean and online rewards,"clean log: max(0, empirical mean - 2 beta)",0.0,0.0730419331545504,124983,123603.82576037137,1.0111580222630197,0.6304777449733163,78799,5131.555555555556,874967,125033,0,1,1.0,simulated,2621975684,"[4.0, 4.0, 3.0, 5.0, 4.0, 5.0, 5.0, 4.0, 4.0, 0.0]","[5126, 5126, 5101, 5151, 5126, 5151, 5151, 5126, 5126, 78799]","[0, 0, 0, 0, 0, 0, 0, 0, 0, 874967]",0.01749195899174083
MovieLens-25M,near-boundary-clean-log-v1,fixed,TS,Ours,5,1000000,10,0.005199559680396439,0.10057983550920645,0.016442451420029897,Bernoulli; same mean in clean and online rewards,"clean log: max(0, empirical mean - 2 beta)",0.0,0.09962908312893154,182962,160643.27736779582,1.138933436854037,0.6578743126988118,120366,6955.111111111111,816988,183012,0,1,1.0,simulated,4250494759,"[4.0, 4.0, 3.0, 5.0, 4.0, 5.0, 5.0, 4.0, 4.0, 0.0]","[6951, 6951, 6931, 6970, 6951, 6970, 6970, 6951, 6951, 120366]","[0, 0, 0, 0, 0, 0, 0, 0, 0, 816988]",0.035426709000603296
MovieLens-25M,near-boundary-clean-log-v1,fixed,UCB,Ours,5,2500000,10,0.0032884902840059796,0.08450672706639467,0.016442451420029897,Bernoulli; same mean in clean and online rewards,"clean log: max(0, empirical mean - 2 beta)",0.0,0.05619234940010574,233398,232606.34472215077,1.0034034122276194,0.63773468495874,148846,9394.666666666666,2266552,233448,0,1,1.0,simulated,2705709592,"[4.0, 4.0, 3.0, 5.0, 4.0, 5.0, 5.0, 4.0, 4.0, 0.0]","[9387, 9387, 9354, 9421, 9387, 9421, 9421, 9387, 9387, 148846]","[0, 0, 0, 0, 0, 0, 0, 0, 0, 2266552]",0.044383166008628905
MovieLens-25M,near-boundary-clean-log-v1,fixed,TS,Ours,5,2500000,10,0.0032884902840059796,0.08450672706639467,0.016442451420029897,Bernoulli; same mean in clean and online rewards,"clean log: max(0, empirical mean - 2 beta)",0.0,0.07607195200747938,333765,301113.0238807741,1.1084376082389398,0.6620796069090528,220979,12531.777777777777,2166185,333815,0,1,1.0,simulated,2154196833,"[4.0, 4.0, 3.0, 5.0, 4.0, 5.0, 5.0, 4.0, 4.0, 0.0]","[12526, 12526, 12500, 12552, 12526, 12552, 12552, 12526, 12526, 220979]","[0, 0, 0, 0, 0, 0, 0, 0, 0, 2166185]",0.09518570799264126
MovieLens-25M,near-boundary-clean-log-v1,fixed,UCB,Ours,5,10000000,10,0.0016442451420029898,0.06509215618281318,0.016442451420029897,Bernoulli; same mean in clean and online rewards,"clean log: max(0, empirical mean - 2 beta)",0.0,0.03740944668174592,601701,603968.343962668,0.9962459225134354,0.6458938908195266,388635,23674.0,9398249,601751,0,1,1.0,simulated,3382233238,"[4.0, 4.0, 3.0, 5.0, 4.0, 5.0, 5.0, 4.0, 4.0, 0.0]","[23663, 23663, 23612, 23713, 23663, 23713, 23713, 23663, 23663, 388635]","[0, 0, 0, 0, 0, 0, 0, 0, 0, 9398249]",0.19727537500148173
MovieLens-25M,near-boundary-clean-log-v1,fixed,TS,Ours,5,10000000,10,0.0016442451420029898,0.06509215618281318,0.016442451420029897,Bernoulli; same mean in clean and online rewards,"clean log: max(0, empirical mean - 2 beta)",0.0,0.050080125600628786,836712,777780.8263738758,1.0757683548215886,0.6660690894835977,557308,31044.88888888889,9163238,836762,0,1,1.0,simulated,687012320,"[4.0, 4.0, 3.0, 5.0, 4.0, 5.0, 5.0, 4.0, 4.0, 0.0]","[31036, 31036, 30996, 31076, 31036, 31076, 31076, 31036, 31036, 557308]","[0, 0, 0, 0, 0, 0, 0, 0, 0, 9163238]",0.40049920899036806
MovieLens-25M,near-boundary-clean-log-v1,growing,UCB,Ours,5,100000,10,0.016442451420029897,0.15688135668249298,0.016442451420029897,Bernoulli; same mean in clean and online rewards,"clean log: max(0, empirical mean - 2 beta)",0.0,0.13662777193485193,26274,25059.44785667459,1.0484668357528042,0.602344523102687,15826,1160.888888888889,73676,26324,0,1,1.0,simulated,3437108178,"[4.0, 4.0, 3.0, 5.0, 4.0, 5.0, 5.0, 4.0, 4.0, 0.0]","[1158, 1158, 1145, 1171, 1158, 1171, 1171, 1158, 1158, 15826]","[0, 0, 0, 0, 0, 0, 0, 0, 0, 73676]",0.0020326250087236986
MovieLens-25M,near-boundary-clean-log-v1,growing,TS,Ours,5,100000,10,0.016442451420029897,0.15688135668249298,0.016442451420029897,Bernoulli; same mean in clean and online rewards,"clean log: max(0, empirical mean - 2 beta)",0.0,0.18941540281747093,41910,32976.642231990234,1.2708995568791908,0.6381293247434979,26744,1685.111111111111,58040,41960,0,1,1.0,simulated,2345028836,"[4.0, 4.0, 3.0, 5.0, 4.0, 5.0, 5.0, 4.0, 4.0, 0.0]","[1683, 1683, 1672, 1693, 1683, 1693, 1693, 1683, 1683, 26744]","[0, 0, 0, 0, 0, 0, 0, 0, 0, 58040]",0.0029913750040577725
MovieLens-25M,near-boundary-clean-log-v1,growing,UCB,Ours,5,250000,13,0.010399119360792878,0.12027652379813261,0.016442451420029897,Bernoulli; same mean in clean and online rewards,"clean log: max(0, empirical mean - 2 beta)",0.0,0.11800886416895565,54422,52119.122949772594,1.0441848772560256,0.6146595126970711,33451,1747.5833333333333,195513,54487,0,1,1.0,simulated,2946908255,"[5.0, 4.0, 4.0, 4.0, 4.0, 4.0, 4.0, 4.0, 2.0, 5.0, 3.0, 4.0, 0.0]","[1764, 1749, 1749, 1749, 1749, 1749, 1749, 1749, 1718, 1764, 1733, 1749, 33451]","[0, 0, 0, 0, 0, 0, 0, 0, 0, 0, 0, 0, 195513]",0.004836124993744306
MovieLens-25M,near-boundary-clean-log-v1,growing,TS,Ours,5,250000,13,0.010399119360792878,0.12027652379813261,0.016442451420029897,Bernoulli; same mean in clean and online rewards,"clean log: max(0, empirical mean - 2 beta)",0.0,0.16135038317116968,82985,68402.66141806709,1.213183789630754,0.6425378080375972,53321,2472.0,166950,83050,0,1,1.0,simulated,774021883,"[5.0, 4.0, 4.0, 4.0, 4.0, 4.0, 4.0, 4.0, 2.0, 5.0, 3.0, 4.0, 0.0]","[2485, 2473, 2473, 2473, 2473, 2473, 2473, 2473, 2449, 2485, 2461, 2473, 53321]","[0, 0, 0, 0, 0, 0, 0, 0, 0, 0, 0, 0, 166950]",0.009555416007060558
MovieLens-25M,near-boundary-clean-log-v1,growing,UCB,Ours,5,1000000,18,0.005199559680396439,0.08268373492232584,0.016442451420029897,Bernoulli; same mean in clean and online rewards,"clean log: max(0, empirical mean - 2 beta)",0.0,0.09045081314216377,158128,152792.03568165077,1.0349230527268252,0.6289019022563999,99447,3451.823529411765,841782,158218,0,1,1.0,simulated,4072202214,"[5.0, 5.0, 5.0, 5.0, 3.0, 5.0, 3.0, 5.0, 5.0, 4.0, 3.0, 5.0, 5.0, 3.0, 4.0, 3.0, 2.0, 0.0]","[3470, 3470, 3470, 3470, 3429, 3470, 3429, 3470, 3470, 3449, 3429, 3470, 3470, 3429, 3449, 3429, 3408, 99447]","[0, 0, 0, 0, 0, 0, 0, 0, 0, 0, 0, 0, 0, 0, 0, 0, 0, 841782]",0.03461466699081939
MovieLens-25M,near-boundary-clean-log-v1,growing,TS,Ours,5,1000000,18,0.005199559680396439,0.08268373492232584,0.016442451420029897,Bernoulli; same mean in clean and online rewards,"clean log: max(0, empirical mean - 2 beta)",0.0,0.12184476554344348,229477,199711.916226929,1.1490400990357004,0.6489626411361488,148922,4738.529411764706,770433,229567,0,1,1.0,simulated,2666414201,"[5.0, 5.0, 5.0, 5.0, 3.0, 5.0, 3.0, 5.0, 5.0, 4.0, 3.0, 5.0, 5.0, 3.0, 4.0, 3.0, 2.0, 0.0]","[4753, 4753, 4753, 4753, 4720, 4753, 4720, 4753, 4753, 4737, 4720, 4753, 4753, 4720, 4737, 4720, 4704, 148922]","[0, 0, 0, 0, 0, 0, 0, 0, 0, 0, 0, 0, 0, 0, 0, 0, 0, 770433]",0.05838766699889675
MovieLens-25M,near-boundary-clean-log-v1,growing,UCB,Ours,5,2500000,22,0.0032884902840059796,0.06497561341878554,0.016442451420029897,Bernoulli; same mean in clean and online rewards,"clean log: max(0, empirical mean - 2 beta)",0.0,0.0746912279984199,316977,308517.9841897023,1.027418225982886,0.6366455610343968,201802,5484.523809523809,2182913,317087,0,1,1.0,simulated,18155735,"[5.0, 3.0, 3.0, 5.0, 4.0, 5.0, 4.0, 4.0, 3.0, 3.0, 2.0, 3.0, 2.0, 3.0, 4.0, 4.0, 3.0, 4.0, 2.0, 4.0, 2.0, 0.0]","[5524, 5474, 5474, 5524, 5499, 5524, 5499, 5499, 5474, 5474, 5448, 5474, 5448, 5474, 5499, 5499, 5474, 5499, 5448, 5499, 5448, 201802]","[0, 0, 0, 0, 0, 0, 0, 0, 0, 0, 0, 0, 0, 0, 0, 0, 0, 0, 0, 0, 0, 2182913]",0.09748858300736174
MovieLens-25M,near-boundary-clean-log-v1,growing,TS,Ours,5,2500000,22,0.0032884902840059796,0.06497561341878554,0.016442451420029897,Bernoulli; same mean in clean and online rewards,"clean log: max(0, empirical mean - 2 beta)",0.0,0.09987688824710625,449358,402280.4279028685,1.1170267525630118,0.6527445822707062,293316,7430.571428571428,2050532,449468,0,1,1.0,simulated,1509689329,"[5.0, 3.0, 3.0, 5.0, 4.0, 5.0, 4.0, 4.0, 3.0, 3.0, 2.0, 3.0, 2.0, 3.0, 4.0, 4.0, 3.0, 4.0, 2.0, 4.0, 2.0, 0.0]","[7462, 7422, 7422, 7462, 7442, 7462, 7442, 7442, 7422, 7422, 7402, 7422, 7402, 7422, 7442, 7442, 7422, 7442, 7402, 7442, 7402, 293316]","[0, 0, 0, 0, 0, 0, 0, 0, 0, 0, 0, 0, 0, 0, 0, 0, 0, 0, 0, 0, 0, 2050532]",0.18206162500428036
MovieLens-25M,near-boundary-clean-log-v1,growing,UCB,Ours,5,10000000,32,0.0016442451420029898,0.04417182386119378,0.016442451420029897,Bernoulli; same mean in clean and online rewards,"clean log: max(0, empirical mean - 2 beta)",0.0,0.05670556136810506,932402,912124.0448846335,1.0222315760987655,0.644727274287271,601145,10685.709677419354,9067438,932562,0,1,1.0,simulated,1486878331,"[5.0, 4.0, 4.0, 5.0, 5.0, 3.0, 5.0, 5.0, 4.0, 3.0, 4.0, 3.0, 5.0, 3.0, 4.0, 3.0, 5.0, 2.0, 2.0, 4.0, 5.0, 5.0, 4.0, 4.0, 5.0, 4.0, 2.0, 4.0, 4.0, 3.0, 3.0, 0.0]","[10723, 10689, 10689, 10723, 10723, 10655, 10723, 10723, 10689, 10655, 10689, 10655, 10723, 10655, 10689, 10655, 10723, 10621, 10621, 10689, 10723, 10723, 10689, 10689, 10723, 10689, 10621, 10689, 10689, 10655, 10655, 601145]","[0, 0, 0, 0, 0, 0, 0, 0, 0, 0, 0, 0, 0, 0, 0, 0, 0, 0, 0, 0, 0, 0, 0, 0, 0, 0, 0, 0, 0, 0, 0, 9067438]",0.4913758339971537
MovieLens-25M,near-boundary-clean-log-v1,growing,TS,Ours,5,10000000,32,0.0016442451420029898,0.04417182386119378,0.016442451420029897,Bernoulli; same mean in clean and online rewards,"clean log: max(0, empirical mean - 2 beta)",0.0,0.07505727267422937,1285345,1186263.2629214055,1.0835242396654738,0.6560728831558842,843280,14260.161290322581,8714495,1285505,0,1,1.0,simulated,1873896086,"[5.0, 4.0, 4.0, 5.0, 5.0, 3.0, 5.0, 5.0, 4.0, 3.0, 4.0, 3.0, 5.0, 3.0, 4.0, 3.0, 5.0, 2.0, 2.0, 4.0, 5.0, 5.0, 4.0, 4.0, 5.0, 4.0, 2.0, 4.0, 4.0, 3.0, 3.0, 0.0]","[14289, 14263, 14263, 14289, 14289, 14236, 14289, 14289, 14263, 14236, 14263, 14236, 14289, 14236, 14263, 14236, 14289, 14210, 14210, 14263, 14289, 14289, 14263, 14263, 14289, 14263, 14210, 14263, 14263, 14236, 14236, 843280]","[0, 0, 0, 0, 0, 0, 0, 0, 0, 0, 0, 0, 0, 0, 0, 0, 0, 0, 0, 0, 0, 0, 0, 0, 0, 0, 0, 0, 0, 0, 0, 8714495]",1.0523416659998475
MovieLens-25M,near-boundary-clean-log-v1,fixed,UCB,Ours,6,100000,10,0.016442451420029897,0.15688135668249298,0.016442451420029897,Bernoulli; same mean in clean and online rewards,"clean log: max(0, empirical mean - 2 beta)",0.0,0.13645198688875004,26198,25059.44785667459,1.0454340474633466,0.6032139858004428,15803,1155.0,73752,26248,0,1,1.0,simulated,3445155921,"[4.0, 4.0, 5.0, 3.0, 5.0, 4.0, 3.0, 3.0, 1.0, 0.0]","[1161, 1161, 1173, 1148, 1173, 1161, 1148, 1148, 1122, 15803]","[0, 0, 0, 0, 0, 0, 0, 0, 0, 73752]",0.002046458001132123
MovieLens-25M,near-boundary-clean-log-v1,fixed,TS,Ours,6,100000,10,0.016442451420029897,0.15688135668249298,0.016442451420029897,Bernoulli; same mean in clean and online rewards,"clean log: max(0, empirical mean - 2 beta)",0.0,0.18929983063229433,41845,32976.642231990234,1.2689284647485026,0.6386665073485482,26725,1680.0,58105,41895,0,1,1.0,simulated,1100250951,"[4.0, 4.0, 5.0, 3.0, 5.0, 4.0, 3.0, 3.0, 1.0, 0.0]","[1685, 1685, 1695, 1674, 1695, 1685, 1674, 1674, 1653, 26725]","[0, 0, 0, 0, 0, 0, 0, 0, 0, 58105]",0.0030707089899806306
MovieLens-25M,near-boundary-clean-log-v1,fixed,UCB,Ours,6,250000,10,0.010399119360792878,0.13126894207261167,0.016442451420029897,Bernoulli; same mean in clean and online rewards,"clean log: max(0, empirical mean - 2 beta)",0.0,0.10709521739481032,48664,47353.36579619098,1.0276777412074571,0.6162049975341115,29987,2075.222222222222,201286,48714,0,1,1.0,simulated,3809409041,"[4.0, 4.0, 5.0, 3.0, 5.0, 4.0, 3.0, 3.0, 1.0, 0.0]","[2083, 2083, 2099, 2066, 2099, 2083, 2066, 2066, 2032, 29987]","[0, 0, 0, 0, 0, 0, 0, 0, 0, 201286]",0.004437209005118348
MovieLens-25M,near-boundary-clean-log-v1,fixed,TS,Ours,6,250000,10,0.010399119360792878,0.13126894207261167,0.016442451420029897,Bernoulli; same mean in clean and online rewards,"clean log: max(0, empirical mean - 2 beta)",0.0,0.1477075563302705,74657,61975.520735617014,1.2046207779113505,0.6483384009536949,48403,2917.1111111111113,175293,74707,0,1,1.0,simulated,2481490353,"[4.0, 4.0, 5.0, 3.0, 5.0, 4.0, 3.0, 3.0, 1.0, 0.0]","[2923, 2923, 2936, 2910, 2936, 2923, 2910, 2910, 2883, 48403]","[0, 0, 0, 0, 0, 0, 0, 0, 0, 175293]",0.00808837499062065
MovieLens-25M,near-boundary-clean-log-v1,fixed,UCB,Ours,6,1000000,10,0.005199559680396439,0.10057983550920645,0.016442451420029897,Bernoulli; same mean in clean and online rewards,"clean log: max(0, empirical mean - 2 beta)",0.0,0.07300042124880182,124832,123603.82576037137,1.0099363772284011,0.6308558702896693,78751,5120.111111111111,875118,124882,0,1,1.0,simulated,2863965979,"[4.0, 4.0, 5.0, 3.0, 5.0, 4.0, 3.0, 3.0, 1.0, 0.0]","[5131, 5131, 5157, 5106, 5157, 5131, 5106, 5106, 5056, 78751]","[0, 0, 0, 0, 0, 0, 0, 0, 0, 875118]",0.017431708009098656
MovieLens-25M,near-boundary-clean-log-v1,fixed,TS,Ours,6,1000000,10,0.005199559680396439,0.10057983550920645,0.016442451420029897,Bernoulli; same mean in clean and online rewards,"clean log: max(0, empirical mean - 2 beta)",0.0,0.09959911549786407,182844,160643.27736779582,1.1381988900872286,0.6580965194373346,120329,6946.111111111111,817106,182894,0,1,1.0,simulated,3580848340,"[4.0, 4.0, 5.0, 3.0, 5.0, 4.0, 3.0, 3.0, 1.0, 0.0]","[6955, 6955, 6975, 6935, 6975, 6955, 6935, 6935, 6895, 120329]","[0, 0, 0, 0, 0, 0, 0, 0, 0, 817106]",0.035386125004151836
MovieLens-25M,near-boundary-clean-log-v1,fixed,UCB,Ours,6,2500000,10,0.0032884902840059796,0.08450672706639467,0.016442451420029897,Bernoulli; same mean in clean and online rewards,"clean log: max(0, empirical mean - 2 beta)",0.0,0.05616944046938453,233201,232606.34472215077,1.0025564877800712,0.637998979421186,148782,9379.888888888889,2266749,233251,0,1,1.0,simulated,2513205522,"[4.0, 4.0, 5.0, 3.0, 5.0, 4.0, 3.0, 3.0, 1.0, 0.0]","[9395, 9395, 9428, 9361, 9428, 9395, 9361, 9361, 9295, 148782]","[0, 0, 0, 0, 0, 0, 0, 0, 0, 2266749]",0.04537420799897518
MovieLens-25M,near-boundary-clean-log-v1,fixed,TS,Ours,6,2500000,10,0.0032884902840059796,0.08450672706639467,0.016442451420029897,Bernoulli; same mean in clean and online rewards,"clean log: max(0, empirical mean - 2 beta)",0.0,0.0760550520756404,333606,301113.0238807741,1.1079095673128092,0.662245283358213,220929,12519.666666666666,2166344,333656,0,1,1.0,simulated,2931309609,"[4.0, 4.0, 5.0, 3.0, 5.0, 4.0, 3.0, 3.0, 1.0, 0.0]","[12531, 12531, 12558, 12505, 12558, 12531, 12505, 12505, 12453, 220929]","[0, 0, 0, 0, 0, 0, 0, 0, 0, 2166344]",0.09449754199886229
MovieLens-25M,near-boundary-clean-log-v1,fixed,UCB,Ours,6,10000000,10,0.0016442451420029898,0.06509215618281318,0.016442451420029897,Bernoulli; same mean in clean and online rewards,"clean log: max(0, empirical mean - 2 beta)",0.0,0.03740025623509301,601396,603968.343962668,0.9957409291589843,0.6460551782851898,388535,23651.222222222223,9398554,601446,0,1,1.0,simulated,1477254749,"[4.0, 4.0, 5.0, 3.0, 5.0, 4.0, 3.0, 3.0, 1.0, 0.0]","[23674, 23674, 23724, 23623, 23724, 23674, 23623, 23623, 23522, 388535]","[0, 0, 0, 0, 0, 0, 0, 0, 0, 9398554]",0.18435245800355915
MovieLens-25M,near-boundary-clean-log-v1,fixed,TS,Ours,6,10000000,10,0.0016442451420029898,0.06509215618281318,0.016442451420029897,Bernoulli; same mean in clean and online rewards,"clean log: max(0, empirical mean - 2 beta)",0.0,0.05007318684110189,836475,777780.8263738758,1.0754636417302348,0.6661645596102693,557230,31027.222222222223,9163475,836525,0,1,1.0,simulated,3748203088,"[4.0, 4.0, 5.0, 3.0, 5.0, 4.0, 3.0, 3.0, 1.0, 0.0]","[31045, 31045, 31085, 31005, 31085, 31045, 31005, 31005, 30925, 557230]","[0, 0, 0, 0, 0, 0, 0, 0, 0, 9163475]",0.396078582998598
MovieLens-25M,near-boundary-clean-log-v1,growing,UCB,Ours,6,100000,10,0.016442451420029897,0.15688135668249298,0.016442451420029897,Bernoulli; same mean in clean and online rewards,"clean log: max(0, empirical mean - 2 beta)",0.0,0.13645198688875004,26198,25059.44785667459,1.0454340474633466,0.6032139858004428,15803,1155.0,73752,26248,0,1,1.0,simulated,3445155921,"[4.0, 4.0, 5.0, 3.0, 5.0, 4.0, 3.0, 3.0, 1.0, 0.0]","[1161, 1161, 1173, 1148, 1173, 1161, 1148, 1148, 1122, 15803]","[0, 0, 0, 0, 0, 0, 0, 0, 0, 73752]",0.002046458001132123
MovieLens-25M,near-boundary-clean-log-v1,growing,TS,Ours,6,100000,10,0.016442451420029897,0.15688135668249298,0.016442451420029897,Bernoulli; same mean in clean and online rewards,"clean log: max(0, empirical mean - 2 beta)",0.0,0.18929983063229433,41845,32976.642231990234,1.2689284647485026,0.6386665073485482,26725,1680.0,58105,41895,0,1,1.0,simulated,1100250951,"[4.0, 4.0, 5.0, 3.0, 5.0, 4.0, 3.0, 3.0, 1.0, 0.0]","[1685, 1685, 1695, 1674, 1695, 1685, 1674, 1674, 1653, 26725]","[0, 0, 0, 0, 0, 0, 0, 0, 0, 58105]",0.0030707089899806306
MovieLens-25M,near-boundary-clean-log-v1,growing,UCB,Ours,6,250000,13,0.010399119360792878,0.12027652379813261,0.016442451420029897,Bernoulli; same mean in clean and online rewards,"clean log: max(0, empirical mean - 2 beta)",0.0,0.11800884595761996,54419,52119.122949772594,1.0441273168092986,0.6146933975265991,33451,1747.3333333333333,195516,54484,0,1,1.0,simulated,4215595544,"[5.0, 5.0, 5.0, 4.0, 4.0, 3.0, 3.0, 5.0, 5.0, 3.0, 2.0, 3.0, 0.0]","[1764, 1764, 1764, 1749, 1749, 1733, 1733, 1764, 1764, 1733, 1718, 1733, 33451]","[0, 0, 0, 0, 0, 0, 0, 0, 0, 0, 0, 0, 195516]",0.004848583004786633
MovieLens-25M,near-boundary-clean-log-v1,growing,TS,Ours,6,250000,13,0.010399119360792878,0.12027652379813261,0.016442451420029897,Bernoulli; same mean in clean and online rewards,"clean log: max(0, empirical mean - 2 beta)",0.0,0.16135037829574184,82985,68402.66141806709,1.213183789630754,0.6425378080375972,53321,2472.0,166950,83050,0,1,1.0,simulated,15440694,"[5.0, 5.0, 5.0, 4.0, 4.0, 3.0, 3.0, 5.0, 5.0, 3.0, 2.0, 3.0, 0.0]","[2485, 2485, 2485, 2473, 2473, 2461, 2461, 2485, 2485, 2461, 2449, 2461, 53321]","[0, 0, 0, 0, 0, 0, 0, 0, 0, 0, 0, 0, 166950]",0.009581999998772517
MovieLens-25M,near-boundary-clean-log-v1,growing,UCB,Ours,6,1000000,18,0.005199559680396439,0.08268373492232584,0.016442451420029897,Bernoulli; same mean in clean and online rewards,"clean log: max(0, empirical mean - 2 beta)",0.0,0.0904077359127371,157958,152792.03568165077,1.0338104292890813,0.6292495473480292,99395,3444.8823529411766,841952,158048,0,1,1.0,simulated,2427216658,"[4.0, 3.0, 4.0, 4.0, 4.0, 4.0, 5.0, 4.0, 4.0, 3.0, 1.0, 4.0, 4.0, 4.0, 3.0, 2.0, 5.0, 0.0]","[3452, 3432, 3452, 3452, 3452, 3452, 3473, 3452, 3452, 3432, 3390, 3452, 3452, 3452, 3432, 3411, 3473, 99395]","[0, 0, 0, 0, 0, 0, 0, 0, 0, 0, 0, 0, 0, 0, 0, 0, 0, 841952]",0.0345356250036275
MovieLens-25M,near-boundary-clean-log-v1,growing,TS,Ours,6,1000000,18,0.005199559680396439,0.08268373492232584,0.016442451420029897,Bernoulli; same mean in clean and online rewards,"clean log: max(0, empirical mean - 2 beta)",0.0,0.12181422197380809,229347,199711.916226929,1.1483891614128683,0.6491560822683532,148882,4733.235294117647,770563,229437,0,1,1.0,simulated,488488067,"[4.0, 3.0, 4.0, 4.0, 4.0, 4.0, 5.0, 4.0, 4.0, 3.0, 1.0, 4.0, 4.0, 4.0, 3.0, 2.0, 5.0, 0.0]","[4739, 4723, 4739, 4739, 4739, 4739, 4755, 4739, 4739, 4723, 4690, 4739, 4739, 4739, 4723, 4706, 4755, 148882]","[0, 0, 0, 0, 0, 0, 0, 0, 0, 0, 0, 0, 0, 0, 0, 0, 0, 770563]",0.058320500000263564
MovieLens-25M,near-boundary-clean-log-v1,growing,UCB,Ours,6,2500000,22,0.0032884902840059796,0.06497561341878554,0.016442451420029897,Bernoulli; same mean in clean and online rewards,"clean log: max(0, empirical mean - 2 beta)",0.0,0.07471888151771441,317234,308517.9841897023,1.0282512406308812,0.6363851289584345,201883,5492.9047619047615,2182656,317344,0,1,1.0,simulated,2772691290,"[4.0, 5.0, 4.0, 5.0, 2.0, 5.0, 5.0, 4.0, 3.0, 4.0, 4.0, 3.0, 4.0, 4.0, 4.0, 5.0, 3.0, 4.0, 5.0, 3.0, 2.0, 0.0]","[5495, 5521, 5495, 5521, 5445, 5521, 5521, 5495, 5470, 5495, 5495, 5470, 5495, 5495, 5495, 5521, 5470, 5495, 5521, 5470, 5445, 201883]","[0, 0, 0, 0, 0, 0, 0, 0, 0, 0, 0, 0, 0, 0, 0, 0, 0, 0, 0, 0, 0, 2182656]",0.09804799999983516
MovieLens-25M,near-boundary-clean-log-v1,growing,TS,Ours,6,2500000,22,0.0032884902840059796,0.06497561341878554,0.016442451420029897,Bernoulli; same mean in clean and online rewards,"clean log: max(0, empirical mean - 2 beta)",0.0,0.09989688299784907,449557,402280.4279028685,1.1175214323589875,0.652593553209048,293378,7437.0952380952385,2050333,449667,0,1,1.0,simulated,2260969467,"[4.0, 5.0, 4.0, 5.0, 2.0, 5.0, 5.0, 4.0, 3.0, 4.0, 4.0, 3.0, 4.0, 4.0, 4.0, 5.0, 3.0, 4.0, 5.0, 3.0, 2.0, 0.0]","[7439, 7459, 7439, 7459, 7399, 7459, 7459, 7439, 7419, 7439, 7439, 7419, 7439, 7439, 7439, 7459, 7419, 7439, 7459, 7419, 7399, 293378]","[0, 0, 0, 0, 0, 0, 0, 0, 0, 0, 0, 0, 0, 0, 0, 0, 0, 0, 0, 0, 0, 2050333]",0.18119329199544154
MovieLens-25M,near-boundary-clean-log-v1,growing,UCB,Ours,6,10000000,32,0.0016442451420029898,0.04417182386119378,0.016442451420029897,Bernoulli; same mean in clean and online rewards,"clean log: max(0, empirical mean - 2 beta)",0.0,0.05670556136810506,932402,912124.0448846335,1.0222315760987655,0.644727274287271,601145,10685.709677419354,9067438,932562,0,1,1.0,simulated,1948022381,"[3.0, 4.0, 5.0, 4.0, 4.0, 5.0, 4.0, 5.0, 4.0, 3.0, 4.0, 2.0, 4.0, 4.0, 4.0, 4.0, 5.0, 3.0, 4.0, 5.0, 4.0, 3.0, 1.0, 5.0, 5.0, 1.0, 5.0, 4.0, 4.0, 5.0, 4.0, 0.0]","[10655, 10689, 10723, 10689, 10689, 10723, 10689, 10723, 10689, 10655, 10689, 10621, 10689, 10689, 10689, 10689, 10723, 10655, 10689, 10723, 10689, 10655, 10587, 10723, 10723, 10587, 10723, 10689, 10689, 10723, 10689, 601145]","[0, 0, 0, 0, 0, 0, 0, 0, 0, 0, 0, 0, 0, 0, 0, 0, 0, 0, 0, 0, 0, 0, 0, 0, 0, 0, 0, 0, 0, 0, 0, 9067438]",0.48718145801103674
MovieLens-25M,near-boundary-clean-log-v1,growing,TS,Ours,6,10000000,32,0.0016442451420029898,0.04417182386119378,0.016442451420029897,Bernoulli; same mean in clean and online rewards,"clean log: max(0, empirical mean - 2 beta)",0.0,0.07505727267419543,1285346,1186263.2629214055,1.0835250826486726,0.6560723727307667,843280,14260.193548387097,8714494,1285506,0,1,1.0,simulated,3032309494,"[3.0, 4.0, 5.0, 4.0, 4.0, 5.0, 4.0, 5.0, 4.0, 3.0, 4.0, 2.0, 4.0, 4.0, 4.0, 4.0, 5.0, 3.0, 4.0, 5.0, 4.0, 3.0, 1.0, 5.0, 5.0, 1.0, 5.0, 4.0, 4.0, 5.0, 4.0, 0.0]","[14236, 14263, 14289, 14263, 14263, 14289, 14263, 14289, 14263, 14236, 14263, 14210, 14263, 14263, 14263, 14263, 14289, 14236, 14263, 14289, 14263, 14236, 14183, 14289, 14289, 14183, 14289, 14263, 14263, 14289, 14263, 843280]","[0, 0, 0, 0, 0, 0, 0, 0, 0, 0, 0, 0, 0, 0, 0, 0, 0, 0, 0, 0, 0, 0, 0, 0, 0, 0, 0, 0, 0, 0, 0, 8714494]",1.0483075419906527
MovieLens-25M,near-boundary-clean-log-v1,fixed,UCB,Ours,7,100000,10,0.016442451420029897,0.15688135668249298,0.016442451420029897,Bernoulli; same mean in clean and online rewards,"clean log: max(0, empirical mean - 2 beta)",0.0,0.1364227289734934,26183,25059.44785667459,1.0448354708272694,0.6034067906656991,15799,1153.7777777777778,73767,26233,0,1,1.0,simulated,247588266,"[5.0, 3.0, 4.0, 4.0, 4.0, 3.0, 3.0, 3.0, 2.0, 0.0]","[1174, 1148, 1161, 1161, 1161, 1148, 1148, 1148, 1135, 15799]","[0, 0, 0, 0, 0, 0, 0, 0, 0, 73767]",0.002036959005636163
MovieLens-25M,near-boundary-clean-log-v1,fixed,TS,Ours,7,100000,10,0.016442451420029897,0.15688135668249298,0.016442451420029897,Bernoulli; same mean in clean and online rewards,"clean log: max(0, empirical mean - 2 beta)",0.0,0.18928057310818291,41837,32976.642231990234,1.2686858687939564,0.6387169252097425,26722,1679.4444444444443,58113,41887,0,1,1.0,simulated,1573998498,"[5.0, 3.0, 4.0, 4.0, 4.0, 3.0, 3.0, 3.0, 2.0, 0.0]","[1696, 1675, 1685, 1685, 1685, 1675, 1675, 1675, 1664, 26722]","[0, 0, 0, 0, 0, 0, 0, 0, 0, 58113]",0.0031324580049840733
MovieLens-25M,near-boundary-clean-log-v1,fixed,UCB,Ours,7,250000,10,0.010399119360792878,0.13126894207261167,0.016442451420029897,Bernoulli; same mean in clean and online rewards,"clean log: max(0, empirical mean - 2 beta)",0.0,0.10707855746541617,48644,47353.36579619098,1.0272553847463328,0.6163350053449552,29981,2073.6666666666665,201306,48694,0,1,1.0,simulated,3969117035,"[5.0, 3.0, 4.0, 4.0, 4.0, 3.0, 3.0, 3.0, 2.0, 0.0]","[2100, 2066, 2083, 2083, 2083, 2066, 2066, 2066, 2050, 29981]","[0, 0, 0, 0, 0, 0, 0, 0, 0, 201306]",0.0044360000028973445
MovieLens-25M,near-boundary-clean-log-v1,fixed,TS,Ours,7,250000,10,0.010399119360792878,0.13126894207261167,0.016442451420029897,Bernoulli; same mean in clean and online rewards,"clean log: max(0, empirical mean - 2 beta)",0.0,0.1476960825072971,74642,61975.520735617014,1.2043787468671259,0.6484151014174325,48399,2915.8888888888887,175308,74692,0,1,1.0,simulated,3237648552,"[5.0, 3.0, 4.0, 4.0, 4.0, 3.0, 3.0, 3.0, 2.0, 0.0]","[2937, 2910, 2923, 2923, 2923, 2910, 2910, 2910, 2897, 48399]","[0, 0, 0, 0, 0, 0, 0, 0, 0, 175308]",0.008053333003772423
MovieLens-25M,near-boundary-clean-log-v1,fixed,UCB,Ours,7,1000000,10,0.005199559680396439,0.10057983550920645,0.016442451420029897,Bernoulli; same mean in clean and online rewards,"clean log: max(0, empirical mean - 2 beta)",0.0,0.07299350474319913,124807,123603.82576037137,1.0097341181167094,0.6309181376044612,78743,5118.222222222223,875143,124857,0,1,1.0,simulated,2253781552,"[5.0, 3.0, 4.0, 4.0, 4.0, 3.0, 3.0, 3.0, 2.0, 0.0]","[5158, 5107, 5132, 5132, 5132, 5107, 5107, 5107, 5082, 78743]","[0, 0, 0, 0, 0, 0, 0, 0, 0, 875143]",0.017564624999067746
MovieLens-25M,near-boundary-clean-log-v1,fixed,TS,Ours,7,1000000,10,0.005199559680396439,0.10057983550920645,0.016442451420029897,Bernoulli; same mean in clean and online rewards,"clean log: max(0, empirical mean - 2 beta)",0.0,0.099594120230909,182818,160643.27736779582,1.1380370407996268,0.6581572930455426,120323,6943.888888888889,817132,182868,0,1,1.0,simulated,3172572290,"[5.0, 3.0, 4.0, 4.0, 4.0, 3.0, 3.0, 3.0, 2.0, 0.0]","[6975, 6935, 6955, 6955, 6955, 6935, 6935, 6935, 6915, 120323]","[0, 0, 0, 0, 0, 0, 0, 0, 0, 817132]",0.03556837499490939
MovieLens-25M,near-boundary-clean-log-v1,fixed,UCB,Ours,7,2500000,10,0.0032884902840059796,0.08450672706639467,0.016442451420029897,Bernoulli; same mean in clean and online rewards,"clean log: max(0, empirical mean - 2 beta)",0.0,0.05616562238647935,233165,232606.34472215077,1.0024017198607225,0.6380503077219994,148771,9377.111111111111,2266785,233215,0,1,1.0,simulated,2254544109,"[5.0, 3.0, 4.0, 4.0, 4.0, 3.0, 3.0, 3.0, 2.0, 0.0]","[9429, 9362, 9396, 9396, 9396, 9362, 9362, 9362, 9329, 148771]","[0, 0, 0, 0, 0, 0, 0, 0, 0, 2266785]",0.04462962500110734
MovieLens-25M,near-boundary-clean-log-v1,fixed,TS,Ours,7,2500000,10,0.0032884902840059796,0.08450672706639467,0.016442451420029897,Bernoulli; same mean in clean and online rewards,"clean log: max(0, empirical mean - 2 beta)",0.0,0.0760522358765299,333580,301113.0238807741,1.1078232209978445,0.6622729180406499,220921,12517.666666666666,2166370,333630,0,1,1.0,simulated,100198972,"[5.0, 3.0, 4.0, 4.0, 4.0, 3.0, 3.0, 3.0, 2.0, 0.0]","[12559, 12506, 12532, 12532, 12532, 12506, 12506, 12506, 12480, 220921]","[0, 0, 0, 0, 0, 0, 0, 0, 0, 2166370]",0.09273579200089443
MovieLens-25M,near-boundary-clean-log-v1,fixed,UCB,Ours,7,10000000,10,0.0016442451420029898,0.06509215618281318,0.016442451420029897,Bernoulli; same mean in clean and online rewards,"clean log: max(0, empirical mean - 2 beta)",0.0,0.03739872377571804,601347,603968.343962668,0.9956597990790889,0.6460812143404723,388519,23647.555555555555,9398603,601397,0,1,1.0,simulated,2588277045,"[5.0, 3.0, 4.0, 4.0, 4.0, 3.0, 3.0, 3.0, 2.0, 0.0]","[23726, 23625, 23676, 23676, 23676, 23625, 23625, 23625, 23574, 388519]","[0, 0, 0, 0, 0, 0, 0, 0, 0, 9398603]",0.2018762920051813
MovieLens-25M,near-boundary-clean-log-v1,fixed,TS,Ours,7,10000000,10,0.0016442451420029898,0.06509215618281318,0.016442451420029897,Bernoulli; same mean in clean and online rewards,"clean log: max(0, empirical mean - 2 beta)",0.0,0.05007203037811386,836433,777780.8263738758,1.0754096419418937,0.6661836632461895,557218,31023.88888888889,9163517,836483,0,1,1.0,simulated,524667573,"[5.0, 3.0, 4.0, 4.0, 4.0, 3.0, 3.0, 3.0, 2.0, 0.0]","[31086, 31006, 31046, 31046, 31046, 31006, 31006, 31006, 30967, 557218]","[0, 0, 0, 0, 0, 0, 0, 0, 0, 9163517]",0.41126291699765716
MovieLens-25M,near-boundary-clean-log-v1,growing,UCB,Ours,7,100000,10,0.016442451420029897,0.15688135668249298,0.016442451420029897,Bernoulli; same mean in clean and online rewards,"clean log: max(0, empirical mean - 2 beta)",0.0,0.1364227289734934,26183,25059.44785667459,1.0448354708272694,0.6034067906656991,15799,1153.7777777777778,73767,26233,0,1,1.0,simulated,247588266,"[5.0, 3.0, 4.0, 4.0, 4.0, 3.0, 3.0, 3.0, 2.0, 0.0]","[1174, 1148, 1161, 1161, 1161, 1148, 1148, 1148, 1135, 15799]","[0, 0, 0, 0, 0, 0, 0, 0, 0, 73767]",0.002036959005636163
MovieLens-25M,near-boundary-clean-log-v1,growing,TS,Ours,7,100000,10,0.016442451420029897,0.15688135668249298,0.016442451420029897,Bernoulli; same mean in clean and online rewards,"clean log: max(0, empirical mean - 2 beta)",0.0,0.18928057310818291,41837,32976.642231990234,1.2686858687939564,0.6387169252097425,26722,1679.4444444444443,58113,41887,0,1,1.0,simulated,1573998498,"[5.0, 3.0, 4.0, 4.0, 4.0, 3.0, 3.0, 3.0, 2.0, 0.0]","[1696, 1675, 1685, 1685, 1685, 1675, 1675, 1675, 1664, 26722]","[0, 0, 0, 0, 0, 0, 0, 0, 0, 58113]",0.0031324580049840733
MovieLens-25M,near-boundary-clean-log-v1,growing,UCB,Ours,7,250000,13,0.010399119360792878,0.12027652379813261,0.016442451420029897,Bernoulli; same mean in clean and online rewards,"clean log: max(0, empirical mean - 2 beta)",0.0,0.11803837844145407,54449,52119.122949772594,1.044702921276567,0.614538375360429,33461,1749.0,195486,54514,0,1,1.0,simulated,2937864104,"[5.0, 4.0, 5.0, 5.0, 2.0, 5.0, 5.0, 4.0, 3.0, 2.0, 5.0, 4.0, 0.0]","[1763, 1748, 1763, 1763, 1717, 1763, 1763, 1748, 1732, 1717, 1763, 1748, 33461]","[0, 0, 0, 0, 0, 0, 0, 0, 0, 0, 0, 0, 195486]",0.00546145900443662
MovieLens-25M,near-boundary-clean-log-v1,growing,TS,Ours,7,250000,13,0.010399119360792878,0.12027652379813261,0.016442451420029897,Bernoulli; same mean in clean and online rewards,"clean log: max(0, empirical mean - 2 beta)",0.0,0.16137049318922514,83014,68402.66141806709,1.213607749742814,0.6424097140241405,53329,2473.75,166921,83079,0,1,1.0,simulated,1899868066,"[5.0, 4.0, 5.0, 5.0, 2.0, 5.0, 5.0, 4.0, 3.0, 2.0, 5.0, 4.0, 0.0]","[2485, 2473, 2485, 2485, 2448, 2485, 2485, 2473, 2460, 2448, 2485, 2473, 53329]","[0, 0, 0, 0, 0, 0, 0, 0, 0, 0, 0, 0, 166921]",0.014257167000323534
MovieLens-25M,near-boundary-clean-log-v1,growing,UCB,Ours,7,1000000,18,0.005199559680396439,0.08268373492232584,0.016442451420029897,Bernoulli; same mean in clean and online rewards,"clean log: max(0, empirical mean - 2 beta)",0.0,0.09042389075471483,158023,152792.03568165077,1.0342358441329245,0.6291172803958918,99415,3447.529411764706,841887,158113,0,1,1.0,simulated,981884132,"[4.0, 5.0, 3.0, 4.0, 4.0, 3.0, 4.0, 5.0, 5.0, 1.0, 4.0, 4.0, 5.0, 4.0, 4.0, 2.0, 4.0, 0.0]","[3451, 3472, 3431, 3451, 3451, 3431, 3451, 3472, 3472, 3389, 3451, 3451, 3472, 3451, 3451, 3410, 3451, 99415]","[0, 0, 0, 0, 0, 0, 0, 0, 0, 0, 0, 0, 0, 0, 0, 0, 0, 841887]",0.039380124988383614
MovieLens-25M,near-boundary-clean-log-v1,growing,TS,Ours,7,1000000,18,0.005199559680396439,0.08268373492232584,0.016442451420029897,Bernoulli; same mean in clean and online rewards,"clean log: max(0, empirical mean - 2 beta)",0.0,0.12182567722446327,229393,199711.916226929,1.1486194931871012,0.6490912974676647,148897,4735.058823529412,770517,229483,0,1,1.0,simulated,1262672192,"[4.0, 5.0, 3.0, 4.0, 4.0, 3.0, 4.0, 5.0, 5.0, 1.0, 4.0, 4.0, 5.0, 4.0, 4.0, 2.0, 4.0, 0.0]","[4738, 4754, 4722, 4738, 4738, 4722, 4738, 4754, 4754, 4689, 4738, 4738, 4754, 4738, 4738, 4705, 4738, 148897]","[0, 0, 0, 0, 0, 0, 0, 0, 0, 0, 0, 0, 0, 0, 0, 0, 0, 770517]",0.06391199999779928
MovieLens-25M,near-boundary-clean-log-v1,growing,UCB,Ours,7,2500000,22,0.0032884902840059796,0.06497561341878554,0.016442451420029897,Bernoulli; same mean in clean and online rewards,"clean log: max(0, empirical mean - 2 beta)",0.0,0.07472164762572486,317261,308517.9841897023,1.0283387557884527,0.6363561862315255,201891,5493.809523809524,2182629,317371,0,1,1.0,simulated,789885848,"[4.0, 4.0, 5.0, 4.0, 4.0, 4.0, 3.0, 4.0, 3.0, 3.0, 5.0, 4.0, 3.0, 4.0, 4.0, 3.0, 5.0, 4.0, 5.0, 5.0, 3.0, 0.0]","[5495, 5495, 5520, 5495, 5495, 5495, 5470, 5495, 5470, 5470, 5520, 5495, 5470, 5495, 5495, 5470, 5520, 5495, 5520, 5520, 5470, 201891]","[0, 0, 0, 0, 0, 0, 0, 0, 0, 0, 0, 0, 0, 0, 0, 0, 0, 0, 0, 0, 0, 2182629]",0.11254191699845251
MovieLens-25M,near-boundary-clean-log-v1,growing,TS,Ours,7,2500000,22,0.0032884902840059796,0.06497561341878554,0.016442451420029897,Bernoulli; same mean in clean and online rewards,"clean log: max(0, empirical mean - 2 beta)",0.0,0.09989888184180373,449568,402280.4279028685,1.1175487764683127,0.6525909317389138,293384,7437.333333333333,2050322,449678,0,1,1.0,simulated,3456088347,"[4.0, 4.0, 5.0, 4.0, 4.0, 4.0, 3.0, 4.0, 3.0, 3.0, 5.0, 4.0, 3.0, 4.0, 4.0, 3.0, 5.0, 4.0, 5.0, 5.0, 3.0, 0.0]","[7438, 7438, 7458, 7438, 7438, 7438, 7419, 7438, 7419, 7419, 7458, 7438, 7419, 7438, 7438, 7419, 7458, 7438, 7458, 7458, 7419, 293384]","[0, 0, 0, 0, 0, 0, 0, 0, 0, 0, 0, 0, 0, 0, 0, 0, 0, 0, 0, 0, 0, 2050322]",0.19602670799940825
MovieLens-25M,near-boundary-clean-log-v1,growing,UCB,Ours,7,10000000,32,0.0016442451420029898,0.04417182386119378,0.016442451420029897,Bernoulli; same mean in clean and online rewards,"clean log: max(0, empirical mean - 2 beta)",0.0,0.056690955268464724,931883,912124.0448846335,1.0216625745436474,0.644910358918448,600981,10674.258064516129,9067957,932043,0,1,1.0,simulated,1673782298,"[5.0, 3.0, 4.0, 5.0, 3.0, 4.0, 4.0, 5.0, 2.0, 2.0, 4.0, 3.0, 5.0, 3.0, 5.0, 3.0, 2.0, 3.0, 5.0, 3.0, 3.0, 2.0, 4.0, 4.0, 2.0, 4.0, 1.0, 3.0, 5.0, 4.0, 1.0, 0.0]","[10728, 10660, 10694, 10728, 10660, 10694, 10694, 10728, 10626, 10626, 10694, 10660, 10728, 10660, 10728, 10660, 10626, 10660, 10728, 10660, 10660, 10626, 10694, 10694, 10626, 10694, 10592, 10660, 10728, 10694, 10592, 600981]","[0, 0, 0, 0, 0, 0, 0, 0, 0, 0, 0, 0, 0, 0, 0, 0, 0, 0, 0, 0, 0, 0, 0, 0, 0, 0, 0, 0, 0, 0, 0, 9067957]",0.5152619170112303
MovieLens-25M,near-boundary-clean-log-v1,growing,TS,Ours,7,10000000,32,0.0016442451420029898,0.04417182386119378,0.016442451420029897,Bernoulli; same mean in clean and online rewards,"clean log: max(0, empirical mean - 2 beta)",0.0,0.0750464949438033,1284945,1186263.2629214055,1.0831870463859528,0.6561790582476292,843154,14251.322580645161,8714895,1285105,0,1,1.0,simulated,3448638737,"[5.0, 3.0, 4.0, 5.0, 3.0, 4.0, 4.0, 5.0, 2.0, 2.0, 4.0, 3.0, 5.0, 3.0, 5.0, 3.0, 2.0, 3.0, 5.0, 3.0, 3.0, 2.0, 4.0, 4.0, 2.0, 4.0, 1.0, 3.0, 5.0, 4.0, 1.0, 0.0]","[14293, 14240, 14267, 14293, 14240, 14267, 14267, 14293, 14214, 14214, 14267, 14240, 14293, 14240, 14293, 14240, 14214, 14240, 14293, 14240, 14240, 14214, 14267, 14267, 14214, 14267, 14187, 14240, 14293, 14267, 14187, 843154]","[0, 0, 0, 0, 0, 0, 0, 0, 0, 0, 0, 0, 0, 0, 0, 0, 0, 0, 0, 0, 0, 0, 0, 0, 0, 0, 0, 0, 0, 0, 0, 8714895]",1.0540000409964705
MovieLens-25M,near-boundary-clean-log-v1,fixed,UCB,Ours,8,100000,10,0.016442451420029897,0.15688135668249298,0.016442451420029897,Bernoulli; same mean in clean and online rewards,"clean log: max(0, empirical mean - 2 beta)",0.0,0.13651062702045857,26223,25059.44785667459,1.046431675190142,0.6029439804751554,15811,1156.888888888889,73727,26273,0,1,1.0,simulated,782835201,"[4.0, 5.0, 5.0, 3.0, 4.0, 4.0, 3.0, 3.0, 3.0, 0.0]","[1160, 1172, 1172, 1147, 1160, 1160, 1147, 1147, 1147, 15811]","[0, 0, 0, 0, 0, 0, 0, 0, 0, 73727]",0.0020092499908059835
MovieLens-25M,near-boundary-clean-log-v1,fixed,TS,Ours,8,100000,10,0.016442451420029897,0.15688135668249298,0.016442451420029897,Bernoulli; same mean in clean and online rewards,"clean log: max(0, empirical mean - 2 beta)",0.0,0.18933836726043712,41869,32976.642231990234,1.2696562526121413,0.6384437173087487,26731,1682.0,58081,41919,0,1,1.0,simulated,3881220726,"[4.0, 5.0, 5.0, 3.0, 4.0, 4.0, 3.0, 3.0, 3.0, 0.0]","[1684, 1695, 1695, 1674, 1684, 1684, 1674, 1674, 1674, 26731]","[0, 0, 0, 0, 0, 0, 0, 0, 0, 58081]",0.0030052920046728104
MovieLens-25M,near-boundary-clean-log-v1,fixed,UCB,Ours,8,250000,10,0.010399119360792878,0.13126894207261167,0.016442451420029897,Bernoulli; same mean in clean and online rewards,"clean log: max(0, empirical mean - 2 beta)",0.0,0.10712857803888576,48696,47353.36579619098,1.0283535115452558,0.6160054213898473,29997,2077.6666666666665,201254,48746,0,1,1.0,simulated,3021261137,"[4.0, 5.0, 5.0, 3.0, 4.0, 4.0, 3.0, 3.0, 3.0, 0.0]","[2081, 2098, 2098, 2065, 2081, 2081, 2065, 2065, 2065, 29997]","[0, 0, 0, 0, 0, 0, 0, 0, 0, 201254]",0.004435499999090098
MovieLens-25M,near-boundary-clean-log-v1,fixed,TS,Ours,8,250000,10,0.010399119360792878,0.13126894207261167,0.016442451420029897,Bernoulli; same mean in clean and online rewards,"clean log: max(0, empirical mean - 2 beta)",0.0,0.1477305107363488,74685,61975.520735617014,1.2050725691939028,0.6482024502912231,48411,2919.3333333333335,175265,74735,0,1,1.0,simulated,4246124129,"[4.0, 5.0, 5.0, 3.0, 4.0, 4.0, 3.0, 3.0, 3.0, 0.0]","[2922, 2936, 2936, 2909, 2922, 2922, 2909, 2909, 2909, 48411]","[0, 0, 0, 0, 0, 0, 0, 0, 0, 175265]",0.00815324998984579
MovieLens-25M,near-boundary-clean-log-v1,fixed,UCB,Ours,8,1000000,10,0.005199559680396439,0.10057983550920645,0.016442451420029897,Bernoulli; same mean in clean and online rewards,"clean log: max(0, empirical mean - 2 beta)",0.0,0.07301425986767573,124883,123603.82576037137,1.0103489858162524,0.630726359872841,78767,5124.0,875067,124933,0,1,1.0,simulated,190405584,"[4.0, 5.0, 5.0, 3.0, 4.0, 4.0, 3.0, 3.0, 3.0, 0.0]","[5130, 5155, 5155, 5104, 5130, 5130, 5104, 5104, 5104, 78767]","[0, 0, 0, 0, 0, 0, 0, 0, 0, 875067]",0.017510999998194166
MovieLens-25M,near-boundary-clean-log-v1,fixed,TS,Ours,8,1000000,10,0.005199559680396439,0.10057983550920645,0.016442451420029897,Bernoulli; same mean in clean and online rewards,"clean log: max(0, empirical mean - 2 beta)",0.0,0.09960910549580018,182878,160643.27736779582,1.138410539155631,0.6580397860868995,120341,6948.555555555556,817072,182928,0,1,1.0,simulated,4215435651,"[4.0, 5.0, 5.0, 3.0, 4.0, 4.0, 3.0, 3.0, 3.0, 0.0]","[6953, 6973, 6973, 6933, 6953, 6953, 6933, 6933, 6933, 120341]","[0, 0, 0, 0, 0, 0, 0, 0, 0, 817072]",0.03546662500593811
MovieLens-25M,near-boundary-clean-log-v1,fixed,UCB,Ours,8,2500000,10,0.0032884902840059796,0.08450672706639467,0.016442451420029897,Bernoulli; same mean in clean and online rewards,"clean log: max(0, empirical mean - 2 beta)",0.0,0.05617707733898232,233265,232606.34472215077,1.0028316307478027,0.6379139605170085,148803,9384.666666666666,2266685,233315,0,1,1.0,simulated,862841247,"[4.0, 5.0, 5.0, 3.0, 4.0, 4.0, 3.0, 3.0, 3.0, 0.0]","[9392, 9425, 9425, 9359, 9392, 9392, 9359, 9359, 9359, 148803]","[0, 0, 0, 0, 0, 0, 0, 0, 0, 2266685]",0.0448287080071168
MovieLens-25M,near-boundary-clean-log-v1,fixed,TS,Ours,8,2500000,10,0.0032884902840059796,0.08450672706639467,0.016442451420029897,Bernoulli; same mean in clean and online rewards,"clean log: max(0, empirical mean - 2 beta)",0.0,0.07606068519580123,333660,301113.0238807741,1.1080889019669666,0.6621890547263681,220946,12523.777777777777,2166290,333710,0,1,1.0,simulated,2681363378,"[4.0, 5.0, 5.0, 3.0, 4.0, 4.0, 3.0, 3.0, 3.0, 0.0]","[12530, 12556, 12556, 12503, 12530, 12530, 12503, 12503, 12503, 220946]","[0, 0, 0, 0, 0, 0, 0, 0, 0, 2166290]",0.09310562499740627
MovieLens-25M,near-boundary-clean-log-v1,fixed,UCB,Ours,8,10000000,10,0.0016442451420029898,0.06509215618281318,0.016442451420029897,Bernoulli; same mean in clean and online rewards,"clean log: max(0, empirical mean - 2 beta)",0.0,0.03740332069636838,601496,603968.343962668,0.9959065007506076,0.6460026334339714,388568,23658.666666666668,9398454,601546,0,1,1.0,simulated,2425286505,"[4.0, 5.0, 5.0, 3.0, 4.0, 4.0, 3.0, 3.0, 3.0, 0.0]","[23670, 23721, 23721, 23619, 23670, 23670, 23619, 23619, 23619, 388568]","[0, 0, 0, 0, 0, 0, 0, 0, 0, 9398454]",0.18292529199970886
MovieLens-25M,near-boundary-clean-log-v1,fixed,TS,Ours,8,10000000,10,0.0016442451420029898,0.06509215618281318,0.016442451420029897,Bernoulli; same mean in clean and online rewards,"clean log: max(0, empirical mean - 2 beta)",0.0,0.050075499273334365,836554,777780.8263738758,1.075565212760686,0.6661327302242294,557256,31033.11111111111,9163396,836604,0,1,1.0,simulated,3930489572,"[4.0, 5.0, 5.0, 3.0, 4.0, 4.0, 3.0, 3.0, 3.0, 0.0]","[31042, 31082, 31082, 31002, 31042, 31042, 31002, 31002, 31002, 557256]","[0, 0, 0, 0, 0, 0, 0, 0, 0, 9163396]",0.3927091660007136
MovieLens-25M,near-boundary-clean-log-v1,growing,UCB,Ours,8,100000,10,0.016442451420029897,0.15688135668249298,0.016442451420029897,Bernoulli; same mean in clean and online rewards,"clean log: max(0, empirical mean - 2 beta)",0.0,0.13651062702045857,26223,25059.44785667459,1.046431675190142,0.6029439804751554,15811,1156.888888888889,73727,26273,0,1,1.0,simulated,782835201,"[4.0, 5.0, 5.0, 3.0, 4.0, 4.0, 3.0, 3.0, 3.0, 0.0]","[1160, 1172, 1172, 1147, 1160, 1160, 1147, 1147, 1147, 15811]","[0, 0, 0, 0, 0, 0, 0, 0, 0, 73727]",0.0020092499908059835
MovieLens-25M,near-boundary-clean-log-v1,growing,TS,Ours,8,100000,10,0.016442451420029897,0.15688135668249298,0.016442451420029897,Bernoulli; same mean in clean and online rewards,"clean log: max(0, empirical mean - 2 beta)",0.0,0.18933836726043712,41869,32976.642231990234,1.2696562526121413,0.6384437173087487,26731,1682.0,58081,41919,0,1,1.0,simulated,3881220726,"[4.0, 5.0, 5.0, 3.0, 4.0, 4.0, 3.0, 3.0, 3.0, 0.0]","[1684, 1695, 1695, 1674, 1684, 1684, 1674, 1674, 1674, 26731]","[0, 0, 0, 0, 0, 0, 0, 0, 0, 58081]",0.0030052920046728104
MovieLens-25M,near-boundary-clean-log-v1,growing,UCB,Ours,8,250000,13,0.010399119360792878,0.12027652379813261,0.016442451420029897,Bernoulli; same mean in clean and online rewards,"clean log: max(0, empirical mean - 2 beta)",0.0,0.11793497383002,54342,52119.122949772594,1.0426499320099765,0.6151227411578521,33427,1742.9166666666667,195593,54407,0,1,1.0,simulated,2935671258,"[3.0, 4.0, 5.0, 5.0, 4.0, 3.0, 3.0, 2.0, 5.0, 4.0, 1.0, 3.0, 0.0]","[1735, 1751, 1766, 1766, 1751, 1735, 1735, 1720, 1766, 1751, 1704, 1735, 33427]","[0, 0, 0, 0, 0, 0, 0, 0, 0, 0, 0, 0, 195593]",0.00491129100555554
MovieLens-25M,near-boundary-clean-log-v1,growing,TS,Ours,8,250000,13,0.010399119360792878,0.12027652379813261,0.016442451420029897,Bernoulli; same mean in clean and online rewards,"clean log: max(0, empirical mean - 2 beta)",0.0,0.16130008346586655,82925,68402.66141806709,1.2123066307782164,0.6427856496834489,53303,2468.5,167010,82990,0,1,1.0,simulated,1106017062,"[3.0, 4.0, 5.0, 5.0, 4.0, 3.0, 3.0, 2.0, 5.0, 4.0, 1.0, 3.0, 0.0]","[2462, 2475, 2487, 2487, 2475, 2462, 2462, 2450, 2487, 2475, 2438, 2462, 53303]","[0, 0, 0, 0, 0, 0, 0, 0, 0, 0, 0, 0, 167010]",0.009540917002595961
MovieLens-25M,near-boundary-clean-log-v1,growing,UCB,Ours,8,1000000,18,0.005199559680396439,0.08268373492232584,0.016442451420029897,Bernoulli; same mean in clean and online rewards,"clean log: max(0, empirical mean - 2 beta)",0.0,0.09044004781880019,158090,152792.03568165077,1.0346743486642707,0.6289708393952812,99434,3450.3529411764707,841820,158180,0,1,1.0,simulated,3283167696,"[5.0, 3.0, 5.0, 5.0, 5.0, 3.0, 3.0, 5.0, 3.0, 4.0, 3.0, 5.0, 4.0, 4.0, 4.0, 4.0, 3.0, 0.0]","[3471, 3430, 3471, 3471, 3471, 3430, 3430, 3471, 3430, 3450, 3430, 3471, 3450, 3450, 3450, 3450, 3430, 99434]","[0, 0, 0, 0, 0, 0, 0, 0, 0, 0, 0, 0, 0, 0, 0, 0, 0, 841820]",0.034514541999669746
MovieLens-25M,near-boundary-clean-log-v1,growing,TS,Ours,8,1000000,18,0.005199559680396439,0.08268373492232584,0.016442451420029897,Bernoulli; same mean in clean and online rewards,"clean log: max(0, empirical mean - 2 beta)",0.0,0.12183713121222306,229441,199711.916226929,1.1488598393863008,0.6490208811851412,148912,4737.0,770469,229531,0,1,1.0,simulated,1866714715,"[5.0, 3.0, 5.0, 5.0, 5.0, 3.0, 3.0, 5.0, 3.0, 4.0, 3.0, 5.0, 4.0, 4.0, 4.0, 4.0, 3.0, 0.0]","[4753, 4721, 4753, 4753, 4753, 4721, 4721, 4753, 4721, 4737, 4721, 4753, 4737, 4737, 4737, 4737, 4721, 148912]","[0, 0, 0, 0, 0, 0, 0, 0, 0, 0, 0, 0, 0, 0, 0, 0, 0, 770469]",0.058244582993211225
MovieLens-25M,near-boundary-clean-log-v1,growing,UCB,Ours,8,2500000,22,0.0032884902840059796,0.06497561341878554,0.016442451420029897,Bernoulli; same mean in clean and online rewards,"clean log: max(0, empirical mean - 2 beta)",0.0,0.0747078207578773,317137,308517.9841897023,1.0279368343240503,0.6364788719070937,201851,5489.809523809524,2182753,317247,0,1,1.0,simulated,3018965040,"[5.0, 4.0, 3.0, 4.0, 5.0, 4.0, 5.0, 4.0, 3.0, 4.0, 4.0, 2.0, 3.0, 3.0, 3.0, 4.0, 4.0, 4.0, 3.0, 4.0, 3.0, 0.0]","[5522, 5497, 5472, 5497, 5522, 5497, 5522, 5497, 5472, 5497, 5497, 5446, 5472, 5472, 5472, 5497, 5497, 5497, 5472, 5497, 5472, 201851]","[0, 0, 0, 0, 0, 0, 0, 0, 0, 0, 0, 0, 0, 0, 0, 0, 0, 0, 0, 0, 0, 2182753]",0.09710100000665989
MovieLens-25M,near-boundary-clean-log-v1,growing,TS,Ours,8,2500000,22,0.0032884902840059796,0.06497561341878554,0.016442451420029897,Bernoulli; same mean in clean and online rewards,"clean log: max(0, empirical mean - 2 beta)",0.0,0.09988888477059943,449473,402280.4279028685,1.117312622796867,0.6526598928077993,293353,7434.285714285715,2050417,449583,0,1,1.0,simulated,322175189,"[5.0, 4.0, 3.0, 4.0, 5.0, 4.0, 5.0, 4.0, 3.0, 4.0, 4.0, 2.0, 3.0, 3.0, 3.0, 4.0, 4.0, 4.0, 3.0, 4.0, 3.0, 0.0]","[7460, 7440, 7420, 7440, 7460, 7440, 7460, 7440, 7420, 7440, 7440, 7400, 7420, 7420, 7420, 7440, 7440, 7440, 7420, 7440, 7420, 293353]","[0, 0, 0, 0, 0, 0, 0, 0, 0, 0, 0, 0, 0, 0, 0, 0, 0, 0, 0, 0, 0, 2050417]",0.18107649999728892
MovieLens-25M,near-boundary-clean-log-v1,growing,UCB,Ours,8,10000000,32,0.0016442451420029898,0.04417182386119378,0.016442451420029897,Bernoulli; same mean in clean and online rewards,"clean log: max(0, empirical mean - 2 beta)",0.0,0.05669484948770398,932032,912124.0448846335,1.0218259295180454,0.6448544685161024,601025,10677.645161290322,9067808,932192,0,1,1.0,simulated,3365626361,"[4.0, 5.0, 4.0, 4.0, 4.0, 5.0, 4.0, 4.0, 3.0, 5.0, 2.0, 5.0, 2.0, 3.0, 5.0, 5.0, 4.0, 3.0, 3.0, 2.0, 3.0, 4.0, 4.0, 3.0, 3.0, 4.0, 3.0, 3.0, 2.0, 5.0, 0.0, 0.0]","[10693, 10727, 10693, 10693, 10693, 10727, 10693, 10693, 10659, 10727, 10625, 10727, 10625, 10659, 10727, 10727, 10693, 10659, 10659, 10625, 10659, 10693, 10693, 10659, 10659, 10693, 10659, 10659, 10625, 10727, 10557, 601025]","[0, 0, 0, 0, 0, 0, 0, 0, 0, 0, 0, 0, 0, 0, 0, 0, 0, 0, 0, 0, 0, 0, 0, 0, 0, 0, 0, 0, 0, 0, 0, 9067808]",0.5031351670040749
MovieLens-25M,near-boundary-clean-log-v1,growing,TS,Ours,8,10000000,32,0.0016442451420029898,0.04417182386119378,0.016442451420029897,Bernoulli; same mean in clean and online rewards,"clean log: max(0, empirical mean - 2 beta)",0.0,0.075049369472722,1285053,1186263.2629214055,1.0832780885714235,0.6561495907172701,843187,14253.741935483871,8714787,1285213,0,1,1.0,simulated,4255620506,"[4.0, 5.0, 4.0, 4.0, 4.0, 5.0, 4.0, 4.0, 3.0, 5.0, 2.0, 5.0, 2.0, 3.0, 5.0, 5.0, 4.0, 3.0, 3.0, 2.0, 3.0, 4.0, 4.0, 3.0, 3.0, 4.0, 3.0, 3.0, 2.0, 5.0, 0.0, 0.0]","[14266, 14292, 14266, 14266, 14266, 14292, 14266, 14266, 14239, 14292, 14213, 14292, 14213, 14239, 14292, 14292, 14266, 14239, 14239, 14213, 14239, 14266, 14266, 14239, 14239, 14266, 14239, 14239, 14213, 14292, 14159, 843187]","[0, 0, 0, 0, 0, 0, 0, 0, 0, 0, 0, 0, 0, 0, 0, 0, 0, 0, 0, 0, 0, 0, 0, 0, 0, 0, 0, 0, 0, 0, 0, 8714787]",1.0644080420024693
MovieLens-25M,near-boundary-clean-log-v1,fixed,UCB,Ours,9,100000,10,0.016442451420029897,0.15688135668249298,0.016442451420029897,Bernoulli; same mean in clean and online rewards,"clean log: max(0, empirical mean - 2 beta)",0.0,0.13636403570874245,26158,25059.44785667459,1.043837843100474,0.6036776511965747,15791,1151.888888888889,73792,26208,0,1,1.0,simulated,3710820309,"[3.0, 5.0, 5.0, 3.0, 3.0, 3.0, 3.0, 4.0, 0.0, 0.0]","[1149, 1175, 1175, 1149, 1149, 1149, 1149, 1162, 1110, 15791]","[0, 0, 0, 0, 0, 0, 0, 0, 0, 73792]",0.0020825409883400425
MovieLens-25M,near-boundary-clean-log-v1,fixed,TS,Ours,9,100000,10,0.016442451420029897,0.15688135668249298,0.016442451420029897,Bernoulli; same mean in clean and online rewards,"clean log: max(0, empirical mean - 2 beta)",0.0,0.18924202132523654,41813,32976.642231990234,1.2679580809303175,0.6389400425704924,26716,1677.4444444444443,58137,41863,0,1,1.0,simulated,2280783728,"[3.0, 5.0, 5.0, 3.0, 3.0, 3.0, 3.0, 4.0, 0.0, 0.0]","[1675, 1696, 1696, 1675, 1675, 1675, 1675, 1686, 1644, 26716]","[0, 0, 0, 0, 0, 0, 0, 0, 0, 58137]",0.0030171249964041635
MovieLens-25M,near-boundary-clean-log-v1,fixed,UCB,Ours,9,250000,10,0.010399119360792878,0.13126894207261167,0.016442451420029897,Bernoulli; same mean in clean and online rewards,"clean log: max(0, empirical mean - 2 beta)",0.0,0.10704518333477989,48614,47353.36579619098,1.0266218500546465,0.6165096474266673,29971,2071.4444444444443,201336,48664,0,1,1.0,simulated,3106928842,"[3.0, 5.0, 5.0, 3.0, 3.0, 3.0, 3.0, 4.0, 0.0, 0.0]","[2068, 2101, 2101, 2068, 2068, 2068, 2068, 2084, 2017, 29971]","[0, 0, 0, 0, 0, 0, 0, 0, 0, 201336]",0.0044859170011477545
MovieLens-25M,near-boundary-clean-log-v1,fixed,TS,Ours,9,250000,10,0.010399119360792878,0.13126894207261167,0.016442451420029897,Bernoulli; same mean in clean and online rewards,"clean log: max(0, empirical mean - 2 beta)",0.0,0.14767312274011973,74616,61975.520735617014,1.2039592263904701,0.648533826525142,48391,2913.8888888888887,175334,74666,0,1,1.0,simulated,1865620279,"[3.0, 5.0, 5.0, 3.0, 3.0, 3.0, 3.0, 4.0, 0.0, 0.0]","[2911, 2938, 2938, 2911, 2911, 2911, 2911, 2924, 2870, 48391]","[0, 0, 0, 0, 0, 0, 0, 0, 0, 175334]",0.008096542005660012
MovieLens-25M,near-boundary-clean-log-v1,fixed,UCB,Ours,9,1000000,10,0.005199559680396439,0.10057983550920645,0.016442451420029897,Bernoulli; same mean in clean and online rewards,"clean log: max(0, empirical mean - 2 beta)",0.0,0.07297966187421073,124756,123603.82576037137,1.0093215095288581,0.6310397896694347,78726,5114.444444444444,875194,124806,0,1,1.0,simulated,3015678687,"[3.0, 5.0, 5.0, 3.0, 3.0, 3.0, 3.0, 4.0, 0.0, 0.0]","[5109, 5159, 5159, 5109, 5109, 5109, 5109, 5134, 5033, 78726]","[0, 0, 0, 0, 0, 0, 0, 0, 0, 875194]",0.01761774999613408
MovieLens-25M,near-boundary-clean-log-v1,fixed,TS,Ours,9,1000000,10,0.005199559680396439,0.10057983550920645,0.016442451420029897,Bernoulli; same mean in clean and online rewards,"clean log: max(0, empirical mean - 2 beta)",0.0,0.09958413010231332,182783,160643.27736779582,1.1378191667586242,0.6582121969767429,120310,6941.444444444444,817167,182833,0,1,1.0,simulated,188148682,"[3.0, 5.0, 5.0, 3.0, 3.0, 3.0, 3.0, 4.0, 0.0, 0.0]","[6937, 6977, 6977, 6937, 6937, 6937, 6937, 6957, 6877, 120310]","[0, 0, 0, 0, 0, 0, 0, 0, 0, 817167]",0.03528304101200774
MovieLens-25M,near-boundary-clean-log-v1,fixed,UCB,Ours,9,2500000,10,0.0032884902840059796,0.08450672706639467,0.016442451420029897,Bernoulli; same mean in clean and online rewards,"clean log: max(0, empirical mean - 2 beta)",0.0,0.056157986330075835,233100,232606.34472215077,1.0021222777841203,0.6381381381381381,148750,9372.222222222223,2266850,233150,0,1,1.0,simulated,507644054,"[3.0, 5.0, 5.0, 3.0, 3.0, 3.0, 3.0, 4.0, 0.0, 0.0]","[9365, 9431, 9431, 9365, 9365, 9365, 9365, 9398, 9265, 148750]","[0, 0, 0, 0, 0, 0, 0, 0, 0, 2266850]",0.04643204199965112
MovieLens-25M,near-boundary-clean-log-v1,fixed,TS,Ours,9,2500000,10,0.0032884902840059796,0.08450672706639467,0.016442451420029897,Bernoulli; same mean in clean and online rewards,"clean log: max(0, empirical mean - 2 beta)",0.0,0.07604660189022885,333527,301113.0238807741,1.1076472073558008,0.6623271879038278,220904,12513.666666666666,2166423,333577,0,1,1.0,simulated,1417171189,"[3.0, 5.0, 5.0, 3.0, 3.0, 3.0, 3.0, 4.0, 0.0, 0.0]","[12508, 12560, 12560, 12508, 12508, 12508, 12508, 12534, 12429, 220904]","[0, 0, 0, 0, 0, 0, 0, 0, 0, 2166423]",0.09337412499007769
MovieLens-25M,near-boundary-clean-log-v1,fixed,UCB,Ours,9,10000000,10,0.0016442451420029898,0.06509215618281318,0.016442451420029897,Bernoulli; same mean in clean and online rewards,"clean log: max(0, empirical mean - 2 beta)",0.0,0.037395660465476085,601246,603968.343962668,0.9954925717715493,0.6461348599408562,388486,23640.0,9398704,601296,0,1,1.0,simulated,3356692730,"[3.0, 5.0, 5.0, 3.0, 3.0, 3.0, 3.0, 4.0, 0.0, 0.0]","[23629, 23730, 23730, 23629, 23629, 23629, 23629, 23679, 23476, 388486]","[0, 0, 0, 0, 0, 0, 0, 0, 0, 9398704]",0.1831536249956116
MovieLens-25M,near-boundary-clean-log-v1,fixed,TS,Ours,9,10000000,10,0.0016442451420029898,0.06509215618281318,0.016442451420029897,Bernoulli; same mean in clean and online rewards,"clean log: max(0, empirical mean - 2 beta)",0.0,0.05006971761611416,836354,777780.8263738758,1.0753080709114424,0.6662155020481758,557192,31018.0,9163596,836404,0,1,1.0,simulated,3824243328,"[3.0, 5.0, 5.0, 3.0, 3.0, 3.0, 3.0, 4.0, 0.0, 0.0]","[31009, 31089, 31089, 31009, 31009, 31009, 31009, 31049, 30890, 557192]","[0, 0, 0, 0, 0, 0, 0, 0, 0, 9163596]",0.4037336249893997
MovieLens-25M,near-boundary-clean-log-v1,growing,UCB,Ours,9,100000,10,0.016442451420029897,0.15688135668249298,0.016442451420029897,Bernoulli; same mean in clean and online rewards,"clean log: max(0, empirical mean - 2 beta)",0.0,0.13636403570874245,26158,25059.44785667459,1.043837843100474,0.6036776511965747,15791,1151.888888888889,73792,26208,0,1,1.0,simulated,3710820309,"[3.0, 5.0, 5.0, 3.0, 3.0, 3.0, 3.0, 4.0, 0.0, 0.0]","[1149, 1175, 1175, 1149, 1149, 1149, 1149, 1162, 1110, 15791]","[0, 0, 0, 0, 0, 0, 0, 0, 0, 73792]",0.0020825409883400425
MovieLens-25M,near-boundary-clean-log-v1,growing,TS,Ours,9,100000,10,0.016442451420029897,0.15688135668249298,0.016442451420029897,Bernoulli; same mean in clean and online rewards,"clean log: max(0, empirical mean - 2 beta)",0.0,0.18924202132523654,41813,32976.642231990234,1.2679580809303175,0.6389400425704924,26716,1677.4444444444443,58137,41863,0,1,1.0,simulated,2280783728,"[3.0, 5.0, 5.0, 3.0, 3.0, 3.0, 3.0, 4.0, 0.0, 0.0]","[1675, 1696, 1696, 1675, 1675, 1675, 1675, 1686, 1644, 26716]","[0, 0, 0, 0, 0, 0, 0, 0, 0, 58137]",0.0030171249964041635
MovieLens-25M,near-boundary-clean-log-v1,growing,UCB,Ours,9,250000,13,0.010399119360792878,0.12027652379813261,0.016442451420029897,Bernoulli; same mean in clean and online rewards,"clean log: max(0, empirical mean - 2 beta)",0.0,0.11797932502600286,54386,52119.122949772594,1.0434941518953034,0.6149008936123267,33442,1745.3333333333333,195549,54451,0,1,1.0,simulated,3879822669,"[4.0, 4.0, 4.0, 5.0, 4.0, 2.0, 4.0, 4.0, 3.0, 3.0, 4.0, 4.0, 0.0]","[1749, 1749, 1749, 1765, 1749, 1719, 1749, 1749, 1734, 1734, 1749, 1749, 33442]","[0, 0, 0, 0, 0, 0, 0, 0, 0, 0, 0, 0, 195549]",0.0048418749938718975
MovieLens-25M,near-boundary-clean-log-v1,growing,TS,Ours,9,250000,13,0.010399119360792878,0.12027652379813261,0.016442451420029897,Bernoulli; same mean in clean and online rewards,"clean log: max(0, empirical mean - 2 beta)",0.0,0.16133026671232115,82965,68402.66141806709,1.2128914033465747,0.6426083288133551,53314,2470.9166666666665,166970,83030,0,1,1.0,simulated,1936882198,"[4.0, 4.0, 4.0, 5.0, 4.0, 2.0, 4.0, 4.0, 3.0, 3.0, 4.0, 4.0, 0.0]","[2474, 2474, 2474, 2486, 2474, 2449, 2474, 2474, 2462, 2462, 2474, 2474, 53314]","[0, 0, 0, 0, 0, 0, 0, 0, 0, 0, 0, 0, 166970]",0.009522124993964098
MovieLens-25M,near-boundary-clean-log-v1,growing,UCB,Ours,9,1000000,18,0.005199559680396439,0.08268373492232584,0.016442451420029897,Bernoulli; same mean in clean and online rewards,"clean log: max(0, empirical mean - 2 beta)",0.0,0.09045081526332288,158125,152792.03568165077,1.0349034181955707,0.6289138339920949,99447,3451.6470588235293,841785,158215,0,1,1.0,simulated,844577638,"[4.0, 5.0, 5.0, 5.0, 5.0, 4.0, 4.0, 2.0, 4.0, 5.0, 4.0, 4.0, 2.0, 3.0, 5.0, 4.0, 5.0, 0.0]","[3449, 3470, 3470, 3470, 3470, 3449, 3449, 3408, 3449, 3470, 3449, 3449, 3408, 3429, 3470, 3449, 3470, 99447]","[0, 0, 0, 0, 0, 0, 0, 0, 0, 0, 0, 0, 0, 0, 0, 0, 0, 841785]",0.03477170800033491
MovieLens-25M,near-boundary-clean-log-v1,growing,TS,Ours,9,1000000,18,0.005199559680396439,0.08268373492232584,0.016442451420029897,Bernoulli; same mean in clean and online rewards,"clean log: max(0, empirical mean - 2 beta)",0.0,0.12184476457413371,229480,199711.916226929,1.1490551206731503,0.6489541572250305,148922,4738.705882352941,770430,229570,0,1,1.0,simulated,1994182161,"[4.0, 5.0, 5.0, 5.0, 5.0, 4.0, 4.0, 2.0, 4.0, 5.0, 4.0, 4.0, 2.0, 3.0, 5.0, 4.0, 5.0, 0.0]","[4737, 4753, 4753, 4753, 4753, 4737, 4737, 4704, 4737, 4753, 4737, 4737, 4704, 4720, 4753, 4737, 4753, 148922]","[0, 0, 0, 0, 0, 0, 0, 0, 0, 0, 0, 0, 0, 0, 0, 0, 0, 770430]",0.05908337500295602
MovieLens-25M,near-boundary-clean-log-v1,growing,UCB,Ours,9,2500000,22,0.0032884902840059796,0.06497561341878554,0.016442451420029897,Bernoulli; same mean in clean and online rewards,"clean log: max(0, empirical mean - 2 beta)",0.0,0.07469399251053019,317003,308517.9841897023,1.027502499838325,0.6366185808967108,201810,5485.380952380952,2182887,317113,0,1,1.0,simulated,2171389003,"[3.0, 5.0, 5.0, 1.0, 4.0, 3.0, 5.0, 2.0, 3.0, 3.0, 2.0, 3.0, 4.0, 4.0, 5.0, 4.0, 4.0, 3.0, 3.0, 3.0, 4.0, 0.0]","[5473, 5524, 5524, 5423, 5499, 5473, 5524, 5448, 5473, 5473, 5448, 5473, 5499, 5499, 5524, 5499, 5499, 5473, 5473, 5473, 5499, 201810]","[0, 0, 0, 0, 0, 0, 0, 0, 0, 0, 0, 0, 0, 0, 0, 0, 0, 0, 0, 0, 0, 2182887]",0.09854283400636632
MovieLens-25M,near-boundary-clean-log-v1,growing,TS,Ours,9,2500000,22,0.0032884902840059796,0.06497561341878554,0.016442451420029897,Bernoulli; same mean in clean and online rewards,"clean log: max(0, empirical mean - 2 beta)",0.0,0.09987888808198553,449374,402280.4279028685,1.1170665258129395,0.6527346931509166,293322,7431.047619047619,2050516,449484,0,1,1.0,simulated,1525312396,"[3.0, 5.0, 5.0, 1.0, 4.0, 3.0, 5.0, 2.0, 3.0, 3.0, 2.0, 3.0, 4.0, 4.0, 5.0, 4.0, 4.0, 3.0, 3.0, 3.0, 4.0, 0.0]","[7422, 7461, 7461, 7382, 7441, 7422, 7461, 7402, 7422, 7422, 7402, 7422, 7441, 7441, 7461, 7441, 7441, 7422, 7422, 7422, 7441, 293322]","[0, 0, 0, 0, 0, 0, 0, 0, 0, 0, 0, 0, 0, 0, 0, 0, 0, 0, 0, 0, 0, 2050516]",0.18205420899903402
MovieLens-25M,near-boundary-clean-log-v1,growing,UCB,Ours,9,10000000,32,0.0016442451420029898,0.04417182386119378,0.016442451420029897,Bernoulli; same mean in clean and online rewards,"clean log: max(0, empirical mean - 2 beta)",0.0,0.056694851009232786,932032,912124.0448846335,1.0218259295180454,0.6448544685161024,601025,10677.645161290322,9067808,932192,0,1,1.0,simulated,679738425,"[5.0, 5.0, 4.0, 4.0, 5.0, 3.0, 2.0, 3.0, 3.0, 4.0, 3.0, 4.0, 4.0, 4.0, 4.0, 4.0, 4.0, 3.0, 3.0, 2.0, 4.0, 3.0, 4.0, 4.0, 2.0, 4.0, 3.0, 4.0, 5.0, 2.0, 2.0, 0.0]","[10727, 10727, 10693, 10693, 10727, 10659, 10625, 10659, 10659, 10693, 10659, 10693, 10693, 10693, 10693, 10693, 10693, 10659, 10659, 10625, 10693, 10659, 10693, 10693, 10625, 10693, 10659, 10693, 10727, 10625, 10625, 601025]","[0, 0, 0, 0, 0, 0, 0, 0, 0, 0, 0, 0, 0, 0, 0, 0, 0, 0, 0, 0, 0, 0, 0, 0, 0, 0, 0, 0, 0, 0, 0, 9067808]",0.48948845799895935
MovieLens-25M,near-boundary-clean-log-v1,growing,TS,Ours,9,10000000,32,0.0016442451420029898,0.04417182386119378,0.016442451420029897,Bernoulli; same mean in clean and online rewards,"clean log: max(0, empirical mean - 2 beta)",0.0,0.075049369472722,1285056,1186263.2629214055,1.08328061752102,0.6561480589172768,843187,14253.838709677419,8714784,1285216,0,1,1.0,simulated,1374782176,"[5.0, 5.0, 4.0, 4.0, 5.0, 3.0, 2.0, 3.0, 3.0, 4.0, 3.0, 4.0, 4.0, 4.0, 4.0, 4.0, 4.0, 3.0, 3.0, 2.0, 4.0, 3.0, 4.0, 4.0, 2.0, 4.0, 3.0, 4.0, 5.0, 2.0, 2.0, 0.0]","[14292, 14292, 14266, 14266, 14292, 14239, 14213, 14239, 14239, 14266, 14239, 14266, 14266, 14266, 14266, 14266, 14266, 14239, 14239, 14213, 14266, 14239, 14266, 14266, 14213, 14266, 14239, 14266, 14292, 14213, 14213, 843187]","[0, 0, 0, 0, 0, 0, 0, 0, 0, 0, 0, 0, 0, 0, 0, 0, 0, 0, 0, 0, 0, 0, 0, 0, 0, 0, 0, 0, 0, 0, 0, 8714784]",1.069572624997818
