algorithm,repeat,K,status,T,T0,H,Cost_n,target_cost,non_target_total_cost,non_target_avg_cost,S_T,normalized_cost,z_star,allocation_json,n_1,n_2,n_3,n_4,n_5,n_6,n_7,n_8,n_9,n_10,n_11,n_12,n_13,n_14,n_15,n_16,n_17,n_18,n_19,n_20,n_21,n_22,n_23,n_24,n_25,n_26,n_27,n_28,n_29,n_30,n_31,n_32,n_33,n_34,n_35,n_36,n_37,n_38,n_39,n_40,n_41,n_42,n_43,n_44,n_45,n_46,n_47,n_48,n_49,n_50
UCB appendix,0,5,ok,200000,30659,169341,30634,18801,11833,2958.25,13464.864334,2.27510647267,0.0859240473064,"{""n_1"": 2979, ""n_2"": 2938, ""n_3"": 2958, ""n_4"": 2958, ""n_5"": 18801}",2979,2938,2958,2958,18801,,,,,,,,,,,,,,,,,,,,,,,,,,,,,,,,,,,,,,,,,,,,,
UCB direct,0,5,ok,200000,27889,172111,27864,17076,10788,2697,13464.864334,2.06938587042,0.102303379727,"{""n_1"": 2716, ""n_2"": 2678, ""n_3"": 2697, ""n_4"": 2697, ""n_5"": 17076}",2716,2678,2697,2697,17076,,,,,,,,,,,,,,,,,,,,,,,,,,,,,,,,,,,,,,,,,,,,,
TS appendix,0,5,ok,200000,48564,151436,48539,32114,16425,4106.25,13464.864334,3.60486365075,0.122219363557,"{""n_1"": 4123, ""n_2"": 4090, ""n_3"": 4106, ""n_4"": 4106, ""n_5"": 32114}",4123,4090,4106,4106,32114,,,,,,,,,,,,,,,,,,,,,,,,,,,,,,,,,,,,,,,,,,,,,
TS direct,0,5,ok,200000,42004,157996,41979,27651,14328,3582,13464.864334,3.11766973351,0.130900000074,"{""n_1"": 3597, ""n_2"": 3567, ""n_3"": 3582, ""n_4"": 3582, ""n_5"": 27651}",3597,3567,3582,3582,27651,,,,,,,,,,,,,,,,,,,,,,,,,,,,,,,,,,,,,,,,,,,,,
UCB appendix,0,10,ok,200000,41959,158041,41909,25679,16230,1803.33333333,16964.6660084,2.47036988404,0.113783024479,"{""n_1"": 1819, ""n_10"": 25679, ""n_2"": 1819, ""n_3"": 1756, ""n_4"": 1819, ""n_5"": 1819, ""n_6"": 1788, ""n_7"": 1788, ""n_8"": 1819, ""n_9"": 1803}",1819,1819,1756,1819,1819,1788,1788,1819,1803,25679,,,,,,,,,,,,,,,,,,,,,,,,,,,,,,,,,,,,,,,,
UCB direct,0,10,ok,200000,36929,163071,36879,22529,14350,1594.44444444,16964.6660084,2.17387126759,0.133544649988,"{""n_1"": 1609, ""n_10"": 22529, ""n_2"": 1609, ""n_3"": 1550, ""n_4"": 1609, ""n_5"": 1609, ""n_6"": 1580, ""n_7"": 1580, ""n_8"": 1609, ""n_9"": 1595}",1609,1609,1550,1609,1609,1580,1580,1609,1595,22529,,,,,,,,,,,,,,,,,,,,,,,,,,,,,,,,,,,,,,,,
TS appendix,0,10,ok,200000,64875,135125,64825,41870,22955,2550.55555556,16964.6660084,3.82117749727,0.157122882705,"{""n_1"": 2563, ""n_10"": 41870, ""n_2"": 2563, ""n_3"": 2513, ""n_4"": 2563, ""n_5"": 2563, ""n_6"": 2538, ""n_7"": 2538, ""n_8"": 2563, ""n_9"": 2551}",2563,2563,2513,2563,2563,2538,2538,2563,2551,41870,,,,,,,,,,,,,,,,,,,,,,,,,,,,,,,,,,,,,,,,
TS direct,0,10,ok,200000,53661,146339,53611,34382,19229,2136.55555556,16964.6660084,3.16015652613,0.171750000066,"{""n_1"": 2148, ""n_10"": 34382, ""n_2"": 2148, ""n_3"": 2102, ""n_4"": 2148, ""n_5"": 2148, ""n_6"": 2125, ""n_7"": 2125, ""n_8"": 2148, ""n_9"": 2137}",2148,2148,2102,2148,2148,2125,2125,2148,2137,34382,,,,,,,,,,,,,,,,,,,,,,,,,,,,,,,,,,,,,,,,
UCB appendix,0,15,ok,200000,49856,150144,49781,30381,19400,1385.71428571,19419.6948,2.56342854575,0.131870125636,"{""n_1"": 1397, ""n_10"": 1384, ""n_11"": 1384, ""n_12"": 1384, ""n_13"": 1384, ""n_14"": 1384, ""n_15"": 30381, ""n_2"": 1397, ""n_3"": 1370, ""n_4"": 1397, ""n_5"": 1384, ""n_6"": 1384, ""n_7"": 1397, ""n_8"": 1370, ""n_9"": 1384}",1397,1397,1370,1397,1384,1384,1397,1370,1384,1384,1384,1384,1384,1384,30381,,,,,,,,,,,,,,,,,,,,,,,,,,,,,,,,,,,
UCB direct,0,15,ok,200000,42911,157089,42836,25966,16870,1205,19419.6948,2.20580191611,0.154092469181,"{""n_1"": 1216, ""n_10"": 1203, ""n_11"": 1203, ""n_12"": 1203, ""n_13"": 1203, ""n_14"": 1203, ""n_15"": 25966, ""n_2"": 1216, ""n_3"": 1191, ""n_4"": 1216, ""n_5"": 1203, ""n_6"": 1203, ""n_7"": 1216, ""n_8"": 1191, ""n_9"": 1203}",1216,1216,1191,1216,1203,1203,1216,1191,1203,1203,1203,1203,1203,1203,25966,,,,,,,,,,,,,,,,,,,,,,,,,,,,,,,,,,,
TS appendix,0,15,ok,200000,76437,123563,76362,48606,27756,1982.57142857,19419.6948,3.93219362027,0.179642644175,"{""n_1"": 1992, ""n_10"": 1981, ""n_11"": 1981, ""n_12"": 1981, ""n_13"": 1981, ""n_14"": 1981, ""n_15"": 48606, ""n_2"": 1992, ""n_3"": 1970, ""n_4"": 1992, ""n_5"": 1981, ""n_6"": 1981, ""n_7"": 1992, ""n_8"": 1970, ""n_9"": 1981}",1992,1992,1970,1992,1981,1981,1992,1970,1981,1981,1981,1981,1981,1981,48606,,,,,,,,,,,,,,,,,,,,,,,,,,,,,,,,,,,
TS direct,0,15,ok,200000,61333,138667,61258,38488,22770,1626.42857143,19419.6948,3.1544265052,0.19845000006,"{""n_1"": 1635, ""n_10"": 1625, ""n_11"": 1625, ""n_12"": 1625, ""n_13"": 1625, ""n_14"": 1625, ""n_15"": 38488, ""n_2"": 1635, ""n_3"": 1615, ""n_4"": 1635, ""n_5"": 1625, ""n_6"": 1625, ""n_7"": 1635, ""n_8"": 1615, ""n_9"": 1625}",1635,1635,1615,1635,1625,1625,1635,1615,1625,1625,1625,1625,1625,1625,38488,,,,,,,,,,,,,,,,,,,,,,,,,,,,,,,,,,,
UCB appendix,0,20,ok,200000,56209,143791,56109,34108,22001,1157.94736842,21374.1398084,2.62508809725,0.145691158958,"{""n_1"": 1155, ""n_10"": 1155, ""n_11"": 1155, ""n_12"": 1155, ""n_13"": 1143, ""n_14"": 1143, ""n_15"": 1168, ""n_16"": 1168, ""n_17"": 1143, ""n_18"": 1143, ""n_19"": 1168, ""n_2"": 1168, ""n_20"": 34108, ""n_3"": 1168, ""n_4"": 1168, ""n_5"": 1155, ""n_6"": 1168, ""n_7"": 1168, ""n_8"": 1155, ""n_9"": 1155}",1155,1168,1168,1168,1155,1168,1168,1155,1155,1155,1155,1155,1143,1143,1168,1168,1143,1143,1168,34108,,,,,,,,,,,,,,,,,,,,,,,,,,,,,,
UCB direct,0,20,ok,200000,47537,152463,47437,28511,18926,996.105263158,21374.1398084,2.21936416741,0.169856247937,"{""n_1"": 994, ""n_10"": 994, ""n_11"": 994, ""n_12"": 994, ""n_13"": 982, ""n_14"": 982, ""n_15"": 1005, ""n_16"": 1005, ""n_17"": 982, ""n_18"": 982, ""n_19"": 1005, ""n_2"": 1005, ""n_20"": 28511, ""n_3"": 1005, ""n_4"": 1005, ""n_5"": 994, ""n_6"": 1005, ""n_7"": 1005, ""n_8"": 994, ""n_9"": 994}",994,1005,1005,1005,994,1005,1005,994,994,994,994,994,982,982,1005,1005,982,982,1005,28511,,,,,,,,,,,,,,,,,,,,,,,,,,,,,,
TS appendix,0,20,ok,200000,85832,114168,85732,53981,31751,1671.10526316,21374.1398084,4.01101521598,0.196764216426,"{""n_1"": 1669, ""n_10"": 1669, ""n_11"": 1669, ""n_12"": 1669, ""n_13"": 1659, ""n_14"": 1659, ""n_15"": 1679, ""n_16"": 1679, ""n_17"": 1659, ""n_18"": 1659, ""n_19"": 1679, ""n_2"": 1679, ""n_20"": 53981, ""n_3"": 1679, ""n_4"": 1679, ""n_5"": 1669, ""n_6"": 1679, ""n_7"": 1679, ""n_8"": 1669, ""n_9"": 1669}",1669,1679,1679,1679,1669,1679,1679,1669,1669,1669,1669,1669,1659,1659,1679,1679,1659,1659,1679,53981,,,,,,,,,,,,,,,,,,,,,,,,,,,,,,
TS direct,0,20,ok,200000,67238,132762,67138,41851,25287,1330.89473684,21374.1398084,3.14108547066,0.220650000056,"{""n_1"": 1329, ""n_10"": 1329, ""n_11"": 1329, ""n_12"": 1329, ""n_13"": 1320, ""n_14"": 1320, ""n_15"": 1338, ""n_16"": 1338, ""n_17"": 1320, ""n_18"": 1320, ""n_19"": 1338, ""n_2"": 1338, ""n_20"": 41851, ""n_3"": 1338, ""n_4"": 1338, ""n_5"": 1329, ""n_6"": 1338, ""n_7"": 1338, ""n_8"": 1329, ""n_9"": 1329}",1329,1338,1338,1338,1329,1338,1338,1329,1329,1329,1329,1329,1320,1320,1338,1338,1320,1320,1338,41851,,,,,,,,,,,,,,,,,,,,,,,,,,,,,,
UCB appendix,0,30,ok,200000,66223,133777,66073,39953,26120,900.689655172,24467.282261,2.70046339005,0.166500147885,"{""n_1"": 916, ""n_10"": 895, ""n_11"": 906, ""n_12"": 916, ""n_13"": 895, ""n_14"": 906, ""n_15"": 906, ""n_16"": 906, ""n_17"": 916, ""n_18"": 895, ""n_19"": 906, ""n_2"": 906, ""n_20"": 906, ""n_21"": 906, ""n_22"": 883, ""n_23"": 883, ""n_24"": 895, ""n_25"": 883, ""n_26"": 895, ""n_27"": 883, ""n_28"": 883, ""n_29"": 883, ""n_3"": 906, ""n_30"": 39953, ""n_4"": 916, ""n_5"": 906, ""n_6"": 906, ""n_7"": 916, ""n_8"": 906, ""n_9"": 895}",916,906,906,916,906,906,916,906,895,895,906,916,895,906,906,906,916,895,906,906,906,883,883,895,883,895,883,883,883,39953,,,,,,,,,,,,,,,,,,,,
UCB direct,0,30,ok,200000,54496,145504,54346,32465,21881,754.517241379,24467.282261,2.22117027221,0.194835787913,"{""n_1"": 769, ""n_10"": 749, ""n_11"": 759, ""n_12"": 769, ""n_13"": 749, ""n_14"": 759, ""n_15"": 759, ""n_16"": 759, ""n_17"": 769, ""n_18"": 749, ""n_19"": 759, ""n_2"": 759, ""n_20"": 759, ""n_21"": 759, ""n_22"": 739, ""n_23"": 739, ""n_24"": 749, ""n_25"": 739, ""n_26"": 749, ""n_27"": 739, ""n_28"": 739, ""n_29"": 739, ""n_3"": 759, ""n_30"": 32465, ""n_4"": 769, ""n_5"": 759, ""n_6"": 759, ""n_7"": 769, ""n_8"": 759, ""n_9"": 749}",769,759,759,769,759,759,769,759,749,749,759,769,749,759,759,759,769,749,759,759,759,739,739,749,739,749,739,739,739,32465,,,,,,,,,,,,,,,,,,,,
TS appendix,0,30,ok,200000,100971,99029,100821,62513,38308,1320.96551724,24467.282261,4.12064564116,0.22251768772,"{""n_1"": 1334, ""n_10"": 1316, ""n_11"": 1325, ""n_12"": 1334, ""n_13"": 1316, ""n_14"": 1325, ""n_15"": 1325, ""n_16"": 1325, ""n_17"": 1334, ""n_18"": 1316, ""n_19"": 1325, ""n_2"": 1325, ""n_20"": 1325, ""n_21"": 1325, ""n_22"": 1307, ""n_23"": 1307, ""n_24"": 1316, ""n_25"": 1307, ""n_26"": 1316, ""n_27"": 1307, ""n_28"": 1307, ""n_29"": 1307, ""n_3"": 1325, ""n_30"": 62513, ""n_4"": 1334, ""n_5"": 1325, ""n_6"": 1325, ""n_7"": 1334, ""n_8"": 1325, ""n_9"": 1316}",1334,1325,1325,1334,1325,1325,1334,1325,1316,1316,1325,1334,1316,1325,1325,1325,1334,1316,1325,1325,1325,1307,1307,1316,1307,1316,1307,1307,1307,62513,,,,,,,,,,,,,,,,,,,,
TS direct,0,30,ok,200000,76176,123824,76026,46289,29737,1025.4137931,24467.282261,3.10725152017,0.252700000049,"{""n_1"": 1037, ""n_10"": 1021, ""n_11"": 1029, ""n_12"": 1037, ""n_13"": 1021, ""n_14"": 1029, ""n_15"": 1029, ""n_16"": 1029, ""n_17"": 1037, ""n_18"": 1021, ""n_19"": 1029, ""n_2"": 1029, ""n_20"": 1029, ""n_21"": 1029, ""n_22"": 1013, ""n_23"": 1013, ""n_24"": 1021, ""n_25"": 1013, ""n_26"": 1021, ""n_27"": 1013, ""n_28"": 1013, ""n_29"": 1013, ""n_3"": 1029, ""n_30"": 46289, ""n_4"": 1037, ""n_5"": 1029, ""n_6"": 1029, ""n_7"": 1037, ""n_8"": 1029, ""n_9"": 1021}",1037,1029,1029,1037,1029,1029,1037,1029,1021,1021,1029,1037,1021,1029,1029,1029,1037,1021,1029,1029,1029,1013,1013,1021,1013,1021,1013,1013,1013,46289,,,,,,,,,,,,,,,,,,,,
UCB appendix,0,40,ok,200000,74659,125341,74459,44722,29737,762.487179487,26929.728668,2.76493688139,0.182743998227,"{""n_1"": 763, ""n_10"": 763, ""n_11"": 753, ""n_12"": 743, ""n_13"": 753, ""n_14"": 773, ""n_15"": 763, ""n_16"": 763, ""n_17"": 773, ""n_18"": 773, ""n_19"": 763, ""n_2"": 773, ""n_20"": 763, ""n_21"": 763, ""n_22"": 743, ""n_23"": 763, ""n_24"": 773, ""n_25"": 773, ""n_26"": 763, ""n_27"": 763, ""n_28"": 743, ""n_29"": 753, ""n_3"": 763, ""n_30"": 773, ""n_31"": 773, ""n_32"": 773, ""n_33"": 753, ""n_34"": 753, ""n_35"": 753, ""n_36"": 753, ""n_37"": 763, ""n_38"": 763, ""n_39"": 753, ""n_4"": 773, ""n_40"": 44722, ""n_5"": 763, ""n_6"": 773, ""n_7"": 773, ""n_8"": 753, ""n_9"": 773}",763,773,763,773,763,773,773,753,773,763,753,743,753,773,763,763,773,773,763,763,763,743,763,773,773,763,763,743,753,773,773,773,753,753,753,753,763,763,753,44722,,,,,,,,,,
UCB direct,0,40,ok,200000,60108,139892,59908,35590,24318,623.538461538,26929.728668,2.22460466418,0.215315739971,"{""n_1"": 624, ""n_10"": 624, ""n_11"": 615, ""n_12"": 606, ""n_13"": 615, ""n_14"": 633, ""n_15"": 624, ""n_16"": 624, ""n_17"": 633, ""n_18"": 633, ""n_19"": 624, ""n_2"": 633, ""n_20"": 624, ""n_21"": 624, ""n_22"": 606, ""n_23"": 624, ""n_24"": 633, ""n_25"": 633, ""n_26"": 624, ""n_27"": 624, ""n_28"": 606, ""n_29"": 615, ""n_3"": 624, ""n_30"": 633, ""n_31"": 633, ""n_32"": 633, ""n_33"": 615, ""n_34"": 615, ""n_35"": 615, ""n_36"": 615, ""n_37"": 624, ""n_38"": 624, ""n_39"": 615, ""n_4"": 633, ""n_40"": 35590, ""n_5"": 624, ""n_6"": 633, ""n_7"": 633, ""n_8"": 615, ""n_9"": 633}",624,633,624,633,624,633,633,615,633,624,615,606,615,633,624,624,633,633,624,624,624,606,624,633,633,624,624,606,615,633,633,633,615,615,615,615,624,624,615,35590,,,,,,,,,,
TS appendix,0,40,ok,200000,113679,86321,113479,69464,44015,1128.58974359,26929.728668,4.21389318099,0.242304079492,"{""n_1"": 1129, ""n_10"": 1129, ""n_11"": 1121, ""n_12"": 1113, ""n_13"": 1121, ""n_14"": 1137, ""n_15"": 1129, ""n_16"": 1129, ""n_17"": 1137, ""n_18"": 1137, ""n_19"": 1129, ""n_2"": 1137, ""n_20"": 1129, ""n_21"": 1129, ""n_22"": 1113, ""n_23"": 1129, ""n_24"": 1137, ""n_25"": 1137, ""n_26"": 1129, ""n_27"": 1129, ""n_28"": 1113, ""n_29"": 1121, ""n_3"": 1129, ""n_30"": 1137, ""n_31"": 1137, ""n_32"": 1137, ""n_33"": 1121, ""n_34"": 1121, ""n_35"": 1121, ""n_36"": 1121, ""n_37"": 1129, ""n_38"": 1129, ""n_39"": 1121, ""n_4"": 1137, ""n_40"": 69464, ""n_5"": 1129, ""n_6"": 1137, ""n_7"": 1137, ""n_8"": 1121, ""n_9"": 1137}",1129,1137,1129,1137,1129,1137,1137,1121,1137,1129,1121,1113,1121,1137,1129,1129,1137,1137,1129,1129,1129,1113,1129,1137,1137,1129,1129,1113,1121,1137,1137,1137,1121,1121,1121,1121,1129,1129,1121,69464,,,,,,,,,,
TS direct,0,40,ok,200000,83203,116797,83003,49711,33292,853.641025641,26929.728668,3.08220706652,0.278850000044,"{""n_1"": 854, ""n_10"": 854, ""n_11"": 847, ""n_12"": 840, ""n_13"": 847, ""n_14"": 861, ""n_15"": 854, ""n_16"": 854, ""n_17"": 861, ""n_18"": 861, ""n_19"": 854, ""n_2"": 861, ""n_20"": 854, ""n_21"": 854, ""n_22"": 840, ""n_23"": 854, ""n_24"": 861, ""n_25"": 861, ""n_26"": 854, ""n_27"": 854, ""n_28"": 840, ""n_29"": 847, ""n_3"": 854, ""n_30"": 861, ""n_31"": 861, ""n_32"": 861, ""n_33"": 847, ""n_34"": 847, ""n_35"": 847, ""n_36"": 847, ""n_37"": 854, ""n_38"": 854, ""n_39"": 847, ""n_4"": 861, ""n_40"": 49711, ""n_5"": 854, ""n_6"": 861, ""n_7"": 861, ""n_8"": 847, ""n_9"": 861}",854,861,854,861,854,861,861,847,861,854,847,840,847,861,854,854,861,861,854,854,854,840,854,861,861,854,854,840,847,861,861,861,847,847,847,847,854,854,847,49711,,,,,,,,,,
UCB appendix,0,50,ok,200000,81895,118105,81645,48761,32884,671.102040816,29009.1708178,2.8144547982,0.196014411419,"{""n_1"": 680, ""n_10"": 680, ""n_11"": 680, ""n_12"": 671, ""n_13"": 671, ""n_14"": 671, ""n_15"": 671, ""n_16"": 680, ""n_17"": 671, ""n_18"": 680, ""n_19"": 680, ""n_2"": 680, ""n_20"": 671, ""n_21"": 661, ""n_22"": 661, ""n_23"": 680, ""n_24"": 680, ""n_25"": 671, ""n_26"": 671, ""n_27"": 680, ""n_28"": 671, ""n_29"": 661, ""n_3"": 680, ""n_30"": 671, ""n_31"": 680, ""n_32"": 680, ""n_33"": 671, ""n_34"": 680, ""n_35"": 661, ""n_36"": 661, ""n_37"": 661, ""n_38"": 661, ""n_39"": 671, ""n_4"": 671, ""n_40"": 680, ""n_41"": 661, ""n_42"": 671, ""n_43"": 671, ""n_44"": 652, ""n_45"": 661, ""n_46"": 661, ""n_47"": 661, ""n_48"": 671, ""n_49"": 652, ""n_5"": 671, ""n_50"": 48761, ""n_6"": 671, ""n_7"": 680, ""n_8"": 680, ""n_9"": 671}",680,680,680,671,671,671,680,680,671,680,680,671,671,671,671,680,671,680,680,671,661,661,680,680,671,671,680,671,661,671,680,680,671,680,661,661,661,661,671,680,661,671,671,652,661,661,661,671,652,48761
UCB direct,0,50,ok,200000,64726,135274,64476,38100,26376,538.285714286,29009.1708178,2.22260747834,0.23233685401,"{""n_1"": 546, ""n_10"": 546, ""n_11"": 546, ""n_12"": 538, ""n_13"": 538, ""n_14"": 538, ""n_15"": 538, ""n_16"": 546, ""n_17"": 538, ""n_18"": 546, ""n_19"": 546, ""n_2"": 546, ""n_20"": 538, ""n_21"": 530, ""n_22"": 530, ""n_23"": 546, ""n_24"": 546, ""n_25"": 538, ""n_26"": 538, ""n_27"": 546, ""n_28"": 538, ""n_29"": 530, ""n_3"": 546, ""n_30"": 538, ""n_31"": 546, ""n_32"": 546, ""n_33"": 538, ""n_34"": 546, ""n_35"": 530, ""n_36"": 530, ""n_37"": 530, ""n_38"": 530, ""n_39"": 538, ""n_4"": 538, ""n_40"": 546, ""n_41"": 530, ""n_42"": 538, ""n_43"": 538, ""n_44"": 521, ""n_45"": 530, ""n_46"": 530, ""n_47"": 530, ""n_48"": 538, ""n_49"": 521, ""n_5"": 538, ""n_50"": 38100, ""n_6"": 538, ""n_7"": 546, ""n_8"": 546, ""n_9"": 538}",546,546,546,538,538,538,546,546,538,546,546,538,538,538,538,546,538,546,546,538,530,530,546,546,538,538,546,538,530,538,546,546,538,546,530,530,530,530,538,546,530,538,538,521,530,530,530,538,521,38100
TS appendix,0,50,ok,200000,124712,75288,124462,75395,49067,1001.36734694,29009.1708178,4.29043631691,0.258402613971,"{""n_1"": 1009, ""n_10"": 1009, ""n_11"": 1009, ""n_12"": 1001, ""n_13"": 1001, ""n_14"": 1001, ""n_15"": 1001, ""n_16"": 1009, ""n_17"": 1001, ""n_18"": 1009, ""n_19"": 1009, ""n_2"": 1009, ""n_20"": 1001, ""n_21"": 993, ""n_22"": 993, ""n_23"": 1009, ""n_24"": 1009, ""n_25"": 1001, ""n_26"": 1001, ""n_27"": 1009, ""n_28"": 1001, ""n_29"": 993, ""n_3"": 1009, ""n_30"": 1001, ""n_31"": 1009, ""n_32"": 1009, ""n_33"": 1001, ""n_34"": 1009, ""n_35"": 993, ""n_36"": 993, ""n_37"": 993, ""n_38"": 993, ""n_39"": 1001, ""n_4"": 1001, ""n_40"": 1009, ""n_41"": 993, ""n_42"": 1001, ""n_43"": 1001, ""n_44"": 986, ""n_45"": 993, ""n_46"": 993, ""n_47"": 993, ""n_48"": 1001, ""n_49"": 986, ""n_5"": 1001, ""n_50"": 75395, ""n_6"": 1001, ""n_7"": 1009, ""n_8"": 1009, ""n_9"": 1001}",1009,1009,1009,1001,1001,1001,1009,1009,1001,1009,1009,1001,1001,1001,1001,1009,1001,1009,1009,1001,993,993,1009,1009,1001,1001,1009,1001,993,1001,1009,1009,1001,1009,993,993,993,993,1001,1009,993,1001,1001,986,993,993,993,1001,986,75395
TS direct,0,50,ok,200000,88967,111033,88717,52409,36308,740.979591837,29009.1708178,3.0582397738,0.30070000004,"{""n_1"": 747, ""n_10"": 747, ""n_11"": 747, ""n_12"": 741, ""n_13"": 741, ""n_14"": 741, ""n_15"": 741, ""n_16"": 747, ""n_17"": 741, ""n_18"": 747, ""n_19"": 747, ""n_2"": 747, ""n_20"": 741, ""n_21"": 734, ""n_22"": 734, ""n_23"": 747, ""n_24"": 747, ""n_25"": 741, ""n_26"": 741, ""n_27"": 747, ""n_28"": 741, ""n_29"": 734, ""n_3"": 747, ""n_30"": 741, ""n_31"": 747, ""n_32"": 747, ""n_33"": 741, ""n_34"": 747, ""n_35"": 734, ""n_36"": 734, ""n_37"": 734, ""n_38"": 734, ""n_39"": 741, ""n_4"": 741, ""n_40"": 747, ""n_41"": 734, ""n_42"": 741, ""n_43"": 741, ""n_44"": 728, ""n_45"": 734, ""n_46"": 734, ""n_47"": 734, ""n_48"": 741, ""n_49"": 728, ""n_5"": 741, ""n_50"": 52409, ""n_6"": 741, ""n_7"": 747, ""n_8"": 747, ""n_9"": 741}",747,747,747,741,741,741,747,747,741,747,747,741,741,741,741,747,741,747,747,741,734,734,747,747,741,741,747,741,734,741,747,747,741,747,734,734,734,734,741,747,734,741,741,728,734,734,734,741,728,52409
UCB appendix,1,5,ok,200000,30680,169320,30655,18807,11848,2962,13464.864334,2.27666608735,0.085950778179,"{""n_1"": 2977, ""n_2"": 2957, ""n_3"": 2957, ""n_4"": 2957, ""n_5"": 18807}",2977,2957,2957,2957,18807,,,,,,,,,,,,,,,,,,,,,,,,,,,,,,,,,,,,,,,,,,,,,
UCB direct,1,5,ok,200000,27906,172094,27881,17074,10807,2701.75,13464.864334,2.07064841564,0.102303379727,"{""n_1"": 2716, ""n_2"": 2697, ""n_3"": 2697, ""n_4"": 2697, ""n_5"": 17074}",2716,2697,2697,2697,17074,,,,,,,,,,,,,,,,,,,,,,,,,,,,,,,,,,,,,,,,,,,,,
TS appendix,1,5,ok,200000,48580,151420,48555,32119,16436,4109,13464.864334,3.6060519286,0.122238094955,"{""n_1"": 4121, ""n_2"": 4105, ""n_3"": 4105, ""n_4"": 4105, ""n_5"": 32119}",4121,4105,4105,4105,32119,,,,,,,,,,,,,,,,,,,,,,,,,,,,,,,,,,,,,,,,,,,,,
TS direct,1,5,ok,200000,42017,157983,41992,27649,14343,3585.75,13464.864334,3.11863520926,0.130900000074,"{""n_1"": 3597, ""n_2"": 3582, ""n_3"": 3582, ""n_4"": 3582, ""n_5"": 27649}",3597,3582,3582,3582,27649,,,,,,,,,,,,,,,,,,,,,,,,,,,,,,,,,,,,,,,,,,,,,
UCB appendix,1,10,ok,200000,41974,158026,41924,25684,16240,1804.44444444,16964.6660084,2.47125407475,0.113802207606,"{""n_1"": 1803, ""n_10"": 25684, ""n_2"": 1803, ""n_3"": 1803, ""n_4"": 1787, ""n_5"": 1803, ""n_6"": 1818, ""n_7"": 1818, ""n_8"": 1818, ""n_9"": 1787}",1803,1803,1803,1787,1803,1818,1818,1818,1787,25684,,,,,,,,,,,,,,,,,,,,,,,,,,,,,,,,,,,,,,,,
UCB direct,1,10,ok,200000,36943,163057,36893,22379,14514,1612.66666667,16964.6660084,2.17469651225,0.132848198098,"{""n_1"": 1611, ""n_10"": 22379, ""n_2"": 1611, ""n_3"": 1611, ""n_4"": 1596, ""n_5"": 1611, ""n_6"": 1626, ""n_7"": 1626, ""n_8"": 1626, ""n_9"": 1596}",1611,1611,1611,1596,1611,1626,1626,1626,1596,22379,,,,,,,,,,,,,,,,,,,,,,,,,,,,,,,,,,,,,,,,
TS appendix,1,10,ok,200000,64889,135111,64839,41874,22965,2551.66666667,16964.6660084,3.82200274193,0.157135943773,"{""n_1"": 2550, ""n_10"": 41874, ""n_2"": 2550, ""n_3"": 2550, ""n_4"": 2538, ""n_5"": 2550, ""n_6"": 2563, ""n_7"": 2563, ""n_8"": 2563, ""n_9"": 2538}",2550,2550,2550,2538,2550,2563,2563,2563,2538,41874,,,,,,,,,,,,,,,,,,,,,,,,,,,,,,,,,,,,,,,,
TS direct,1,10,ok,200000,53672,146328,53622,34335,19287,2143,16964.6660084,3.16080493264,0.171550000066,"{""n_1"": 2142, ""n_10"": 34335, ""n_2"": 2142, ""n_3"": 2142, ""n_4"": 2130, ""n_5"": 2142, ""n_6"": 2153, ""n_7"": 2153, ""n_8"": 2153, ""n_9"": 2130}",2142,2142,2142,2130,2142,2153,2153,2153,2130,34335,,,,,,,,,,,,,,,,,,,,,,,,,,,,,,,,,,,,,,,,
UCB appendix,1,15,ok,200000,49923,150077,49848,30402,19446,1389,19419.6948,2.56687865146,0.131949311458,"{""n_1"": 1396, ""n_10"": 1382, ""n_11"": 1382, ""n_12"": 1382, ""n_13"": 1382, ""n_14"": 1382, ""n_15"": 30402, ""n_2"": 1396, ""n_3"": 1396, ""n_4"": 1396, ""n_5"": 1382, ""n_6"": 1396, ""n_7"": 1396, ""n_8"": 1382, ""n_9"": 1396}",1396,1396,1396,1396,1382,1396,1396,1382,1396,1382,1382,1382,1382,1382,30402,,,,,,,,,,,,,,,,,,,,,,,,,,,,,,,,,,,
UCB direct,1,15,ok,200000,42965,157035,42890,25957,16933,1209.5,19419.6948,2.20858259832,0.154092469181,"{""n_1"": 1216, ""n_10"": 1203, ""n_11"": 1203, ""n_12"": 1203, ""n_13"": 1203, ""n_14"": 1203, ""n_15"": 25957, ""n_2"": 1216, ""n_3"": 1216, ""n_4"": 1216, ""n_5"": 1203, ""n_6"": 1216, ""n_7"": 1216, ""n_8"": 1203, ""n_9"": 1216}",1216,1216,1216,1216,1203,1216,1216,1203,1216,1203,1203,1203,1203,1203,25957,,,,,,,,,,,,,,,,,,,,,,,,,,,,,,,,,,,
TS appendix,1,15,ok,200000,76494,123506,76419,48622,27797,1985.5,19419.6948,3.93512878483,0.179695661605,"{""n_1"": 1991, ""n_10"": 1980, ""n_11"": 1980, ""n_12"": 1980, ""n_13"": 1980, ""n_14"": 1980, ""n_15"": 48622, ""n_2"": 1991, ""n_3"": 1991, ""n_4"": 1991, ""n_5"": 1980, ""n_6"": 1991, ""n_7"": 1991, ""n_8"": 1980, ""n_9"": 1991}",1991,1991,1991,1991,1980,1991,1991,1980,1991,1980,1980,1980,1980,1980,48622,,,,,,,,,,,,,,,,,,,,,,,,,,,,,,,,,,,
TS direct,1,15,ok,200000,61373,138627,61298,38478,22820,1630,19419.6948,3.15648626981,0.19845000006,"{""n_1"": 1635, ""n_10"": 1625, ""n_11"": 1625, ""n_12"": 1625, ""n_13"": 1625, ""n_14"": 1625, ""n_15"": 38478, ""n_2"": 1635, ""n_3"": 1635, ""n_4"": 1635, ""n_5"": 1625, ""n_6"": 1635, ""n_7"": 1635, ""n_8"": 1625, ""n_9"": 1635}",1635,1635,1635,1635,1625,1635,1635,1625,1635,1625,1625,1625,1625,1625,38478,,,,,,,,,,,,,,,,,,,,,,,,,,,,,,,,,,,
UCB appendix,1,20,ok,200000,56191,143809,56091,34104,21987,1157.21052632,21374.1398084,2.62424595809,0.145677313851,"{""n_1"": 1168, ""n_10"": 1155, ""n_11"": 1155, ""n_12"": 1168, ""n_13"": 1143, ""n_14"": 1168, ""n_15"": 1155, ""n_16"": 1143, ""n_17"": 1155, ""n_18"": 1155, ""n_19"": 1130, ""n_2"": 1168, ""n_20"": 34104, ""n_3"": 1168, ""n_4"": 1168, ""n_5"": 1155, ""n_6"": 1155, ""n_7"": 1155, ""n_8"": 1155, ""n_9"": 1168}",1168,1168,1168,1168,1155,1155,1155,1155,1168,1155,1155,1168,1143,1168,1155,1143,1155,1155,1130,34104,,,,,,,,,,,,,,,,,,,,,,,,,,,,,,
UCB direct,1,20,ok,200000,47528,152472,47428,28579,18849,992.052631579,21374.1398084,2.21894309783,0.170161059508,"{""n_1"": 1002, ""n_10"": 990, ""n_11"": 990, ""n_12"": 1002, ""n_13"": 979, ""n_14"": 1002, ""n_15"": 990, ""n_16"": 979, ""n_17"": 990, ""n_18"": 990, ""n_19"": 967, ""n_2"": 1002, ""n_20"": 28579, ""n_3"": 1002, ""n_4"": 1002, ""n_5"": 990, ""n_6"": 990, ""n_7"": 990, ""n_8"": 990, ""n_9"": 1002}",1002,1002,1002,1002,990,990,990,990,1002,990,990,1002,979,1002,990,979,990,990,967,28579,,,,,,,,,,,,,,,,,,,,,,,,,,,,,,
TS appendix,1,20,ok,200000,85819,114181,85719,53978,31741,1670.57894737,21374.1398084,4.01040700437,0.19675507433,"{""n_1"": 1679, ""n_10"": 1669, ""n_11"": 1669, ""n_12"": 1679, ""n_13"": 1659, ""n_14"": 1679, ""n_15"": 1669, ""n_16"": 1659, ""n_17"": 1669, ""n_18"": 1669, ""n_19"": 1649, ""n_2"": 1679, ""n_20"": 53978, ""n_3"": 1679, ""n_4"": 1679, ""n_5"": 1669, ""n_6"": 1669, ""n_7"": 1669, ""n_8"": 1669, ""n_9"": 1679}",1679,1679,1679,1679,1669,1669,1669,1669,1679,1669,1669,1679,1659,1679,1669,1659,1669,1669,1649,53978,,,,,,,,,,,,,,,,,,,,,,,,,,,,,,
TS direct,1,20,ok,200000,67231,132769,67131,41910,25221,1327.42105263,21374.1398084,3.1407579721,0.220900000056,"{""n_1"": 1335, ""n_10"": 1326, ""n_11"": 1326, ""n_12"": 1335, ""n_13"": 1317, ""n_14"": 1335, ""n_15"": 1326, ""n_16"": 1317, ""n_17"": 1326, ""n_18"": 1326, ""n_19"": 1308, ""n_2"": 1335, ""n_20"": 41910, ""n_3"": 1335, ""n_4"": 1335, ""n_5"": 1326, ""n_6"": 1326, ""n_7"": 1326, ""n_8"": 1326, ""n_9"": 1335}",1335,1335,1335,1335,1326,1326,1326,1326,1335,1326,1326,1335,1317,1335,1326,1317,1326,1326,1308,41910,,,,,,,,,,,,,,,,,,,,,,,,,,,,,,
UCB appendix,1,30,ok,200000,66404,133596,66254,40008,26246,905.034482759,24467.282261,2.70786102409,0.166694373509,"{""n_1"": 914, ""n_10"": 904, ""n_11"": 914, ""n_12"": 882, ""n_13"": 904, ""n_14"": 893, ""n_15"": 914, ""n_16"": 904, ""n_17"": 914, ""n_18"": 914, ""n_19"": 893, ""n_2"": 904, ""n_20"": 914, ""n_21"": 914, ""n_22"": 904, ""n_23"": 882, ""n_24"": 893, ""n_25"": 904, ""n_26"": 904, ""n_27"": 893, ""n_28"": 914, ""n_29"": 882, ""n_3"": 914, ""n_30"": 40008, ""n_4"": 904, ""n_5"": 914, ""n_6"": 914, ""n_7"": 914, ""n_8"": 914, ""n_9"": 914}",914,904,914,904,914,914,914,914,914,904,914,882,904,893,914,904,914,914,893,914,914,904,882,893,904,904,893,914,882,40008,,,,,,,,,,,,,,,,,,,,
UCB direct,1,30,ok,200000,54634,145366,54484,32433,22051,760.379310345,24467.282261,2.22681045728,0.194835787913,"{""n_1"": 769, ""n_10"": 759, ""n_11"": 769, ""n_12"": 739, ""n_13"": 759, ""n_14"": 749, ""n_15"": 769, ""n_16"": 759, ""n_17"": 769, ""n_18"": 769, ""n_19"": 749, ""n_2"": 759, ""n_20"": 769, ""n_21"": 769, ""n_22"": 759, ""n_23"": 739, ""n_24"": 749, ""n_25"": 759, ""n_26"": 759, ""n_27"": 749, ""n_28"": 769, ""n_29"": 739, ""n_3"": 769, ""n_30"": 32433, ""n_4"": 759, ""n_5"": 769, ""n_6"": 769, ""n_7"": 769, ""n_8"": 769, ""n_9"": 769}",769,759,769,759,769,769,769,769,769,759,769,739,759,749,769,759,769,769,749,769,769,759,739,749,759,759,749,769,739,32433,,,,,,,,,,,,,,,,,,,,
TS appendix,1,30,ok,200000,101112,98888,100962,62556,38406,1324.34482759,24467.282261,4.12640843895,0.222643274006,"{""n_1"": 1332, ""n_10"": 1323, ""n_11"": 1332, ""n_12"": 1306, ""n_13"": 1323, ""n_14"": 1314, ""n_15"": 1332, ""n_16"": 1323, ""n_17"": 1332, ""n_18"": 1332, ""n_19"": 1314, ""n_2"": 1323, ""n_20"": 1332, ""n_21"": 1332, ""n_22"": 1323, ""n_23"": 1306, ""n_24"": 1314, ""n_25"": 1323, ""n_26"": 1323, ""n_27"": 1314, ""n_28"": 1332, ""n_29"": 1306, ""n_3"": 1332, ""n_30"": 62556, ""n_4"": 1323, ""n_5"": 1332, ""n_6"": 1332, ""n_7"": 1332, ""n_8"": 1332, ""n_9"": 1332}",1332,1323,1332,1323,1332,1332,1332,1332,1332,1323,1332,1306,1323,1314,1332,1323,1332,1332,1314,1332,1332,1323,1306,1314,1323,1323,1314,1332,1306,62556,,,,,,,,,,,,,,,,,,,,
TS direct,1,30,ok,200000,76273,123727,76123,46438,29685,1023.62068966,24467.282261,3.11121599808,0.253500000049,"{""n_1"": 1030, ""n_10"": 1023, ""n_11"": 1030, ""n_12"": 1007, ""n_13"": 1023, ""n_14"": 1015, ""n_15"": 1030, ""n_16"": 1023, ""n_17"": 1030, ""n_18"": 1030, ""n_19"": 1015, ""n_2"": 1023, ""n_20"": 1030, ""n_21"": 1030, ""n_22"": 1023, ""n_23"": 1007, ""n_24"": 1015, ""n_25"": 1023, ""n_26"": 1023, ""n_27"": 1015, ""n_28"": 1030, ""n_29"": 1007, ""n_3"": 1030, ""n_30"": 46438, ""n_4"": 1023, ""n_5"": 1030, ""n_6"": 1030, ""n_7"": 1030, ""n_8"": 1030, ""n_9"": 1030}",1030,1023,1030,1023,1030,1030,1030,1030,1030,1023,1030,1007,1023,1015,1030,1023,1030,1030,1015,1030,1030,1023,1007,1015,1023,1023,1015,1030,1007,46438,,,,,,,,,,,,,,,,,,,,
UCB appendix,1,40,ok,200000,74698,125302,74498,44731,29767,763.256410256,26929.728668,2.76638509501,0.182773790032,"{""n_1"": 753, ""n_10"": 763, ""n_11"": 773, ""n_12"": 753, ""n_13"": 773, ""n_14"": 773, ""n_15"": 763, ""n_16"": 763, ""n_17"": 773, ""n_18"": 753, ""n_19"": 763, ""n_2"": 773, ""n_20"": 773, ""n_21"": 773, ""n_22"": 773, ""n_23"": 773, ""n_24"": 763, ""n_25"": 773, ""n_26"": 763, ""n_27"": 763, ""n_28"": 773, ""n_29"": 763, ""n_3"": 773, ""n_30"": 753, ""n_31"": 763, ""n_32"": 763, ""n_33"": 763, ""n_34"": 743, ""n_35"": 743, ""n_36"": 763, ""n_37"": 773, ""n_38"": 753, ""n_39"": 723, ""n_4"": 763, ""n_40"": 44731, ""n_5"": 763, ""n_6"": 763, ""n_7"": 763, ""n_8"": 763, ""n_9"": 773}",753,773,773,763,763,763,763,763,773,763,773,753,773,773,763,763,773,753,763,773,773,773,773,763,773,763,763,773,763,753,763,763,763,743,743,763,773,753,723,44731,,,,,,,,,,
UCB direct,1,40,ok,200000,60129,139871,59929,35584,24345,624.230769231,26929.728668,2.22538447152,0.215315739971,"{""n_1"": 615, ""n_10"": 624, ""n_11"": 633, ""n_12"": 615, ""n_13"": 633, ""n_14"": 633, ""n_15"": 624, ""n_16"": 624, ""n_17"": 633, ""n_18"": 615, ""n_19"": 624, ""n_2"": 633, ""n_20"": 633, ""n_21"": 633, ""n_22"": 633, ""n_23"": 633, ""n_24"": 624, ""n_25"": 633, ""n_26"": 624, ""n_27"": 624, ""n_28"": 633, ""n_29"": 624, ""n_3"": 633, ""n_30"": 615, ""n_31"": 624, ""n_32"": 624, ""n_33"": 624, ""n_34"": 606, ""n_35"": 606, ""n_36"": 624, ""n_37"": 633, ""n_38"": 615, ""n_39"": 588, ""n_4"": 624, ""n_40"": 35584, ""n_5"": 624, ""n_6"": 624, ""n_7"": 624, ""n_8"": 624, ""n_9"": 633}",615,633,633,624,624,624,624,624,633,624,633,615,633,633,624,624,633,615,624,633,633,633,633,624,633,624,624,633,624,615,624,624,624,606,606,624,633,615,588,35584,,,,,,,,,,
TS appendix,1,40,ok,200000,113709,86291,113509,69471,44038,1129.17948718,26929.728668,4.21500719147,0.242323043148,"{""n_1"": 1121, ""n_10"": 1129, ""n_11"": 1137, ""n_12"": 1121, ""n_13"": 1137, ""n_14"": 1137, ""n_15"": 1129, ""n_16"": 1129, ""n_17"": 1137, ""n_18"": 1121, ""n_19"": 1129, ""n_2"": 1137, ""n_20"": 1137, ""n_21"": 1137, ""n_22"": 1137, ""n_23"": 1137, ""n_24"": 1129, ""n_25"": 1137, ""n_26"": 1129, ""n_27"": 1129, ""n_28"": 1137, ""n_29"": 1129, ""n_3"": 1137, ""n_30"": 1121, ""n_31"": 1129, ""n_32"": 1129, ""n_33"": 1129, ""n_34"": 1113, ""n_35"": 1113, ""n_36"": 1129, ""n_37"": 1137, ""n_38"": 1121, ""n_39"": 1096, ""n_4"": 1129, ""n_40"": 69471, ""n_5"": 1129, ""n_6"": 1129, ""n_7"": 1129, ""n_8"": 1129, ""n_9"": 1137}",1121,1137,1137,1129,1129,1129,1129,1129,1137,1129,1137,1121,1137,1137,1129,1129,1137,1121,1129,1137,1137,1137,1137,1129,1137,1129,1129,1137,1129,1121,1129,1129,1129,1113,1113,1129,1137,1121,1096,69471,,,,,,,,,,
TS direct,1,40,ok,200000,83218,116782,83018,49705,33313,854.179487179,26929.728668,3.08276407176,0.278850000044,"{""n_1"": 847, ""n_10"": 854, ""n_11"": 861, ""n_12"": 847, ""n_13"": 861, ""n_14"": 861, ""n_15"": 854, ""n_16"": 854, ""n_17"": 861, ""n_18"": 847, ""n_19"": 854, ""n_2"": 861, ""n_20"": 861, ""n_21"": 861, ""n_22"": 861, ""n_23"": 861, ""n_24"": 854, ""n_25"": 861, ""n_26"": 854, ""n_27"": 854, ""n_28"": 861, ""n_29"": 854, ""n_3"": 861, ""n_30"": 847, ""n_31"": 854, ""n_32"": 854, ""n_33"": 854, ""n_34"": 840, ""n_35"": 840, ""n_36"": 854, ""n_37"": 861, ""n_38"": 847, ""n_39"": 826, ""n_4"": 854, ""n_40"": 49705, ""n_5"": 854, ""n_6"": 854, ""n_7"": 854, ""n_8"": 854, ""n_9"": 861}",847,861,861,854,854,854,854,854,861,854,861,847,861,861,854,854,861,847,854,861,861,861,861,854,861,854,854,861,854,847,854,854,854,840,840,854,861,847,826,49705,,,,,,,,,,
UCB appendix,1,50,ok,200000,81758,118242,81508,48720,32788,669.142857143,29009.1708178,2.80973215374,0.195880720377,"{""n_1"": 681, ""n_10"": 681, ""n_11"": 681, ""n_12"": 681, ""n_13"": 681, ""n_14"": 681, ""n_15"": 672, ""n_16"": 662, ""n_17"": 672, ""n_18"": 672, ""n_19"": 662, ""n_2"": 672, ""n_20"": 662, ""n_21"": 662, ""n_22"": 672, ""n_23"": 672, ""n_24"": 672, ""n_25"": 662, ""n_26"": 681, ""n_27"": 662, ""n_28"": 681, ""n_29"": 681, ""n_3"": 662, ""n_30"": 672, ""n_31"": 681, ""n_32"": 672, ""n_33"": 672, ""n_34"": 634, ""n_35"": 662, ""n_36"": 662, ""n_37"": 672, ""n_38"": 681, ""n_39"": 672, ""n_4"": 653, ""n_40"": 662, ""n_41"": 662, ""n_42"": 643, ""n_43"": 662, ""n_44"": 662, ""n_45"": 662, ""n_46"": 662, ""n_47"": 662, ""n_48"": 653, ""n_49"": 653, ""n_5"": 681, ""n_50"": 48720, ""n_6"": 681, ""n_7"": 681, ""n_8"": 681, ""n_9"": 681}",681,672,662,653,681,681,681,681,681,681,681,681,681,681,672,662,672,672,662,662,662,672,672,672,662,681,662,681,681,672,681,672,672,634,662,662,672,681,672,662,662,643,662,662,662,662,662,653,653,48720
UCB direct,1,50,ok,200000,64627,135373,64377,37995,26382,538.408163265,29009.1708178,2.21919476446,0.23173770453,"{""n_1"": 549, ""n_10"": 549, ""n_11"": 549, ""n_12"": 549, ""n_13"": 549, ""n_14"": 549, ""n_15"": 541, ""n_16"": 532, ""n_17"": 541, ""n_18"": 541, ""n_19"": 532, ""n_2"": 541, ""n_20"": 532, ""n_21"": 532, ""n_22"": 541, ""n_23"": 541, ""n_24"": 541, ""n_25"": 532, ""n_26"": 549, ""n_27"": 532, ""n_28"": 549, ""n_29"": 549, ""n_3"": 532, ""n_30"": 541, ""n_31"": 549, ""n_32"": 541, ""n_33"": 541, ""n_34"": 507, ""n_35"": 532, ""n_36"": 532, ""n_37"": 541, ""n_38"": 549, ""n_39"": 541, ""n_4"": 524, ""n_40"": 532, ""n_41"": 532, ""n_42"": 515, ""n_43"": 532, ""n_44"": 532, ""n_45"": 532, ""n_46"": 532, ""n_47"": 532, ""n_48"": 524, ""n_49"": 524, ""n_5"": 549, ""n_50"": 37995, ""n_6"": 549, ""n_7"": 549, ""n_8"": 549, ""n_9"": 549}",549,541,532,524,549,549,549,549,549,549,549,549,549,549,541,532,541,541,532,532,532,541,541,541,532,549,532,549,549,541,549,541,541,507,532,532,541,549,541,532,532,515,532,532,532,532,532,524,524,37995
TS appendix,1,50,ok,200000,124593,75407,124343,75363,48980,999.591836735,29009.1708178,4.28633416588,0.258318711961,"{""n_1"": 1009, ""n_10"": 1009, ""n_11"": 1009, ""n_12"": 1009, ""n_13"": 1009, ""n_14"": 1009, ""n_15"": 1002, ""n_16"": 994, ""n_17"": 1002, ""n_18"": 1002, ""n_19"": 994, ""n_2"": 1002, ""n_20"": 994, ""n_21"": 994, ""n_22"": 1002, ""n_23"": 1002, ""n_24"": 1002, ""n_25"": 994, ""n_26"": 1009, ""n_27"": 994, ""n_28"": 1009, ""n_29"": 1009, ""n_3"": 994, ""n_30"": 1002, ""n_31"": 1009, ""n_32"": 1002, ""n_33"": 1002, ""n_34"": 971, ""n_35"": 994, ""n_36"": 994, ""n_37"": 1002, ""n_38"": 1009, ""n_39"": 1002, ""n_4"": 986, ""n_40"": 994, ""n_41"": 994, ""n_42"": 979, ""n_43"": 994, ""n_44"": 994, ""n_45"": 994, ""n_46"": 994, ""n_47"": 994, ""n_48"": 986, ""n_49"": 986, ""n_5"": 1009, ""n_50"": 75363, ""n_6"": 1009, ""n_7"": 1009, ""n_8"": 1009, ""n_9"": 1009}",1009,1002,994,986,1009,1009,1009,1009,1009,1009,1009,1009,1009,1009,1002,994,1002,1002,994,994,994,1002,1002,1002,994,1009,994,1009,1009,1002,1009,1002,1002,971,994,994,1002,1009,1002,994,994,979,994,994,994,994,994,986,986,75363
TS direct,1,50,ok,200000,88898,111102,88648,52440,36208,738.93877551,29009.1708178,3.05586121564,0.30070000004,"{""n_1"": 747, ""n_10"": 747, ""n_11"": 747, ""n_12"": 747, ""n_13"": 747, ""n_14"": 747, ""n_15"": 741, ""n_16"": 734, ""n_17"": 741, ""n_18"": 741, ""n_19"": 734, ""n_2"": 741, ""n_20"": 734, ""n_21"": 734, ""n_22"": 741, ""n_23"": 741, ""n_24"": 741, ""n_25"": 734, ""n_26"": 747, ""n_27"": 734, ""n_28"": 747, ""n_29"": 747, ""n_3"": 734, ""n_30"": 741, ""n_31"": 747, ""n_32"": 741, ""n_33"": 741, ""n_34"": 715, ""n_35"": 734, ""n_36"": 734, ""n_37"": 741, ""n_38"": 747, ""n_39"": 741, ""n_4"": 728, ""n_40"": 734, ""n_41"": 734, ""n_42"": 721, ""n_43"": 734, ""n_44"": 734, ""n_45"": 734, ""n_46"": 734, ""n_47"": 734, ""n_48"": 728, ""n_49"": 728, ""n_5"": 747, ""n_50"": 52440, ""n_6"": 747, ""n_7"": 747, ""n_8"": 747, ""n_9"": 747}",747,741,734,728,747,747,747,747,747,747,747,747,747,747,741,734,741,741,734,734,734,741,741,741,734,747,734,747,747,741,747,741,741,715,734,734,741,747,741,734,734,721,734,734,734,734,734,728,728,52440
UCB appendix,2,5,ok,200000,30698,169302,30673,18813,11860,2965,13464.864334,2.27800289993,0.0859775016138,"{""n_1"": 2955, ""n_2"": 2975, ""n_3"": 2955, ""n_4"": 2975, ""n_5"": 18813}",2955,2975,2955,2975,18813,,,,,,,,,,,,,,,,,,,,,,,,,,,,,,,,,,,,,,,,,,,,,
UCB direct,2,5,ok,200000,27923,172077,27898,17072,10826,2706.5,13464.864334,2.07191096085,0.102303379727,"{""n_1"": 2697, ""n_2"": 2716, ""n_3"": 2697, ""n_4"": 2716, ""n_5"": 17072}",2697,2716,2697,2716,17072,,,,,,,,,,,,,,,,,,,,,,,,,,,,,,,,,,,,,,,,,,,,,
TS appendix,2,5,ok,200000,48597,151403,48572,32124,16448,4112,13464.864334,3.60731447381,0.12225682764,"{""n_1"": 4104, ""n_2"": 4120, ""n_3"": 4104, ""n_4"": 4120, ""n_5"": 32124}",4104,4120,4104,4120,32124,,,,,,,,,,,,,,,,,,,,,,,,,,,,,,,,,,,,,,,,,,,,,
TS direct,2,5,ok,200000,42030,157970,42005,27647,14358,3589.5,13464.864334,3.11960068501,0.130900000074,"{""n_1"": 3582, ""n_2"": 3597, ""n_3"": 3582, ""n_4"": 3597, ""n_5"": 27647}",3582,3597,3582,3597,27647,,,,,,,,,,,,,,,,,,,,,,,,,,,,,,,,,,,,,,,,,,,,,
UCB appendix,2,10,ok,200000,41912,158088,41862,25664,16198,1799.77777778,16964.6660084,2.46759941983,0.113725587802,"{""n_1"": 1805, ""n_10"": 25664, ""n_2"": 1789, ""n_3"": 1789, ""n_4"": 1805, ""n_5"": 1821, ""n_6"": 1805, ""n_7"": 1821, ""n_8"": 1805, ""n_9"": 1758}",1805,1789,1789,1805,1821,1805,1821,1805,1758,25664,,,,,,,,,,,,,,,,,,,,,,,,,,,,,,,,,,,,,,,,
UCB direct,2,10,ok,200000,36892,163108,36842,22387,14455,1606.11111111,16964.6660084,2.17169026385,0.132848198098,"{""n_1"": 1611, ""n_10"": 22387, ""n_2"": 1596, ""n_3"": 1596, ""n_4"": 1611, ""n_5"": 1626, ""n_6"": 1611, ""n_7"": 1626, ""n_8"": 1611, ""n_9"": 1567}",1611,1596,1596,1611,1626,1611,1626,1611,1567,22387,,,,,,,,,,,,,,,,,,,,,,,,,,,,,,,,,,,,,,,,
TS appendix,2,10,ok,200000,64837,135163,64787,41859,22928,2547.55555556,16964.6660084,3.81893754748,0.157083730702,"{""n_1"": 2552, ""n_10"": 41859, ""n_2"": 2539, ""n_3"": 2539, ""n_4"": 2552, ""n_5"": 2564, ""n_6"": 2552, ""n_7"": 2564, ""n_8"": 2552, ""n_9"": 2514}",2552,2539,2539,2552,2564,2552,2564,2552,2514,41859,,,,,,,,,,,,,,,,,,,,,,,,,,,,,,,,,,,,,,,,
TS direct,2,10,ok,200000,53634,146366,53584,34388,19196,2132.88888889,16964.6660084,3.15856498286,0.171750000066,"{""n_1"": 2137, ""n_10"": 34388, ""n_2"": 2125, ""n_3"": 2125, ""n_4"": 2137, ""n_5"": 2148, ""n_6"": 2137, ""n_7"": 2148, ""n_8"": 2137, ""n_9"": 2102}",2137,2125,2125,2137,2148,2137,2148,2137,2102,34388,,,,,,,,,,,,,,,,,,,,,,,,,,,,,,,,,,,,,,,,
UCB appendix,2,15,ok,200000,49775,150225,49700,30356,19344,1381.71428571,19419.6948,2.55925752242,0.13177502268,"{""n_1"": 1399, ""n_10"": 1399, ""n_11"": 1386, ""n_12"": 1386, ""n_13"": 1358, ""n_14"": 1372, ""n_15"": 30356, ""n_2"": 1399, ""n_3"": 1358, ""n_4"": 1372, ""n_5"": 1399, ""n_6"": 1358, ""n_7"": 1386, ""n_8"": 1386, ""n_9"": 1386}",1399,1399,1358,1372,1399,1358,1386,1386,1386,1399,1386,1386,1358,1372,30356,,,,,,,,,,,,,,,,,,,,,,,,,,,,,,,,,,,
UCB direct,2,15,ok,200000,42847,157153,42772,25977,16795,1199.64285714,19419.6948,2.20250629274,0.154092469181,"{""n_1"": 1216, ""n_10"": 1216, ""n_11"": 1203, ""n_12"": 1203, ""n_13"": 1178, ""n_14"": 1191, ""n_15"": 25977, ""n_2"": 1216, ""n_3"": 1178, ""n_4"": 1191, ""n_5"": 1216, ""n_6"": 1178, ""n_7"": 1203, ""n_8"": 1203, ""n_9"": 1203}",1216,1216,1178,1191,1216,1178,1203,1203,1203,1216,1203,1203,1178,1191,25977,,,,,,,,,,,,,,,,,,,,,,,,,,,,,,,,,,,
TS appendix,2,15,ok,200000,76366,123634,76291,48587,27704,1978.85714286,19419.6948,3.92853753809,0.179578997978,"{""n_1"": 1993, ""n_10"": 1993, ""n_11"": 1982, ""n_12"": 1982, ""n_13"": 1960, ""n_14"": 1971, ""n_15"": 48587, ""n_2"": 1993, ""n_3"": 1960, ""n_4"": 1971, ""n_5"": 1993, ""n_6"": 1960, ""n_7"": 1982, ""n_8"": 1982, ""n_9"": 1982}",1993,1993,1960,1971,1993,1960,1982,1982,1982,1993,1982,1982,1960,1971,48587,,,,,,,,,,,,,,,,,,,,,,,,,,,,,,,,,,,
TS direct,2,15,ok,200000,61286,138714,61211,38501,22710,1622.14285714,19419.6948,3.15200628179,0.19845000006,"{""n_1"": 1635, ""n_10"": 1635, ""n_11"": 1625, ""n_12"": 1625, ""n_13"": 1605, ""n_14"": 1615, ""n_15"": 38501, ""n_2"": 1635, ""n_3"": 1605, ""n_4"": 1615, ""n_5"": 1635, ""n_6"": 1605, ""n_7"": 1625, ""n_8"": 1625, ""n_9"": 1625}",1635,1635,1605,1615,1635,1605,1625,1625,1625,1635,1625,1625,1605,1615,38501,,,,,,,,,,,,,,,,,,,,,,,,,,,,,,,,,,,
UCB appendix,2,20,ok,200000,56129,143871,56029,34085,21944,1154.94736842,21374.1398084,2.62134525657,0.14560804397,"{""n_1"": 1156, ""n_10"": 1156, ""n_11"": 1156, ""n_12"": 1156, ""n_13"": 1156, ""n_14"": 1169, ""n_15"": 1144, ""n_16"": 1156, ""n_17"": 1156, ""n_18"": 1119, ""n_19"": 1131, ""n_2"": 1169, ""n_20"": 34085, ""n_3"": 1169, ""n_4"": 1169, ""n_5"": 1169, ""n_6"": 1169, ""n_7"": 1169, ""n_8"": 1144, ""n_9"": 1131}",1156,1169,1169,1169,1169,1169,1169,1144,1131,1156,1156,1156,1156,1169,1144,1156,1156,1119,1131,34085,,,,,,,,,,,,,,,,,,,,,,,,,,,,,,
UCB direct,2,20,ok,200000,47480,152520,47380,28522,18858,992.526315789,21374.1398084,2.21669739342,0.169856247937,"{""n_1"": 994, ""n_10"": 994, ""n_11"": 994, ""n_12"": 994, ""n_13"": 994, ""n_14"": 1005, ""n_15"": 982, ""n_16"": 994, ""n_17"": 994, ""n_18"": 959, ""n_19"": 971, ""n_2"": 1005, ""n_20"": 28522, ""n_3"": 1005, ""n_4"": 1005, ""n_5"": 1005, ""n_6"": 1005, ""n_7"": 1005, ""n_8"": 982, ""n_9"": 971}",994,1005,1005,1005,1005,1005,1005,982,971,994,994,994,994,1005,982,994,994,959,971,28522,,,,,,,,,,,,,,,,,,,,,,,,,,,,,,
TS appendix,2,20,ok,200000,85773,114227,85673,53963,31710,1668.94736842,21374.1398084,4.00825487097,0.196709353266,"{""n_1"": 1670, ""n_10"": 1670, ""n_11"": 1670, ""n_12"": 1670, ""n_13"": 1670, ""n_14"": 1680, ""n_15"": 1660, ""n_16"": 1670, ""n_17"": 1670, ""n_18"": 1640, ""n_19"": 1650, ""n_2"": 1680, ""n_20"": 53963, ""n_3"": 1680, ""n_4"": 1680, ""n_5"": 1680, ""n_6"": 1680, ""n_7"": 1680, ""n_8"": 1660, ""n_9"": 1650}",1670,1680,1680,1680,1680,1680,1680,1660,1650,1670,1670,1670,1670,1680,1660,1670,1670,1640,1650,53963,,,,,,,,,,,,,,,,,,,,,,,,,,,,,,
TS direct,2,20,ok,200000,67197,132803,67097,41750,25347,1334.05263158,21374.1398084,3.13916726481,0.220150000056,"{""n_1"": 1335, ""n_10"": 1335, ""n_11"": 1335, ""n_12"": 1335, ""n_13"": 1335, ""n_14"": 1344, ""n_15"": 1326, ""n_16"": 1335, ""n_17"": 1335, ""n_18"": 1308, ""n_19"": 1317, ""n_2"": 1344, ""n_20"": 41750, ""n_3"": 1344, ""n_4"": 1344, ""n_5"": 1344, ""n_6"": 1344, ""n_7"": 1344, ""n_8"": 1326, ""n_9"": 1317}",1335,1344,1344,1344,1344,1344,1344,1326,1317,1335,1335,1335,1335,1344,1326,1335,1335,1308,1317,41750,,,,,,,,,,,,,,,,,,,,,,,,,,,,,,
UCB appendix,2,30,ok,200000,66305,133695,66155,39976,26179,902.724137931,24467.282261,2.70381480437,0.166580143653,"{""n_1"": 916, ""n_10"": 916, ""n_11"": 905, ""n_12"": 905, ""n_13"": 916, ""n_14"": 916, ""n_15"": 894, ""n_16"": 905, ""n_17"": 894, ""n_18"": 905, ""n_19"": 905, ""n_2"": 905, ""n_20"": 894, ""n_21"": 905, ""n_22"": 894, ""n_23"": 905, ""n_24"": 883, ""n_25"": 905, ""n_26"": 905, ""n_27"": 894, ""n_28"": 872, ""n_29"": 872, ""n_3"": 916, ""n_30"": 39976, ""n_4"": 916, ""n_5"": 905, ""n_6"": 905, ""n_7"": 905, ""n_8"": 916, ""n_9"": 905}",916,905,916,916,905,905,905,916,905,916,905,905,916,916,894,905,894,905,905,894,905,894,905,883,905,905,894,872,872,39976,,,,,,,,,,,,,,,,,,,,
UCB direct,2,30,ok,200000,54553,145447,54403,32452,21951,756.931034483,24467.282261,2.22349991387,0.194835787913,"{""n_1"": 769, ""n_10"": 769, ""n_11"": 759, ""n_12"": 759, ""n_13"": 769, ""n_14"": 769, ""n_15"": 749, ""n_16"": 759, ""n_17"": 749, ""n_18"": 759, ""n_19"": 759, ""n_2"": 759, ""n_20"": 749, ""n_21"": 759, ""n_22"": 749, ""n_23"": 759, ""n_24"": 739, ""n_25"": 759, ""n_26"": 759, ""n_27"": 749, ""n_28"": 729, ""n_29"": 729, ""n_3"": 769, ""n_30"": 32452, ""n_4"": 769, ""n_5"": 759, ""n_6"": 759, ""n_7"": 759, ""n_8"": 769, ""n_9"": 759}",769,759,769,769,759,759,759,769,759,769,759,759,769,769,749,759,749,759,759,749,759,749,759,739,759,759,749,729,729,32452,,,,,,,,,,,,,,,,,,,,
TS appendix,2,30,ok,200000,101023,98977,100873,62531,38342,1322.13793103,24467.282261,4.12277092829,0.222569409408,"{""n_1"": 1333, ""n_10"": 1333, ""n_11"": 1324, ""n_12"": 1324, ""n_13"": 1333, ""n_14"": 1333, ""n_15"": 1315, ""n_16"": 1324, ""n_17"": 1315, ""n_18"": 1324, ""n_19"": 1324, ""n_2"": 1324, ""n_20"": 1315, ""n_21"": 1324, ""n_22"": 1315, ""n_23"": 1324, ""n_24"": 1306, ""n_25"": 1324, ""n_26"": 1324, ""n_27"": 1315, ""n_28"": 1297, ""n_29"": 1297, ""n_3"": 1333, ""n_30"": 62531, ""n_4"": 1333, ""n_5"": 1324, ""n_6"": 1324, ""n_7"": 1324, ""n_8"": 1333, ""n_9"": 1324}",1333,1324,1333,1333,1324,1324,1324,1333,1324,1333,1324,1324,1333,1333,1315,1324,1315,1324,1324,1315,1324,1315,1324,1306,1324,1324,1315,1297,1297,62531,,,,,,,,,,,,,,,,,,,,
TS direct,2,30,ok,200000,76217,123783,76067,46643,29424,1014.62068966,24467.282261,3.10892722733,0.254300000049,"{""n_1"": 1024, ""n_10"": 1024, ""n_11"": 1016, ""n_12"": 1016, ""n_13"": 1024, ""n_14"": 1024, ""n_15"": 1009, ""n_16"": 1016, ""n_17"": 1009, ""n_18"": 1016, ""n_19"": 1016, ""n_2"": 1016, ""n_20"": 1009, ""n_21"": 1016, ""n_22"": 1009, ""n_23"": 1016, ""n_24"": 1001, ""n_25"": 1016, ""n_26"": 1016, ""n_27"": 1009, ""n_28"": 993, ""n_29"": 993, ""n_3"": 1024, ""n_30"": 46643, ""n_4"": 1024, ""n_5"": 1016, ""n_6"": 1016, ""n_7"": 1016, ""n_8"": 1024, ""n_9"": 1016}",1024,1016,1024,1024,1016,1016,1016,1024,1016,1024,1016,1016,1024,1024,1009,1016,1009,1016,1016,1009,1016,1009,1016,1001,1016,1016,1009,993,993,46643,,,,,,,,,,,,,,,,,,,,
UCB appendix,2,40,ok,200000,74656,125344,74456,44713,29743,762.641025641,26929.728668,2.76482548034,0.182714181958,"{""n_1"": 764, ""n_10"": 764, ""n_11"": 754, ""n_12"": 764, ""n_13"": 764, ""n_14"": 764, ""n_15"": 774, ""n_16"": 774, ""n_17"": 764, ""n_18"": 774, ""n_19"": 774, ""n_2"": 774, ""n_20"": 754, ""n_21"": 764, ""n_22"": 754, ""n_23"": 764, ""n_24"": 764, ""n_25"": 764, ""n_26"": 754, ""n_27"": 764, ""n_28"": 774, ""n_29"": 754, ""n_3"": 764, ""n_30"": 764, ""n_31"": 754, ""n_32"": 764, ""n_33"": 764, ""n_34"": 774, ""n_35"": 764, ""n_36"": 743, ""n_37"": 754, ""n_38"": 743, ""n_39"": 733, ""n_4"": 754, ""n_40"": 44713, ""n_5"": 764, ""n_6"": 774, ""n_7"": 774, ""n_8"": 764, ""n_9"": 774}",764,774,764,754,764,774,774,764,774,764,754,764,764,764,774,774,764,774,774,754,764,754,764,764,764,754,764,774,754,764,754,764,764,774,764,743,754,743,733,44713,,,,,,,,,,
UCB direct,2,40,ok,200000,60087,139913,59887,35596,24291,622.846153846,26929.728668,2.22382485684,0.215315739971,"{""n_1"": 624, ""n_10"": 624, ""n_11"": 615, ""n_12"": 624, ""n_13"": 624, ""n_14"": 624, ""n_15"": 633, ""n_16"": 633, ""n_17"": 624, ""n_18"": 633, ""n_19"": 633, ""n_2"": 633, ""n_20"": 615, ""n_21"": 624, ""n_22"": 615, ""n_23"": 624, ""n_24"": 624, ""n_25"": 624, ""n_26"": 615, ""n_27"": 624, ""n_28"": 633, ""n_29"": 615, ""n_3"": 624, ""n_30"": 624, ""n_31"": 615, ""n_32"": 624, ""n_33"": 624, ""n_34"": 633, ""n_35"": 624, ""n_36"": 606, ""n_37"": 615, ""n_38"": 606, ""n_39"": 597, ""n_4"": 615, ""n_40"": 35596, ""n_5"": 624, ""n_6"": 633, ""n_7"": 633, ""n_8"": 624, ""n_9"": 633}",624,633,624,615,624,633,633,624,633,624,615,624,624,624,633,633,624,633,633,615,624,615,624,624,624,615,624,633,615,624,615,624,624,633,624,606,615,606,597,35596,,,,,,,,,,
TS appendix,2,40,ok,200000,113648,86352,113448,69457,43991,1127.97435897,26929.728668,4.21274203682,0.242285104299,"{""n_1"": 1129, ""n_10"": 1129, ""n_11"": 1121, ""n_12"": 1129, ""n_13"": 1129, ""n_14"": 1129, ""n_15"": 1137, ""n_16"": 1137, ""n_17"": 1129, ""n_18"": 1137, ""n_19"": 1137, ""n_2"": 1137, ""n_20"": 1121, ""n_21"": 1129, ""n_22"": 1121, ""n_23"": 1129, ""n_24"": 1129, ""n_25"": 1129, ""n_26"": 1121, ""n_27"": 1129, ""n_28"": 1137, ""n_29"": 1121, ""n_3"": 1129, ""n_30"": 1129, ""n_31"": 1121, ""n_32"": 1129, ""n_33"": 1129, ""n_34"": 1137, ""n_35"": 1129, ""n_36"": 1113, ""n_37"": 1121, ""n_38"": 1113, ""n_39"": 1105, ""n_4"": 1121, ""n_40"": 69457, ""n_5"": 1129, ""n_6"": 1137, ""n_7"": 1137, ""n_8"": 1129, ""n_9"": 1137}",1129,1137,1129,1121,1129,1137,1137,1129,1137,1129,1121,1129,1129,1129,1137,1137,1129,1137,1137,1121,1129,1121,1129,1129,1129,1121,1129,1137,1121,1129,1121,1129,1129,1137,1129,1113,1121,1113,1105,69457,,,,,,,,,,
TS direct,2,40,ok,200000,83189,116811,82989,49718,33271,853.102564103,26929.728668,3.08168719496,0.278850000044,"{""n_1"": 854, ""n_10"": 854, ""n_11"": 847, ""n_12"": 854, ""n_13"": 854, ""n_14"": 854, ""n_15"": 861, ""n_16"": 861, ""n_17"": 854, ""n_18"": 861, ""n_19"": 861, ""n_2"": 861, ""n_20"": 847, ""n_21"": 854, ""n_22"": 847, ""n_23"": 854, ""n_24"": 854, ""n_25"": 854, ""n_26"": 847, ""n_27"": 854, ""n_28"": 861, ""n_29"": 847, ""n_3"": 854, ""n_30"": 854, ""n_31"": 847, ""n_32"": 854, ""n_33"": 854, ""n_34"": 861, ""n_35"": 854, ""n_36"": 840, ""n_37"": 847, ""n_38"": 840, ""n_39"": 833, ""n_4"": 847, ""n_40"": 49718, ""n_5"": 854, ""n_6"": 861, ""n_7"": 861, ""n_8"": 854, ""n_9"": 861}",854,861,854,847,854,861,861,854,861,854,847,854,854,854,861,861,854,861,861,847,854,847,854,854,854,847,854,861,847,854,847,854,854,861,854,840,847,840,833,49718,,,,,,,,,,
UCB appendix,2,50,ok,200000,81838,118162,81588,48742,32846,670.326530612,29009.1708178,2.81248990233,0.195951977518,"{""n_1"": 681, ""n_10"": 681, ""n_11"": 662, ""n_12"": 681, ""n_13"": 681, ""n_14"": 662, ""n_15"": 681, ""n_16"": 681, ""n_17"": 671, ""n_18"": 662, ""n_19"": 681, ""n_2"": 681, ""n_20"": 671, ""n_21"": 662, ""n_22"": 681, ""n_23"": 681, ""n_24"": 681, ""n_25"": 671, ""n_26"": 662, ""n_27"": 681, ""n_28"": 681, ""n_29"": 681, ""n_3"": 681, ""n_30"": 671, ""n_31"": 681, ""n_32"": 671, ""n_33"": 671, ""n_34"": 671, ""n_35"": 652, ""n_36"": 652, ""n_37"": 662, ""n_38"": 652, ""n_39"": 643, ""n_4"": 681, ""n_40"": 671, ""n_41"": 671, ""n_42"": 671, ""n_43"": 671, ""n_44"": 671, ""n_45"": 662, ""n_46"": 652, ""n_47"": 662, ""n_48"": 643, ""n_49"": 652, ""n_5"": 671, ""n_50"": 48742, ""n_6"": 681, ""n_7"": 671, ""n_8"": 681, ""n_9"": 671}",681,681,681,681,671,681,671,681,671,681,662,681,681,662,681,681,671,662,681,671,662,681,681,681,671,662,681,681,681,671,681,671,671,671,652,652,662,652,643,671,671,671,671,671,662,652,662,643,652,48742
UCB direct,2,50,ok,200000,64679,135321,64429,38114,26315,537.040816327,29009.1708178,2.22098730104,0.23233685401,"{""n_1"": 546, ""n_10"": 546, ""n_11"": 530, ""n_12"": 546, ""n_13"": 546, ""n_14"": 530, ""n_15"": 546, ""n_16"": 546, ""n_17"": 538, ""n_18"": 530, ""n_19"": 546, ""n_2"": 546, ""n_20"": 538, ""n_21"": 530, ""n_22"": 546, ""n_23"": 546, ""n_24"": 546, ""n_25"": 538, ""n_26"": 530, ""n_27"": 546, ""n_28"": 546, ""n_29"": 546, ""n_3"": 546, ""n_30"": 538, ""n_31"": 546, ""n_32"": 538, ""n_33"": 538, ""n_34"": 538, ""n_35"": 521, ""n_36"": 521, ""n_37"": 530, ""n_38"": 521, ""n_39"": 513, ""n_4"": 546, ""n_40"": 538, ""n_41"": 538, ""n_42"": 538, ""n_43"": 538, ""n_44"": 538, ""n_45"": 530, ""n_46"": 521, ""n_47"": 530, ""n_48"": 513, ""n_49"": 521, ""n_5"": 538, ""n_50"": 38114, ""n_6"": 546, ""n_7"": 538, ""n_8"": 546, ""n_9"": 538}",546,546,546,546,538,546,538,546,538,546,530,546,546,530,546,546,538,530,546,538,530,546,546,546,538,530,546,546,546,538,546,538,538,538,521,521,530,521,513,538,538,538,538,538,530,521,530,513,521,38114
TS appendix,2,50,ok,200000,124654,75346,124404,75380,49024,1000.48979592,29009.1708178,4.28843694918,0.258363447499,"{""n_1"": 1009, ""n_10"": 1009, ""n_11"": 994, ""n_12"": 1009, ""n_13"": 1009, ""n_14"": 994, ""n_15"": 1009, ""n_16"": 1009, ""n_17"": 1001, ""n_18"": 994, ""n_19"": 1009, ""n_2"": 1009, ""n_20"": 1001, ""n_21"": 994, ""n_22"": 1009, ""n_23"": 1009, ""n_24"": 1009, ""n_25"": 1001, ""n_26"": 994, ""n_27"": 1009, ""n_28"": 1009, ""n_29"": 1009, ""n_3"": 1009, ""n_30"": 1001, ""n_31"": 1009, ""n_32"": 1001, ""n_33"": 1001, ""n_34"": 1001, ""n_35"": 986, ""n_36"": 986, ""n_37"": 994, ""n_38"": 986, ""n_39"": 978, ""n_4"": 1009, ""n_40"": 1001, ""n_41"": 1001, ""n_42"": 1001, ""n_43"": 1001, ""n_44"": 1001, ""n_45"": 994, ""n_46"": 986, ""n_47"": 994, ""n_48"": 978, ""n_49"": 986, ""n_5"": 1001, ""n_50"": 75380, ""n_6"": 1009, ""n_7"": 1001, ""n_8"": 1009, ""n_9"": 1001}",1009,1009,1009,1009,1001,1009,1001,1009,1001,1009,994,1009,1009,994,1009,1009,1001,994,1009,1001,994,1009,1009,1009,1001,994,1009,1009,1009,1001,1009,1001,1001,1001,986,986,994,986,978,1001,1001,1001,1001,1001,994,986,994,978,986,75380
TS direct,2,50,ok,200000,88935,111065,88685,52423,36262,740.040816327,29009.1708178,3.05713667437,0.30070000004,"{""n_1"": 747, ""n_10"": 747, ""n_11"": 734, ""n_12"": 747, ""n_13"": 747, ""n_14"": 734, ""n_15"": 747, ""n_16"": 747, ""n_17"": 741, ""n_18"": 734, ""n_19"": 747, ""n_2"": 747, ""n_20"": 741, ""n_21"": 734, ""n_22"": 747, ""n_23"": 747, ""n_24"": 747, ""n_25"": 741, ""n_26"": 734, ""n_27"": 747, ""n_28"": 747, ""n_29"": 747, ""n_3"": 747, ""n_30"": 741, ""n_31"": 747, ""n_32"": 741, ""n_33"": 741, ""n_34"": 741, ""n_35"": 728, ""n_36"": 728, ""n_37"": 734, ""n_38"": 728, ""n_39"": 721, ""n_4"": 747, ""n_40"": 741, ""n_41"": 741, ""n_42"": 741, ""n_43"": 741, ""n_44"": 741, ""n_45"": 734, ""n_46"": 728, ""n_47"": 734, ""n_48"": 721, ""n_49"": 728, ""n_5"": 741, ""n_50"": 52423, ""n_6"": 747, ""n_7"": 741, ""n_8"": 747, ""n_9"": 741}",747,747,747,747,741,747,741,747,741,747,734,747,747,734,747,747,741,734,747,741,734,747,747,747,741,734,747,747,747,741,747,741,741,741,728,728,734,728,721,741,741,741,741,741,734,728,734,721,728,52423
UCB appendix,3,5,ok,200000,30659,169341,30634,18801,11833,2958.25,13464.864334,2.27510647267,0.0859240473064,"{""n_1"": 2958, ""n_2"": 2979, ""n_3"": 2958, ""n_4"": 2938, ""n_5"": 18801}",2958,2979,2958,2938,18801,,,,,,,,,,,,,,,,,,,,,,,,,,,,,,,,,,,,,,,,,,,,,
UCB direct,3,5,ok,200000,27889,172111,27864,17076,10788,2697,13464.864334,2.06938587042,0.102303379727,"{""n_1"": 2697, ""n_2"": 2716, ""n_3"": 2697, ""n_4"": 2678, ""n_5"": 17076}",2697,2716,2697,2678,17076,,,,,,,,,,,,,,,,,,,,,,,,,,,,,,,,,,,,,,,,,,,,,
TS appendix,3,5,ok,200000,48564,151436,48539,32114,16425,4106.25,13464.864334,3.60486365075,0.122219363557,"{""n_1"": 4106, ""n_2"": 4123, ""n_3"": 4106, ""n_4"": 4090, ""n_5"": 32114}",4106,4123,4106,4090,32114,,,,,,,,,,,,,,,,,,,,,,,,,,,,,,,,,,,,,,,,,,,,,
TS direct,3,5,ok,200000,42004,157996,41979,27651,14328,3582,13464.864334,3.11766973351,0.130900000074,"{""n_1"": 3582, ""n_2"": 3597, ""n_3"": 3582, ""n_4"": 3567, ""n_5"": 27651}",3582,3597,3582,3567,27651,,,,,,,,,,,,,,,,,,,,,,,,,,,,,,,,,,,,,,,,,,,,,
UCB appendix,3,10,ok,200000,41944,158056,41894,25674,16220,1802.22222222,16964.6660084,2.46948569334,0.113763891095,"{""n_1"": 1772, ""n_10"": 25674, ""n_2"": 1804, ""n_3"": 1820, ""n_4"": 1820, ""n_5"": 1820, ""n_6"": 1804, ""n_7"": 1772, ""n_8"": 1804, ""n_9"": 1804}",1772,1804,1820,1820,1820,1804,1772,1804,1804,25674,,,,,,,,,,,,,,,,,,,,,,,,,,,,,,,,,,,,,,,,
UCB direct,3,10,ok,200000,36918,163082,36868,22346,14522,1613.55555556,16964.6660084,2.17322286108,0.132674085126,"{""n_1"": 1586, ""n_10"": 22346, ""n_2"": 1615, ""n_3"": 1630, ""n_4"": 1630, ""n_5"": 1630, ""n_6"": 1615, ""n_7"": 1586, ""n_8"": 1615, ""n_9"": 1615}",1586,1615,1630,1630,1630,1615,1586,1615,1615,22346,,,,,,,,,,,,,,,,,,,,,,,,,,,,,,,,,,,,,,,,
TS appendix,3,10,ok,200000,64864,135136,64814,41866,22948,2549.77777778,16964.6660084,3.82052909075,0.157109836419,"{""n_1"": 2526, ""n_10"": 41866, ""n_2"": 2551, ""n_3"": 2564, ""n_4"": 2564, ""n_5"": 2564, ""n_6"": 2551, ""n_7"": 2526, ""n_8"": 2551, ""n_9"": 2551}",2526,2551,2564,2564,2564,2551,2526,2551,2551,41866,,,,,,,,,,,,,,,,,,,,,,,,,,,,,,,,,,,,,,,,
TS direct,3,10,ok,200000,53652,146348,53602,34505,19097,2121.88888889,16964.6660084,3.1596260117,0.172300000066,"{""n_1"": 2100, ""n_10"": 34505, ""n_2"": 2123, ""n_3"": 2135, ""n_4"": 2135, ""n_5"": 2135, ""n_6"": 2123, ""n_7"": 2100, ""n_8"": 2123, ""n_9"": 2123}",2100,2123,2135,2135,2135,2123,2100,2123,2123,34505,,,,,,,,,,,,,,,,,,,,,,,,,,,,,,,,,,,,,,,,
UCB appendix,3,15,ok,200000,49776,150224,49701,30356,19345,1381.78571429,19419.6948,2.55930901654,0.131775044342,"{""n_1"": 1399, ""n_10"": 1372, ""n_11"": 1372, ""n_12"": 1372, ""n_13"": 1372, ""n_14"": 1386, ""n_15"": 30356, ""n_2"": 1358, ""n_3"": 1386, ""n_4"": 1372, ""n_5"": 1399, ""n_6"": 1386, ""n_7"": 1386, ""n_8"": 1386, ""n_9"": 1399}",1399,1358,1386,1372,1399,1386,1386,1386,1399,1372,1372,1372,1372,1386,30356,,,,,,,,,,,,,,,,,,,,,,,,,,,,,,,,,,,
UCB direct,3,15,ok,200000,42848,157152,42773,25926,16847,1203.35714286,19419.6948,2.20255778685,0.153851699698,"{""n_1"": 1220, ""n_10"": 1194, ""n_11"": 1194, ""n_12"": 1194, ""n_13"": 1194, ""n_14"": 1207, ""n_15"": 25926, ""n_2"": 1182, ""n_3"": 1207, ""n_4"": 1194, ""n_5"": 1220, ""n_6"": 1207, ""n_7"": 1207, ""n_8"": 1207, ""n_9"": 1220}",1220,1182,1207,1194,1220,1207,1207,1207,1220,1194,1194,1194,1194,1207,25926,,,,,,,,,,,,,,,,,,,,,,,,,,,,,,,,,,,
TS appendix,3,15,ok,200000,76366,123634,76291,48587,27704,1978.85714286,19419.6948,3.92853753809,0.179579000639,"{""n_1"": 1993, ""n_10"": 1971, ""n_11"": 1971, ""n_12"": 1971, ""n_13"": 1971, ""n_14"": 1982, ""n_15"": 48587, ""n_2"": 1960, ""n_3"": 1982, ""n_4"": 1971, ""n_5"": 1993, ""n_6"": 1982, ""n_7"": 1982, ""n_8"": 1982, ""n_9"": 1993}",1993,1960,1982,1971,1993,1982,1982,1982,1993,1971,1971,1971,1971,1982,48587,,,,,,,,,,,,,,,,,,,,,,,,,,,,,,,,,,,
TS direct,3,15,ok,200000,61286,138714,61211,38501,22710,1622.14285714,19419.6948,3.15200628179,0.19845000006,"{""n_1"": 1635, ""n_10"": 1615, ""n_11"": 1615, ""n_12"": 1615, ""n_13"": 1615, ""n_14"": 1625, ""n_15"": 38501, ""n_2"": 1605, ""n_3"": 1625, ""n_4"": 1615, ""n_5"": 1635, ""n_6"": 1625, ""n_7"": 1625, ""n_8"": 1625, ""n_9"": 1635}",1635,1605,1625,1615,1635,1625,1625,1625,1635,1615,1615,1615,1615,1625,38501,,,,,,,,,,,,,,,,,,,,,,,,,,,,,,,,,,,
UCB appendix,3,20,ok,200000,56121,143879,56021,34081,21940,1154.73684211,21374.1398084,2.6209709725,0.145594208078,"{""n_1"": 1169, ""n_10"": 1169, ""n_11"": 1157, ""n_12"": 1157, ""n_13"": 1169, ""n_14"": 1157, ""n_15"": 1157, ""n_16"": 1119, ""n_17"": 1144, ""n_18"": 1144, ""n_19"": 1132, ""n_2"": 1157, ""n_20"": 34081, ""n_3"": 1144, ""n_4"": 1144, ""n_5"": 1169, ""n_6"": 1169, ""n_7"": 1157, ""n_8"": 1169, ""n_9"": 1157}",1169,1157,1144,1144,1169,1169,1157,1169,1157,1169,1157,1157,1169,1157,1157,1119,1144,1144,1132,34081,,,,,,,,,,,,,,,,,,,,,,,,,,,,,,
UCB direct,3,20,ok,200000,47470,152530,47370,28524,18846,991.894736842,21374.1398084,2.21622953834,0.169856247937,"{""n_1"": 1005, ""n_10"": 1005, ""n_11"": 994, ""n_12"": 994, ""n_13"": 1005, ""n_14"": 994, ""n_15"": 994, ""n_16"": 959, ""n_17"": 982, ""n_18"": 982, ""n_19"": 971, ""n_2"": 994, ""n_20"": 28524, ""n_3"": 982, ""n_4"": 982, ""n_5"": 1005, ""n_6"": 1005, ""n_7"": 994, ""n_8"": 1005, ""n_9"": 994}",1005,994,982,982,1005,1005,994,1005,994,1005,994,994,1005,994,994,959,982,982,971,28524,,,,,,,,,,,,,,,,,,,,,,,,,,,,,,
TS appendix,3,20,ok,200000,85760,114240,85660,53960,31700,1668.42105263,21374.1398084,4.00764665936,0.196700214768,"{""n_1"": 1680, ""n_10"": 1680, ""n_11"": 1670, ""n_12"": 1670, ""n_13"": 1680, ""n_14"": 1670, ""n_15"": 1670, ""n_16"": 1640, ""n_17"": 1660, ""n_18"": 1660, ""n_19"": 1650, ""n_2"": 1670, ""n_20"": 53960, ""n_3"": 1660, ""n_4"": 1660, ""n_5"": 1680, ""n_6"": 1680, ""n_7"": 1670, ""n_8"": 1680, ""n_9"": 1670}",1680,1670,1660,1660,1680,1680,1670,1680,1670,1680,1670,1670,1680,1670,1670,1640,1660,1660,1650,53960,,,,,,,,,,,,,,,,,,,,,,,,,,,,,,
TS direct,3,20,ok,200000,67190,132810,67090,41752,25338,1333.57894737,21374.1398084,3.13883976625,0.220150000056,"{""n_1"": 1344, ""n_10"": 1344, ""n_11"": 1335, ""n_12"": 1335, ""n_13"": 1344, ""n_14"": 1335, ""n_15"": 1335, ""n_16"": 1308, ""n_17"": 1326, ""n_18"": 1326, ""n_19"": 1317, ""n_2"": 1335, ""n_20"": 41752, ""n_3"": 1326, ""n_4"": 1326, ""n_5"": 1344, ""n_6"": 1344, ""n_7"": 1335, ""n_8"": 1344, ""n_9"": 1335}",1344,1335,1326,1326,1344,1344,1335,1344,1335,1344,1335,1335,1344,1335,1335,1308,1326,1326,1317,41752,,,,,,,,,,,,,,,,,,,,,,,,,,,,,,
UCB appendix,3,30,ok,200000,66347,133653,66197,39992,26205,903.620689655,24467.282261,2.70553138243,0.166637249791,"{""n_1"": 904, ""n_10"": 915, ""n_11"": 893, ""n_12"": 882, ""n_13"": 915, ""n_14"": 882, ""n_15"": 904, ""n_16"": 904, ""n_17"": 915, ""n_18"": 915, ""n_19"": 882, ""n_2"": 915, ""n_20"": 904, ""n_21"": 915, ""n_22"": 893, ""n_23"": 893, ""n_24"": 904, ""n_25"": 915, ""n_26"": 904, ""n_27"": 882, ""n_28"": 915, ""n_29"": 882, ""n_3"": 904, ""n_30"": 39992, ""n_4"": 915, ""n_5"": 915, ""n_6"": 915, ""n_7"": 904, ""n_8"": 915, ""n_9"": 904}",904,915,904,915,915,915,904,915,904,915,893,882,915,882,904,904,915,915,882,904,915,893,893,904,915,904,882,915,882,39992,,,,,,,,,,,,,,,,,,,,
UCB direct,3,30,ok,200000,54594,145406,54444,32443,22001,758.655172414,24467.282261,2.22517562103,0.194835787913,"{""n_1"": 759, ""n_10"": 769, ""n_11"": 749, ""n_12"": 739, ""n_13"": 769, ""n_14"": 739, ""n_15"": 759, ""n_16"": 759, ""n_17"": 769, ""n_18"": 769, ""n_19"": 739, ""n_2"": 769, ""n_20"": 759, ""n_21"": 769, ""n_22"": 749, ""n_23"": 749, ""n_24"": 759, ""n_25"": 769, ""n_26"": 759, ""n_27"": 739, ""n_28"": 769, ""n_29"": 739, ""n_3"": 759, ""n_30"": 32443, ""n_4"": 769, ""n_5"": 769, ""n_6"": 769, ""n_7"": 759, ""n_8"": 769, ""n_9"": 759}",759,769,759,769,769,769,759,769,759,769,749,739,769,739,759,759,769,769,739,759,769,749,749,759,769,759,739,769,739,32443,,,,,,,,,,,,,,,,,,,,
TS appendix,3,30,ok,200000,101080,98920,100930,62543,38387,1323.68965517,24467.282261,4.12510056995,0.222606341966,"{""n_1"": 1324, ""n_10"": 1333, ""n_11"": 1315, ""n_12"": 1306, ""n_13"": 1333, ""n_14"": 1306, ""n_15"": 1324, ""n_16"": 1324, ""n_17"": 1333, ""n_18"": 1333, ""n_19"": 1306, ""n_2"": 1333, ""n_20"": 1324, ""n_21"": 1333, ""n_22"": 1315, ""n_23"": 1315, ""n_24"": 1324, ""n_25"": 1333, ""n_26"": 1324, ""n_27"": 1306, ""n_28"": 1333, ""n_29"": 1306, ""n_3"": 1324, ""n_30"": 62543, ""n_4"": 1333, ""n_5"": 1333, ""n_6"": 1333, ""n_7"": 1324, ""n_8"": 1333, ""n_9"": 1324}",1324,1333,1324,1333,1333,1333,1324,1333,1324,1333,1315,1306,1333,1306,1324,1324,1333,1333,1306,1324,1333,1315,1315,1324,1333,1324,1306,1333,1306,62543,,,,,,,,,,,,,,,,,,,,
TS direct,3,30,ok,200000,76245,123755,76095,46448,29647,1022.31034483,24467.282261,3.1100716127,0.253500000049,"{""n_1"": 1023, ""n_10"": 1030, ""n_11"": 1015, ""n_12"": 1007, ""n_13"": 1030, ""n_14"": 1007, ""n_15"": 1023, ""n_16"": 1023, ""n_17"": 1030, ""n_18"": 1030, ""n_19"": 1007, ""n_2"": 1030, ""n_20"": 1023, ""n_21"": 1030, ""n_22"": 1015, ""n_23"": 1015, ""n_24"": 1023, ""n_25"": 1030, ""n_26"": 1023, ""n_27"": 1007, ""n_28"": 1030, ""n_29"": 1007, ""n_3"": 1023, ""n_30"": 46448, ""n_4"": 1030, ""n_5"": 1030, ""n_6"": 1030, ""n_7"": 1023, ""n_8"": 1030, ""n_9"": 1023}",1023,1030,1023,1030,1030,1030,1023,1030,1023,1030,1015,1007,1030,1007,1023,1023,1030,1030,1007,1023,1030,1015,1015,1023,1030,1023,1007,1030,1007,46448,,,,,,,,,,,,,,,,,,,,
UCB appendix,3,40,ok,200000,74659,125341,74459,44722,29737,762.487179487,26929.728668,2.76493688139,0.182744015926,"{""n_1"": 773, ""n_10"": 773, ""n_11"": 763, ""n_12"": 763, ""n_13"": 763, ""n_14"": 773, ""n_15"": 753, ""n_16"": 743, ""n_17"": 773, ""n_18"": 763, ""n_19"": 773, ""n_2"": 773, ""n_20"": 763, ""n_21"": 763, ""n_22"": 753, ""n_23"": 753, ""n_24"": 753, ""n_25"": 753, ""n_26"": 763, ""n_27"": 763, ""n_28"": 753, ""n_29"": 763, ""n_3"": 773, ""n_30"": 763, ""n_31"": 763, ""n_32"": 763, ""n_33"": 763, ""n_34"": 753, ""n_35"": 773, ""n_36"": 753, ""n_37"": 753, ""n_38"": 763, ""n_39"": 743, ""n_4"": 773, ""n_40"": 44722, ""n_5"": 773, ""n_6"": 773, ""n_7"": 773, ""n_8"": 763, ""n_9"": 753}",773,773,773,773,773,773,773,763,753,773,763,763,763,773,753,743,773,763,773,763,763,753,753,753,753,763,763,753,763,763,763,763,763,753,773,753,753,763,743,44722,,,,,,,,,,
UCB direct,3,40,ok,200000,60108,139892,59908,35590,24318,623.538461538,26929.728668,2.22460466418,0.215315739971,"{""n_1"": 633, ""n_10"": 633, ""n_11"": 624, ""n_12"": 624, ""n_13"": 624, ""n_14"": 633, ""n_15"": 615, ""n_16"": 606, ""n_17"": 633, ""n_18"": 624, ""n_19"": 633, ""n_2"": 633, ""n_20"": 624, ""n_21"": 624, ""n_22"": 615, ""n_23"": 615, ""n_24"": 615, ""n_25"": 615, ""n_26"": 624, ""n_27"": 624, ""n_28"": 615, ""n_29"": 624, ""n_3"": 633, ""n_30"": 624, ""n_31"": 624, ""n_32"": 624, ""n_33"": 624, ""n_34"": 615, ""n_35"": 633, ""n_36"": 615, ""n_37"": 615, ""n_38"": 624, ""n_39"": 606, ""n_4"": 633, ""n_40"": 35590, ""n_5"": 633, ""n_6"": 633, ""n_7"": 633, ""n_8"": 624, ""n_9"": 615}",633,633,633,633,633,633,633,624,615,633,624,624,624,633,615,606,633,624,633,624,624,615,615,615,615,624,624,615,624,624,624,624,624,615,633,615,615,624,606,35590,,,,,,,,,,
TS appendix,3,40,ok,200000,113679,86321,113479,69464,44015,1128.58974359,26929.728668,4.21389318099,0.242304081736,"{""n_1"": 1137, ""n_10"": 1137, ""n_11"": 1129, ""n_12"": 1129, ""n_13"": 1129, ""n_14"": 1137, ""n_15"": 1121, ""n_16"": 1113, ""n_17"": 1137, ""n_18"": 1129, ""n_19"": 1137, ""n_2"": 1137, ""n_20"": 1129, ""n_21"": 1129, ""n_22"": 1121, ""n_23"": 1121, ""n_24"": 1121, ""n_25"": 1121, ""n_26"": 1129, ""n_27"": 1129, ""n_28"": 1121, ""n_29"": 1129, ""n_3"": 1137, ""n_30"": 1129, ""n_31"": 1129, ""n_32"": 1129, ""n_33"": 1129, ""n_34"": 1121, ""n_35"": 1137, ""n_36"": 1121, ""n_37"": 1121, ""n_38"": 1129, ""n_39"": 1113, ""n_4"": 1137, ""n_40"": 69464, ""n_5"": 1137, ""n_6"": 1137, ""n_7"": 1137, ""n_8"": 1129, ""n_9"": 1121}",1137,1137,1137,1137,1137,1137,1137,1129,1121,1137,1129,1129,1129,1137,1121,1113,1137,1129,1137,1129,1129,1121,1121,1121,1121,1129,1129,1121,1129,1129,1129,1129,1129,1121,1137,1121,1121,1129,1113,69464,,,,,,,,,,
TS direct,3,40,ok,200000,83203,116797,83003,49711,33292,853.641025641,26929.728668,3.08220706652,0.278850000044,"{""n_1"": 861, ""n_10"": 861, ""n_11"": 854, ""n_12"": 854, ""n_13"": 854, ""n_14"": 861, ""n_15"": 847, ""n_16"": 840, ""n_17"": 861, ""n_18"": 854, ""n_19"": 861, ""n_2"": 861, ""n_20"": 854, ""n_21"": 854, ""n_22"": 847, ""n_23"": 847, ""n_24"": 847, ""n_25"": 847, ""n_26"": 854, ""n_27"": 854, ""n_28"": 847, ""n_29"": 854, ""n_3"": 861, ""n_30"": 854, ""n_31"": 854, ""n_32"": 854, ""n_33"": 854, ""n_34"": 847, ""n_35"": 861, ""n_36"": 847, ""n_37"": 847, ""n_38"": 854, ""n_39"": 840, ""n_4"": 861, ""n_40"": 49711, ""n_5"": 861, ""n_6"": 861, ""n_7"": 861, ""n_8"": 854, ""n_9"": 847}",861,861,861,861,861,861,861,854,847,861,854,854,854,861,847,840,861,854,861,854,854,847,847,847,847,854,854,847,854,854,854,854,854,847,861,847,847,854,840,49711,,,,,,,,,,
UCB appendix,3,50,ok,200000,81691,118309,81441,48698,32743,668.224489796,29009.1708178,2.80742253929,0.195809447532,"{""n_1"": 672, ""n_10"": 682, ""n_11"": 682, ""n_12"": 672, ""n_13"": 672, ""n_14"": 663, ""n_15"": 653, ""n_16"": 682, ""n_17"": 672, ""n_18"": 663, ""n_19"": 653, ""n_2"": 682, ""n_20"": 672, ""n_21"": 653, ""n_22"": 672, ""n_23"": 682, ""n_24"": 682, ""n_25"": 663, ""n_26"": 682, ""n_27"": 663, ""n_28"": 663, ""n_29"": 672, ""n_3"": 682, ""n_30"": 672, ""n_31"": 653, ""n_32"": 672, ""n_33"": 672, ""n_34"": 682, ""n_35"": 644, ""n_36"": 663, ""n_37"": 663, ""n_38"": 663, ""n_39"": 663, ""n_4"": 653, ""n_40"": 663, ""n_41"": 663, ""n_42"": 663, ""n_43"": 682, ""n_44"": 682, ""n_45"": 663, ""n_46"": 644, ""n_47"": 663, ""n_48"": 653, ""n_49"": 672, ""n_5"": 672, ""n_50"": 48698, ""n_6"": 663, ""n_7"": 672, ""n_8"": 682, ""n_9"": 672}",672,682,682,653,672,663,672,682,672,682,682,672,672,663,653,682,672,663,653,672,653,672,682,682,663,682,663,663,672,672,653,672,672,682,644,663,663,663,663,663,663,663,682,682,663,644,663,653,672,48698
UCB direct,3,50,ok,200000,64576,135424,64326,38010,26316,537.06122449,29009.1708178,2.21743669973,0.23173770453,"{""n_1"": 541, ""n_10"": 549, ""n_11"": 549, ""n_12"": 541, ""n_13"": 541, ""n_14"": 532, ""n_15"": 524, ""n_16"": 549, ""n_17"": 541, ""n_18"": 532, ""n_19"": 524, ""n_2"": 549, ""n_20"": 541, ""n_21"": 524, ""n_22"": 541, ""n_23"": 549, ""n_24"": 549, ""n_25"": 532, ""n_26"": 549, ""n_27"": 532, ""n_28"": 532, ""n_29"": 541, ""n_3"": 549, ""n_30"": 541, ""n_31"": 524, ""n_32"": 541, ""n_33"": 541, ""n_34"": 549, ""n_35"": 515, ""n_36"": 532, ""n_37"": 532, ""n_38"": 532, ""n_39"": 532, ""n_4"": 524, ""n_40"": 532, ""n_41"": 532, ""n_42"": 532, ""n_43"": 549, ""n_44"": 549, ""n_45"": 532, ""n_46"": 515, ""n_47"": 532, ""n_48"": 524, ""n_49"": 541, ""n_5"": 541, ""n_50"": 38010, ""n_6"": 532, ""n_7"": 541, ""n_8"": 549, ""n_9"": 541}",541,549,549,524,541,532,541,549,541,549,549,541,541,532,524,549,541,532,524,541,524,541,549,549,532,549,532,532,541,541,524,541,541,549,515,532,532,532,532,532,532,532,549,549,532,515,532,524,541,38010
TS appendix,3,50,ok,200000,124534,75466,124284,75346,48938,998.734693878,29009.1708178,4.28430032629,0.258273959842,"{""n_1"": 1002, ""n_10"": 1010, ""n_11"": 1010, ""n_12"": 1002, ""n_13"": 1002, ""n_14"": 994, ""n_15"": 987, ""n_16"": 1010, ""n_17"": 1002, ""n_18"": 994, ""n_19"": 987, ""n_2"": 1010, ""n_20"": 1002, ""n_21"": 987, ""n_22"": 1002, ""n_23"": 1010, ""n_24"": 1010, ""n_25"": 994, ""n_26"": 1010, ""n_27"": 994, ""n_28"": 994, ""n_29"": 1002, ""n_3"": 1010, ""n_30"": 1002, ""n_31"": 987, ""n_32"": 1002, ""n_33"": 1002, ""n_34"": 1010, ""n_35"": 979, ""n_36"": 994, ""n_37"": 994, ""n_38"": 994, ""n_39"": 994, ""n_4"": 987, ""n_40"": 994, ""n_41"": 994, ""n_42"": 994, ""n_43"": 1010, ""n_44"": 1010, ""n_45"": 994, ""n_46"": 979, ""n_47"": 994, ""n_48"": 987, ""n_49"": 1002, ""n_5"": 1002, ""n_50"": 75346, ""n_6"": 994, ""n_7"": 1002, ""n_8"": 1010, ""n_9"": 1002}",1002,1010,1010,987,1002,994,1002,1010,1002,1010,1010,1002,1002,994,987,1010,1002,994,987,1002,987,1002,1010,1010,994,1010,994,994,1002,1002,987,1002,1002,1010,979,994,994,994,994,994,994,994,1010,1010,994,979,994,987,1002,75346
TS direct,3,50,ok,200000,88863,111137,88613,52455,36158,737.918367347,29009.1708178,3.05465470063,0.30070000004,"{""n_1"": 741, ""n_10"": 747, ""n_11"": 747, ""n_12"": 741, ""n_13"": 741, ""n_14"": 734, ""n_15"": 728, ""n_16"": 747, ""n_17"": 741, ""n_18"": 734, ""n_19"": 728, ""n_2"": 747, ""n_20"": 741, ""n_21"": 728, ""n_22"": 741, ""n_23"": 747, ""n_24"": 747, ""n_25"": 734, ""n_26"": 747, ""n_27"": 734, ""n_28"": 734, ""n_29"": 741, ""n_3"": 747, ""n_30"": 741, ""n_31"": 728, ""n_32"": 741, ""n_33"": 741, ""n_34"": 747, ""n_35"": 721, ""n_36"": 734, ""n_37"": 734, ""n_38"": 734, ""n_39"": 734, ""n_4"": 728, ""n_40"": 734, ""n_41"": 734, ""n_42"": 734, ""n_43"": 747, ""n_44"": 747, ""n_45"": 734, ""n_46"": 721, ""n_47"": 734, ""n_48"": 728, ""n_49"": 741, ""n_5"": 741, ""n_50"": 52455, ""n_6"": 734, ""n_7"": 741, ""n_8"": 747, ""n_9"": 741}",741,747,747,728,741,734,741,747,741,747,747,741,741,734,728,747,741,734,728,741,728,741,747,747,734,747,734,734,741,741,728,741,741,747,721,734,734,734,734,734,734,734,747,747,734,721,734,728,741,52455
UCB appendix,4,5,ok,200000,30639,169361,30614,18794,11820,2955,13464.864334,2.27362112537,0.0858973023222,"{""n_1"": 2980, ""n_2"": 2980, ""n_3"": 2920, ""n_4"": 2940, ""n_5"": 18794}",2980,2980,2920,2940,18794,,,,,,,,,,,,,,,,,,,,,,,,,,,,,,,,,,,,,,,,,,,,,
UCB direct,4,5,ok,200000,27872,172128,27847,17099,10748,2687,13464.864334,2.06812332521,0.102405785513,"{""n_1"": 2711, ""n_2"": 2711, ""n_3"": 2653, ""n_4"": 2673, ""n_5"": 17099}",2711,2711,2653,2673,17099,,,,,,,,,,,,,,,,,,,,,,,,,,,,,,,,,,,,,,,,,,,,,
TS appendix,4,5,ok,200000,48548,151452,48523,32109,16414,4103.5,13464.864334,3.60367537291,0.122200624831,"{""n_1"": 4124, ""n_2"": 4124, ""n_3"": 4075, ""n_4"": 4091, ""n_5"": 32109}",4124,4124,4075,4091,32109,,,,,,,,,,,,,,,,,,,,,,,,,,,,,,,,,,,,,,,,,,,,,
TS direct,4,5,ok,200000,41991,158009,41966,27653,14313,3578.25,13464.864334,3.11670425776,0.130900000074,"{""n_1"": 3597, ""n_2"": 3597, ""n_3"": 3552, ""n_4"": 3567, ""n_5"": 27653}",3597,3597,3552,3567,27653,,,,,,,,,,,,,,,,,,,,,,,,,,,,,,,,,,,,,,,,,,,,,
UCB appendix,4,10,ok,200000,42006,157994,41956,25694,16262,1806.88888889,16964.6660084,2.47314034825,0.113840497834,"{""n_1"": 1802, ""n_10"": 25694, ""n_2"": 1817, ""n_3"": 1817, ""n_4"": 1802, ""n_5"": 1802, ""n_6"": 1802, ""n_7"": 1817, ""n_8"": 1817, ""n_9"": 1786}",1802,1817,1817,1802,1802,1802,1817,1817,1786,25694,,,,,,,,,,,,,,,,,,,,,,,,,,,,,,,,,,,,,,,,
UCB direct,4,10,ok,200000,36969,163031,36919,22338,14581,1620.11111111,16964.6660084,2.17622910947,0.132674085126,"{""n_1"": 1615, ""n_10"": 22338, ""n_2"": 1630, ""n_3"": 1630, ""n_4"": 1615, ""n_5"": 1615, ""n_6"": 1615, ""n_7"": 1630, ""n_8"": 1630, ""n_9"": 1601}",1615,1630,1630,1615,1615,1615,1630,1630,1601,22338,,,,,,,,,,,,,,,,,,,,,,,,,,,,,,,,,,,,,,,,
TS appendix,4,10,ok,200000,64912,135088,64862,41881,22981,2553.44444444,16964.6660084,3.82335850101,0.157162045777,"{""n_1"": 2549, ""n_10"": 41881, ""n_2"": 2562, ""n_3"": 2562, ""n_4"": 2549, ""n_5"": 2549, ""n_6"": 2549, ""n_7"": 2562, ""n_8"": 2562, ""n_9"": 2537}",2549,2562,2562,2549,2549,2549,2562,2562,2537,41881,,,,,,,,,,,,,,,,,,,,,,,,,,,,,,,,,,,,,,,,
TS direct,4,10,ok,200000,53691,146309,53641,34331,19310,2145.55555556,16964.6660084,3.16192490754,0.171550000066,"{""n_1"": 2142, ""n_10"": 34331, ""n_2"": 2153, ""n_3"": 2153, ""n_4"": 2142, ""n_5"": 2142, ""n_6"": 2142, ""n_7"": 2153, ""n_8"": 2153, ""n_9"": 2130}",2142,2153,2153,2142,2142,2142,2153,2153,2130,34331,,,,,,,,,,,,,,,,,,,,,,,,,,,,,,,,,,,,,,,,
UCB appendix,4,15,ok,200000,49801,150199,49726,30364,19362,1383,19419.6948,2.56059636942,0.131806727358,"{""n_1"": 1385, ""n_10"": 1385, ""n_11"": 1385, ""n_12"": 1385, ""n_13"": 1371, ""n_14"": 1371, ""n_15"": 30364, ""n_2"": 1399, ""n_3"": 1357, ""n_4"": 1385, ""n_5"": 1399, ""n_6"": 1385, ""n_7"": 1399, ""n_8"": 1399, ""n_9"": 1357}",1385,1399,1357,1385,1399,1385,1399,1399,1357,1385,1385,1385,1371,1371,30364,,,,,,,,,,,,,,,,,,,,,,,,,,,,,,,,,,,
UCB direct,4,15,ok,200000,42869,157131,42794,25974,16820,1201.42857143,19419.6948,2.20363916327,0.154092469181,"{""n_1"": 1203, ""n_10"": 1203, ""n_11"": 1203, ""n_12"": 1203, ""n_13"": 1191, ""n_14"": 1191, ""n_15"": 25974, ""n_2"": 1216, ""n_3"": 1178, ""n_4"": 1203, ""n_5"": 1216, ""n_6"": 1203, ""n_7"": 1216, ""n_8"": 1216, ""n_9"": 1178}",1203,1216,1178,1203,1216,1203,1216,1216,1178,1203,1203,1203,1191,1191,25974,,,,,,,,,,,,,,,,,,,,,,,,,,,,,,,,,,,
TS appendix,4,15,ok,200000,76394,123606,76319,48593,27726,1980.42857143,19419.6948,3.92997937331,0.179600215724,"{""n_1"": 1982, ""n_10"": 1982, ""n_11"": 1982, ""n_12"": 1982, ""n_13"": 1971, ""n_14"": 1971, ""n_15"": 48593, ""n_2"": 1993, ""n_3"": 1960, ""n_4"": 1982, ""n_5"": 1993, ""n_6"": 1982, ""n_7"": 1993, ""n_8"": 1993, ""n_9"": 1960}",1982,1993,1960,1982,1993,1982,1993,1993,1960,1982,1982,1982,1971,1971,48593,,,,,,,,,,,,,,,,,,,,,,,,,,,,,,,,,,,
TS direct,4,15,ok,200000,61302,138698,61227,38497,22730,1623.57142857,19419.6948,3.15283018763,0.19845000006,"{""n_1"": 1625, ""n_10"": 1625, ""n_11"": 1625, ""n_12"": 1625, ""n_13"": 1615, ""n_14"": 1615, ""n_15"": 38497, ""n_2"": 1635, ""n_3"": 1605, ""n_4"": 1625, ""n_5"": 1635, ""n_6"": 1625, ""n_7"": 1635, ""n_8"": 1635, ""n_9"": 1605}",1625,1635,1605,1625,1635,1625,1635,1635,1605,1625,1625,1625,1615,1615,38497,,,,,,,,,,,,,,,,,,,,,,,,,,,,,,,,,,,
UCB appendix,4,20,ok,200000,56229,143771,56129,34115,22014,1158.63157895,21374.1398084,2.62602380742,0.14571882709,"{""n_1"": 1167, ""n_10"": 1167, ""n_11"": 1155, ""n_12"": 1167, ""n_13"": 1167, ""n_14"": 1155, ""n_15"": 1155, ""n_16"": 1167, ""n_17"": 1167, ""n_18"": 1130, ""n_19"": 1142, ""n_2"": 1167, ""n_20"": 34115, ""n_3"": 1155, ""n_4"": 1155, ""n_5"": 1155, ""n_6"": 1167, ""n_7"": 1167, ""n_8"": 1167, ""n_9"": 1142}",1167,1167,1155,1155,1155,1167,1167,1167,1142,1167,1155,1167,1167,1155,1155,1167,1167,1130,1142,34115,,,,,,,,,,,,,,,,,,,,,,,,,,,,,,
UCB direct,4,20,ok,200000,47556,152444,47456,28640,18816,990.315789474,21374.1398084,2.22025309207,0.170465871078,"{""n_1"": 998, ""n_10"": 998, ""n_11"": 987, ""n_12"": 998, ""n_13"": 998, ""n_14"": 987, ""n_15"": 987, ""n_16"": 998, ""n_17"": 998, ""n_18"": 964, ""n_19"": 975, ""n_2"": 998, ""n_20"": 28640, ""n_3"": 987, ""n_4"": 987, ""n_5"": 987, ""n_6"": 998, ""n_7"": 998, ""n_8"": 998, ""n_9"": 975}",998,998,987,987,987,998,998,998,975,998,987,998,998,987,987,998,998,964,975,28640,,,,,,,,,,,,,,,,,,,,,,,,,,,,,,
TS appendix,4,20,ok,200000,85858,114142,85758,53987,31771,1672.15789474,21374.1398084,4.0122316392,0.196782494581,"{""n_1"": 1679, ""n_10"": 1679, ""n_11"": 1669, ""n_12"": 1679, ""n_13"": 1679, ""n_14"": 1669, ""n_15"": 1669, ""n_16"": 1679, ""n_17"": 1679, ""n_18"": 1649, ""n_19"": 1659, ""n_2"": 1679, ""n_20"": 53987, ""n_3"": 1669, ""n_4"": 1669, ""n_5"": 1669, ""n_6"": 1679, ""n_7"": 1679, ""n_8"": 1679, ""n_9"": 1659}",1679,1679,1669,1669,1669,1679,1679,1679,1659,1679,1669,1679,1679,1669,1669,1679,1679,1649,1659,53987,,,,,,,,,,,,,,,,,,,,,,,,,,,,,,
TS direct,4,20,ok,200000,67252,132748,67152,41847,25305,1331.84210526,21374.1398084,3.14174046777,0.220650000056,"{""n_1"": 1338, ""n_10"": 1338, ""n_11"": 1329, ""n_12"": 1338, ""n_13"": 1338, ""n_14"": 1329, ""n_15"": 1329, ""n_16"": 1338, ""n_17"": 1338, ""n_18"": 1311, ""n_19"": 1320, ""n_2"": 1338, ""n_20"": 41847, ""n_3"": 1329, ""n_4"": 1329, ""n_5"": 1329, ""n_6"": 1338, ""n_7"": 1338, ""n_8"": 1338, ""n_9"": 1320}",1338,1338,1329,1329,1329,1338,1338,1338,1320,1338,1329,1338,1338,1329,1329,1338,1338,1311,1320,41847,,,,,,,,,,,,,,,,,,,,,,,,,,,,,,
UCB appendix,4,30,ok,200000,66347,133653,66197,39992,26205,903.620689655,24467.282261,2.70553138243,0.166637306282,"{""n_1"": 915, ""n_10"": 904, ""n_11"": 904, ""n_12"": 915, ""n_13"": 915, ""n_14"": 904, ""n_15"": 904, ""n_16"": 893, ""n_17"": 893, ""n_18"": 904, ""n_19"": 893, ""n_2"": 915, ""n_20"": 882, ""n_21"": 904, ""n_22"": 904, ""n_23"": 904, ""n_24"": 893, ""n_25"": 904, ""n_26"": 882, ""n_27"": 893, ""n_28"": 904, ""n_29"": 915, ""n_3"": 904, ""n_30"": 39992, ""n_4"": 904, ""n_5"": 915, ""n_6"": 915, ""n_7"": 904, ""n_8"": 915, ""n_9"": 904}",915,915,904,904,915,915,904,915,904,904,904,915,915,904,904,893,893,904,893,882,904,904,904,893,904,882,893,904,915,39992,,,,,,,,,,,,,,,,,,,,
UCB direct,4,30,ok,200000,54594,145406,54444,32443,22001,758.655172414,24467.282261,2.22517562103,0.194835787913,"{""n_1"": 769, ""n_10"": 759, ""n_11"": 759, ""n_12"": 769, ""n_13"": 769, ""n_14"": 759, ""n_15"": 759, ""n_16"": 749, ""n_17"": 749, ""n_18"": 759, ""n_19"": 749, ""n_2"": 769, ""n_20"": 739, ""n_21"": 759, ""n_22"": 759, ""n_23"": 759, ""n_24"": 749, ""n_25"": 759, ""n_26"": 739, ""n_27"": 749, ""n_28"": 759, ""n_29"": 769, ""n_3"": 759, ""n_30"": 32443, ""n_4"": 759, ""n_5"": 769, ""n_6"": 769, ""n_7"": 759, ""n_8"": 769, ""n_9"": 759}",769,769,759,759,769,769,759,769,759,759,759,769,769,759,759,749,749,759,749,739,759,759,759,749,759,739,749,759,769,32443,,,,,,,,,,,,,,,,,,,,
TS appendix,4,30,ok,200000,101080,98920,100930,62543,38387,1323.68965517,24467.282261,4.12510056995,0.222606353562,"{""n_1"": 1333, ""n_10"": 1324, ""n_11"": 1324, ""n_12"": 1333, ""n_13"": 1333, ""n_14"": 1324, ""n_15"": 1324, ""n_16"": 1315, ""n_17"": 1315, ""n_18"": 1324, ""n_19"": 1315, ""n_2"": 1333, ""n_20"": 1306, ""n_21"": 1324, ""n_22"": 1324, ""n_23"": 1324, ""n_24"": 1315, ""n_25"": 1324, ""n_26"": 1306, ""n_27"": 1315, ""n_28"": 1324, ""n_29"": 1333, ""n_3"": 1324, ""n_30"": 62543, ""n_4"": 1324, ""n_5"": 1333, ""n_6"": 1333, ""n_7"": 1324, ""n_8"": 1333, ""n_9"": 1324}",1333,1333,1324,1324,1333,1333,1324,1333,1324,1324,1324,1333,1333,1324,1324,1315,1315,1324,1315,1306,1324,1324,1324,1315,1324,1306,1315,1324,1333,62543,,,,,,,,,,,,,,,,,,,,
TS direct,4,30,ok,200000,76246,123754,76096,46263,29833,1028.72413793,24467.282261,3.11011248361,0.252700000049,"{""n_1"": 1037, ""n_10"": 1029, ""n_11"": 1029, ""n_12"": 1037, ""n_13"": 1037, ""n_14"": 1029, ""n_15"": 1029, ""n_16"": 1021, ""n_17"": 1021, ""n_18"": 1029, ""n_19"": 1021, ""n_2"": 1037, ""n_20"": 1013, ""n_21"": 1029, ""n_22"": 1029, ""n_23"": 1029, ""n_24"": 1021, ""n_25"": 1029, ""n_26"": 1013, ""n_27"": 1021, ""n_28"": 1029, ""n_29"": 1037, ""n_3"": 1029, ""n_30"": 46263, ""n_4"": 1029, ""n_5"": 1037, ""n_6"": 1037, ""n_7"": 1029, ""n_8"": 1037, ""n_9"": 1029}",1037,1037,1029,1029,1037,1037,1029,1037,1029,1029,1029,1037,1037,1029,1029,1021,1021,1029,1021,1013,1029,1029,1029,1021,1029,1013,1021,1029,1037,46263,,,,,,,,,,,,,,,,,,,,
UCB appendix,4,40,ok,200000,74646,125354,74446,44719,29727,762.230769231,26929.728668,2.76445414351,0.1827340594,"{""n_1"": 763, ""n_10"": 763, ""n_11"": 763, ""n_12"": 773, ""n_13"": 773, ""n_14"": 773, ""n_15"": 753, ""n_16"": 753, ""n_17"": 773, ""n_18"": 763, ""n_19"": 763, ""n_2"": 763, ""n_20"": 763, ""n_21"": 773, ""n_22"": 763, ""n_23"": 753, ""n_24"": 763, ""n_25"": 773, ""n_26"": 773, ""n_27"": 773, ""n_28"": 743, ""n_29"": 753, ""n_3"": 763, ""n_30"": 763, ""n_31"": 763, ""n_32"": 753, ""n_33"": 743, ""n_34"": 753, ""n_35"": 753, ""n_36"": 763, ""n_37"": 743, ""n_38"": 773, ""n_39"": 743, ""n_4"": 763, ""n_40"": 44719, ""n_5"": 773, ""n_6"": 773, ""n_7"": 773, ""n_8"": 763, ""n_9"": 763}",763,763,763,763,773,773,773,763,763,763,763,773,773,773,753,753,773,763,763,763,773,763,753,763,773,773,773,743,753,763,763,753,743,753,753,763,743,773,743,44719,,,,,,,,,,
UCB direct,4,40,ok,200000,60101,139899,59901,35592,24309,623.307692308,26929.728668,2.2243447284,0.215315739971,"{""n_1"": 624, ""n_10"": 624, ""n_11"": 624, ""n_12"": 633, ""n_13"": 633, ""n_14"": 633, ""n_15"": 615, ""n_16"": 615, ""n_17"": 633, ""n_18"": 624, ""n_19"": 624, ""n_2"": 624, ""n_20"": 624, ""n_21"": 633, ""n_22"": 624, ""n_23"": 615, ""n_24"": 624, ""n_25"": 633, ""n_26"": 633, ""n_27"": 633, ""n_28"": 606, ""n_29"": 615, ""n_3"": 624, ""n_30"": 624, ""n_31"": 624, ""n_32"": 615, ""n_33"": 606, ""n_34"": 615, ""n_35"": 615, ""n_36"": 624, ""n_37"": 606, ""n_38"": 633, ""n_39"": 606, ""n_4"": 624, ""n_40"": 35592, ""n_5"": 633, ""n_6"": 633, ""n_7"": 633, ""n_8"": 624, ""n_9"": 624}",624,624,624,624,633,633,633,624,624,624,624,633,633,633,615,615,633,624,624,624,633,624,615,624,633,633,633,606,615,624,624,615,606,615,615,624,606,633,606,35592,,,,,,,,,,
TS appendix,4,40,ok,200000,113669,86331,113469,69462,44007,1128.38461538,26929.728668,4.21352184416,0.242297752592,"{""n_1"": 1129, ""n_10"": 1129, ""n_11"": 1129, ""n_12"": 1137, ""n_13"": 1137, ""n_14"": 1137, ""n_15"": 1121, ""n_16"": 1121, ""n_17"": 1137, ""n_18"": 1129, ""n_19"": 1129, ""n_2"": 1129, ""n_20"": 1129, ""n_21"": 1137, ""n_22"": 1129, ""n_23"": 1121, ""n_24"": 1129, ""n_25"": 1137, ""n_26"": 1137, ""n_27"": 1137, ""n_28"": 1113, ""n_29"": 1121, ""n_3"": 1129, ""n_30"": 1129, ""n_31"": 1129, ""n_32"": 1121, ""n_33"": 1113, ""n_34"": 1121, ""n_35"": 1121, ""n_36"": 1129, ""n_37"": 1113, ""n_38"": 1137, ""n_39"": 1113, ""n_4"": 1129, ""n_40"": 69462, ""n_5"": 1137, ""n_6"": 1137, ""n_7"": 1137, ""n_8"": 1129, ""n_9"": 1129}",1129,1129,1129,1129,1137,1137,1137,1129,1129,1129,1129,1137,1137,1137,1121,1121,1137,1129,1129,1129,1137,1129,1121,1129,1137,1137,1137,1113,1121,1129,1129,1121,1113,1121,1121,1129,1113,1137,1113,69462,,,,,,,,,,
TS direct,4,40,ok,200000,83198,116802,82998,49713,33285,853.461538462,26929.728668,3.0820213981,0.278850000044,"{""n_1"": 854, ""n_10"": 854, ""n_11"": 854, ""n_12"": 861, ""n_13"": 861, ""n_14"": 861, ""n_15"": 847, ""n_16"": 847, ""n_17"": 861, ""n_18"": 854, ""n_19"": 854, ""n_2"": 854, ""n_20"": 854, ""n_21"": 861, ""n_22"": 854, ""n_23"": 847, ""n_24"": 854, ""n_25"": 861, ""n_26"": 861, ""n_27"": 861, ""n_28"": 840, ""n_29"": 847, ""n_3"": 854, ""n_30"": 854, ""n_31"": 854, ""n_32"": 847, ""n_33"": 840, ""n_34"": 847, ""n_35"": 847, ""n_36"": 854, ""n_37"": 840, ""n_38"": 861, ""n_39"": 840, ""n_4"": 854, ""n_40"": 49713, ""n_5"": 861, ""n_6"": 861, ""n_7"": 861, ""n_8"": 854, ""n_9"": 854}",854,854,854,854,861,861,861,854,854,854,854,861,861,861,847,847,861,854,854,854,861,854,847,854,861,861,861,840,847,854,854,847,840,847,847,854,840,861,840,49713,,,,,,,,,,
UCB appendix,4,50,ok,200000,81918,118082,81668,48767,32901,671.448979592,29009.1708178,2.81524765092,0.196032137331,"{""n_1"": 680, ""n_10"": 680, ""n_11"": 661, ""n_12"": 680, ""n_13"": 680, ""n_14"": 680, ""n_15"": 680, ""n_16"": 671, ""n_17"": 671, ""n_18"": 680, ""n_19"": 671, ""n_2"": 661, ""n_20"": 680, ""n_21"": 671, ""n_22"": 671, ""n_23"": 661, ""n_24"": 680, ""n_25"": 680, ""n_26"": 680, ""n_27"": 652, ""n_28"": 671, ""n_29"": 671, ""n_3"": 680, ""n_30"": 680, ""n_31"": 680, ""n_32"": 680, ""n_33"": 661, ""n_34"": 661, ""n_35"": 661, ""n_36"": 680, ""n_37"": 680, ""n_38"": 661, ""n_39"": 671, ""n_4"": 671, ""n_40"": 671, ""n_41"": 671, ""n_42"": 680, ""n_43"": 652, ""n_44"": 671, ""n_45"": 652, ""n_46"": 642, ""n_47"": 652, ""n_48"": 661, ""n_49"": 680, ""n_5"": 680, ""n_50"": 48767, ""n_6"": 680, ""n_7"": 680, ""n_8"": 671, ""n_9"": 680}",680,661,680,671,680,680,680,671,680,680,661,680,680,680,680,671,671,680,671,680,671,671,661,680,680,680,652,671,671,680,680,680,661,661,661,680,680,661,671,671,671,680,652,671,652,642,652,661,680,48767
UCB direct,4,50,ok,200000,64737,135263,64487,38098,26389,538.551020408,29009.1708178,2.22298666877,0.23233685401,"{""n_1"": 546, ""n_10"": 546, ""n_11"": 530, ""n_12"": 546, ""n_13"": 546, ""n_14"": 546, ""n_15"": 546, ""n_16"": 538, ""n_17"": 538, ""n_18"": 546, ""n_19"": 538, ""n_2"": 530, ""n_20"": 546, ""n_21"": 538, ""n_22"": 538, ""n_23"": 530, ""n_24"": 546, ""n_25"": 546, ""n_26"": 546, ""n_27"": 521, ""n_28"": 538, ""n_29"": 538, ""n_3"": 546, ""n_30"": 546, ""n_31"": 546, ""n_32"": 546, ""n_33"": 530, ""n_34"": 530, ""n_35"": 530, ""n_36"": 546, ""n_37"": 546, ""n_38"": 530, ""n_39"": 538, ""n_4"": 538, ""n_40"": 538, ""n_41"": 538, ""n_42"": 546, ""n_43"": 521, ""n_44"": 538, ""n_45"": 521, ""n_46"": 513, ""n_47"": 521, ""n_48"": 530, ""n_49"": 546, ""n_5"": 546, ""n_50"": 38098, ""n_6"": 546, ""n_7"": 546, ""n_8"": 538, ""n_9"": 546}",546,530,546,538,546,546,546,538,546,546,530,546,546,546,546,538,538,546,538,546,538,538,530,546,546,546,521,538,538,546,546,546,530,530,530,546,546,530,538,538,538,546,521,538,521,513,521,530,546,38098
TS appendix,4,50,ok,200000,124735,75265,124485,75399,49086,1001.75510204,29009.1708178,4.29122916963,0.258413779149,"{""n_1"": 1009, ""n_10"": 1009, ""n_11"": 993, ""n_12"": 1009, ""n_13"": 1009, ""n_14"": 1009, ""n_15"": 1009, ""n_16"": 1001, ""n_17"": 1001, ""n_18"": 1009, ""n_19"": 1001, ""n_2"": 993, ""n_20"": 1009, ""n_21"": 1001, ""n_22"": 1001, ""n_23"": 993, ""n_24"": 1009, ""n_25"": 1009, ""n_26"": 1009, ""n_27"": 986, ""n_28"": 1001, ""n_29"": 1001, ""n_3"": 1009, ""n_30"": 1009, ""n_31"": 1009, ""n_32"": 1009, ""n_33"": 993, ""n_34"": 993, ""n_35"": 993, ""n_36"": 1009, ""n_37"": 1009, ""n_38"": 993, ""n_39"": 1001, ""n_4"": 1001, ""n_40"": 1001, ""n_41"": 1001, ""n_42"": 1009, ""n_43"": 986, ""n_44"": 1001, ""n_45"": 986, ""n_46"": 978, ""n_47"": 986, ""n_48"": 993, ""n_49"": 1009, ""n_5"": 1009, ""n_50"": 75399, ""n_6"": 1009, ""n_7"": 1009, ""n_8"": 1001, ""n_9"": 1009}",1009,993,1009,1001,1009,1009,1009,1001,1009,1009,993,1009,1009,1009,1009,1001,1001,1009,1001,1009,1001,1001,993,1009,1009,1009,986,1001,1001,1009,1009,1009,993,993,993,1009,1009,993,1001,1001,1001,1009,986,1001,986,978,986,993,1009,75399
TS direct,4,50,ok,200000,88974,111026,88724,52405,36319,741.204081633,29009.1708178,3.05848107681,0.30070000004,"{""n_1"": 747, ""n_10"": 747, ""n_11"": 734, ""n_12"": 747, ""n_13"": 747, ""n_14"": 747, ""n_15"": 747, ""n_16"": 741, ""n_17"": 741, ""n_18"": 747, ""n_19"": 741, ""n_2"": 734, ""n_20"": 747, ""n_21"": 741, ""n_22"": 741, ""n_23"": 734, ""n_24"": 747, ""n_25"": 747, ""n_26"": 747, ""n_27"": 728, ""n_28"": 741, ""n_29"": 741, ""n_3"": 747, ""n_30"": 747, ""n_31"": 747, ""n_32"": 747, ""n_33"": 734, ""n_34"": 734, ""n_35"": 734, ""n_36"": 747, ""n_37"": 747, ""n_38"": 734, ""n_39"": 741, ""n_4"": 741, ""n_40"": 741, ""n_41"": 741, ""n_42"": 747, ""n_43"": 728, ""n_44"": 741, ""n_45"": 728, ""n_46"": 721, ""n_47"": 728, ""n_48"": 734, ""n_49"": 747, ""n_5"": 747, ""n_50"": 52405, ""n_6"": 747, ""n_7"": 747, ""n_8"": 741, ""n_9"": 747}",747,734,747,741,747,747,747,741,747,747,734,747,747,747,747,741,741,747,741,747,741,741,734,747,747,747,728,741,741,747,747,747,734,734,734,747,747,734,741,741,741,747,728,741,728,721,728,734,747,52405
UCB appendix,5,5,ok,200000,30599,169401,30574,18782,11792,2948,13464.864334,2.27065043075,0.0858438349958,"{""n_1"": 2983, ""n_2"": 2943, ""n_3"": 2923, ""n_4"": 2943, ""n_5"": 18782}",2983,2943,2923,2943,18782,,,,,,,,,,,,,,,,,,,,,,,,,,,,,,,,,,,,,,,,,,,,,
UCB direct,5,5,ok,200000,27837,172163,27812,16932,10880,2720,13464.864334,2.06552396742,0.101586539229,"{""n_1"": 2754, ""n_2"": 2715, ""n_3"": 2696, ""n_4"": 2715, ""n_5"": 16932}",2754,2715,2696,2715,16932,,,,,,,,,,,,,,,,,,,,,,,,,,,,,,,,,,,,,,,,,,,,,
TS appendix,5,5,ok,200000,48515,151485,48490,32099,16391,4097.75,13464.864334,3.60122454985,0.12216315405,"{""n_1"": 4126, ""n_2"": 4094, ""n_3"": 4077, ""n_4"": 4094, ""n_5"": 32099}",4126,4094,4077,4094,32099,,,,,,,,,,,,,,,,,,,,,,,,,,,,,,,,,,,,,,,,,,,,,
TS direct,5,5,ok,200000,41965,158035,41940,27668,14272,3568,13464.864334,3.11477330626,0.130950000074,"{""n_1"": 3595, ""n_2"": 3564, ""n_3"": 3549, ""n_4"": 3564, ""n_5"": 27668}",3595,3564,3549,3564,27668,,,,,,,,,,,,,,,,,,,,,,,,,,,,,,,,,,,,,,,,,,,,,
UCB appendix,5,10,ok,200000,42007,157993,41957,25694,16263,1807,16964.6660084,2.4731992943,0.113840508707,"{""n_1"": 1817, ""n_10"": 25694, ""n_2"": 1802, ""n_3"": 1802, ""n_4"": 1817, ""n_5"": 1802, ""n_6"": 1817, ""n_7"": 1802, ""n_8"": 1802, ""n_9"": 1802}",1817,1802,1802,1817,1802,1817,1802,1802,1802,25694,,,,,,,,,,,,,,,,,,,,,,,,,,,,,,,,,,,,,,,,
UCB direct,5,10,ok,200000,36968,163032,36918,22338,14580,1620,16964.6660084,2.17617016343,0.132674085126,"{""n_1"": 1630, ""n_10"": 22338, ""n_2"": 1615, ""n_3"": 1615, ""n_4"": 1630, ""n_5"": 1615, ""n_6"": 1630, ""n_7"": 1615, ""n_8"": 1615, ""n_9"": 1615}",1630,1615,1615,1630,1615,1630,1615,1615,1615,22338,,,,,,,,,,,,,,,,,,,,,,,,,,,,,,,,,,,,,,,,
TS appendix,5,10,ok,200000,64911,135089,64861,41881,22980,2553.33333333,16964.6660084,3.82329955496,0.157162045769,"{""n_1"": 2562, ""n_10"": 41881, ""n_2"": 2549, ""n_3"": 2549, ""n_4"": 2562, ""n_5"": 2549, ""n_6"": 2562, ""n_7"": 2549, ""n_8"": 2549, ""n_9"": 2549}",2562,2549,2549,2562,2549,2562,2549,2549,2549,41881,,,,,,,,,,,,,,,,,,,,,,,,,,,,,,,,,,,,,,,,
TS direct,5,10,ok,200000,53690,146310,53640,34497,19143,2127,16964.6660084,3.16186596149,0.172300000066,"{""n_1"": 2135, ""n_10"": 34497, ""n_2"": 2123, ""n_3"": 2123, ""n_4"": 2135, ""n_5"": 2123, ""n_6"": 2135, ""n_7"": 2123, ""n_8"": 2123, ""n_9"": 2123}",2135,2123,2123,2135,2123,2135,2123,2123,2123,34497,,,,,,,,,,,,,,,,,,,,,,,,,,,,,,,,,,,,,,,,
UCB appendix,5,15,ok,200000,49855,150145,49780,30381,19399,1385.64285714,19419.6948,2.56337705163,0.131870117102,"{""n_1"": 1384, ""n_10"": 1397, ""n_11"": 1370, ""n_12"": 1384, ""n_13"": 1370, ""n_14"": 1370, ""n_15"": 30381, ""n_2"": 1397, ""n_3"": 1384, ""n_4"": 1397, ""n_5"": 1397, ""n_6"": 1397, ""n_7"": 1384, ""n_8"": 1384, ""n_9"": 1384}",1384,1397,1384,1397,1397,1397,1384,1384,1384,1397,1370,1384,1370,1370,30381,,,,,,,,,,,,,,,,,,,,,,,,,,,,,,,,,,,
UCB direct,5,15,ok,200000,42912,157088,42837,25966,16871,1205.07142857,19419.6948,2.20585341022,0.154092469181,"{""n_1"": 1203, ""n_10"": 1216, ""n_11"": 1191, ""n_12"": 1203, ""n_13"": 1191, ""n_14"": 1191, ""n_15"": 25966, ""n_2"": 1216, ""n_3"": 1203, ""n_4"": 1216, ""n_5"": 1216, ""n_6"": 1216, ""n_7"": 1203, ""n_8"": 1203, ""n_9"": 1203}",1203,1216,1203,1216,1216,1216,1203,1203,1203,1216,1191,1203,1191,1191,25966,,,,,,,,,,,,,,,,,,,,,,,,,,,,,,,,,,,
TS appendix,5,15,ok,200000,76437,123563,76362,48606,27756,1982.57142857,19419.6948,3.93219362027,0.179642642761,"{""n_1"": 1981, ""n_10"": 1992, ""n_11"": 1970, ""n_12"": 1981, ""n_13"": 1970, ""n_14"": 1970, ""n_15"": 48606, ""n_2"": 1992, ""n_3"": 1981, ""n_4"": 1992, ""n_5"": 1992, ""n_6"": 1992, ""n_7"": 1981, ""n_8"": 1981, ""n_9"": 1981}",1981,1992,1981,1992,1992,1992,1981,1981,1981,1992,1970,1981,1970,1970,48606,,,,,,,,,,,,,,,,,,,,,,,,,,,,,,,,,,,
TS direct,5,15,ok,200000,61333,138667,61258,38488,22770,1626.42857143,19419.6948,3.1544265052,0.19845000006,"{""n_1"": 1625, ""n_10"": 1635, ""n_11"": 1615, ""n_12"": 1625, ""n_13"": 1615, ""n_14"": 1615, ""n_15"": 38488, ""n_2"": 1635, ""n_3"": 1625, ""n_4"": 1635, ""n_5"": 1635, ""n_6"": 1635, ""n_7"": 1625, ""n_8"": 1625, ""n_9"": 1625}",1625,1635,1625,1635,1635,1635,1625,1625,1625,1635,1615,1625,1615,1615,38488,,,,,,,,,,,,,,,,,,,,,,,,,,,,,,,,,,,
UCB appendix,5,20,ok,200000,56193,143807,56093,34104,21989,1157.31578947,21374.1398084,2.62433952911,0.145677311848,"{""n_1"": 1155, ""n_10"": 1155, ""n_11"": 1168, ""n_12"": 1168, ""n_13"": 1143, ""n_14"": 1155, ""n_15"": 1155, ""n_16"": 1168, ""n_17"": 1143, ""n_18"": 1143, ""n_19"": 1143, ""n_2"": 1168, ""n_20"": 34104, ""n_3"": 1168, ""n_4"": 1155, ""n_5"": 1143, ""n_6"": 1155, ""n_7"": 1168, ""n_8"": 1168, ""n_9"": 1168}",1155,1168,1168,1155,1143,1155,1168,1168,1168,1155,1168,1168,1143,1155,1155,1168,1143,1143,1143,34104,,,,,,,,,,,,,,,,,,,,,,,,,,,,,,
UCB direct,5,20,ok,200000,47526,152474,47426,28645,18781,988.473684211,21374.1398084,2.21884952681,0.170465871078,"{""n_1"": 987, ""n_10"": 987, ""n_11"": 998, ""n_12"": 998, ""n_13"": 975, ""n_14"": 987, ""n_15"": 987, ""n_16"": 998, ""n_17"": 975, ""n_18"": 975, ""n_19"": 975, ""n_2"": 998, ""n_20"": 28645, ""n_3"": 998, ""n_4"": 987, ""n_5"": 975, ""n_6"": 987, ""n_7"": 998, ""n_8"": 998, ""n_9"": 998}",987,998,998,987,975,987,998,998,998,987,998,998,975,987,987,998,975,975,975,28645,,,,,,,,,,,,,,,,,,,,,,,,,,,,,,
TS appendix,5,20,ok,200000,85819,114181,85719,53978,31741,1670.57894737,21374.1398084,4.01040700437,0.196755073,"{""n_1"": 1669, ""n_10"": 1669, ""n_11"": 1679, ""n_12"": 1679, ""n_13"": 1659, ""n_14"": 1669, ""n_15"": 1669, ""n_16"": 1679, ""n_17"": 1659, ""n_18"": 1659, ""n_19"": 1659, ""n_2"": 1679, ""n_20"": 53978, ""n_3"": 1679, ""n_4"": 1669, ""n_5"": 1659, ""n_6"": 1669, ""n_7"": 1679, ""n_8"": 1679, ""n_9"": 1679}",1669,1679,1679,1669,1659,1669,1679,1679,1679,1669,1679,1679,1659,1669,1669,1679,1659,1659,1659,53978,,,,,,,,,,,,,,,,,,,,,,,,,,,,,,
TS direct,5,20,ok,200000,67231,132769,67131,41910,25221,1327.42105263,21374.1398084,3.1407579721,0.220900000056,"{""n_1"": 1326, ""n_10"": 1326, ""n_11"": 1335, ""n_12"": 1335, ""n_13"": 1317, ""n_14"": 1326, ""n_15"": 1326, ""n_16"": 1335, ""n_17"": 1317, ""n_18"": 1317, ""n_19"": 1317, ""n_2"": 1335, ""n_20"": 41910, ""n_3"": 1335, ""n_4"": 1326, ""n_5"": 1317, ""n_6"": 1326, ""n_7"": 1335, ""n_8"": 1335, ""n_9"": 1335}",1326,1335,1335,1326,1317,1326,1335,1335,1335,1326,1335,1335,1317,1326,1326,1335,1317,1317,1317,41910,,,,,,,,,,,,,,,,,,,,,,,,,,,,,,
UCB appendix,5,30,ok,200000,66318,133682,66168,39979,26189,903.068965517,24467.282261,2.70434612615,0.166591568462,"{""n_1"": 916, ""n_10"": 905, ""n_11"": 916, ""n_12"": 916, ""n_13"": 905, ""n_14"": 905, ""n_15"": 871, ""n_16"": 905, ""n_17"": 916, ""n_18"": 905, ""n_19"": 894, ""n_2"": 916, ""n_20"": 894, ""n_21"": 916, ""n_22"": 905, ""n_23"": 905, ""n_24"": 905, ""n_25"": 883, ""n_26"": 905, ""n_27"": 883, ""n_28"": 905, ""n_29"": 894, ""n_3"": 916, ""n_30"": 39979, ""n_4"": 905, ""n_5"": 905, ""n_6"": 883, ""n_7"": 905, ""n_8"": 894, ""n_9"": 916}",916,916,916,905,905,883,905,894,916,905,916,916,905,905,871,905,916,905,894,894,916,905,905,905,883,905,883,905,894,39979,,,,,,,,,,,,,,,,,,,,
UCB direct,5,30,ok,200000,54561,145439,54411,32450,21961,757.275862069,24467.282261,2.22382688112,0.194835787913,"{""n_1"": 769, ""n_10"": 759, ""n_11"": 769, ""n_12"": 769, ""n_13"": 759, ""n_14"": 759, ""n_15"": 729, ""n_16"": 759, ""n_17"": 769, ""n_18"": 759, ""n_19"": 749, ""n_2"": 769, ""n_20"": 749, ""n_21"": 769, ""n_22"": 759, ""n_23"": 759, ""n_24"": 759, ""n_25"": 739, ""n_26"": 759, ""n_27"": 739, ""n_28"": 759, ""n_29"": 749, ""n_3"": 769, ""n_30"": 32450, ""n_4"": 759, ""n_5"": 759, ""n_6"": 739, ""n_7"": 759, ""n_8"": 749, ""n_9"": 769}",769,769,769,759,759,739,759,749,769,759,769,769,759,759,729,759,769,759,749,749,769,759,759,759,739,759,739,759,749,32450,,,,,,,,,,,,,,,,,,,,
TS appendix,5,30,ok,200000,101034,98966,100884,62533,38351,1322.44827586,24467.282261,4.12322050826,0.222576793721,"{""n_1"": 1333, ""n_10"": 1324, ""n_11"": 1333, ""n_12"": 1333, ""n_13"": 1324, ""n_14"": 1324, ""n_15"": 1297, ""n_16"": 1324, ""n_17"": 1333, ""n_18"": 1324, ""n_19"": 1315, ""n_2"": 1333, ""n_20"": 1315, ""n_21"": 1333, ""n_22"": 1324, ""n_23"": 1324, ""n_24"": 1324, ""n_25"": 1306, ""n_26"": 1324, ""n_27"": 1306, ""n_28"": 1324, ""n_29"": 1315, ""n_3"": 1333, ""n_30"": 62533, ""n_4"": 1324, ""n_5"": 1324, ""n_6"": 1306, ""n_7"": 1324, ""n_8"": 1315, ""n_9"": 1333}",1333,1333,1333,1324,1324,1306,1324,1315,1333,1324,1333,1333,1324,1324,1297,1324,1333,1324,1315,1315,1333,1324,1324,1324,1306,1324,1306,1324,1315,62533,,,,,,,,,,,,,,,,,,,,
TS direct,5,30,ok,200000,76223,123777,76073,46583,29490,1016.89655172,24467.282261,3.10917245276,0.254050000049,"{""n_1"": 1026, ""n_10"": 1018, ""n_11"": 1026, ""n_12"": 1026, ""n_13"": 1018, ""n_14"": 1018, ""n_15"": 995, ""n_16"": 1018, ""n_17"": 1026, ""n_18"": 1018, ""n_19"": 1011, ""n_2"": 1026, ""n_20"": 1011, ""n_21"": 1026, ""n_22"": 1018, ""n_23"": 1018, ""n_24"": 1018, ""n_25"": 1003, ""n_26"": 1018, ""n_27"": 1003, ""n_28"": 1018, ""n_29"": 1011, ""n_3"": 1026, ""n_30"": 46583, ""n_4"": 1018, ""n_5"": 1018, ""n_6"": 1003, ""n_7"": 1018, ""n_8"": 1011, ""n_9"": 1026}",1026,1026,1026,1018,1018,1003,1018,1011,1026,1018,1026,1026,1018,1018,995,1018,1026,1018,1011,1011,1026,1018,1018,1018,1003,1018,1003,1018,1011,46583,,,,,,,,,,,,,,,,,,,,
UCB appendix,5,40,ok,200000,74750,125250,74550,44743,29807,764.282051282,26929.728668,2.76831604651,0.182813616919,"{""n_1"": 773, ""n_10"": 773, ""n_11"": 773, ""n_12"": 773, ""n_13"": 753, ""n_14"": 773, ""n_15"": 753, ""n_16"": 773, ""n_17"": 763, ""n_18"": 763, ""n_19"": 763, ""n_2"": 763, ""n_20"": 753, ""n_21"": 763, ""n_22"": 763, ""n_23"": 763, ""n_24"": 763, ""n_25"": 773, ""n_26"": 763, ""n_27"": 763, ""n_28"": 743, ""n_29"": 763, ""n_3"": 773, ""n_30"": 763, ""n_31"": 773, ""n_32"": 763, ""n_33"": 763, ""n_34"": 763, ""n_35"": 763, ""n_36"": 763, ""n_37"": 753, ""n_38"": 763, ""n_39"": 753, ""n_4"": 773, ""n_40"": 44743, ""n_5"": 763, ""n_6"": 763, ""n_7"": 763, ""n_8"": 773, ""n_9"": 773}",773,763,773,773,763,763,763,773,773,773,773,773,753,773,753,773,763,763,763,753,763,763,763,763,773,763,763,743,763,763,773,763,763,763,763,763,753,763,753,44743,,,,,,,,,,
UCB direct,5,40,ok,200000,60158,139842,59958,35577,24381,625.153846154,26929.728668,2.22646134832,0.215315739971,"{""n_1"": 633, ""n_10"": 633, ""n_11"": 633, ""n_12"": 633, ""n_13"": 615, ""n_14"": 633, ""n_15"": 615, ""n_16"": 633, ""n_17"": 624, ""n_18"": 624, ""n_19"": 624, ""n_2"": 624, ""n_20"": 615, ""n_21"": 624, ""n_22"": 624, ""n_23"": 624, ""n_24"": 624, ""n_25"": 633, ""n_26"": 624, ""n_27"": 624, ""n_28"": 606, ""n_29"": 624, ""n_3"": 633, ""n_30"": 624, ""n_31"": 633, ""n_32"": 624, ""n_33"": 624, ""n_34"": 624, ""n_35"": 624, ""n_36"": 624, ""n_37"": 615, ""n_38"": 624, ""n_39"": 615, ""n_4"": 633, ""n_40"": 35577, ""n_5"": 624, ""n_6"": 624, ""n_7"": 624, ""n_8"": 633, ""n_9"": 633}",633,624,633,633,624,624,624,633,633,633,633,633,615,633,615,633,624,624,624,615,624,624,624,624,633,624,624,606,624,624,633,624,624,624,624,624,615,624,615,35577,,,,,,,,,,
TS appendix,5,40,ok,200000,113750,86250,113550,69480,44070,1130,26929.728668,4.21652967246,0.242348355322,"{""n_1"": 1137, ""n_10"": 1137, ""n_11"": 1137, ""n_12"": 1137, ""n_13"": 1121, ""n_14"": 1137, ""n_15"": 1121, ""n_16"": 1137, ""n_17"": 1129, ""n_18"": 1129, ""n_19"": 1129, ""n_2"": 1129, ""n_20"": 1121, ""n_21"": 1129, ""n_22"": 1129, ""n_23"": 1129, ""n_24"": 1129, ""n_25"": 1137, ""n_26"": 1129, ""n_27"": 1129, ""n_28"": 1112, ""n_29"": 1129, ""n_3"": 1137, ""n_30"": 1129, ""n_31"": 1137, ""n_32"": 1129, ""n_33"": 1129, ""n_34"": 1129, ""n_35"": 1129, ""n_36"": 1129, ""n_37"": 1121, ""n_38"": 1129, ""n_39"": 1121, ""n_4"": 1137, ""n_40"": 69480, ""n_5"": 1129, ""n_6"": 1129, ""n_7"": 1129, ""n_8"": 1137, ""n_9"": 1137}",1137,1129,1137,1137,1129,1129,1129,1137,1137,1137,1137,1137,1121,1137,1121,1137,1129,1129,1129,1121,1129,1129,1129,1129,1137,1129,1129,1112,1129,1129,1137,1129,1129,1129,1129,1129,1121,1129,1121,69480,,,,,,,,,,
TS direct,5,40,ok,200000,83238,116762,83038,49697,33341,854.897435897,26929.728668,3.08350674541,0.278850000044,"{""n_1"": 861, ""n_10"": 861, ""n_11"": 861, ""n_12"": 861, ""n_13"": 847, ""n_14"": 861, ""n_15"": 847, ""n_16"": 861, ""n_17"": 854, ""n_18"": 854, ""n_19"": 854, ""n_2"": 854, ""n_20"": 847, ""n_21"": 854, ""n_22"": 854, ""n_23"": 854, ""n_24"": 854, ""n_25"": 861, ""n_26"": 854, ""n_27"": 854, ""n_28"": 840, ""n_29"": 854, ""n_3"": 861, ""n_30"": 854, ""n_31"": 861, ""n_32"": 854, ""n_33"": 854, ""n_34"": 854, ""n_35"": 854, ""n_36"": 854, ""n_37"": 847, ""n_38"": 854, ""n_39"": 847, ""n_4"": 861, ""n_40"": 49697, ""n_5"": 854, ""n_6"": 854, ""n_7"": 854, ""n_8"": 861, ""n_9"": 861}",861,854,861,861,854,854,854,861,861,861,861,861,847,861,847,861,854,854,854,847,854,854,854,854,861,854,854,840,854,854,861,854,854,854,854,854,847,854,847,49697,,,,,,,,,,
UCB appendix,5,50,ok,200000,81799,118201,81549,48728,32821,669.816326531,29009.1708178,2.81114549989,0.195907474033,"{""n_1"": 681, ""n_10"": 681, ""n_11"": 662, ""n_12"": 672, ""n_13"": 672, ""n_14"": 681, ""n_15"": 681, ""n_16"": 672, ""n_17"": 672, ""n_18"": 681, ""n_19"": 672, ""n_2"": 672, ""n_20"": 653, ""n_21"": 672, ""n_22"": 662, ""n_23"": 681, ""n_24"": 672, ""n_25"": 681, ""n_26"": 672, ""n_27"": 672, ""n_28"": 681, ""n_29"": 662, ""n_3"": 681, ""n_30"": 662, ""n_31"": 681, ""n_32"": 681, ""n_33"": 653, ""n_34"": 653, ""n_35"": 662, ""n_36"": 662, ""n_37"": 681, ""n_38"": 672, ""n_39"": 672, ""n_4"": 681, ""n_40"": 643, ""n_41"": 672, ""n_42"": 672, ""n_43"": 672, ""n_44"": 653, ""n_45"": 672, ""n_46"": 653, ""n_47"": 662, ""n_48"": 643, ""n_49"": 662, ""n_5"": 681, ""n_50"": 48728, ""n_6"": 672, ""n_7"": 672, ""n_8"": 672, ""n_9"": 672}",681,672,681,681,681,672,672,672,672,681,662,672,672,681,681,672,672,681,672,653,672,662,681,672,681,672,672,681,662,662,681,681,653,653,662,662,681,672,672,643,672,672,672,653,672,653,662,643,662,48728
UCB direct,5,50,ok,200000,64648,135352,64398,38123,26275,536.224489796,29009.1708178,2.21991867346,0.23233685401,"{""n_1"": 546, ""n_10"": 546, ""n_11"": 530, ""n_12"": 538, ""n_13"": 538, ""n_14"": 546, ""n_15"": 546, ""n_16"": 538, ""n_17"": 538, ""n_18"": 546, ""n_19"": 538, ""n_2"": 538, ""n_20"": 521, ""n_21"": 538, ""n_22"": 530, ""n_23"": 546, ""n_24"": 538, ""n_25"": 546, ""n_26"": 538, ""n_27"": 538, ""n_28"": 546, ""n_29"": 530, ""n_3"": 546, ""n_30"": 530, ""n_31"": 546, ""n_32"": 546, ""n_33"": 521, ""n_34"": 521, ""n_35"": 530, ""n_36"": 530, ""n_37"": 546, ""n_38"": 538, ""n_39"": 538, ""n_4"": 546, ""n_40"": 513, ""n_41"": 538, ""n_42"": 538, ""n_43"": 538, ""n_44"": 521, ""n_45"": 538, ""n_46"": 521, ""n_47"": 530, ""n_48"": 513, ""n_49"": 530, ""n_5"": 546, ""n_50"": 38123, ""n_6"": 538, ""n_7"": 538, ""n_8"": 538, ""n_9"": 538}",546,538,546,546,546,538,538,538,538,546,530,538,538,546,546,538,538,546,538,521,538,530,546,538,546,538,538,546,530,530,546,546,521,521,530,530,546,538,538,513,538,538,538,521,538,521,530,513,530,38123
TS appendix,5,50,ok,200000,124626,75374,124376,75370,49006,1000.12244898,29009.1708178,4.28747173717,0.258335494838,"{""n_1"": 1009, ""n_10"": 1009, ""n_11"": 994, ""n_12"": 1002, ""n_13"": 1002, ""n_14"": 1009, ""n_15"": 1009, ""n_16"": 1002, ""n_17"": 1002, ""n_18"": 1009, ""n_19"": 1002, ""n_2"": 1002, ""n_20"": 986, ""n_21"": 1002, ""n_22"": 994, ""n_23"": 1009, ""n_24"": 1002, ""n_25"": 1009, ""n_26"": 1002, ""n_27"": 1002, ""n_28"": 1009, ""n_29"": 994, ""n_3"": 1009, ""n_30"": 994, ""n_31"": 1009, ""n_32"": 1009, ""n_33"": 986, ""n_34"": 986, ""n_35"": 994, ""n_36"": 994, ""n_37"": 1009, ""n_38"": 1002, ""n_39"": 1002, ""n_4"": 1009, ""n_40"": 979, ""n_41"": 1002, ""n_42"": 1002, ""n_43"": 1002, ""n_44"": 986, ""n_45"": 1002, ""n_46"": 986, ""n_47"": 994, ""n_48"": 979, ""n_49"": 994, ""n_5"": 1009, ""n_50"": 75370, ""n_6"": 1002, ""n_7"": 1002, ""n_8"": 1002, ""n_9"": 1002}",1009,1002,1009,1009,1009,1002,1002,1002,1002,1009,994,1002,1002,1009,1009,1002,1002,1009,1002,986,1002,994,1009,1002,1009,1002,1002,1009,994,994,1009,1009,986,986,994,994,1009,1002,1002,979,1002,1002,1002,986,1002,986,994,979,994,75370
TS direct,5,50,ok,200000,88913,111087,88663,52456,36207,738.918367347,29009.1708178,3.0563782935,0.30080000004,"{""n_1"": 747, ""n_10"": 747, ""n_11"": 734, ""n_12"": 740, ""n_13"": 740, ""n_14"": 747, ""n_15"": 747, ""n_16"": 740, ""n_17"": 740, ""n_18"": 747, ""n_19"": 740, ""n_2"": 740, ""n_20"": 727, ""n_21"": 740, ""n_22"": 734, ""n_23"": 747, ""n_24"": 740, ""n_25"": 747, ""n_26"": 740, ""n_27"": 740, ""n_28"": 747, ""n_29"": 734, ""n_3"": 747, ""n_30"": 734, ""n_31"": 747, ""n_32"": 747, ""n_33"": 727, ""n_34"": 727, ""n_35"": 734, ""n_36"": 734, ""n_37"": 747, ""n_38"": 740, ""n_39"": 740, ""n_4"": 747, ""n_40"": 721, ""n_41"": 740, ""n_42"": 740, ""n_43"": 740, ""n_44"": 727, ""n_45"": 740, ""n_46"": 727, ""n_47"": 734, ""n_48"": 721, ""n_49"": 734, ""n_5"": 747, ""n_50"": 52456, ""n_6"": 740, ""n_7"": 740, ""n_8"": 740, ""n_9"": 740}",747,740,747,747,747,740,740,740,740,747,734,740,740,747,747,740,740,747,740,727,740,734,747,740,747,740,740,747,734,734,747,747,727,727,734,734,747,740,740,721,740,740,740,727,740,727,734,721,734,52456
UCB appendix,6,5,ok,200000,30680,169320,30655,18807,11848,2962,13464.864334,2.27666608735,0.0859507737504,"{""n_1"": 2957, ""n_2"": 2937, ""n_3"": 2977, ""n_4"": 2977, ""n_5"": 18807}",2957,2937,2977,2977,18807,,,,,,,,,,,,,,,,,,,,,,,,,,,,,,,,,,,,,,,,,,,,,
UCB direct,6,5,ok,200000,27906,172094,27881,17074,10807,2701.75,13464.864334,2.07064841564,0.102303379727,"{""n_1"": 2697, ""n_2"": 2678, ""n_3"": 2716, ""n_4"": 2716, ""n_5"": 17074}",2697,2678,2716,2716,17074,,,,,,,,,,,,,,,,,,,,,,,,,,,,,,,,,,,,,,,,,,,,,
TS appendix,6,5,ok,200000,48580,151420,48555,32119,16436,4109,13464.864334,3.6060519286,0.122238095804,"{""n_1"": 4105, ""n_2"": 4089, ""n_3"": 4121, ""n_4"": 4121, ""n_5"": 32119}",4105,4089,4121,4121,32119,,,,,,,,,,,,,,,,,,,,,,,,,,,,,,,,,,,,,,,,,,,,,
TS direct,6,5,ok,200000,42017,157983,41992,27649,14343,3585.75,13464.864334,3.11863520926,0.130900000074,"{""n_1"": 3582, ""n_2"": 3567, ""n_3"": 3597, ""n_4"": 3597, ""n_5"": 27649}",3582,3567,3597,3597,27649,,,,,,,,,,,,,,,,,,,,,,,,,,,,,,,,,,,,,,,,,,,,,
UCB appendix,6,10,ok,200000,41913,158087,41863,25664,16199,1799.88888889,16964.6660084,2.46765836588,0.113725591549,"{""n_1"": 1821, ""n_10"": 25664, ""n_2"": 1789, ""n_3"": 1774, ""n_4"": 1805, ""n_5"": 1821, ""n_6"": 1805, ""n_7"": 1805, ""n_8"": 1805, ""n_9"": 1774}",1821,1789,1774,1805,1821,1805,1805,1805,1774,25664,,,,,,,,,,,,,,,,,,,,,,,,,,,,,,,,,,,,,,,,
UCB direct,6,10,ok,200000,36892,163108,36842,22386,14456,1606.22222222,16964.6660084,2.17169026385,0.132848198098,"{""n_1"": 1626, ""n_10"": 22386, ""n_2"": 1596, ""n_3"": 1582, ""n_4"": 1611, ""n_5"": 1626, ""n_6"": 1611, ""n_7"": 1611, ""n_8"": 1611, ""n_9"": 1582}",1626,1596,1582,1611,1626,1611,1611,1611,1582,22386,,,,,,,,,,,,,,,,,,,,,,,,,,,,,,,,,,,,,,,,
TS appendix,6,10,ok,200000,64838,135162,64788,41859,22929,2547.66666667,16964.6660084,3.81899649353,0.157083730679,"{""n_1"": 2564, ""n_10"": 41859, ""n_2"": 2539, ""n_3"": 2527, ""n_4"": 2552, ""n_5"": 2564, ""n_6"": 2552, ""n_7"": 2552, ""n_8"": 2552, ""n_9"": 2527}",2564,2539,2527,2552,2564,2552,2552,2552,2527,41859,,,,,,,,,,,,,,,,,,,,,,,,,,,,,,,,,,,,,,,,
TS direct,6,10,ok,200000,53634,146366,53584,34366,19218,2135.33333333,16964.6660084,3.15856498286,0.171650000066,"{""n_1"": 2151, ""n_10"": 34366, ""n_2"": 2128, ""n_3"": 2116, ""n_4"": 2139, ""n_5"": 2151, ""n_6"": 2139, ""n_7"": 2139, ""n_8"": 2139, ""n_9"": 2116}",2151,2128,2116,2139,2151,2139,2139,2139,2116,34366,,,,,,,,,,,,,,,,,,,,,,,,,,,,,,,,,,,,,,,,
UCB appendix,6,15,ok,200000,49755,150245,49680,30351,19329,1380.64285714,19419.6948,2.55822764012,0.131759110416,"{""n_1"": 1399, ""n_10"": 1358, ""n_11"": 1399, ""n_12"": 1372, ""n_13"": 1331, ""n_14"": 1345, ""n_15"": 30351, ""n_2"": 1399, ""n_3"": 1372, ""n_4"": 1399, ""n_5"": 1399, ""n_6"": 1386, ""n_7"": 1399, ""n_8"": 1372, ""n_9"": 1399}",1399,1399,1372,1399,1399,1386,1399,1372,1399,1358,1399,1372,1331,1345,30351,,,,,,,,,,,,,,,,,,,,,,,,,,,,,,,,,,,
UCB direct,6,15,ok,200000,42835,157165,42760,25962,16798,1199.85714286,19419.6948,2.20188836336,0.154012212687,"{""n_1"": 1217, ""n_10"": 1179, ""n_11"": 1217, ""n_12"": 1192, ""n_13"": 1153, ""n_14"": 1166, ""n_15"": 25962, ""n_2"": 1217, ""n_3"": 1192, ""n_4"": 1217, ""n_5"": 1217, ""n_6"": 1205, ""n_7"": 1217, ""n_8"": 1192, ""n_9"": 1217}",1217,1217,1192,1217,1217,1205,1217,1192,1217,1179,1217,1192,1153,1166,25962,,,,,,,,,,,,,,,,,,,,,,,,,,,,,,,,,,,
TS appendix,6,15,ok,200000,76363,123637,76288,48583,27705,1978.92857143,19419.6948,3.92838305575,0.179568376551,"{""n_1"": 1994, ""n_10"": 1961, ""n_11"": 1994, ""n_12"": 1972, ""n_13"": 1938, ""n_14"": 1949, ""n_15"": 48583, ""n_2"": 1994, ""n_3"": 1972, ""n_4"": 1994, ""n_5"": 1994, ""n_6"": 1983, ""n_7"": 1994, ""n_8"": 1972, ""n_9"": 1994}",1994,1994,1972,1994,1994,1983,1994,1972,1994,1961,1994,1972,1938,1949,48583,,,,,,,,,,,,,,,,,,,,,,,,,,,,,,,,,,,
TS direct,6,15,ok,200000,61278,138722,61203,38503,22700,1621.42857143,19419.6948,3.15159432887,0.19845000006,"{""n_1"": 1635, ""n_10"": 1605, ""n_11"": 1635, ""n_12"": 1615, ""n_13"": 1585, ""n_14"": 1595, ""n_15"": 38503, ""n_2"": 1635, ""n_3"": 1615, ""n_4"": 1635, ""n_5"": 1635, ""n_6"": 1625, ""n_7"": 1635, ""n_8"": 1615, ""n_9"": 1635}",1635,1635,1615,1635,1635,1625,1635,1615,1635,1605,1635,1615,1585,1595,38503,,,,,,,,,,,,,,,,,,,,,,,,,,,,,,,,,,,
UCB appendix,6,20,ok,200000,56183,143817,56083,34100,21983,1157,21374.1398084,2.62387167403,0.145663459448,"{""n_1"": 1168, ""n_10"": 1131, ""n_11"": 1168, ""n_12"": 1168, ""n_13"": 1143, ""n_14"": 1143, ""n_15"": 1156, ""n_16"": 1156, ""n_17"": 1156, ""n_18"": 1156, ""n_19"": 1143, ""n_2"": 1168, ""n_20"": 34100, ""n_3"": 1156, ""n_4"": 1168, ""n_5"": 1156, ""n_6"": 1168, ""n_7"": 1143, ""n_8"": 1168, ""n_9"": 1168}",1168,1168,1156,1168,1156,1168,1143,1168,1168,1131,1168,1168,1143,1143,1156,1156,1156,1156,1143,34100,,,,,,,,,,,,,,,,,,,,,,,,,,,,,,
UCB direct,6,20,ok,200000,47517,152483,47417,28647,18770,987.894736842,21374.1398084,2.21842845724,0.170465871078,"{""n_1"": 998, ""n_10"": 964, ""n_11"": 998, ""n_12"": 998, ""n_13"": 975, ""n_14"": 975, ""n_15"": 987, ""n_16"": 987, ""n_17"": 987, ""n_18"": 987, ""n_19"": 975, ""n_2"": 998, ""n_20"": 28647, ""n_3"": 987, ""n_4"": 998, ""n_5"": 987, ""n_6"": 998, ""n_7"": 975, ""n_8"": 998, ""n_9"": 998}",998,998,987,998,987,998,975,998,998,964,998,998,975,975,987,987,987,987,975,28647,,,,,,,,,,,,,,,,,,,,,,,,,,,,,,
TS appendix,6,20,ok,200000,85806,114194,85706,53975,31731,1670.05263158,21374.1398084,4.00979879275,0.196745928345,"{""n_1"": 1679, ""n_10"": 1649, ""n_11"": 1679, ""n_12"": 1679, ""n_13"": 1659, ""n_14"": 1659, ""n_15"": 1669, ""n_16"": 1669, ""n_17"": 1669, ""n_18"": 1669, ""n_19"": 1659, ""n_2"": 1679, ""n_20"": 53975, ""n_3"": 1669, ""n_4"": 1679, ""n_5"": 1669, ""n_6"": 1679, ""n_7"": 1659, ""n_8"": 1679, ""n_9"": 1679}",1679,1679,1669,1679,1669,1679,1659,1679,1679,1649,1679,1679,1659,1659,1669,1669,1669,1669,1659,53975,,,,,,,,,,,,,,,,,,,,,,,,,,,,,,
TS direct,6,20,ok,200000,67224,132776,67124,41912,25212,1326.94736842,21374.1398084,3.14043047354,0.220900000056,"{""n_1"": 1335, ""n_10"": 1308, ""n_11"": 1335, ""n_12"": 1335, ""n_13"": 1317, ""n_14"": 1317, ""n_15"": 1326, ""n_16"": 1326, ""n_17"": 1326, ""n_18"": 1326, ""n_19"": 1317, ""n_2"": 1335, ""n_20"": 41912, ""n_3"": 1326, ""n_4"": 1335, ""n_5"": 1326, ""n_6"": 1335, ""n_7"": 1317, ""n_8"": 1335, ""n_9"": 1335}",1335,1335,1326,1335,1326,1335,1317,1335,1335,1308,1335,1335,1317,1317,1326,1326,1326,1326,1317,41912,,,,,,,,,,,,,,,,,,,,,,,,,,,,,,
UCB appendix,6,30,ok,200000,66333,133667,66183,39989,26194,903.24137931,24467.282261,2.70495918974,0.166625850204,"{""n_1"": 904, ""n_10"": 893, ""n_11"": 915, ""n_12"": 882, ""n_13"": 915, ""n_14"": 871, ""n_15"": 904, ""n_16"": 893, ""n_17"": 915, ""n_18"": 904, ""n_19"": 904, ""n_2"": 915, ""n_20"": 904, ""n_21"": 915, ""n_22"": 904, ""n_23"": 904, ""n_24"": 893, ""n_25"": 915, ""n_26"": 893, ""n_27"": 915, ""n_28"": 893, ""n_29"": 893, ""n_3"": 893, ""n_30"": 39989, ""n_4"": 904, ""n_5"": 915, ""n_6"": 915, ""n_7"": 915, ""n_8"": 904, ""n_9"": 904}",904,915,893,904,915,915,915,904,904,893,915,882,915,871,904,893,915,904,904,904,915,904,904,893,915,893,915,893,893,39989,,,,,,,,,,,,,,,,,,,,
UCB direct,6,30,ok,200000,54585,145415,54435,32444,21991,758.310344828,24467.282261,2.22480778287,0.194835787913,"{""n_1"": 759, ""n_10"": 749, ""n_11"": 769, ""n_12"": 739, ""n_13"": 769, ""n_14"": 729, ""n_15"": 759, ""n_16"": 749, ""n_17"": 769, ""n_18"": 759, ""n_19"": 759, ""n_2"": 769, ""n_20"": 759, ""n_21"": 769, ""n_22"": 759, ""n_23"": 759, ""n_24"": 749, ""n_25"": 769, ""n_26"": 749, ""n_27"": 769, ""n_28"": 749, ""n_29"": 749, ""n_3"": 749, ""n_30"": 32444, ""n_4"": 759, ""n_5"": 769, ""n_6"": 769, ""n_7"": 769, ""n_8"": 759, ""n_9"": 759}",759,769,749,759,769,769,769,759,759,749,769,739,769,729,759,749,769,759,759,759,769,759,759,749,769,749,769,749,749,32444,,,,,,,,,,,,,,,,,,,,
TS appendix,6,30,ok,200000,101069,98931,100919,62541,38378,1323.37931034,24467.282261,4.12465098998,0.22259895796,"{""n_1"": 1324, ""n_10"": 1315, ""n_11"": 1333, ""n_12"": 1306, ""n_13"": 1333, ""n_14"": 1297, ""n_15"": 1324, ""n_16"": 1315, ""n_17"": 1333, ""n_18"": 1324, ""n_19"": 1324, ""n_2"": 1333, ""n_20"": 1324, ""n_21"": 1333, ""n_22"": 1324, ""n_23"": 1324, ""n_24"": 1315, ""n_25"": 1333, ""n_26"": 1315, ""n_27"": 1333, ""n_28"": 1315, ""n_29"": 1315, ""n_3"": 1315, ""n_30"": 62541, ""n_4"": 1324, ""n_5"": 1333, ""n_6"": 1333, ""n_7"": 1333, ""n_8"": 1324, ""n_9"": 1324}",1324,1333,1315,1324,1333,1333,1333,1324,1324,1315,1333,1306,1333,1297,1324,1315,1333,1324,1324,1324,1333,1324,1324,1315,1333,1315,1333,1315,1315,62541,,,,,,,,,,,,,,,,,,,,
TS direct,6,30,ok,200000,76241,123759,76091,46265,29826,1028.48275862,24467.282261,3.10990812908,0.252700000049,"{""n_1"": 1029, ""n_10"": 1021, ""n_11"": 1037, ""n_12"": 1013, ""n_13"": 1037, ""n_14"": 1006, ""n_15"": 1029, ""n_16"": 1021, ""n_17"": 1037, ""n_18"": 1029, ""n_19"": 1029, ""n_2"": 1037, ""n_20"": 1029, ""n_21"": 1037, ""n_22"": 1029, ""n_23"": 1029, ""n_24"": 1021, ""n_25"": 1037, ""n_26"": 1021, ""n_27"": 1037, ""n_28"": 1021, ""n_29"": 1021, ""n_3"": 1021, ""n_30"": 46265, ""n_4"": 1029, ""n_5"": 1037, ""n_6"": 1037, ""n_7"": 1037, ""n_8"": 1029, ""n_9"": 1029}",1029,1037,1021,1029,1037,1037,1037,1029,1029,1021,1037,1013,1037,1006,1029,1021,1037,1029,1029,1029,1037,1029,1029,1021,1037,1021,1037,1021,1021,46265,,,,,,,,,,,,,,,,,,,,
UCB appendix,6,40,ok,200000,74659,125341,74459,44722,29737,762.487179487,26929.728668,2.76493688139,0.182743974109,"{""n_1"": 773, ""n_10"": 773, ""n_11"": 763, ""n_12"": 773, ""n_13"": 773, ""n_14"": 753, ""n_15"": 753, ""n_16"": 773, ""n_17"": 763, ""n_18"": 763, ""n_19"": 763, ""n_2"": 763, ""n_20"": 763, ""n_21"": 753, ""n_22"": 763, ""n_23"": 763, ""n_24"": 753, ""n_25"": 763, ""n_26"": 773, ""n_27"": 773, ""n_28"": 763, ""n_29"": 763, ""n_3"": 763, ""n_30"": 733, ""n_31"": 763, ""n_32"": 763, ""n_33"": 773, ""n_34"": 753, ""n_35"": 733, ""n_36"": 753, ""n_37"": 753, ""n_38"": 743, ""n_39"": 773, ""n_4"": 773, ""n_40"": 44722, ""n_5"": 773, ""n_6"": 773, ""n_7"": 763, ""n_8"": 773, ""n_9"": 763}",773,763,763,773,773,773,763,773,763,773,763,773,773,753,753,773,763,763,763,763,753,763,763,753,763,773,773,763,763,733,763,763,773,753,733,753,753,743,773,44722,,,,,,,,,,
UCB direct,6,40,ok,200000,60108,139892,59908,35590,24318,623.538461538,26929.728668,2.22460466418,0.215315739971,"{""n_1"": 633, ""n_10"": 633, ""n_11"": 624, ""n_12"": 633, ""n_13"": 633, ""n_14"": 615, ""n_15"": 615, ""n_16"": 633, ""n_17"": 624, ""n_18"": 624, ""n_19"": 624, ""n_2"": 624, ""n_20"": 624, ""n_21"": 615, ""n_22"": 624, ""n_23"": 624, ""n_24"": 615, ""n_25"": 624, ""n_26"": 633, ""n_27"": 633, ""n_28"": 624, ""n_29"": 624, ""n_3"": 624, ""n_30"": 597, ""n_31"": 624, ""n_32"": 624, ""n_33"": 633, ""n_34"": 615, ""n_35"": 597, ""n_36"": 615, ""n_37"": 615, ""n_38"": 606, ""n_39"": 633, ""n_4"": 633, ""n_40"": 35590, ""n_5"": 633, ""n_6"": 633, ""n_7"": 624, ""n_8"": 633, ""n_9"": 624}",633,624,624,633,633,633,624,633,624,633,624,633,633,615,615,633,624,624,624,624,615,624,624,615,624,633,633,624,624,597,624,624,633,615,597,615,615,606,633,35590,,,,,,,,,,
TS appendix,6,40,ok,200000,113679,86321,113479,69464,44015,1128.58974359,26929.728668,4.21389318099,0.242304072355,"{""n_1"": 1137, ""n_10"": 1137, ""n_11"": 1129, ""n_12"": 1137, ""n_13"": 1137, ""n_14"": 1121, ""n_15"": 1121, ""n_16"": 1137, ""n_17"": 1129, ""n_18"": 1129, ""n_19"": 1129, ""n_2"": 1129, ""n_20"": 1129, ""n_21"": 1121, ""n_22"": 1129, ""n_23"": 1129, ""n_24"": 1121, ""n_25"": 1129, ""n_26"": 1137, ""n_27"": 1137, ""n_28"": 1129, ""n_29"": 1129, ""n_3"": 1129, ""n_30"": 1105, ""n_31"": 1129, ""n_32"": 1129, ""n_33"": 1137, ""n_34"": 1121, ""n_35"": 1105, ""n_36"": 1121, ""n_37"": 1121, ""n_38"": 1113, ""n_39"": 1137, ""n_4"": 1137, ""n_40"": 69464, ""n_5"": 1137, ""n_6"": 1137, ""n_7"": 1129, ""n_8"": 1137, ""n_9"": 1129}",1137,1129,1129,1137,1137,1137,1129,1137,1129,1137,1129,1137,1137,1121,1121,1137,1129,1129,1129,1129,1121,1129,1129,1121,1129,1137,1137,1129,1129,1105,1129,1129,1137,1121,1105,1121,1121,1113,1137,69464,,,,,,,,,,
TS direct,6,40,ok,200000,83203,116797,83003,49711,33292,853.641025641,26929.728668,3.08220706652,0.278850000044,"{""n_1"": 861, ""n_10"": 861, ""n_11"": 854, ""n_12"": 861, ""n_13"": 861, ""n_14"": 847, ""n_15"": 847, ""n_16"": 861, ""n_17"": 854, ""n_18"": 854, ""n_19"": 854, ""n_2"": 854, ""n_20"": 854, ""n_21"": 847, ""n_22"": 854, ""n_23"": 854, ""n_24"": 847, ""n_25"": 854, ""n_26"": 861, ""n_27"": 861, ""n_28"": 854, ""n_29"": 854, ""n_3"": 854, ""n_30"": 833, ""n_31"": 854, ""n_32"": 854, ""n_33"": 861, ""n_34"": 847, ""n_35"": 833, ""n_36"": 847, ""n_37"": 847, ""n_38"": 840, ""n_39"": 861, ""n_4"": 861, ""n_40"": 49711, ""n_5"": 861, ""n_6"": 861, ""n_7"": 854, ""n_8"": 861, ""n_9"": 854}",861,854,854,861,861,861,854,861,854,861,854,861,861,847,847,861,854,854,854,854,847,854,854,847,854,861,861,854,854,833,854,854,861,847,833,847,847,840,861,49711,,,,,,,,,,
UCB appendix,6,50,ok,200000,81858,118142,81608,48750,32858,670.571428571,29009.1708178,2.81317933948,0.195978774694,"{""n_1"": 680, ""n_10"": 671, ""n_11"": 680, ""n_12"": 662, ""n_13"": 671, ""n_14"": 662, ""n_15"": 662, ""n_16"": 671, ""n_17"": 671, ""n_18"": 671, ""n_19"": 680, ""n_2"": 680, ""n_20"": 671, ""n_21"": 662, ""n_22"": 662, ""n_23"": 680, ""n_24"": 671, ""n_25"": 671, ""n_26"": 662, ""n_27"": 662, ""n_28"": 671, ""n_29"": 671, ""n_3"": 680, ""n_30"": 662, ""n_31"": 671, ""n_32"": 671, ""n_33"": 680, ""n_34"": 680, ""n_35"": 662, ""n_36"": 680, ""n_37"": 671, ""n_38"": 662, ""n_39"": 671, ""n_4"": 680, ""n_40"": 680, ""n_41"": 680, ""n_42"": 652, ""n_43"": 662, ""n_44"": 671, ""n_45"": 671, ""n_46"": 662, ""n_47"": 652, ""n_48"": 662, ""n_49"": 652, ""n_5"": 680, ""n_50"": 48750, ""n_6"": 680, ""n_7"": 680, ""n_8"": 680, ""n_9"": 680}",680,680,680,680,680,680,680,680,680,671,680,662,671,662,662,671,671,671,680,671,662,662,680,671,671,662,662,671,671,662,671,671,680,680,662,680,671,662,671,680,680,652,662,671,671,662,652,662,652,48750
UCB direct,6,50,ok,200000,64701,135299,64451,37974,26477,540.346938776,29009.1708178,2.2217456819,0.23173770453,"{""n_1"": 549, ""n_10"": 541, ""n_11"": 549, ""n_12"": 532, ""n_13"": 541, ""n_14"": 532, ""n_15"": 532, ""n_16"": 541, ""n_17"": 541, ""n_18"": 541, ""n_19"": 549, ""n_2"": 549, ""n_20"": 541, ""n_21"": 532, ""n_22"": 532, ""n_23"": 549, ""n_24"": 541, ""n_25"": 541, ""n_26"": 532, ""n_27"": 532, ""n_28"": 541, ""n_29"": 541, ""n_3"": 549, ""n_30"": 532, ""n_31"": 541, ""n_32"": 541, ""n_33"": 549, ""n_34"": 549, ""n_35"": 532, ""n_36"": 549, ""n_37"": 541, ""n_38"": 532, ""n_39"": 541, ""n_4"": 549, ""n_40"": 549, ""n_41"": 549, ""n_42"": 524, ""n_43"": 532, ""n_44"": 541, ""n_45"": 541, ""n_46"": 532, ""n_47"": 524, ""n_48"": 532, ""n_49"": 524, ""n_5"": 549, ""n_50"": 37974, ""n_6"": 549, ""n_7"": 549, ""n_8"": 549, ""n_9"": 549}",549,549,549,549,549,549,549,549,549,541,549,532,541,532,532,541,541,541,549,541,532,532,549,541,541,532,532,541,541,532,541,541,549,549,532,549,541,532,541,549,549,524,532,541,541,532,524,532,524,37974
TS appendix,6,50,ok,200000,124685,75315,124435,75386,49049,1001,29009.1708178,4.28950557676,0.258380241662,"{""n_1"": 1009, ""n_10"": 1001, ""n_11"": 1009, ""n_12"": 994, ""n_13"": 1001, ""n_14"": 994, ""n_15"": 994, ""n_16"": 1001, ""n_17"": 1001, ""n_18"": 1001, ""n_19"": 1009, ""n_2"": 1009, ""n_20"": 1001, ""n_21"": 994, ""n_22"": 994, ""n_23"": 1009, ""n_24"": 1001, ""n_25"": 1001, ""n_26"": 994, ""n_27"": 994, ""n_28"": 1001, ""n_29"": 1001, ""n_3"": 1009, ""n_30"": 994, ""n_31"": 1001, ""n_32"": 1001, ""n_33"": 1009, ""n_34"": 1009, ""n_35"": 994, ""n_36"": 1009, ""n_37"": 1001, ""n_38"": 994, ""n_39"": 1001, ""n_4"": 1009, ""n_40"": 1009, ""n_41"": 1009, ""n_42"": 986, ""n_43"": 994, ""n_44"": 1001, ""n_45"": 1001, ""n_46"": 994, ""n_47"": 986, ""n_48"": 994, ""n_49"": 986, ""n_5"": 1009, ""n_50"": 75386, ""n_6"": 1009, ""n_7"": 1009, ""n_8"": 1009, ""n_9"": 1009}",1009,1009,1009,1009,1009,1009,1009,1009,1009,1001,1009,994,1001,994,994,1001,1001,1001,1009,1001,994,994,1009,1001,1001,994,994,1001,1001,994,1001,1001,1009,1009,994,1009,1001,994,1001,1009,1009,986,994,1001,1001,994,986,994,986,75386
TS direct,6,50,ok,200000,88948,111052,88698,52417,36281,740.428571429,29009.1708178,3.05758480851,0.30070000004,"{""n_1"": 747, ""n_10"": 741, ""n_11"": 747, ""n_12"": 734, ""n_13"": 741, ""n_14"": 734, ""n_15"": 734, ""n_16"": 741, ""n_17"": 741, ""n_18"": 741, ""n_19"": 747, ""n_2"": 747, ""n_20"": 741, ""n_21"": 734, ""n_22"": 734, ""n_23"": 747, ""n_24"": 741, ""n_25"": 741, ""n_26"": 734, ""n_27"": 734, ""n_28"": 741, ""n_29"": 741, ""n_3"": 747, ""n_30"": 734, ""n_31"": 741, ""n_32"": 741, ""n_33"": 747, ""n_34"": 747, ""n_35"": 734, ""n_36"": 747, ""n_37"": 741, ""n_38"": 734, ""n_39"": 741, ""n_4"": 747, ""n_40"": 747, ""n_41"": 747, ""n_42"": 728, ""n_43"": 734, ""n_44"": 741, ""n_45"": 741, ""n_46"": 734, ""n_47"": 728, ""n_48"": 734, ""n_49"": 728, ""n_5"": 747, ""n_50"": 52417, ""n_6"": 747, ""n_7"": 747, ""n_8"": 747, ""n_9"": 747}",747,747,747,747,747,747,747,747,747,741,747,734,741,734,734,741,741,741,747,741,734,734,747,741,741,734,734,741,741,734,741,741,747,747,734,747,741,734,741,747,747,728,734,741,741,734,728,734,728,52417
UCB appendix,7,5,ok,200000,30658,169342,30633,18801,11832,2958,13464.864334,2.27503220531,0.0859240550065,"{""n_1"": 2958, ""n_2"": 2958, ""n_3"": 2958, ""n_4"": 2958, ""n_5"": 18801}",2958,2958,2958,2958,18801,,,,,,,,,,,,,,,,,,,,,,,,,,,,,,,,,,,,,,,,,,,,,
UCB direct,7,5,ok,200000,27889,172111,27864,17012,10852,2713,13464.864334,2.06938587042,0.101996162371,"{""n_1"": 2713, ""n_2"": 2713, ""n_3"": 2713, ""n_4"": 2713, ""n_5"": 17012}",2713,2713,2713,2713,17012,,,,,,,,,,,,,,,,,,,,,,,,,,,,,,,,,,,,,,,,,,,,,
TS appendix,7,5,ok,200000,48563,151437,48538,32114,16424,4106,13464.864334,3.60478938339,0.122219363674,"{""n_1"": 4106, ""n_2"": 4106, ""n_3"": 4106, ""n_4"": 4106, ""n_5"": 32114}",4106,4106,4106,4106,32114,,,,,,,,,,,,,,,,,,,,,,,,,,,,,,,,,,,,,,,,,,,,,
TS direct,7,5,ok,200000,42004,157996,41979,27619,14360,3590,13464.864334,3.11766973351,0.130750000074,"{""n_1"": 3590, ""n_2"": 3590, ""n_3"": 3590, ""n_4"": 3590, ""n_5"": 27619}",3590,3590,3590,3590,27619,,,,,,,,,,,,,,,,,,,,,,,,,,,,,,,,,,,,,,,,,,,,,
UCB appendix,7,10,ok,200000,41927,158073,41877,25669,16208,1800.88888889,16964.6660084,2.46848361054,0.113744744326,"{""n_1"": 1820, ""n_10"": 25669, ""n_2"": 1804, ""n_3"": 1789, ""n_4"": 1820, ""n_5"": 1820, ""n_6"": 1804, ""n_7"": 1789, ""n_8"": 1773, ""n_9"": 1789}",1820,1804,1789,1820,1820,1804,1789,1773,1789,25669,,,,,,,,,,,,,,,,,,,,,,,,,,,,,,,,,,,,,,,,
UCB direct,7,10,ok,200000,36905,163095,36855,22385,14470,1607.77777778,16964.6660084,2.17245656247,0.132848198098,"{""n_1"": 1626, ""n_10"": 22385, ""n_2"": 1611, ""n_3"": 1596, ""n_4"": 1626, ""n_5"": 1626, ""n_6"": 1611, ""n_7"": 1596, ""n_8"": 1582, ""n_9"": 1596}",1626,1611,1596,1626,1626,1611,1596,1582,1596,22385,,,,,,,,,,,,,,,,,,,,,,,,,,,,,,,,,,,,,,,,
TS appendix,7,10,ok,200000,64849,135151,64799,41862,22937,2548.55555556,16964.6660084,3.81964490005,0.15709678267,"{""n_1"": 2564, ""n_10"": 41862, ""n_2"": 2551, ""n_3"": 2539, ""n_4"": 2564, ""n_5"": 2564, ""n_6"": 2551, ""n_7"": 2539, ""n_8"": 2526, ""n_9"": 2539}",2564,2551,2539,2564,2564,2551,2539,2526,2539,41862,,,,,,,,,,,,,,,,,,,,,,,,,,,,,,,,,,,,,,,,
TS direct,7,10,ok,200000,53643,146357,53593,34386,19207,2134.11111111,16964.6660084,3.15909549728,0.171750000066,"{""n_1"": 2148, ""n_10"": 34386, ""n_2"": 2137, ""n_3"": 2125, ""n_4"": 2148, ""n_5"": 2148, ""n_6"": 2137, ""n_7"": 2125, ""n_8"": 2114, ""n_9"": 2125}",2148,2137,2125,2148,2148,2137,2125,2114,2125,34386,,,,,,,,,,,,,,,,,,,,,,,,,,,,,,,,,,,,,,,,
UCB appendix,7,15,ok,200000,49854,150146,49779,30381,19398,1385.57142857,19419.6948,2.56332555752,0.131870101756,"{""n_1"": 1397, ""n_10"": 1384, ""n_11"": 1384, ""n_12"": 1356, ""n_13"": 1384, ""n_14"": 1397, ""n_15"": 30381, ""n_2"": 1384, ""n_3"": 1397, ""n_4"": 1397, ""n_5"": 1397, ""n_6"": 1384, ""n_7"": 1370, ""n_8"": 1370, ""n_9"": 1397}",1397,1384,1397,1397,1397,1384,1370,1370,1397,1384,1384,1356,1384,1397,30381,,,,,,,,,,,,,,,,,,,,,,,,,,,,,,,,,,,
UCB direct,7,15,ok,200000,42912,157088,42837,25966,16871,1205.07142857,19419.6948,2.20585341022,0.154092469181,"{""n_1"": 1216, ""n_10"": 1203, ""n_11"": 1203, ""n_12"": 1178, ""n_13"": 1203, ""n_14"": 1216, ""n_15"": 25966, ""n_2"": 1203, ""n_3"": 1216, ""n_4"": 1216, ""n_5"": 1216, ""n_6"": 1203, ""n_7"": 1191, ""n_8"": 1191, ""n_9"": 1216}",1216,1203,1216,1216,1216,1203,1191,1191,1216,1203,1203,1178,1203,1216,25966,,,,,,,,,,,,,,,,,,,,,,,,,,,,,,,,,,,
TS appendix,7,15,ok,200000,76437,123563,76362,48606,27756,1982.57142857,19419.6948,3.93219362027,0.179642638249,"{""n_1"": 1992, ""n_10"": 1981, ""n_11"": 1981, ""n_12"": 1959, ""n_13"": 1981, ""n_14"": 1992, ""n_15"": 48606, ""n_2"": 1981, ""n_3"": 1992, ""n_4"": 1992, ""n_5"": 1992, ""n_6"": 1981, ""n_7"": 1970, ""n_8"": 1970, ""n_9"": 1992}",1992,1981,1992,1992,1992,1981,1970,1970,1992,1981,1981,1959,1981,1992,48606,,,,,,,,,,,,,,,,,,,,,,,,,,,,,,,,,,,
TS direct,7,15,ok,200000,61333,138667,61258,38488,22770,1626.42857143,19419.6948,3.1544265052,0.19845000006,"{""n_1"": 1635, ""n_10"": 1625, ""n_11"": 1625, ""n_12"": 1605, ""n_13"": 1625, ""n_14"": 1635, ""n_15"": 38488, ""n_2"": 1625, ""n_3"": 1635, ""n_4"": 1635, ""n_5"": 1635, ""n_6"": 1625, ""n_7"": 1615, ""n_8"": 1615, ""n_9"": 1635}",1635,1625,1635,1635,1635,1625,1615,1615,1635,1625,1625,1605,1625,1635,38488,,,,,,,,,,,,,,,,,,,,,,,,,,,,,,,,,,,
UCB appendix,7,20,ok,200000,56106,143894,56006,34078,21928,1154.10526316,21374.1398084,2.62026918987,0.145580378389,"{""n_1"": 1157, ""n_10"": 1157, ""n_11"": 1157, ""n_12"": 1169, ""n_13"": 1144, ""n_14"": 1169, ""n_15"": 1157, ""n_16"": 1132, ""n_17"": 1132, ""n_18"": 1144, ""n_19"": 1157, ""n_2"": 1144, ""n_20"": 34078, ""n_3"": 1144, ""n_4"": 1169, ""n_5"": 1157, ""n_6"": 1144, ""n_7"": 1169, ""n_8"": 1169, ""n_9"": 1157}",1157,1144,1144,1169,1157,1144,1169,1169,1157,1157,1157,1169,1144,1169,1157,1132,1132,1144,1157,34078,,,,,,,,,,,,,,,,,,,,,,,,,,,,,,
UCB direct,7,20,ok,200000,47460,152540,47360,28658,18702,984.315789474,21374.1398084,2.21576168325,0.170465871078,"{""n_1"": 987, ""n_10"": 987, ""n_11"": 987, ""n_12"": 998, ""n_13"": 975, ""n_14"": 998, ""n_15"": 987, ""n_16"": 964, ""n_17"": 964, ""n_18"": 975, ""n_19"": 987, ""n_2"": 975, ""n_20"": 28658, ""n_3"": 975, ""n_4"": 998, ""n_5"": 987, ""n_6"": 975, ""n_7"": 998, ""n_8"": 998, ""n_9"": 987}",987,975,975,998,987,975,998,998,987,987,987,998,975,998,987,964,964,975,987,28658,,,,,,,,,,,,,,,,,,,,,,,,,,,,,,
TS appendix,7,20,ok,200000,85747,114253,85647,53957,31690,1667.89473684,21374.1398084,4.00703844775,0.196691073182,"{""n_1"": 1670, ""n_10"": 1670, ""n_11"": 1670, ""n_12"": 1680, ""n_13"": 1660, ""n_14"": 1680, ""n_15"": 1670, ""n_16"": 1650, ""n_17"": 1650, ""n_18"": 1660, ""n_19"": 1670, ""n_2"": 1660, ""n_20"": 53957, ""n_3"": 1660, ""n_4"": 1680, ""n_5"": 1670, ""n_6"": 1660, ""n_7"": 1680, ""n_8"": 1680, ""n_9"": 1670}",1670,1660,1660,1680,1670,1660,1680,1680,1670,1670,1670,1680,1660,1680,1670,1650,1650,1660,1670,53957,,,,,,,,,,,,,,,,,,,,,,,,,,,,,,
TS direct,7,20,ok,200000,67183,132817,67083,41811,25272,1330.10526316,21374.1398084,3.13851226769,0.220400000056,"{""n_1"": 1332, ""n_10"": 1332, ""n_11"": 1332, ""n_12"": 1341, ""n_13"": 1323, ""n_14"": 1341, ""n_15"": 1332, ""n_16"": 1314, ""n_17"": 1314, ""n_18"": 1323, ""n_19"": 1332, ""n_2"": 1323, ""n_20"": 41811, ""n_3"": 1323, ""n_4"": 1341, ""n_5"": 1332, ""n_6"": 1323, ""n_7"": 1341, ""n_8"": 1341, ""n_9"": 1332}",1332,1323,1323,1341,1332,1323,1341,1341,1332,1332,1332,1341,1323,1341,1332,1314,1314,1323,1332,41811,,,,,,,,,,,,,,,,,,,,,,,,,,,,,,
UCB appendix,7,30,ok,200000,66404,133596,66254,40005,26249,905.137931034,24467.282261,2.70786102409,0.16668299082,"{""n_1"": 915, ""n_10"": 904, ""n_11"": 915, ""n_12"": 915, ""n_13"": 904, ""n_14"": 904, ""n_15"": 893, ""n_16"": 904, ""n_17"": 904, ""n_18"": 904, ""n_19"": 893, ""n_2"": 904, ""n_20"": 915, ""n_21"": 893, ""n_22"": 882, ""n_23"": 915, ""n_24"": 893, ""n_25"": 904, ""n_26"": 915, ""n_27"": 904, ""n_28"": 915, ""n_29"": 893, ""n_3"": 915, ""n_30"": 40005, ""n_4"": 915, ""n_5"": 915, ""n_6"": 915, ""n_7"": 893, ""n_8"": 904, ""n_9"": 904}",915,904,915,915,915,915,893,904,904,904,915,915,904,904,893,904,904,904,893,915,893,882,915,893,904,915,904,915,893,40005,,,,,,,,,,,,,,,,,,,,
UCB direct,7,30,ok,200000,54626,145374,54476,32435,22041,760.034482759,24467.282261,2.22648349003,0.194835787913,"{""n_1"": 769, ""n_10"": 759, ""n_11"": 769, ""n_12"": 769, ""n_13"": 759, ""n_14"": 759, ""n_15"": 749, ""n_16"": 759, ""n_17"": 759, ""n_18"": 759, ""n_19"": 749, ""n_2"": 759, ""n_20"": 769, ""n_21"": 749, ""n_22"": 739, ""n_23"": 769, ""n_24"": 749, ""n_25"": 759, ""n_26"": 769, ""n_27"": 759, ""n_28"": 769, ""n_29"": 749, ""n_3"": 769, ""n_30"": 32435, ""n_4"": 769, ""n_5"": 769, ""n_6"": 769, ""n_7"": 749, ""n_8"": 759, ""n_9"": 759}",769,759,769,769,769,769,749,759,759,759,769,769,759,759,749,759,759,759,749,769,749,739,769,749,759,769,759,769,749,32435,,,,,,,,,,,,,,,,,,,,
TS appendix,7,30,ok,200000,101098,98902,100948,62553,38395,1323.96551724,24467.282261,4.12583624626,0.222635896846,"{""n_1"": 1332, ""n_10"": 1323, ""n_11"": 1332, ""n_12"": 1332, ""n_13"": 1323, ""n_14"": 1323, ""n_15"": 1314, ""n_16"": 1323, ""n_17"": 1323, ""n_18"": 1323, ""n_19"": 1314, ""n_2"": 1323, ""n_20"": 1332, ""n_21"": 1314, ""n_22"": 1306, ""n_23"": 1332, ""n_24"": 1314, ""n_25"": 1323, ""n_26"": 1332, ""n_27"": 1323, ""n_28"": 1332, ""n_29"": 1314, ""n_3"": 1332, ""n_30"": 62553, ""n_4"": 1332, ""n_5"": 1332, ""n_6"": 1332, ""n_7"": 1314, ""n_8"": 1323, ""n_9"": 1323}",1332,1323,1332,1332,1332,1332,1314,1323,1323,1323,1332,1332,1323,1323,1314,1323,1323,1323,1314,1332,1314,1306,1332,1314,1323,1332,1323,1332,1314,62553,,,,,,,,,,,,,,,,,,,,
TS direct,7,30,ok,200000,76269,123731,76119,46555,29564,1019.44827586,24467.282261,3.11105251445,0.254000000049,"{""n_1"": 1026, ""n_10"": 1019, ""n_11"": 1026, ""n_12"": 1026, ""n_13"": 1019, ""n_14"": 1019, ""n_15"": 1011, ""n_16"": 1019, ""n_17"": 1019, ""n_18"": 1019, ""n_19"": 1011, ""n_2"": 1019, ""n_20"": 1026, ""n_21"": 1011, ""n_22"": 1003, ""n_23"": 1026, ""n_24"": 1011, ""n_25"": 1019, ""n_26"": 1026, ""n_27"": 1019, ""n_28"": 1026, ""n_29"": 1011, ""n_3"": 1026, ""n_30"": 46555, ""n_4"": 1026, ""n_5"": 1026, ""n_6"": 1026, ""n_7"": 1011, ""n_8"": 1019, ""n_9"": 1019}",1026,1019,1026,1026,1026,1026,1011,1019,1019,1019,1026,1026,1019,1019,1011,1019,1019,1019,1011,1026,1011,1003,1026,1011,1019,1026,1019,1026,1011,46555,,,,,,,,,,,,,,,,,,,,
UCB appendix,7,40,ok,200000,74775,125225,74575,44749,29826,764.769230769,26929.728668,2.76924438858,0.182833449892,"{""n_1"": 773, ""n_10"": 753, ""n_11"": 773, ""n_12"": 753, ""n_13"": 773, ""n_14"": 763, ""n_15"": 773, ""n_16"": 773, ""n_17"": 763, ""n_18"": 773, ""n_19"": 763, ""n_2"": 773, ""n_20"": 773, ""n_21"": 763, ""n_22"": 763, ""n_23"": 763, ""n_24"": 763, ""n_25"": 753, ""n_26"": 763, ""n_27"": 773, ""n_28"": 753, ""n_29"": 763, ""n_3"": 763, ""n_30"": 773, ""n_31"": 763, ""n_32"": 763, ""n_33"": 773, ""n_34"": 732, ""n_35"": 753, ""n_36"": 763, ""n_37"": 763, ""n_38"": 753, ""n_39"": 763, ""n_4"": 773, ""n_40"": 44749, ""n_5"": 773, ""n_6"": 773, ""n_7"": 773, ""n_8"": 763, ""n_9"": 773}",773,773,763,773,773,773,773,763,773,753,773,753,773,763,773,773,763,773,763,773,763,763,763,763,753,763,773,753,763,773,763,763,773,732,753,763,763,753,763,44749,,,,,,,,,,
UCB direct,7,40,ok,200000,60172,139828,59972,35573,24399,625.615384615,26929.728668,2.22698121987,0.215315739971,"{""n_1"": 633, ""n_10"": 615, ""n_11"": 633, ""n_12"": 615, ""n_13"": 633, ""n_14"": 624, ""n_15"": 633, ""n_16"": 633, ""n_17"": 624, ""n_18"": 633, ""n_19"": 624, ""n_2"": 633, ""n_20"": 633, ""n_21"": 624, ""n_22"": 624, ""n_23"": 624, ""n_24"": 624, ""n_25"": 615, ""n_26"": 624, ""n_27"": 633, ""n_28"": 615, ""n_29"": 624, ""n_3"": 624, ""n_30"": 633, ""n_31"": 624, ""n_32"": 624, ""n_33"": 633, ""n_34"": 597, ""n_35"": 615, ""n_36"": 624, ""n_37"": 624, ""n_38"": 615, ""n_39"": 624, ""n_4"": 633, ""n_40"": 35573, ""n_5"": 633, ""n_6"": 633, ""n_7"": 633, ""n_8"": 624, ""n_9"": 633}",633,633,624,633,633,633,633,624,633,615,633,615,633,624,633,633,624,633,624,633,624,624,624,624,615,624,633,615,624,633,624,624,633,597,615,624,624,615,624,35573,,,,,,,,,,
TS appendix,7,40,ok,200000,113764,86236,113564,69484,44080,1130.25641026,26929.728668,4.21704954402,0.242360996653,"{""n_1"": 1137, ""n_10"": 1120, ""n_11"": 1137, ""n_12"": 1120, ""n_13"": 1137, ""n_14"": 1129, ""n_15"": 1137, ""n_16"": 1137, ""n_17"": 1129, ""n_18"": 1137, ""n_19"": 1129, ""n_2"": 1137, ""n_20"": 1137, ""n_21"": 1129, ""n_22"": 1129, ""n_23"": 1129, ""n_24"": 1129, ""n_25"": 1120, ""n_26"": 1129, ""n_27"": 1137, ""n_28"": 1120, ""n_29"": 1129, ""n_3"": 1129, ""n_30"": 1137, ""n_31"": 1129, ""n_32"": 1129, ""n_33"": 1137, ""n_34"": 1104, ""n_35"": 1120, ""n_36"": 1129, ""n_37"": 1129, ""n_38"": 1120, ""n_39"": 1129, ""n_4"": 1137, ""n_40"": 69484, ""n_5"": 1137, ""n_6"": 1137, ""n_7"": 1137, ""n_8"": 1129, ""n_9"": 1137}",1137,1137,1129,1137,1137,1137,1137,1129,1137,1120,1137,1120,1137,1129,1137,1137,1129,1137,1129,1137,1129,1129,1129,1129,1120,1129,1137,1120,1129,1137,1129,1129,1137,1104,1120,1129,1129,1120,1129,69484,,,,,,,,,,
TS direct,7,40,ok,200000,83248,116752,83048,49693,33355,855.256410256,26929.728668,3.08387808224,0.278850000044,"{""n_1"": 861, ""n_10"": 847, ""n_11"": 861, ""n_12"": 847, ""n_13"": 861, ""n_14"": 854, ""n_15"": 861, ""n_16"": 861, ""n_17"": 854, ""n_18"": 861, ""n_19"": 854, ""n_2"": 861, ""n_20"": 861, ""n_21"": 854, ""n_22"": 854, ""n_23"": 854, ""n_24"": 854, ""n_25"": 847, ""n_26"": 854, ""n_27"": 861, ""n_28"": 847, ""n_29"": 854, ""n_3"": 854, ""n_30"": 861, ""n_31"": 854, ""n_32"": 854, ""n_33"": 861, ""n_34"": 833, ""n_35"": 847, ""n_36"": 854, ""n_37"": 854, ""n_38"": 847, ""n_39"": 854, ""n_4"": 861, ""n_40"": 49693, ""n_5"": 861, ""n_6"": 861, ""n_7"": 861, ""n_8"": 854, ""n_9"": 861}",861,861,854,861,861,861,861,854,861,847,861,847,861,854,861,861,854,861,854,861,854,854,854,854,847,854,861,847,854,861,854,854,861,833,847,854,854,847,854,49693,,,,,,,,,,
UCB appendix,7,50,ok,200000,81763,118237,81513,48720,32793,669.244897959,29009.1708178,2.80990451303,0.195880752229,"{""n_1"": 672, ""n_10"": 681, ""n_11"": 681, ""n_12"": 653, ""n_13"": 681, ""n_14"": 681, ""n_15"": 681, ""n_16"": 662, ""n_17"": 662, ""n_18"": 681, ""n_19"": 653, ""n_2"": 672, ""n_20"": 672, ""n_21"": 672, ""n_22"": 672, ""n_23"": 672, ""n_24"": 662, ""n_25"": 662, ""n_26"": 662, ""n_27"": 672, ""n_28"": 672, ""n_29"": 672, ""n_3"": 672, ""n_30"": 672, ""n_31"": 681, ""n_32"": 672, ""n_33"": 672, ""n_34"": 681, ""n_35"": 653, ""n_36"": 662, ""n_37"": 672, ""n_38"": 662, ""n_39"": 672, ""n_4"": 681, ""n_40"": 672, ""n_41"": 681, ""n_42"": 672, ""n_43"": 662, ""n_44"": 653, ""n_45"": 653, ""n_46"": 653, ""n_47"": 643, ""n_48"": 662, ""n_49"": 653, ""n_5"": 681, ""n_50"": 48720, ""n_6"": 681, ""n_7"": 672, ""n_8"": 681, ""n_9"": 672}",672,672,672,681,681,681,672,681,672,681,681,653,681,681,681,662,662,681,653,672,672,672,672,662,662,662,672,672,672,672,681,672,672,681,653,662,672,662,672,672,681,672,662,653,653,653,643,662,653,48720
UCB direct,7,50,ok,200000,64629,135371,64379,38129,26250,535.714285714,29009.1708178,2.21926370817,0.23233685401,"{""n_1"": 538, ""n_10"": 546, ""n_11"": 546, ""n_12"": 521, ""n_13"": 546, ""n_14"": 546, ""n_15"": 546, ""n_16"": 530, ""n_17"": 530, ""n_18"": 546, ""n_19"": 521, ""n_2"": 538, ""n_20"": 538, ""n_21"": 538, ""n_22"": 538, ""n_23"": 538, ""n_24"": 530, ""n_25"": 530, ""n_26"": 530, ""n_27"": 538, ""n_28"": 538, ""n_29"": 538, ""n_3"": 538, ""n_30"": 538, ""n_31"": 546, ""n_32"": 538, ""n_33"": 538, ""n_34"": 546, ""n_35"": 521, ""n_36"": 530, ""n_37"": 538, ""n_38"": 530, ""n_39"": 538, ""n_4"": 546, ""n_40"": 538, ""n_41"": 546, ""n_42"": 538, ""n_43"": 530, ""n_44"": 521, ""n_45"": 521, ""n_46"": 521, ""n_47"": 513, ""n_48"": 530, ""n_49"": 521, ""n_5"": 546, ""n_50"": 38129, ""n_6"": 546, ""n_7"": 538, ""n_8"": 546, ""n_9"": 538}",538,538,538,546,546,546,538,546,538,546,546,521,546,546,546,530,530,546,521,538,538,538,538,530,530,530,538,538,538,538,546,538,538,546,521,530,538,530,538,538,546,538,530,521,521,521,513,530,521,38129
TS appendix,7,50,ok,200000,124595,75405,124345,75363,48982,999.632653061,29009.1708178,4.28640310959,0.258318711961,"{""n_1"": 1002, ""n_10"": 1009, ""n_11"": 1009, ""n_12"": 986, ""n_13"": 1009, ""n_14"": 1009, ""n_15"": 1009, ""n_16"": 994, ""n_17"": 994, ""n_18"": 1009, ""n_19"": 986, ""n_2"": 1002, ""n_20"": 1002, ""n_21"": 1002, ""n_22"": 1002, ""n_23"": 1002, ""n_24"": 994, ""n_25"": 994, ""n_26"": 994, ""n_27"": 1002, ""n_28"": 1002, ""n_29"": 1002, ""n_3"": 1002, ""n_30"": 1002, ""n_31"": 1009, ""n_32"": 1002, ""n_33"": 1002, ""n_34"": 1009, ""n_35"": 986, ""n_36"": 994, ""n_37"": 1002, ""n_38"": 994, ""n_39"": 1002, ""n_4"": 1009, ""n_40"": 1002, ""n_41"": 1009, ""n_42"": 1002, ""n_43"": 994, ""n_44"": 986, ""n_45"": 986, ""n_46"": 986, ""n_47"": 979, ""n_48"": 994, ""n_49"": 986, ""n_5"": 1009, ""n_50"": 75363, ""n_6"": 1009, ""n_7"": 1002, ""n_8"": 1009, ""n_9"": 1002}",1002,1002,1002,1009,1009,1009,1002,1009,1002,1009,1009,986,1009,1009,1009,994,994,1009,986,1002,1002,1002,1002,994,994,994,1002,1002,1002,1002,1009,1002,1002,1009,986,994,1002,994,1002,1002,1009,1002,994,986,986,986,979,994,986,75363
TS direct,7,50,ok,200000,88900,111100,88650,52463,36187,738.510204082,29009.1708178,3.05593015936,0.30080000004,"{""n_1"": 740, ""n_10"": 747, ""n_11"": 747, ""n_12"": 727, ""n_13"": 747, ""n_14"": 747, ""n_15"": 747, ""n_16"": 734, ""n_17"": 734, ""n_18"": 747, ""n_19"": 727, ""n_2"": 740, ""n_20"": 740, ""n_21"": 740, ""n_22"": 740, ""n_23"": 740, ""n_24"": 734, ""n_25"": 734, ""n_26"": 734, ""n_27"": 740, ""n_28"": 740, ""n_29"": 740, ""n_3"": 740, ""n_30"": 740, ""n_31"": 747, ""n_32"": 740, ""n_33"": 740, ""n_34"": 747, ""n_35"": 727, ""n_36"": 734, ""n_37"": 740, ""n_38"": 734, ""n_39"": 740, ""n_4"": 747, ""n_40"": 740, ""n_41"": 747, ""n_42"": 740, ""n_43"": 734, ""n_44"": 727, ""n_45"": 727, ""n_46"": 727, ""n_47"": 721, ""n_48"": 734, ""n_49"": 727, ""n_5"": 747, ""n_50"": 52463, ""n_6"": 747, ""n_7"": 740, ""n_8"": 747, ""n_9"": 740}",740,740,740,747,747,747,740,747,740,747,747,727,747,747,747,734,734,747,727,740,740,740,740,734,734,734,740,740,740,740,747,740,740,747,727,734,740,734,740,740,747,740,734,727,727,727,721,734,727,52463
UCB appendix,8,5,ok,200000,30680,169320,30655,18807,11848,2962,13464.864334,2.27666608735,0.085950778179,"{""n_1"": 2977, ""n_2"": 2957, ""n_3"": 2957, ""n_4"": 2957, ""n_5"": 18807}",2977,2957,2957,2957,18807,,,,,,,,,,,,,,,,,,,,,,,,,,,,,,,,,,,,,,,,,,,,,
UCB direct,8,5,ok,200000,27906,172094,27881,17074,10807,2701.75,13464.864334,2.07064841564,0.102303379727,"{""n_1"": 2716, ""n_2"": 2697, ""n_3"": 2697, ""n_4"": 2697, ""n_5"": 17074}",2716,2697,2697,2697,17074,,,,,,,,,,,,,,,,,,,,,,,,,,,,,,,,,,,,,,,,,,,,,
TS appendix,8,5,ok,200000,48580,151420,48555,32119,16436,4109,13464.864334,3.6060519286,0.122238094955,"{""n_1"": 4121, ""n_2"": 4105, ""n_3"": 4105, ""n_4"": 4105, ""n_5"": 32119}",4121,4105,4105,4105,32119,,,,,,,,,,,,,,,,,,,,,,,,,,,,,,,,,,,,,,,,,,,,,
TS direct,8,5,ok,200000,42017,157983,41992,27649,14343,3585.75,13464.864334,3.11863520926,0.130900000074,"{""n_1"": 3597, ""n_2"": 3582, ""n_3"": 3582, ""n_4"": 3582, ""n_5"": 27649}",3597,3582,3582,3582,27649,,,,,,,,,,,,,,,,,,,,,,,,,,,,,,,,,,,,,,,,,,,,,
UCB appendix,8,10,ok,200000,42021,157979,41971,25698,16273,1808.11111111,16964.6660084,2.47402453896,0.113859644773,"{""n_1"": 1817, ""n_10"": 25698, ""n_2"": 1801, ""n_3"": 1817, ""n_4"": 1801, ""n_5"": 1817, ""n_6"": 1801, ""n_7"": 1817, ""n_8"": 1801, ""n_9"": 1801}",1817,1801,1817,1801,1817,1801,1817,1801,1801,25698,,,,,,,,,,,,,,,,,,,,,,,,,,,,,,,,,,,,,,,,
UCB direct,8,10,ok,200000,36982,163018,36932,22337,14595,1621.66666667,16964.6660084,2.17699540809,0.132674085126,"{""n_1"": 1630, ""n_10"": 22337, ""n_2"": 1615, ""n_3"": 1630, ""n_4"": 1615, ""n_5"": 1630, ""n_6"": 1615, ""n_7"": 1630, ""n_8"": 1615, ""n_9"": 1615}",1630,1615,1630,1615,1630,1615,1630,1615,1615,22337,,,,,,,,,,,,,,,,,,,,,,,,,,,,,,,,,,,,,,,,
TS appendix,8,10,ok,200000,64924,135076,64874,41885,22989,2554.33333333,16964.6660084,3.82406585357,0.157175095724,"{""n_1"": 2561, ""n_10"": 41885, ""n_2"": 2549, ""n_3"": 2561, ""n_4"": 2549, ""n_5"": 2561, ""n_6"": 2549, ""n_7"": 2561, ""n_8"": 2549, ""n_9"": 2549}",2561,2549,2561,2549,2561,2549,2561,2549,2549,41885,,,,,,,,,,,,,,,,,,,,,,,,,,,,,,,,,,,,,,,,
TS direct,8,10,ok,200000,53700,146300,53650,34351,19299,2144.33333333,16964.6660084,3.16245542196,0.171650000066,"{""n_1"": 2151, ""n_10"": 34351, ""n_2"": 2139, ""n_3"": 2151, ""n_4"": 2139, ""n_5"": 2151, ""n_6"": 2139, ""n_7"": 2151, ""n_8"": 2139, ""n_9"": 2139}",2151,2139,2151,2139,2151,2139,2151,2139,2139,34351,,,,,,,,,,,,,,,,,,,,,,,,,,,,,,,,,,,,,,,,
UCB appendix,8,15,ok,200000,49829,150171,49754,30372,19382,1384.42857143,19419.6948,2.56203820464,0.131838402707,"{""n_1"": 1398, ""n_10"": 1398, ""n_11"": 1384, ""n_12"": 1371, ""n_13"": 1357, ""n_14"": 1371, ""n_15"": 30372, ""n_2"": 1398, ""n_3"": 1398, ""n_4"": 1398, ""n_5"": 1398, ""n_6"": 1371, ""n_7"": 1371, ""n_8"": 1371, ""n_9"": 1398}",1398,1398,1398,1398,1398,1371,1371,1371,1398,1398,1384,1371,1357,1371,30372,,,,,,,,,,,,,,,,,,,,,,,,,,,,,,,,,,,
UCB direct,8,15,ok,200000,42890,157110,42815,26022,16793,1199.5,19419.6948,2.20472053969,0.154333238664,"{""n_1"": 1212, ""n_10"": 1212, ""n_11"": 1200, ""n_12"": 1187, ""n_13"": 1174, ""n_14"": 1187, ""n_15"": 26022, ""n_2"": 1212, ""n_3"": 1212, ""n_4"": 1212, ""n_5"": 1212, ""n_6"": 1187, ""n_7"": 1187, ""n_8"": 1187, ""n_9"": 1212}",1212,1212,1212,1212,1212,1187,1187,1187,1212,1212,1200,1187,1174,1187,26022,,,,,,,,,,,,,,,,,,,,,,,,,,,,,,,,,,,
TS appendix,8,15,ok,200000,76409,123591,76334,48600,27734,1981,19419.6948,3.93075178504,0.179621424292,"{""n_1"": 1992, ""n_10"": 1992, ""n_11"": 1981, ""n_12"": 1970, ""n_13"": 1959, ""n_14"": 1970, ""n_15"": 48600, ""n_2"": 1992, ""n_3"": 1992, ""n_4"": 1992, ""n_5"": 1992, ""n_6"": 1970, ""n_7"": 1970, ""n_8"": 1970, ""n_9"": 1992}",1992,1992,1992,1992,1992,1970,1970,1970,1992,1992,1981,1970,1959,1970,48600,,,,,,,,,,,,,,,,,,,,,,,,,,,,,,,,,,,
TS direct,8,15,ok,200000,61317,138683,61242,38492,22750,1625,19419.6948,3.15360259936,0.19845000006,"{""n_1"": 1635, ""n_10"": 1635, ""n_11"": 1625, ""n_12"": 1615, ""n_13"": 1605, ""n_14"": 1615, ""n_15"": 38492, ""n_2"": 1635, ""n_3"": 1635, ""n_4"": 1635, ""n_5"": 1635, ""n_6"": 1615, ""n_7"": 1615, ""n_8"": 1615, ""n_9"": 1635}",1635,1635,1635,1635,1635,1615,1615,1615,1635,1635,1625,1615,1605,1615,38492,,,,,,,,,,,,,,,,,,,,,,,,,,,,,,,,,,,
UCB appendix,8,20,ok,200000,56122,143878,56022,34081,21941,1154.78947368,21374.1398084,2.62101775801,0.145594229905,"{""n_1"": 1132, ""n_10"": 1157, ""n_11"": 1169, ""n_12"": 1157, ""n_13"": 1144, ""n_14"": 1144, ""n_15"": 1169, ""n_16"": 1157, ""n_17"": 1144, ""n_18"": 1144, ""n_19"": 1132, ""n_2"": 1169, ""n_20"": 34081, ""n_3"": 1157, ""n_4"": 1157, ""n_5"": 1169, ""n_6"": 1157, ""n_7"": 1169, ""n_8"": 1157, ""n_9"": 1157}",1132,1169,1157,1157,1169,1157,1169,1157,1157,1157,1169,1157,1144,1144,1169,1157,1144,1144,1132,34081,,,,,,,,,,,,,,,,,,,,,,,,,,,,,,
UCB direct,8,20,ok,200000,47470,152530,47370,28590,18780,988.421052632,21374.1398084,2.21622953834,0.170161059508,"{""n_1"": 967, ""n_10"": 990, ""n_11"": 1002, ""n_12"": 990, ""n_13"": 979, ""n_14"": 979, ""n_15"": 1002, ""n_16"": 990, ""n_17"": 979, ""n_18"": 979, ""n_19"": 967, ""n_2"": 1002, ""n_20"": 28590, ""n_3"": 990, ""n_4"": 990, ""n_5"": 1002, ""n_6"": 990, ""n_7"": 1002, ""n_8"": 990, ""n_9"": 990}",967,1002,990,990,1002,990,1002,990,990,990,1002,990,979,979,1002,990,979,979,967,28590,,,,,,,,,,,,,,,,,,,,,,,,,,,,,,
TS appendix,8,20,ok,200000,85760,114240,85660,53960,31700,1668.42105263,21374.1398084,4.00764665936,0.196700218048,"{""n_1"": 1650, ""n_10"": 1670, ""n_11"": 1680, ""n_12"": 1670, ""n_13"": 1660, ""n_14"": 1660, ""n_15"": 1680, ""n_16"": 1670, ""n_17"": 1660, ""n_18"": 1660, ""n_19"": 1650, ""n_2"": 1680, ""n_20"": 53960, ""n_3"": 1670, ""n_4"": 1670, ""n_5"": 1680, ""n_6"": 1670, ""n_7"": 1680, ""n_8"": 1670, ""n_9"": 1670}",1650,1680,1670,1670,1680,1670,1680,1670,1670,1670,1680,1670,1660,1660,1680,1670,1660,1660,1650,53960,,,,,,,,,,,,,,,,,,,,,,,,,,,,,,
TS direct,8,20,ok,200000,67190,132810,67090,41752,25338,1333.57894737,21374.1398084,3.13883976625,0.220150000056,"{""n_1"": 1317, ""n_10"": 1335, ""n_11"": 1344, ""n_12"": 1335, ""n_13"": 1326, ""n_14"": 1326, ""n_15"": 1344, ""n_16"": 1335, ""n_17"": 1326, ""n_18"": 1326, ""n_19"": 1317, ""n_2"": 1344, ""n_20"": 41752, ""n_3"": 1335, ""n_4"": 1335, ""n_5"": 1344, ""n_6"": 1335, ""n_7"": 1344, ""n_8"": 1335, ""n_9"": 1335}",1317,1344,1335,1335,1344,1335,1344,1335,1335,1335,1344,1335,1326,1326,1344,1335,1326,1326,1317,41752,,,,,,,,,,,,,,,,,,,,,,,,,,,,,,
UCB appendix,8,30,ok,200000,66226,133774,66076,39953,26123,900.793103448,24467.282261,2.70058600277,0.166500168924,"{""n_1"": 906, ""n_10"": 906, ""n_11"": 883, ""n_12"": 895, ""n_13"": 895, ""n_14"": 906, ""n_15"": 895, ""n_16"": 906, ""n_17"": 895, ""n_18"": 895, ""n_19"": 883, ""n_2"": 916, ""n_20"": 895, ""n_21"": 895, ""n_22"": 895, ""n_23"": 906, ""n_24"": 906, ""n_25"": 895, ""n_26"": 895, ""n_27"": 883, ""n_28"": 895, ""n_29"": 895, ""n_3"": 916, ""n_30"": 39953, ""n_4"": 916, ""n_5"": 916, ""n_6"": 906, ""n_7"": 916, ""n_8"": 906, ""n_9"": 906}",906,916,916,916,916,906,916,906,906,906,883,895,895,906,895,906,895,895,883,895,895,895,906,906,895,895,883,895,895,39953,,,,,,,,,,,,,,,,,,,,
UCB direct,8,30,ok,200000,54496,145504,54346,32465,21881,754.517241379,24467.282261,2.22117027221,0.194835787913,"{""n_1"": 759, ""n_10"": 759, ""n_11"": 739, ""n_12"": 749, ""n_13"": 749, ""n_14"": 759, ""n_15"": 749, ""n_16"": 759, ""n_17"": 749, ""n_18"": 749, ""n_19"": 739, ""n_2"": 769, ""n_20"": 749, ""n_21"": 749, ""n_22"": 749, ""n_23"": 759, ""n_24"": 759, ""n_25"": 749, ""n_26"": 749, ""n_27"": 739, ""n_28"": 749, ""n_29"": 749, ""n_3"": 769, ""n_30"": 32465, ""n_4"": 769, ""n_5"": 769, ""n_6"": 759, ""n_7"": 769, ""n_8"": 759, ""n_9"": 759}",759,769,769,769,769,759,769,759,759,759,739,749,749,759,749,759,749,749,739,749,749,749,759,759,749,749,739,749,749,32465,,,,,,,,,,,,,,,,,,,,
TS appendix,8,30,ok,200000,100971,99029,100821,62513,38308,1320.96551724,24467.282261,4.12064564116,0.222517692555,"{""n_1"": 1325, ""n_10"": 1325, ""n_11"": 1307, ""n_12"": 1316, ""n_13"": 1316, ""n_14"": 1325, ""n_15"": 1316, ""n_16"": 1325, ""n_17"": 1316, ""n_18"": 1316, ""n_19"": 1307, ""n_2"": 1334, ""n_20"": 1316, ""n_21"": 1316, ""n_22"": 1316, ""n_23"": 1325, ""n_24"": 1325, ""n_25"": 1316, ""n_26"": 1316, ""n_27"": 1307, ""n_28"": 1316, ""n_29"": 1316, ""n_3"": 1334, ""n_30"": 62513, ""n_4"": 1334, ""n_5"": 1334, ""n_6"": 1325, ""n_7"": 1334, ""n_8"": 1325, ""n_9"": 1325}",1325,1334,1334,1334,1334,1325,1334,1325,1325,1325,1307,1316,1316,1325,1316,1325,1316,1316,1307,1316,1316,1316,1325,1325,1316,1316,1307,1316,1316,62513,,,,,,,,,,,,,,,,,,,,
TS direct,8,30,ok,200000,76176,123824,76026,46289,29737,1025.4137931,24467.282261,3.10725152017,0.252700000049,"{""n_1"": 1029, ""n_10"": 1029, ""n_11"": 1013, ""n_12"": 1021, ""n_13"": 1021, ""n_14"": 1029, ""n_15"": 1021, ""n_16"": 1029, ""n_17"": 1021, ""n_18"": 1021, ""n_19"": 1013, ""n_2"": 1037, ""n_20"": 1021, ""n_21"": 1021, ""n_22"": 1021, ""n_23"": 1029, ""n_24"": 1029, ""n_25"": 1021, ""n_26"": 1021, ""n_27"": 1013, ""n_28"": 1021, ""n_29"": 1021, ""n_3"": 1037, ""n_30"": 46289, ""n_4"": 1037, ""n_5"": 1037, ""n_6"": 1029, ""n_7"": 1037, ""n_8"": 1029, ""n_9"": 1029}",1029,1037,1037,1037,1037,1029,1037,1029,1029,1029,1013,1021,1021,1029,1021,1029,1021,1021,1013,1021,1021,1021,1029,1029,1021,1021,1013,1021,1021,46289,,,,,,,,,,,,,,,,,,,,
UCB appendix,8,40,ok,200000,74646,125354,74446,44719,29727,762.230769231,26929.728668,2.76445414351,0.182734017722,"{""n_1"": 763, ""n_10"": 763, ""n_11"": 763, ""n_12"": 773, ""n_13"": 763, ""n_14"": 743, ""n_15"": 763, ""n_16"": 773, ""n_17"": 753, ""n_18"": 763, ""n_19"": 773, ""n_2"": 773, ""n_20"": 773, ""n_21"": 773, ""n_22"": 773, ""n_23"": 743, ""n_24"": 763, ""n_25"": 753, ""n_26"": 753, ""n_27"": 763, ""n_28"": 763, ""n_29"": 773, ""n_3"": 773, ""n_30"": 753, ""n_31"": 753, ""n_32"": 773, ""n_33"": 753, ""n_34"": 733, ""n_35"": 773, ""n_36"": 743, ""n_37"": 763, ""n_38"": 763, ""n_39"": 763, ""n_4"": 763, ""n_40"": 44719, ""n_5"": 743, ""n_6"": 773, ""n_7"": 763, ""n_8"": 773, ""n_9"": 773}",763,773,773,763,743,773,763,773,773,763,763,773,763,743,763,773,753,763,773,773,773,773,743,763,753,753,763,763,773,753,753,773,753,733,773,743,763,763,763,44719,,,,,,,,,,
UCB direct,8,40,ok,200000,60101,139899,59901,35592,24309,623.307692308,26929.728668,2.2243447284,0.215315739971,"{""n_1"": 624, ""n_10"": 624, ""n_11"": 624, ""n_12"": 633, ""n_13"": 624, ""n_14"": 606, ""n_15"": 624, ""n_16"": 633, ""n_17"": 615, ""n_18"": 624, ""n_19"": 633, ""n_2"": 633, ""n_20"": 633, ""n_21"": 633, ""n_22"": 633, ""n_23"": 606, ""n_24"": 624, ""n_25"": 615, ""n_26"": 615, ""n_27"": 624, ""n_28"": 624, ""n_29"": 633, ""n_3"": 633, ""n_30"": 615, ""n_31"": 615, ""n_32"": 633, ""n_33"": 615, ""n_34"": 597, ""n_35"": 633, ""n_36"": 606, ""n_37"": 624, ""n_38"": 624, ""n_39"": 624, ""n_4"": 624, ""n_40"": 35592, ""n_5"": 606, ""n_6"": 633, ""n_7"": 624, ""n_8"": 633, ""n_9"": 633}",624,633,633,624,606,633,624,633,633,624,624,633,624,606,624,633,615,624,633,633,633,633,606,624,615,615,624,624,633,615,615,633,615,597,633,606,624,624,624,35592,,,,,,,,,,
TS appendix,8,40,ok,200000,113669,86331,113469,69462,44007,1128.38461538,26929.728668,4.21352184416,0.242297744912,"{""n_1"": 1129, ""n_10"": 1129, ""n_11"": 1129, ""n_12"": 1137, ""n_13"": 1129, ""n_14"": 1113, ""n_15"": 1129, ""n_16"": 1137, ""n_17"": 1121, ""n_18"": 1129, ""n_19"": 1137, ""n_2"": 1137, ""n_20"": 1137, ""n_21"": 1137, ""n_22"": 1137, ""n_23"": 1113, ""n_24"": 1129, ""n_25"": 1121, ""n_26"": 1121, ""n_27"": 1129, ""n_28"": 1129, ""n_29"": 1137, ""n_3"": 1137, ""n_30"": 1121, ""n_31"": 1121, ""n_32"": 1137, ""n_33"": 1121, ""n_34"": 1105, ""n_35"": 1137, ""n_36"": 1113, ""n_37"": 1129, ""n_38"": 1129, ""n_39"": 1129, ""n_4"": 1129, ""n_40"": 69462, ""n_5"": 1113, ""n_6"": 1137, ""n_7"": 1129, ""n_8"": 1137, ""n_9"": 1137}",1129,1137,1137,1129,1113,1137,1129,1137,1137,1129,1129,1137,1129,1113,1129,1137,1121,1129,1137,1137,1137,1137,1113,1129,1121,1121,1129,1129,1137,1121,1121,1137,1121,1105,1137,1113,1129,1129,1129,69462,,,,,,,,,,
TS direct,8,40,ok,200000,83198,116802,82998,49713,33285,853.461538462,26929.728668,3.0820213981,0.278850000044,"{""n_1"": 854, ""n_10"": 854, ""n_11"": 854, ""n_12"": 861, ""n_13"": 854, ""n_14"": 840, ""n_15"": 854, ""n_16"": 861, ""n_17"": 847, ""n_18"": 854, ""n_19"": 861, ""n_2"": 861, ""n_20"": 861, ""n_21"": 861, ""n_22"": 861, ""n_23"": 840, ""n_24"": 854, ""n_25"": 847, ""n_26"": 847, ""n_27"": 854, ""n_28"": 854, ""n_29"": 861, ""n_3"": 861, ""n_30"": 847, ""n_31"": 847, ""n_32"": 861, ""n_33"": 847, ""n_34"": 833, ""n_35"": 861, ""n_36"": 840, ""n_37"": 854, ""n_38"": 854, ""n_39"": 854, ""n_4"": 854, ""n_40"": 49713, ""n_5"": 840, ""n_6"": 861, ""n_7"": 854, ""n_8"": 861, ""n_9"": 861}",854,861,861,854,840,861,854,861,861,854,854,861,854,840,854,861,847,854,861,861,861,861,840,854,847,847,854,854,861,847,847,861,847,833,861,840,854,854,854,49713,,,,,,,,,,
UCB appendix,8,50,ok,200000,81840,118160,81590,48742,32848,670.367346939,29009.1708178,2.81255884605,0.19595197888,"{""n_1"": 681, ""n_10"": 681, ""n_11"": 681, ""n_12"": 671, ""n_13"": 652, ""n_14"": 681, ""n_15"": 662, ""n_16"": 681, ""n_17"": 662, ""n_18"": 671, ""n_19"": 662, ""n_2"": 681, ""n_20"": 671, ""n_21"": 681, ""n_22"": 662, ""n_23"": 671, ""n_24"": 662, ""n_25"": 681, ""n_26"": 671, ""n_27"": 681, ""n_28"": 662, ""n_29"": 681, ""n_3"": 681, ""n_30"": 681, ""n_31"": 643, ""n_32"": 662, ""n_33"": 671, ""n_34"": 662, ""n_35"": 652, ""n_36"": 681, ""n_37"": 681, ""n_38"": 681, ""n_39"": 671, ""n_4"": 671, ""n_40"": 671, ""n_41"": 662, ""n_42"": 662, ""n_43"": 671, ""n_44"": 662, ""n_45"": 633, ""n_46"": 662, ""n_47"": 671, ""n_48"": 662, ""n_49"": 671, ""n_5"": 681, ""n_50"": 48742, ""n_6"": 671, ""n_7"": 681, ""n_8"": 681, ""n_9"": 681}",681,681,681,671,681,671,681,681,681,681,681,671,652,681,662,681,662,671,662,671,681,662,671,662,681,671,681,662,681,681,643,662,671,662,652,681,681,681,671,671,662,662,671,662,633,662,671,662,671,48742
UCB direct,8,50,ok,200000,64680,135320,64430,37980,26450,539.795918367,29009.1708178,2.2210217729,0.23173770453,"{""n_1"": 549, ""n_10"": 549, ""n_11"": 549, ""n_12"": 541, ""n_13"": 524, ""n_14"": 549, ""n_15"": 532, ""n_16"": 549, ""n_17"": 532, ""n_18"": 541, ""n_19"": 532, ""n_2"": 549, ""n_20"": 541, ""n_21"": 549, ""n_22"": 532, ""n_23"": 541, ""n_24"": 532, ""n_25"": 549, ""n_26"": 541, ""n_27"": 549, ""n_28"": 532, ""n_29"": 549, ""n_3"": 549, ""n_30"": 549, ""n_31"": 515, ""n_32"": 532, ""n_33"": 541, ""n_34"": 532, ""n_35"": 524, ""n_36"": 549, ""n_37"": 549, ""n_38"": 549, ""n_39"": 541, ""n_4"": 541, ""n_40"": 541, ""n_41"": 532, ""n_42"": 532, ""n_43"": 541, ""n_44"": 532, ""n_45"": 507, ""n_46"": 532, ""n_47"": 541, ""n_48"": 532, ""n_49"": 541, ""n_5"": 549, ""n_50"": 37980, ""n_6"": 541, ""n_7"": 549, ""n_8"": 549, ""n_9"": 549}",549,549,549,541,549,541,549,549,549,549,549,541,524,549,532,549,532,541,532,541,549,532,541,532,549,541,549,532,549,549,515,532,541,532,524,549,549,549,541,541,532,532,541,532,507,532,541,532,541,37980
TS appendix,8,50,ok,200000,124657,75343,124407,75380,49027,1000.55102041,29009.1708178,4.28854036475,0.258363449336,"{""n_1"": 1009, ""n_10"": 1009, ""n_11"": 1009, ""n_12"": 1001, ""n_13"": 986, ""n_14"": 1009, ""n_15"": 994, ""n_16"": 1009, ""n_17"": 994, ""n_18"": 1001, ""n_19"": 994, ""n_2"": 1009, ""n_20"": 1001, ""n_21"": 1009, ""n_22"": 994, ""n_23"": 1001, ""n_24"": 994, ""n_25"": 1009, ""n_26"": 1001, ""n_27"": 1009, ""n_28"": 994, ""n_29"": 1009, ""n_3"": 1009, ""n_30"": 1009, ""n_31"": 978, ""n_32"": 994, ""n_33"": 1001, ""n_34"": 994, ""n_35"": 986, ""n_36"": 1009, ""n_37"": 1009, ""n_38"": 1009, ""n_39"": 1001, ""n_4"": 1001, ""n_40"": 1001, ""n_41"": 994, ""n_42"": 994, ""n_43"": 1001, ""n_44"": 994, ""n_45"": 971, ""n_46"": 994, ""n_47"": 1001, ""n_48"": 994, ""n_49"": 1001, ""n_5"": 1009, ""n_50"": 75380, ""n_6"": 1001, ""n_7"": 1009, ""n_8"": 1009, ""n_9"": 1009}",1009,1009,1009,1001,1009,1001,1009,1009,1009,1009,1009,1001,986,1009,994,1009,994,1001,994,1001,1009,994,1001,994,1009,1001,1009,994,1009,1009,978,994,1001,994,986,1009,1009,1009,1001,1001,994,994,1001,994,971,994,1001,994,1001,75380
TS direct,8,50,ok,200000,88934,111066,88684,52424,36260,740,29009.1708178,3.05710220251,0.30070000004,"{""n_1"": 747, ""n_10"": 747, ""n_11"": 747, ""n_12"": 741, ""n_13"": 728, ""n_14"": 747, ""n_15"": 734, ""n_16"": 747, ""n_17"": 734, ""n_18"": 741, ""n_19"": 734, ""n_2"": 747, ""n_20"": 741, ""n_21"": 747, ""n_22"": 734, ""n_23"": 741, ""n_24"": 734, ""n_25"": 747, ""n_26"": 741, ""n_27"": 747, ""n_28"": 734, ""n_29"": 747, ""n_3"": 747, ""n_30"": 747, ""n_31"": 721, ""n_32"": 734, ""n_33"": 741, ""n_34"": 734, ""n_35"": 728, ""n_36"": 747, ""n_37"": 747, ""n_38"": 747, ""n_39"": 741, ""n_4"": 741, ""n_40"": 741, ""n_41"": 734, ""n_42"": 734, ""n_43"": 741, ""n_44"": 734, ""n_45"": 715, ""n_46"": 734, ""n_47"": 741, ""n_48"": 734, ""n_49"": 741, ""n_5"": 747, ""n_50"": 52424, ""n_6"": 741, ""n_7"": 747, ""n_8"": 747, ""n_9"": 747}",747,747,747,741,747,741,747,747,747,747,747,741,728,747,734,747,734,741,734,741,747,734,741,734,747,741,747,734,747,747,721,734,741,734,728,747,747,747,741,741,734,734,741,734,715,734,741,734,741,52424
UCB appendix,9,5,ok,200000,30680,169320,30655,18807,11848,2962,13464.864334,2.27666608735,0.085950778179,"{""n_1"": 2957, ""n_2"": 2957, ""n_3"": 2977, ""n_4"": 2957, ""n_5"": 18807}",2957,2957,2977,2957,18807,,,,,,,,,,,,,,,,,,,,,,,,,,,,,,,,,,,,,,,,,,,,,
UCB direct,9,5,ok,200000,27906,172094,27881,17074,10807,2701.75,13464.864334,2.07064841564,0.102303379727,"{""n_1"": 2697, ""n_2"": 2697, ""n_3"": 2716, ""n_4"": 2697, ""n_5"": 17074}",2697,2697,2716,2697,17074,,,,,,,,,,,,,,,,,,,,,,,,,,,,,,,,,,,,,,,,,,,,,
TS appendix,9,5,ok,200000,48580,151420,48555,32119,16436,4109,13464.864334,3.6060519286,0.122238094955,"{""n_1"": 4105, ""n_2"": 4105, ""n_3"": 4121, ""n_4"": 4105, ""n_5"": 32119}",4105,4105,4121,4105,32119,,,,,,,,,,,,,,,,,,,,,,,,,,,,,,,,,,,,,,,,,,,,,
TS direct,9,5,ok,200000,42017,157983,41992,27649,14343,3585.75,13464.864334,3.11863520926,0.130900000074,"{""n_1"": 3582, ""n_2"": 3582, ""n_3"": 3597, ""n_4"": 3582, ""n_5"": 27649}",3582,3582,3597,3582,27649,,,,,,,,,,,,,,,,,,,,,,,,,,,,,,,,,,,,,,,,,,,,,
UCB appendix,9,10,ok,200000,41913,158087,41863,25664,16199,1799.88888889,16964.6660084,2.46765836588,0.113725591549,"{""n_1"": 1805, ""n_10"": 25664, ""n_2"": 1805, ""n_3"": 1821, ""n_4"": 1774, ""n_5"": 1821, ""n_6"": 1774, ""n_7"": 1789, ""n_8"": 1805, ""n_9"": 1805}",1805,1805,1821,1774,1821,1774,1789,1805,1805,25664,,,,,,,,,,,,,,,,,,,,,,,,,,,,,,,,,,,,,,,,
UCB direct,9,10,ok,200000,36892,163108,36842,22386,14456,1606.22222222,16964.6660084,2.17169026385,0.132848198098,"{""n_1"": 1611, ""n_10"": 22386, ""n_2"": 1611, ""n_3"": 1626, ""n_4"": 1582, ""n_5"": 1626, ""n_6"": 1582, ""n_7"": 1596, ""n_8"": 1611, ""n_9"": 1611}",1611,1611,1626,1582,1626,1582,1596,1611,1611,22386,,,,,,,,,,,,,,,,,,,,,,,,,,,,,,,,,,,,,,,,
TS appendix,9,10,ok,200000,64838,135162,64788,41859,22929,2547.66666667,16964.6660084,3.81899649353,0.157083730679,"{""n_1"": 2552, ""n_10"": 41859, ""n_2"": 2552, ""n_3"": 2564, ""n_4"": 2527, ""n_5"": 2564, ""n_6"": 2527, ""n_7"": 2539, ""n_8"": 2552, ""n_9"": 2552}",2552,2552,2564,2527,2564,2527,2539,2552,2552,41859,,,,,,,,,,,,,,,,,,,,,,,,,,,,,,,,,,,,,,,,
TS direct,9,10,ok,200000,53634,146366,53584,34366,19218,2135.33333333,16964.6660084,3.15856498286,0.171650000066,"{""n_1"": 2139, ""n_10"": 34366, ""n_2"": 2139, ""n_3"": 2151, ""n_4"": 2116, ""n_5"": 2151, ""n_6"": 2116, ""n_7"": 2128, ""n_8"": 2139, ""n_9"": 2139}",2139,2139,2151,2116,2151,2116,2128,2139,2139,34366,,,,,,,,,,,,,,,,,,,,,,,,,,,,,,,,,,,,,,,,
UCB appendix,9,15,ok,200000,49828,150172,49753,30372,19381,1384.35714286,19419.6948,2.56198671052,0.13183842645,"{""n_1"": 1398, ""n_10"": 1371, ""n_11"": 1371, ""n_12"": 1384, ""n_13"": 1371, ""n_14"": 1384, ""n_15"": 30372, ""n_2"": 1398, ""n_3"": 1371, ""n_4"": 1398, ""n_5"": 1384, ""n_6"": 1371, ""n_7"": 1398, ""n_8"": 1398, ""n_9"": 1384}",1398,1398,1371,1398,1384,1371,1398,1398,1384,1371,1371,1384,1371,1384,30372,,,,,,,,,,,,,,,,,,,,,,,,,,,,,,,,,,,
UCB direct,9,15,ok,200000,42891,157109,42816,25918,16898,1207,19419.6948,2.2047720338,0.153851699698,"{""n_1"": 1220, ""n_10"": 1194, ""n_11"": 1194, ""n_12"": 1207, ""n_13"": 1194, ""n_14"": 1207, ""n_15"": 25918, ""n_2"": 1220, ""n_3"": 1194, ""n_4"": 1220, ""n_5"": 1207, ""n_6"": 1194, ""n_7"": 1220, ""n_8"": 1220, ""n_9"": 1207}",1220,1220,1194,1220,1207,1194,1220,1220,1207,1194,1194,1207,1194,1207,25918,,,,,,,,,,,,,,,,,,,,,,,,,,,,,,,,,,,
TS appendix,9,15,ok,200000,76409,123591,76334,48600,27734,1981,19419.6948,3.93075178504,0.179621428403,"{""n_1"": 1992, ""n_10"": 1970, ""n_11"": 1970, ""n_12"": 1981, ""n_13"": 1970, ""n_14"": 1981, ""n_15"": 48600, ""n_2"": 1992, ""n_3"": 1970, ""n_4"": 1992, ""n_5"": 1981, ""n_6"": 1970, ""n_7"": 1992, ""n_8"": 1992, ""n_9"": 1981}",1992,1992,1970,1992,1981,1970,1992,1992,1981,1970,1970,1981,1970,1981,48600,,,,,,,,,,,,,,,,,,,,,,,,,,,,,,,,,,,
TS direct,9,15,ok,200000,61317,138683,61242,38492,22750,1625,19419.6948,3.15360259936,0.19845000006,"{""n_1"": 1635, ""n_10"": 1615, ""n_11"": 1615, ""n_12"": 1625, ""n_13"": 1615, ""n_14"": 1625, ""n_15"": 38492, ""n_2"": 1635, ""n_3"": 1615, ""n_4"": 1635, ""n_5"": 1625, ""n_6"": 1615, ""n_7"": 1635, ""n_8"": 1635, ""n_9"": 1625}",1635,1635,1615,1635,1625,1615,1635,1635,1625,1615,1615,1625,1615,1625,38492,,,,,,,,,,,,,,,,,,,,,,,,,,,,,,,,,,,
UCB appendix,9,20,ok,200000,56192,143808,56092,34104,21988,1157.26315789,21374.1398084,2.6242927436,0.145677303113,"{""n_1"": 1168, ""n_10"": 1168, ""n_11"": 1155, ""n_12"": 1168, ""n_13"": 1168, ""n_14"": 1143, ""n_15"": 1155, ""n_16"": 1168, ""n_17"": 1143, ""n_18"": 1168, ""n_19"": 1155, ""n_2"": 1155, ""n_20"": 34104, ""n_3"": 1155, ""n_4"": 1168, ""n_5"": 1155, ""n_6"": 1168, ""n_7"": 1155, ""n_8"": 1143, ""n_9"": 1130}",1168,1155,1155,1168,1155,1168,1155,1143,1130,1168,1155,1168,1168,1143,1155,1168,1143,1168,1155,34104,,,,,,,,,,,,,,,,,,,,,,,,,,,,,,
UCB direct,9,20,ok,200000,47527,152473,47427,28645,18782,988.526315789,21374.1398084,2.21889631232,0.170465871078,"{""n_1"": 998, ""n_10"": 998, ""n_11"": 987, ""n_12"": 998, ""n_13"": 998, ""n_14"": 975, ""n_15"": 987, ""n_16"": 998, ""n_17"": 975, ""n_18"": 998, ""n_19"": 987, ""n_2"": 987, ""n_20"": 28645, ""n_3"": 987, ""n_4"": 998, ""n_5"": 987, ""n_6"": 998, ""n_7"": 987, ""n_8"": 975, ""n_9"": 964}",998,987,987,998,987,998,987,975,964,998,987,998,998,975,987,998,975,998,987,28645,,,,,,,,,,,,,,,,,,,,,,,,,,,,,,
TS appendix,9,20,ok,200000,85819,114181,85719,53978,31741,1670.57894737,21374.1398084,4.01040700437,0.196755072397,"{""n_1"": 1679, ""n_10"": 1679, ""n_11"": 1669, ""n_12"": 1679, ""n_13"": 1679, ""n_14"": 1659, ""n_15"": 1669, ""n_16"": 1679, ""n_17"": 1659, ""n_18"": 1679, ""n_19"": 1669, ""n_2"": 1669, ""n_20"": 53978, ""n_3"": 1669, ""n_4"": 1679, ""n_5"": 1669, ""n_6"": 1679, ""n_7"": 1669, ""n_8"": 1659, ""n_9"": 1649}",1679,1669,1669,1679,1669,1679,1669,1659,1649,1679,1669,1679,1679,1659,1669,1679,1659,1679,1669,53978,,,,,,,,,,,,,,,,,,,,,,,,,,,,,,
TS direct,9,20,ok,200000,67231,132769,67131,41910,25221,1327.42105263,21374.1398084,3.1407579721,0.220900000056,"{""n_1"": 1335, ""n_10"": 1335, ""n_11"": 1326, ""n_12"": 1335, ""n_13"": 1335, ""n_14"": 1317, ""n_15"": 1326, ""n_16"": 1335, ""n_17"": 1317, ""n_18"": 1335, ""n_19"": 1326, ""n_2"": 1326, ""n_20"": 41910, ""n_3"": 1326, ""n_4"": 1335, ""n_5"": 1326, ""n_6"": 1335, ""n_7"": 1326, ""n_8"": 1317, ""n_9"": 1308}",1335,1326,1326,1335,1326,1335,1326,1317,1308,1335,1326,1335,1335,1317,1326,1335,1317,1335,1326,41910,,,,,,,,,,,,,,,,,,,,,,,,,,,,,,
UCB appendix,9,30,ok,200000,66361,133639,66211,39995,26216,904,24467.282261,2.70610357512,0.166648714667,"{""n_1"": 893, ""n_10"": 904, ""n_11"": 904, ""n_12"": 904, ""n_13"": 915, ""n_14"": 893, ""n_15"": 904, ""n_16"": 904, ""n_17"": 915, ""n_18"": 882, ""n_19"": 893, ""n_2"": 915, ""n_20"": 893, ""n_21"": 915, ""n_22"": 904, ""n_23"": 904, ""n_24"": 893, ""n_25"": 904, ""n_26"": 904, ""n_27"": 893, ""n_28"": 915, ""n_29"": 882, ""n_3"": 915, ""n_30"": 39995, ""n_4"": 915, ""n_5"": 915, ""n_6"": 915, ""n_7"": 904, ""n_8"": 904, ""n_9"": 915}",893,915,915,915,915,915,904,904,915,904,904,904,915,893,904,904,915,882,893,893,915,904,904,893,904,904,893,915,882,39995,,,,,,,,,,,,,,,,,,,,
UCB direct,9,30,ok,200000,54602,145398,54452,32441,22011,759,24467.282261,2.22550258828,0.194835787913,"{""n_1"": 749, ""n_10"": 759, ""n_11"": 759, ""n_12"": 759, ""n_13"": 769, ""n_14"": 749, ""n_15"": 759, ""n_16"": 759, ""n_17"": 769, ""n_18"": 739, ""n_19"": 749, ""n_2"": 769, ""n_20"": 749, ""n_21"": 769, ""n_22"": 759, ""n_23"": 759, ""n_24"": 749, ""n_25"": 759, ""n_26"": 759, ""n_27"": 749, ""n_28"": 769, ""n_29"": 739, ""n_3"": 769, ""n_30"": 32441, ""n_4"": 769, ""n_5"": 769, ""n_6"": 769, ""n_7"": 759, ""n_8"": 759, ""n_9"": 769}",749,769,769,769,769,769,759,759,769,759,759,759,769,749,759,759,769,739,749,749,769,759,759,749,759,759,749,769,739,32441,,,,,,,,,,,,,,,,,,,,
TS appendix,9,30,ok,200000,101082,98918,100932,62546,38386,1323.65517241,24467.282261,4.12518231176,0.222613734992,"{""n_1"": 1315, ""n_10"": 1324, ""n_11"": 1324, ""n_12"": 1324, ""n_13"": 1332, ""n_14"": 1315, ""n_15"": 1324, ""n_16"": 1324, ""n_17"": 1332, ""n_18"": 1306, ""n_19"": 1315, ""n_2"": 1332, ""n_20"": 1315, ""n_21"": 1332, ""n_22"": 1324, ""n_23"": 1324, ""n_24"": 1315, ""n_25"": 1324, ""n_26"": 1324, ""n_27"": 1315, ""n_28"": 1332, ""n_29"": 1306, ""n_3"": 1332, ""n_30"": 62546, ""n_4"": 1332, ""n_5"": 1332, ""n_6"": 1332, ""n_7"": 1324, ""n_8"": 1324, ""n_9"": 1332}",1315,1332,1332,1332,1332,1332,1324,1324,1332,1324,1324,1324,1332,1315,1324,1324,1332,1306,1315,1315,1332,1324,1324,1315,1324,1324,1315,1332,1306,62546,,,,,,,,,,,,,,,,,,,,
TS direct,9,30,ok,200000,76252,123748,76102,46261,29841,1029,24467.282261,3.11035770905,0.252700000049,"{""n_1"": 1021, ""n_10"": 1029, ""n_11"": 1029, ""n_12"": 1029, ""n_13"": 1037, ""n_14"": 1021, ""n_15"": 1029, ""n_16"": 1029, ""n_17"": 1037, ""n_18"": 1013, ""n_19"": 1021, ""n_2"": 1037, ""n_20"": 1021, ""n_21"": 1037, ""n_22"": 1029, ""n_23"": 1029, ""n_24"": 1021, ""n_25"": 1029, ""n_26"": 1029, ""n_27"": 1021, ""n_28"": 1037, ""n_29"": 1013, ""n_3"": 1037, ""n_30"": 46261, ""n_4"": 1037, ""n_5"": 1037, ""n_6"": 1037, ""n_7"": 1029, ""n_8"": 1029, ""n_9"": 1037}",1021,1037,1037,1037,1037,1037,1029,1029,1037,1029,1029,1029,1037,1021,1029,1029,1037,1013,1021,1021,1037,1029,1029,1021,1029,1029,1021,1037,1013,46261,,,,,,,,,,,,,,,,,,,,
UCB appendix,9,40,ok,200000,74646,125354,74446,44719,29727,762.230769231,26929.728668,2.76445414351,0.182734002382,"{""n_1"": 773, ""n_10"": 773, ""n_11"": 773, ""n_12"": 763, ""n_13"": 773, ""n_14"": 773, ""n_15"": 763, ""n_16"": 763, ""n_17"": 773, ""n_18"": 743, ""n_19"": 753, ""n_2"": 773, ""n_20"": 763, ""n_21"": 743, ""n_22"": 753, ""n_23"": 763, ""n_24"": 753, ""n_25"": 753, ""n_26"": 773, ""n_27"": 763, ""n_28"": 743, ""n_29"": 773, ""n_3"": 773, ""n_30"": 753, ""n_31"": 753, ""n_32"": 773, ""n_33"": 773, ""n_34"": 773, ""n_35"": 743, ""n_36"": 763, ""n_37"": 753, ""n_38"": 753, ""n_39"": 733, ""n_4"": 773, ""n_40"": 44719, ""n_5"": 773, ""n_6"": 763, ""n_7"": 773, ""n_8"": 763, ""n_9"": 763}",773,773,773,773,773,763,773,763,763,773,773,763,773,773,763,763,773,743,753,763,743,753,763,753,753,773,763,743,773,753,753,773,773,773,743,763,753,753,733,44719,,,,,,,,,,
UCB direct,9,40,ok,200000,60101,139899,59901,35592,24309,623.307692308,26929.728668,2.2243447284,0.215315739971,"{""n_1"": 633, ""n_10"": 633, ""n_11"": 633, ""n_12"": 624, ""n_13"": 633, ""n_14"": 633, ""n_15"": 624, ""n_16"": 624, ""n_17"": 633, ""n_18"": 606, ""n_19"": 615, ""n_2"": 633, ""n_20"": 624, ""n_21"": 606, ""n_22"": 615, ""n_23"": 624, ""n_24"": 615, ""n_25"": 615, ""n_26"": 633, ""n_27"": 624, ""n_28"": 606, ""n_29"": 633, ""n_3"": 633, ""n_30"": 615, ""n_31"": 615, ""n_32"": 633, ""n_33"": 633, ""n_34"": 633, ""n_35"": 606, ""n_36"": 624, ""n_37"": 615, ""n_38"": 615, ""n_39"": 597, ""n_4"": 633, ""n_40"": 35592, ""n_5"": 633, ""n_6"": 624, ""n_7"": 633, ""n_8"": 624, ""n_9"": 624}",633,633,633,633,633,624,633,624,624,633,633,624,633,633,624,624,633,606,615,624,606,615,624,615,615,633,624,606,633,615,615,633,633,633,606,624,615,615,597,35592,,,,,,,,,,
TS appendix,9,40,ok,200000,113669,86331,113469,69462,44007,1128.38461538,26929.728668,4.21352184416,0.24229773968,"{""n_1"": 1137, ""n_10"": 1137, ""n_11"": 1137, ""n_12"": 1129, ""n_13"": 1137, ""n_14"": 1137, ""n_15"": 1129, ""n_16"": 1129, ""n_17"": 1137, ""n_18"": 1113, ""n_19"": 1121, ""n_2"": 1137, ""n_20"": 1129, ""n_21"": 1113, ""n_22"": 1121, ""n_23"": 1129, ""n_24"": 1121, ""n_25"": 1121, ""n_26"": 1137, ""n_27"": 1129, ""n_28"": 1113, ""n_29"": 1137, ""n_3"": 1137, ""n_30"": 1121, ""n_31"": 1121, ""n_32"": 1137, ""n_33"": 1137, ""n_34"": 1137, ""n_35"": 1113, ""n_36"": 1129, ""n_37"": 1121, ""n_38"": 1121, ""n_39"": 1105, ""n_4"": 1137, ""n_40"": 69462, ""n_5"": 1137, ""n_6"": 1129, ""n_7"": 1137, ""n_8"": 1129, ""n_9"": 1129}",1137,1137,1137,1137,1137,1129,1137,1129,1129,1137,1137,1129,1137,1137,1129,1129,1137,1113,1121,1129,1113,1121,1129,1121,1121,1137,1129,1113,1137,1121,1121,1137,1137,1137,1113,1129,1121,1121,1105,69462,,,,,,,,,,
TS direct,9,40,ok,200000,83198,116802,82998,49713,33285,853.461538462,26929.728668,3.0820213981,0.278850000044,"{""n_1"": 861, ""n_10"": 861, ""n_11"": 861, ""n_12"": 854, ""n_13"": 861, ""n_14"": 861, ""n_15"": 854, ""n_16"": 854, ""n_17"": 861, ""n_18"": 840, ""n_19"": 847, ""n_2"": 861, ""n_20"": 854, ""n_21"": 840, ""n_22"": 847, ""n_23"": 854, ""n_24"": 847, ""n_25"": 847, ""n_26"": 861, ""n_27"": 854, ""n_28"": 840, ""n_29"": 861, ""n_3"": 861, ""n_30"": 847, ""n_31"": 847, ""n_32"": 861, ""n_33"": 861, ""n_34"": 861, ""n_35"": 840, ""n_36"": 854, ""n_37"": 847, ""n_38"": 847, ""n_39"": 833, ""n_4"": 861, ""n_40"": 49713, ""n_5"": 861, ""n_6"": 854, ""n_7"": 861, ""n_8"": 854, ""n_9"": 854}",861,861,861,861,861,854,861,854,854,861,861,854,861,861,854,854,861,840,847,854,840,847,854,847,847,861,854,840,861,847,847,861,861,861,840,854,847,847,833,49713,,,,,,,,,,
UCB appendix,9,50,ok,200000,81818,118182,81568,48736,32832,670.040816327,29009.1708178,2.81180046518,0.195934209196,"{""n_1"": 681, ""n_10"": 681, ""n_11"": 681, ""n_12"": 662, ""n_13"": 671, ""n_14"": 662, ""n_15"": 671, ""n_16"": 662, ""n_17"": 653, ""n_18"": 662, ""n_19"": 681, ""n_2"": 681, ""n_20"": 671, ""n_21"": 681, ""n_22"": 662, ""n_23"": 681, ""n_24"": 671, ""n_25"": 681, ""n_26"": 662, ""n_27"": 671, ""n_28"": 681, ""n_29"": 662, ""n_3"": 681, ""n_30"": 681, ""n_31"": 662, ""n_32"": 671, ""n_33"": 671, ""n_34"": 653, ""n_35"": 653, ""n_36"": 671, ""n_37"": 681, ""n_38"": 671, ""n_39"": 662, ""n_4"": 681, ""n_40"": 681, ""n_41"": 671, ""n_42"": 671, ""n_43"": 653, ""n_44"": 671, ""n_45"": 671, ""n_46"": 671, ""n_47"": 653, ""n_48"": 653, ""n_49"": 653, ""n_5"": 671, ""n_50"": 48736, ""n_6"": 681, ""n_7"": 681, ""n_8"": 671, ""n_9"": 671}",681,681,681,681,671,681,681,671,671,681,681,662,671,662,671,662,653,662,681,671,681,662,681,671,681,662,671,681,662,681,662,671,671,653,653,671,681,671,662,681,671,671,653,671,671,671,653,653,653,48736
UCB direct,9,50,ok,200000,64667,135333,64417,38118,26299,536.714285714,29009.1708178,2.22057363875,0.23233685401,"{""n_1"": 546, ""n_10"": 546, ""n_11"": 546, ""n_12"": 530, ""n_13"": 538, ""n_14"": 530, ""n_15"": 538, ""n_16"": 530, ""n_17"": 521, ""n_18"": 530, ""n_19"": 546, ""n_2"": 546, ""n_20"": 538, ""n_21"": 546, ""n_22"": 530, ""n_23"": 546, ""n_24"": 538, ""n_25"": 546, ""n_26"": 530, ""n_27"": 538, ""n_28"": 546, ""n_29"": 530, ""n_3"": 546, ""n_30"": 546, ""n_31"": 530, ""n_32"": 538, ""n_33"": 538, ""n_34"": 521, ""n_35"": 521, ""n_36"": 538, ""n_37"": 546, ""n_38"": 538, ""n_39"": 530, ""n_4"": 546, ""n_40"": 546, ""n_41"": 538, ""n_42"": 538, ""n_43"": 521, ""n_44"": 538, ""n_45"": 538, ""n_46"": 538, ""n_47"": 521, ""n_48"": 521, ""n_49"": 521, ""n_5"": 538, ""n_50"": 38118, ""n_6"": 546, ""n_7"": 546, ""n_8"": 538, ""n_9"": 538}",546,546,546,546,538,546,546,538,538,546,546,530,538,530,538,530,521,530,546,538,546,530,546,538,546,530,538,546,530,546,530,538,538,521,521,538,546,538,530,546,538,538,521,538,538,538,521,521,521,38118
TS appendix,9,50,ok,200000,124635,75365,124385,75376,49009,1000.18367347,29009.1708178,4.28778198389,0.258352271723,"{""n_1"": 1009, ""n_10"": 1009, ""n_11"": 1009, ""n_12"": 994, ""n_13"": 1001, ""n_14"": 994, ""n_15"": 1001, ""n_16"": 994, ""n_17"": 986, ""n_18"": 994, ""n_19"": 1009, ""n_2"": 1009, ""n_20"": 1001, ""n_21"": 1009, ""n_22"": 994, ""n_23"": 1009, ""n_24"": 1001, ""n_25"": 1009, ""n_26"": 994, ""n_27"": 1001, ""n_28"": 1009, ""n_29"": 994, ""n_3"": 1009, ""n_30"": 1009, ""n_31"": 994, ""n_32"": 1001, ""n_33"": 1001, ""n_34"": 986, ""n_35"": 986, ""n_36"": 1001, ""n_37"": 1009, ""n_38"": 1001, ""n_39"": 994, ""n_4"": 1009, ""n_40"": 1009, ""n_41"": 1001, ""n_42"": 1001, ""n_43"": 986, ""n_44"": 1001, ""n_45"": 1001, ""n_46"": 1001, ""n_47"": 986, ""n_48"": 986, ""n_49"": 986, ""n_5"": 1001, ""n_50"": 75376, ""n_6"": 1009, ""n_7"": 1009, ""n_8"": 1001, ""n_9"": 1001}",1009,1009,1009,1009,1001,1009,1009,1001,1001,1009,1009,994,1001,994,1001,994,986,994,1009,1001,1009,994,1009,1001,1009,994,1001,1009,994,1009,994,1001,1001,986,986,1001,1009,1001,994,1009,1001,1001,986,1001,1001,1001,986,986,986,75376
TS direct,9,50,ok,200000,88927,111073,88677,52426,36251,739.816326531,29009.1708178,3.05686089951,0.30070000004,"{""n_1"": 747, ""n_10"": 747, ""n_11"": 747, ""n_12"": 734, ""n_13"": 741, ""n_14"": 734, ""n_15"": 741, ""n_16"": 734, ""n_17"": 728, ""n_18"": 734, ""n_19"": 747, ""n_2"": 747, ""n_20"": 741, ""n_21"": 747, ""n_22"": 734, ""n_23"": 747, ""n_24"": 741, ""n_25"": 747, ""n_26"": 734, ""n_27"": 741, ""n_28"": 747, ""n_29"": 734, ""n_3"": 747, ""n_30"": 747, ""n_31"": 734, ""n_32"": 741, ""n_33"": 741, ""n_34"": 728, ""n_35"": 728, ""n_36"": 741, ""n_37"": 747, ""n_38"": 741, ""n_39"": 734, ""n_4"": 747, ""n_40"": 747, ""n_41"": 741, ""n_42"": 741, ""n_43"": 728, ""n_44"": 741, ""n_45"": 741, ""n_46"": 741, ""n_47"": 728, ""n_48"": 728, ""n_49"": 728, ""n_5"": 741, ""n_50"": 52426, ""n_6"": 747, ""n_7"": 747, ""n_8"": 741, ""n_9"": 741}",747,747,747,747,741,747,747,741,741,747,747,734,741,734,741,734,728,734,747,741,747,734,747,741,747,734,741,747,734,747,734,741,741,728,728,741,747,741,734,747,741,741,728,741,741,741,728,728,728,52426
