algorithm,repeat,status,T,T0,H,Cost_n,target_online_ratio,non_target_online_pulls,S_T,normalized_cost,z_star,mu_minus_K,epsilon,legality_check,allocation_json,online_counts_json,n_1,n_2,n_3,n_4,n_5,n_6,n_7,n_8,n_9,n_10,N_on_1,N_on_2,N_on_3,N_on_4,N_on_5,N_on_6,N_on_7,N_on_8,N_on_9,N_on_10
UCB appendix,0,ok,100000,26332,73668,26282,1,0,10480.8192431,2.50762840102,0.136627750789,0,0,certificate,"{""n_1"": 1159, ""n_10"": 15825, ""n_2"": 1172, ""n_3"": 1172, ""n_4"": 1172, ""n_5"": 1172, ""n_6"": 1159, ""n_7"": 1146, ""n_8"": 1159, ""n_9"": 1146}","{""N_on_1"": 0, ""N_on_10"": 73668, ""N_on_2"": 0, ""N_on_3"": 0, ""N_on_4"": 0, ""N_on_5"": 0, ""N_on_6"": 0, ""N_on_7"": 0, ""N_on_8"": 0, ""N_on_9"": 0}",1159,1172,1172,1172,1172,1159,1146,1159,1146,15825,0,0,0,0,0,0,0,0,0,73668
UCB direct,0,ok,100000,22502,77498,22452,1,0,10480.8192431,2.14219895212,0.163378994339,0,0,certificate,"{""n_1"": 1014, ""n_10"": 13302, ""n_2"": 1026, ""n_3"": 1026, ""n_4"": 1026, ""n_5"": 1026, ""n_6"": 1014, ""n_7"": 1002, ""n_8"": 1014, ""n_9"": 1002}","{""N_on_1"": 0, ""N_on_10"": 77498, ""N_on_2"": 0, ""N_on_3"": 0, ""N_on_4"": 0, ""N_on_5"": 0, ""N_on_6"": 0, ""N_on_7"": 0, ""N_on_8"": 0, ""N_on_9"": 0}",1014,1026,1026,1026,1026,1014,1002,1014,1002,13302,0,0,0,0,0,0,0,0,0,77498
TS appendix,0,ok,100000,41967,58033,41917,1,0,10480.8192431,3.99940109907,0.189415399845,0,0,certificate,"{""n_1"": 1684, ""n_10"": 26743, ""n_2"": 1694, ""n_3"": 1694, ""n_4"": 1694, ""n_5"": 1694, ""n_6"": 1684, ""n_7"": 1673, ""n_8"": 1684, ""n_9"": 1673}","{""N_on_1"": 0, ""N_on_10"": 58033, ""N_on_2"": 0, ""N_on_3"": 0, ""N_on_4"": 0, ""N_on_5"": 0, ""N_on_6"": 0, ""N_on_7"": 0, ""N_on_8"": 0, ""N_on_9"": 0}",1684,1694,1694,1694,1694,1684,1673,1684,1673,26743,0,0,0,0,0,0,0,0,0,58033
TS direct,0,ok,100000,33079,66921,33029,1,0,10480.8192431,3.15137578789,0.211700000058,0,0,certificate,"{""n_1"": 1350, ""n_10"": 20861, ""n_2"": 1359, ""n_3"": 1359, ""n_4"": 1359, ""n_5"": 1359, ""n_6"": 1350, ""n_7"": 1341, ""n_8"": 1350, ""n_9"": 1341}","{""N_on_1"": 0, ""N_on_10"": 66921, ""N_on_2"": 0, ""N_on_3"": 0, ""N_on_4"": 0, ""N_on_5"": 0, ""N_on_6"": 0, ""N_on_7"": 0, ""N_on_8"": 0, ""N_on_9"": 0}",1350,1359,1359,1359,1359,1350,1341,1350,1341,20861,0,0,0,0,0,0,0,0,0,66921
UCB clean,0,ok,100000,50,99950,0,0.000280140070035,99922,10480.8192431,0,,,,clean_no_attack,"{""n_1"": 0, ""n_10"": 0, ""n_2"": 0, ""n_3"": 0, ""n_4"": 0, ""n_5"": 0, ""n_6"": 0, ""n_7"": 0, ""n_8"": 0, ""n_9"": 0}","{""N_on_1"": 61229, ""N_on_10"": 28, ""N_on_2"": 11419, ""N_on_3"": 9596, ""N_on_4"": 6231, ""N_on_5"": 7120, ""N_on_6"": 1708, ""N_on_7"": 1044, ""N_on_8"": 1095, ""N_on_9"": 480}",0,0,0,0,0,0,0,0,0,0,61229,11419,9596,6231,7120,1708,1044,1095,480,28
TS clean,0,ok,100000,50,99950,0,0.000170085042521,99933,10480.8192431,0,,,,clean_no_attack,"{""n_1"": 0, ""n_10"": 0, ""n_2"": 0, ""n_3"": 0, ""n_4"": 0, ""n_5"": 0, ""n_6"": 0, ""n_7"": 0, ""n_8"": 0, ""n_9"": 0}","{""N_on_1"": 75223, ""N_on_10"": 17, ""N_on_2"": 9191, ""N_on_3"": 4809, ""N_on_4"": 5636, ""N_on_5"": 2679, ""N_on_6"": 1074, ""N_on_7"": 644, ""N_on_8"": 401, ""N_on_9"": 276}",0,0,0,0,0,0,0,0,0,0,75223,9191,4809,5636,2679,1074,644,401,276,17
UCB appendix,0,ok,250000,48821,201179,48771,1,0,19804.9881347,2.46256143495,0.107195247144,0,0,certificate,"{""n_1"": 2080, ""n_10"": 30017, ""n_2"": 2097, ""n_3"": 2097, ""n_4"": 2097, ""n_5"": 2097, ""n_6"": 2080, ""n_7"": 2063, ""n_8"": 2080, ""n_9"": 2063}","{""N_on_1"": 0, ""N_on_10"": 201179, ""N_on_2"": 0, ""N_on_3"": 0, ""N_on_4"": 0, ""N_on_5"": 0, ""N_on_6"": 0, ""N_on_7"": 0, ""N_on_8"": 0, ""N_on_9"": 0}",2080,2097,2097,2097,2097,2080,2063,2080,2063,30017,0,0,0,0,0,0,0,0,0,201179
UCB direct,0,ok,250000,43325,206675,43275,1,0,19804.9881347,2.18505558831,0.124099016545,0,0,certificate,"{""n_1"": 1875, ""n_10"": 26368, ""n_2"": 1891, ""n_3"": 1891, ""n_4"": 1891, ""n_5"": 1891, ""n_6"": 1875, ""n_7"": 1859, ""n_8"": 1875, ""n_9"": 1859}","{""N_on_1"": 0, ""N_on_10"": 206675, ""N_on_2"": 0, ""N_on_3"": 0, ""N_on_4"": 0, ""N_on_5"": 0, ""N_on_6"": 0, ""N_on_7"": 0, ""N_on_8"": 0, ""N_on_9"": 0}",1875,1891,1891,1891,1891,1875,1859,1875,1859,26368,0,0,0,0,0,0,0,0,0,206675
TS appendix,0,ok,250000,74795,175205,74745,1,0,19804.9881347,3.7740492189,0.147776406305,0,0,certificate,"{""n_1"": 2921, ""n_10"": 48426, ""n_2"": 2935, ""n_3"": 2935, ""n_4"": 2935, ""n_5"": 2935, ""n_6"": 2921, ""n_7"": 2908, ""n_8"": 2921, ""n_9"": 2908}","{""N_on_1"": 0, ""N_on_10"": 175205, ""N_on_2"": 0, ""N_on_3"": 0, ""N_on_4"": 0, ""N_on_5"": 0, ""N_on_6"": 0, ""N_on_7"": 0, ""N_on_8"": 0, ""N_on_9"": 0}",2921,2935,2935,2935,2935,2921,2908,2921,2908,48426,0,0,0,0,0,0,0,0,0,175205
TS direct,0,ok,250000,62693,187307,62643,1,0,19804.9881347,3.16299103913,0.160850000068,0,0,certificate,"{""n_1"": 2468, ""n_10"": 40407, ""n_2"": 2480, ""n_3"": 2480, ""n_4"": 2480, ""n_5"": 2480, ""n_6"": 2468, ""n_7"": 2456, ""n_8"": 2468, ""n_9"": 2456}","{""N_on_1"": 0, ""N_on_10"": 187307, ""N_on_2"": 0, ""N_on_3"": 0, ""N_on_4"": 0, ""N_on_5"": 0, ""N_on_6"": 0, ""N_on_7"": 0, ""N_on_8"": 0, ""N_on_9"": 0}",2468,2480,2480,2480,2480,2468,2456,2468,2456,40407,0,0,0,0,0,0,0,0,0,187307
UCB clean,0,ok,250000,50,249950,0,0.000124024804961,249919,19804.9881347,0,,,,clean_no_attack,"{""n_1"": 0, ""n_10"": 0, ""n_2"": 0, ""n_3"": 0, ""n_4"": 0, ""n_5"": 0, ""n_6"": 0, ""n_7"": 0, ""n_8"": 0, ""n_9"": 0}","{""N_on_1"": 194820, ""N_on_10"": 31, ""N_on_2"": 19568, ""N_on_3"": 12615, ""N_on_4"": 8480, ""N_on_5"": 9405, ""N_on_6"": 2029, ""N_on_7"": 1200, ""N_on_8"": 1221, ""N_on_9"": 581}",0,0,0,0,0,0,0,0,0,0,194820,19568,12615,8480,9405,2029,1200,1221,581,31
TS clean,0,ok,250000,50,249950,0,7.60152030406e-05,249931,19804.9881347,0,,,,clean_no_attack,"{""n_1"": 0, ""n_10"": 0, ""n_2"": 0, ""n_3"": 0, ""n_4"": 0, ""n_5"": 0, ""n_6"": 0, ""n_7"": 0, ""n_8"": 0, ""n_9"": 0}","{""N_on_1"": 218479, ""N_on_10"": 19, ""N_on_2"": 12827, ""N_on_3"": 5885, ""N_on_4"": 6763, ""N_on_5"": 3189, ""N_on_6"": 1198, ""N_on_7"": 755, ""N_on_8"": 520, ""N_on_9"": 315}",0,0,0,0,0,0,0,0,0,0,218479,12827,5885,6763,3189,1198,755,520,315,19
UCB appendix,0,ok,400000,67111,332889,67061,1,0,27430.1264007,2.44479369218,0.0943121550246,0,0,certificate,"{""n_1"": 2819, ""n_10"": 41654, ""n_2"": 2838, ""n_3"": 2838, ""n_4"": 2838, ""n_5"": 2838, ""n_6"": 2819, ""n_7"": 2799, ""n_8"": 2819, ""n_9"": 2799}","{""N_on_1"": 0, ""N_on_10"": 332889, ""N_on_2"": 0, ""N_on_3"": 0, ""N_on_4"": 0, ""N_on_5"": 0, ""N_on_6"": 0, ""N_on_7"": 0, ""N_on_8"": 0, ""N_on_9"": 0}",2819,2838,2838,2838,2838,2819,2799,2819,2799,41654,0,0,0,0,0,0,0,0,0,332889
UCB direct,0,ok,400000,60499,339501,60449,1,0,27430.1264007,2.20374485764,0.108003395267,0,0,certificate,"{""n_1"": 2557, ""n_10"": 37400, ""n_2"": 2575, ""n_3"": 2575, ""n_4"": 2575, ""n_5"": 2575, ""n_6"": 2557, ""n_7"": 2539, ""n_8"": 2557, ""n_9"": 2539}","{""N_on_1"": 0, ""N_on_10"": 339501, ""N_on_2"": 0, ""N_on_3"": 0, ""N_on_4"": 0, ""N_on_5"": 0, ""N_on_6"": 0, ""N_on_7"": 0, ""N_on_8"": 0, ""N_on_9"": 0}",2557,2575,2575,2575,2575,2557,2539,2557,2539,37400,0,0,0,0,0,0,0,0,0,339501
TS appendix,0,ok,400000,101066,298934,101016,1,0,27430.1264007,3.68266622343,0.12957312941,0,0,certificate,"{""n_1"": 3904, ""n_10"": 65846, ""n_2"": 3920, ""n_3"": 3920, ""n_4"": 3920, ""n_5"": 3920, ""n_6"": 3904, ""n_7"": 3889, ""n_8"": 3904, ""n_9"": 3889}","{""N_on_1"": 0, ""N_on_10"": 298934, ""N_on_2"": 0, ""N_on_3"": 0, ""N_on_4"": 0, ""N_on_5"": 0, ""N_on_6"": 0, ""N_on_7"": 0, ""N_on_8"": 0, ""N_on_9"": 0}",3904,3920,3920,3920,3920,3904,3889,3904,3889,65846,0,0,0,0,0,0,0,0,0,298934
TS direct,0,ok,400000,86858,313142,86808,1,0,27430.1264007,3.16469558806,0.139100000072,0,0,certificate,"{""n_1"": 3390, ""n_10"": 56270, ""n_2"": 3404, ""n_3"": 3404, ""n_4"": 3404, ""n_5"": 3404, ""n_6"": 3390, ""n_7"": 3376, ""n_8"": 3390, ""n_9"": 3376}","{""N_on_1"": 0, ""N_on_10"": 313142, ""N_on_2"": 0, ""N_on_3"": 0, ""N_on_4"": 0, ""N_on_5"": 0, ""N_on_6"": 0, ""N_on_7"": 0, ""N_on_8"": 0, ""N_on_9"": 0}",3390,3404,3404,3404,3404,3390,3376,3390,3376,56270,0,0,0,0,0,0,0,0,0,313142
UCB clean,0,ok,400000,50,399950,0,8.00100012502e-05,399918,27430.1264007,0,,,,clean_no_attack,"{""n_1"": 0, ""n_10"": 0, ""n_2"": 0, ""n_3"": 0, ""n_4"": 0, ""n_5"": 0, ""n_6"": 0, ""n_7"": 0, ""n_8"": 0, ""n_9"": 0}","{""N_on_1"": 336944, ""N_on_10"": 32, ""N_on_2"": 22453, ""N_on_3"": 14212, ""N_on_4"": 9172, ""N_on_5"": 11720, ""N_on_6"": 2226, ""N_on_7"": 1290, ""N_on_8"": 1286, ""N_on_9"": 615}",0,0,0,0,0,0,0,0,0,0,336944,22453,14212,9172,11720,2226,1290,1286,615,32
TS clean,0,ok,400000,50,399950,0,5.00062507813e-05,399930,27430.1264007,0,,,,clean_no_attack,"{""n_1"": 0, ""n_10"": 0, ""n_2"": 0, ""n_3"": 0, ""n_4"": 0, ""n_5"": 0, ""n_6"": 0, ""n_7"": 0, ""n_8"": 0, ""n_9"": 0}","{""N_on_1"": 365798, ""N_on_10"": 20, ""N_on_2"": 14271, ""N_on_3"": 6306, ""N_on_4"": 7181, ""N_on_5"": 3446, ""N_on_6"": 1239, ""N_on_7"": 792, ""N_on_8"": 573, ""N_on_9"": 324}",0,0,0,0,0,0,0,0,0,0,365798,14271,6306,7181,3446,1239,792,573,324,20
UCB appendix,0,ok,550000,83289,466711,83239,1,0,34194.8051657,2.43425864241,0.0863689014395,0,0,certificate,"{""n_1"": 3467, ""n_10"": 51994, ""n_2"": 3488, ""n_3"": 3488, ""n_4"": 3488, ""n_5"": 3488, ""n_6"": 3467, ""n_7"": 3446, ""n_8"": 3467, ""n_9"": 3446}","{""N_on_1"": 0, ""N_on_10"": 466711, ""N_on_2"": 0, ""N_on_3"": 0, ""N_on_4"": 0, ""N_on_5"": 0, ""N_on_6"": 0, ""N_on_7"": 0, ""N_on_8"": 0, ""N_on_9"": 0}",3467,3488,3488,3488,3488,3467,3446,3467,3446,51994,0,0,0,0,0,0,0,0,0,466711
UCB direct,0,ok,550000,75803,474197,75753,1,0,34194.8051657,2.21533650018,0.0978604431655,0,0,certificate,"{""n_1"": 3182, ""n_10"": 47075, ""n_2"": 3202, ""n_3"": 3202, ""n_4"": 3202, ""n_5"": 3202, ""n_6"": 3182, ""n_7"": 3162, ""n_8"": 3182, ""n_9"": 3162}","{""N_on_1"": 0, ""N_on_10"": 474197, ""N_on_2"": 0, ""N_on_3"": 0, ""N_on_4"": 0, ""N_on_5"": 0, ""N_on_6"": 0, ""N_on_7"": 0, ""N_on_8"": 0, ""N_on_9"": 0}",3182,3202,3202,3202,3202,3182,3162,3182,3162,47075,0,0,0,0,0,0,0,0,0,474197
TS appendix,0,ok,550000,124111,425889,124061,1,0,34194.8051657,3.62806570761,0.118370540296,0,0,certificate,"{""n_1"": 4763, ""n_10"": 81158, ""n_2"": 4780, ""n_3"": 4780, ""n_4"": 4780, ""n_5"": 4780, ""n_6"": 4763, ""n_7"": 4747, ""n_8"": 4763, ""n_9"": 4747}","{""N_on_1"": 0, ""N_on_10"": 425889, ""N_on_2"": 0, ""N_on_3"": 0, ""N_on_4"": 0, ""N_on_5"": 0, ""N_on_6"": 0, ""N_on_7"": 0, ""N_on_8"": 0, ""N_on_9"": 0}",4763,4780,4780,4780,4780,4763,4747,4763,4747,81158,0,0,0,0,0,0,0,0,0,425889
TS direct,0,ok,550000,108264,441736,108214,1,0,34194.8051657,3.16463274102,0.126450000075,0,0,certificate,"{""n_1"": 4177, ""n_10"": 70593, ""n_2"": 4192, ""n_3"": 4192, ""n_4"": 4192, ""n_5"": 4192, ""n_6"": 4177, ""n_7"": 4161, ""n_8"": 4177, ""n_9"": 4161}","{""N_on_1"": 0, ""N_on_10"": 441736, ""N_on_2"": 0, ""N_on_3"": 0, ""N_on_4"": 0, ""N_on_5"": 0, ""N_on_6"": 0, ""N_on_7"": 0, ""N_on_8"": 0, ""N_on_9"": 0}",4177,4192,4192,4192,4192,4177,4161,4177,4161,70593,0,0,0,0,0,0,0,0,0,441736
UCB clean,0,ok,550000,50,549950,0,6.18238021638e-05,549916,34194.8051657,0,,,,clean_no_attack,"{""n_1"": 0, ""n_10"": 0, ""n_2"": 0, ""n_3"": 0, ""n_4"": 0, ""n_5"": 0, ""n_6"": 0, ""n_7"": 0, ""n_8"": 0, ""n_9"": 0}","{""N_on_1"": 478708, ""N_on_10"": 34, ""N_on_2"": 27822, ""N_on_3"": 14906, ""N_on_4"": 10511, ""N_on_5"": 12326, ""N_on_6"": 2267, ""N_on_7"": 1377, ""N_on_8"": 1379, ""N_on_9"": 620}",0,0,0,0,0,0,0,0,0,0,478708,27822,14906,10511,12326,2267,1377,1379,620,34
TS clean,0,ok,550000,50,549950,0,3.63669424493e-05,549930,34194.8051657,0,,,,clean_no_attack,"{""n_1"": 0, ""n_10"": 0, ""n_2"": 0, ""n_3"": 0, ""n_4"": 0, ""n_5"": 0, ""n_6"": 0, ""n_7"": 0, ""n_8"": 0, ""n_9"": 0}","{""N_on_1"": 513489, ""N_on_10"": 20, ""N_on_2"": 15654, ""N_on_3"": 6594, ""N_on_4"": 7521, ""N_on_5"": 3644, ""N_on_6"": 1274, ""N_on_7"": 810, ""N_on_8"": 608, ""N_on_9"": 336}",0,0,0,0,0,0,0,0,0,0,513489,15654,6594,7521,3644,1274,810,608,336,20
UCB appendix,0,ok,700000,98113,601887,98063,1,0,40401.8442017,2.42719118243,0.0807523548991,0,0,certificate,"{""n_1"": 4058, ""n_10"": 61493, ""n_2"": 4081, ""n_3"": 4081, ""n_4"": 4081, ""n_5"": 4081, ""n_6"": 4058, ""n_7"": 4036, ""n_8"": 4058, ""n_9"": 4036}","{""N_on_1"": 0, ""N_on_10"": 601887, ""N_on_2"": 0, ""N_on_3"": 0, ""N_on_4"": 0, ""N_on_5"": 0, ""N_on_6"": 0, ""N_on_7"": 0, ""N_on_8"": 0, ""N_on_9"": 0}",4058,4081,4081,4081,4081,4058,4036,4058,4036,61493,0,0,0,0,0,0,0,0,0,601887
UCB direct,0,ok,700000,89887,610113,89837,1,0,40401.8442017,2.22358661529,0.0911344742833,0,0,certificate,"{""n_1"": 3729, ""n_10"": 56236, ""n_2"": 3750, ""n_3"": 3750, ""n_4"": 3750, ""n_5"": 3750, ""n_6"": 3729, ""n_7"": 3707, ""n_8"": 3729, ""n_9"": 3707}","{""N_on_1"": 0, ""N_on_10"": 610113, ""N_on_2"": 0, ""N_on_3"": 0, ""N_on_4"": 0, ""N_on_5"": 0, ""N_on_6"": 0, ""N_on_7"": 0, ""N_on_8"": 0, ""N_on_9"": 0}",3729,3750,3750,3750,3750,3729,3707,3729,3707,56236,0,0,0,0,0,0,0,0,0,610113
TS appendix,0,ok,700000,145102,554898,145052,1,0,40401.8442017,3.59023215069,0.11046269452,0,0,certificate,"{""n_1"": 5544, ""n_10"": 95120, ""n_2"": 5562, ""n_3"": 5562, ""n_4"": 5562, ""n_5"": 5562, ""n_6"": 5544, ""n_7"": 5526, ""n_8"": 5544, ""n_9"": 5526}","{""N_on_1"": 0, ""N_on_10"": 554898, ""N_on_2"": 0, ""N_on_3"": 0, ""N_on_4"": 0, ""N_on_5"": 0, ""N_on_6"": 0, ""N_on_7"": 0, ""N_on_8"": 0, ""N_on_9"": 0}",5544,5562,5562,5562,5562,5544,5526,5544,5526,95120,0,0,0,0,0,0,0,0,0,554898
TS direct,0,ok,700000,127882,572118,127832,1,0,40401.8442017,3.16401398317,0.117300000077,0,0,certificate,"{""n_1"": 4919, ""n_10"": 83527, ""n_2"": 4936, ""n_3"": 4936, ""n_4"": 4936, ""n_5"": 4936, ""n_6"": 4919, ""n_7"": 4902, ""n_8"": 4919, ""n_9"": 4902}","{""N_on_1"": 0, ""N_on_10"": 572118, ""N_on_2"": 0, ""N_on_3"": 0, ""N_on_4"": 0, ""N_on_5"": 0, ""N_on_6"": 0, ""N_on_7"": 0, ""N_on_8"": 0, ""N_on_9"": 0}",4919,4936,4936,4936,4936,4919,4902,4919,4902,83527,0,0,0,0,0,0,0,0,0,572118
UCB clean,0,ok,700000,50,699950,0,4.8574898207e-05,699916,40401.8442017,0,,,,clean_no_attack,"{""n_1"": 0, ""n_10"": 0, ""n_2"": 0, ""n_3"": 0, ""n_4"": 0, ""n_5"": 0, ""n_6"": 0, ""n_7"": 0, ""n_8"": 0, ""n_9"": 0}","{""N_on_1"": 624936, ""N_on_10"": 34, ""N_on_2"": 29041, ""N_on_3"": 15414, ""N_on_4"": 11673, ""N_on_5"": 13048, ""N_on_6"": 2356, ""N_on_7"": 1420, ""N_on_8"": 1391, ""N_on_9"": 637}",0,0,0,0,0,0,0,0,0,0,624936,29041,15414,11673,13048,2356,1420,1391,637,34
TS clean,0,ok,700000,50,699950,0,3.14308164869e-05,699928,40401.8442017,0,,,,clean_no_attack,"{""n_1"": 0, ""n_10"": 0, ""n_2"": 0, ""n_3"": 0, ""n_4"": 0, ""n_5"": 0, ""n_6"": 0, ""n_7"": 0, ""n_8"": 0, ""n_9"": 0}","{""N_on_1"": 661604, ""N_on_10"": 22, ""N_on_2"": 16709, ""N_on_3"": 6871, ""N_on_4"": 7786, ""N_on_5"": 3851, ""N_on_6"": 1294, ""N_on_7"": 822, ""N_on_8"": 635, ""N_on_9"": 356}",0,0,0,0,0,0,0,0,0,0,661604,16709,6871,7786,3851,1294,822,635,356,22
UCB appendix,0,ok,850000,111951,738049,111901,1,0,46204.9557279,2.421839784,0.0764693172133,0,0,certificate,"{""n_1"": 4608, ""n_10"": 70381, ""n_2"": 4632, ""n_3"": 4632, ""n_4"": 4632, ""n_5"": 4632, ""n_6"": 4608, ""n_7"": 4584, ""n_8"": 4608, ""n_9"": 4584}","{""N_on_1"": 0, ""N_on_10"": 738049, ""N_on_2"": 0, ""N_on_3"": 0, ""N_on_4"": 0, ""N_on_5"": 0, ""N_on_6"": 0, ""N_on_7"": 0, ""N_on_8"": 0, ""N_on_9"": 0}",4608,4632,4632,4632,4632,4608,4584,4608,4584,70381,0,0,0,0,0,0,0,0,0,738049
UCB direct,0,ok,850000,103082,746918,103032,1,0,46204.9557279,2.22989067681,0.0859804571092,0,0,certificate,"{""n_1"": 4243, ""n_10"": 64799, ""n_2"": 4266, ""n_3"": 4266, ""n_4"": 4266, ""n_5"": 4266, ""n_6"": 4243, ""n_7"": 4220, ""n_8"": 4243, ""n_9"": 4220}","{""N_on_1"": 0, ""N_on_10"": 746918, ""N_on_2"": 0, ""N_on_3"": 0, ""N_on_4"": 0, ""N_on_5"": 0, ""N_on_6"": 0, ""N_on_7"": 0, ""N_on_8"": 0, ""N_on_9"": 0}",4243,4266,4266,4266,4266,4243,4220,4243,4220,64799,0,0,0,0,0,0,0,0,0,746918
TS appendix,0,ok,850000,164623,685377,164573,1,0,46204.9557279,3.56180408372,0.104441277524,0,0,certificate,"{""n_1"": 6269, ""n_10"": 108114, ""n_2"": 6288, ""n_3"": 6288, ""n_4"": 6288, ""n_5"": 6288, ""n_6"": 6269, ""n_7"": 6250, ""n_8"": 6269, ""n_9"": 6250}","{""N_on_1"": 0, ""N_on_10"": 685377, ""N_on_2"": 0, ""N_on_3"": 0, ""N_on_4"": 0, ""N_on_5"": 0, ""N_on_6"": 0, ""N_on_7"": 0, ""N_on_8"": 0, ""N_on_9"": 0}",6269,6288,6288,6288,6288,6269,6250,6269,6250,108114,0,0,0,0,0,0,0,0,0,685377
TS direct,0,ok,850000,146208,703792,146158,1,0,46204.9557279,3.16325376136,0.110300000078,0,0,certificate,"{""n_1"": 5623, ""n_10"": 95515, ""n_2"": 5641, ""n_3"": 5641, ""n_4"": 5641, ""n_5"": 5641, ""n_6"": 5623, ""n_7"": 5605, ""n_8"": 5623, ""n_9"": 5605}","{""N_on_1"": 0, ""N_on_10"": 703792, ""N_on_2"": 0, ""N_on_3"": 0, ""N_on_4"": 0, ""N_on_5"": 0, ""N_on_6"": 0, ""N_on_7"": 0, ""N_on_8"": 0, ""N_on_9"": 0}",5623,5641,5641,5641,5641,5623,5605,5623,5605,95515,0,0,0,0,0,0,0,0,0,703792
UCB clean,0,ok,850000,50,849950,0,4.11788928761e-05,849915,46204.9557279,0,,,,clean_no_attack,"{""n_1"": 0, ""n_10"": 0, ""n_2"": 0, ""n_3"": 0, ""n_4"": 0, ""n_5"": 0, ""n_6"": 0, ""n_7"": 0, ""n_8"": 0, ""n_9"": 0}","{""N_on_1"": 771287, ""N_on_10"": 35, ""N_on_2"": 30967, ""N_on_3"": 16423, ""N_on_4"": 12131, ""N_on_5"": 13191, ""N_on_6"": 2429, ""N_on_7"": 1435, ""N_on_8"": 1412, ""N_on_9"": 640}",0,0,0,0,0,0,0,0,0,0,771287,30967,16423,12131,13191,2429,1435,1412,640,35
TS clean,0,ok,850000,50,849950,0,2.58838755221e-05,849928,46204.9557279,0,,,,clean_no_attack,"{""n_1"": 0, ""n_10"": 0, ""n_2"": 0, ""n_3"": 0, ""n_4"": 0, ""n_5"": 0, ""n_6"": 0, ""n_7"": 0, ""n_8"": 0, ""n_9"": 0}","{""N_on_1"": 809842, ""N_on_10"": 22, ""N_on_2"": 17790, ""N_on_3"": 7110, ""N_on_4"": 7930, ""N_on_5"": 4075, ""N_on_6"": 1328, ""N_on_7"": 830, ""N_on_8"": 661, ""N_on_9"": 362}",0,0,0,0,0,0,0,0,0,0,809842,17790,7110,7930,4075,1328,830,661,362,22
UCB appendix,0,ok,1000000,125041,874959,124991,1,0,51695.8459325,2.41781515991,0.0730419305691,0,0,certificate,"{""n_1"": 5127, ""n_10"": 78798, ""n_2"": 5152, ""n_3"": 5152, ""n_4"": 5152, ""n_5"": 5152, ""n_6"": 5127, ""n_7"": 5102, ""n_8"": 5127, ""n_9"": 5102}","{""N_on_1"": 0, ""N_on_10"": 874959, ""N_on_2"": 0, ""N_on_3"": 0, ""N_on_4"": 0, ""N_on_5"": 0, ""N_on_6"": 0, ""N_on_7"": 0, ""N_on_8"": 0, ""N_on_9"": 0}",5127,5152,5152,5152,5152,5127,5102,5127,5102,78798,0,0,0,0,0,0,0,0,0,874959
UCB direct,0,ok,1000000,115592,884408,115542,1,0,51695.8459325,2.23503451614,0.0817334568271,0,0,certificate,"{""n_1"": 4746, ""n_10"": 72780, ""n_2"": 4770, ""n_3"": 4770, ""n_4"": 4770, ""n_5"": 4770, ""n_6"": 4746, ""n_7"": 4722, ""n_8"": 4746, ""n_9"": 4722}","{""N_on_1"": 0, ""N_on_10"": 884408, ""N_on_2"": 0, ""N_on_3"": 0, ""N_on_4"": 0, ""N_on_5"": 0, ""N_on_6"": 0, ""N_on_7"": 0, ""N_on_8"": 0, ""N_on_9"": 0}",4746,4770,4770,4770,4770,4746,4722,4746,4722,72780,0,0,0,0,0,0,0,0,0,884408
TS appendix,0,ok,1000000,183019,816981,182969,1,0,51695.8459325,3.53933660819,0.0996290826003,0,0,certificate,"{""n_1"": 6952, ""n_10"": 120365, ""n_2"": 6971, ""n_3"": 6971, ""n_4"": 6971, ""n_5"": 6971, ""n_6"": 6952, ""n_7"": 6932, ""n_8"": 6952, ""n_9"": 6932}","{""N_on_1"": 0, ""N_on_10"": 816981, ""N_on_2"": 0, ""N_on_3"": 0, ""N_on_4"": 0, ""N_on_5"": 0, ""N_on_6"": 0, ""N_on_7"": 0, ""N_on_8"": 0, ""N_on_9"": 0}",6952,6971,6971,6971,6971,6952,6932,6952,6932,120365,0,0,0,0,0,0,0,0,0,816981
TS direct,0,ok,1000000,163533,836467,163483,1,0,51695.8459325,3.16240109918,0.105200000079,0,0,certificate,"{""n_1"": 6237, ""n_10"": 107312, ""n_2"": 6256, ""n_3"": 6256, ""n_4"": 6256, ""n_5"": 6256, ""n_6"": 6237, ""n_7"": 6218, ""n_8"": 6237, ""n_9"": 6218}","{""N_on_1"": 0, ""N_on_10"": 836467, ""N_on_2"": 0, ""N_on_3"": 0, ""N_on_4"": 0, ""N_on_5"": 0, ""N_on_6"": 0, ""N_on_7"": 0, ""N_on_8"": 0, ""N_on_9"": 0}",6237,6256,6256,6256,6256,6237,6218,6237,6218,107312,0,0,0,0,0,0,0,0,0,836467
UCB clean,0,ok,1000000,50,999950,0,3.50017500875e-05,999915,51695.8459325,0,,,,clean_no_attack,"{""n_1"": 0, ""n_10"": 0, ""n_2"": 0, ""n_3"": 0, ""n_4"": 0, ""n_5"": 0, ""n_6"": 0, ""n_7"": 0, ""n_8"": 0, ""n_9"": 0}","{""N_on_1"": 919268, ""N_on_10"": 35, ""N_on_2"": 31957, ""N_on_3"": 16681, ""N_on_4"": 12257, ""N_on_5"": 13489, ""N_on_6"": 2618, ""N_on_7"": 1444, ""N_on_8"": 1557, ""N_on_9"": 644}",0,0,0,0,0,0,0,0,0,0,919268,31957,16681,12257,13489,2618,1444,1557,644,35
TS clean,0,ok,1000000,50,999950,0,2.2001100055e-05,999928,51695.8459325,0,,,,clean_no_attack,"{""n_1"": 0, ""n_10"": 0, ""n_2"": 0, ""n_3"": 0, ""n_4"": 0, ""n_5"": 0, ""n_6"": 0, ""n_7"": 0, ""n_8"": 0, ""n_9"": 0}","{""N_on_1"": 958560, ""N_on_10"": 22, ""N_on_2"": 18584, ""N_on_3"": 7293, ""N_on_4"": 8019, ""N_on_5"": 4248, ""N_on_6"": 1343, ""N_on_7"": 843, ""N_on_8"": 672, ""N_on_9"": 366}",0,0,0,0,0,0,0,0,0,0,958560,18584,7293,8019,4248,1343,843,672,366,22
UCB appendix,1,ok,100000,26315,73685,26265,1,0,10480.8192431,2.50600639041,0.136598483557,0,0,certificate,"{""n_1"": 1172, ""n_10"": 15821, ""n_2"": 1172, ""n_3"": 1159, ""n_4"": 1172, ""n_5"": 1146, ""n_6"": 1159, ""n_7"": 1146, ""n_8"": 1159, ""n_9"": 1159}","{""N_on_1"": 0, ""N_on_10"": 73685, ""N_on_2"": 0, ""N_on_3"": 0, ""N_on_4"": 0, ""N_on_5"": 0, ""N_on_6"": 0, ""N_on_7"": 0, ""N_on_8"": 0, ""N_on_9"": 0}",1172,1172,1159,1172,1146,1159,1146,1159,1159,15821,0,0,0,0,0,0,0,0,0,73685
UCB direct,1,ok,100000,22492,77508,22442,1,0,10480.8192431,2.14124482824,0.163378994339,0,0,certificate,"{""n_1"": 1026, ""n_10"": 13304, ""n_2"": 1026, ""n_3"": 1014, ""n_4"": 1026, ""n_5"": 1002, ""n_6"": 1014, ""n_7"": 1002, ""n_8"": 1014, ""n_9"": 1014}","{""N_on_1"": 0, ""N_on_10"": 77508, ""N_on_2"": 0, ""N_on_3"": 0, ""N_on_4"": 0, ""N_on_5"": 0, ""N_on_6"": 0, ""N_on_7"": 0, ""N_on_8"": 0, ""N_on_9"": 0}",1026,1026,1014,1026,1002,1014,1002,1014,1014,13304,0,0,0,0,0,0,0,0,0,77508
TS appendix,1,ok,100000,41959,58041,41909,1,0,10480.8192431,3.99863779996,0.189396145883,0,0,certificate,"{""n_1"": 1695, ""n_10"": 26740, ""n_2"": 1695, ""n_3"": 1684, ""n_4"": 1695, ""n_5"": 1674, ""n_6"": 1684, ""n_7"": 1674, ""n_8"": 1684, ""n_9"": 1684}","{""N_on_1"": 0, ""N_on_10"": 58041, ""N_on_2"": 0, ""N_on_3"": 0, ""N_on_4"": 0, ""N_on_5"": 0, ""N_on_6"": 0, ""N_on_7"": 0, ""N_on_8"": 0, ""N_on_9"": 0}",1695,1695,1684,1695,1674,1684,1674,1684,1684,26740,0,0,0,0,0,0,0,0,0,58041
TS direct,1,ok,100000,33072,66928,33022,1,0,10480.8192431,3.15070790117,0.211700000058,0,0,certificate,"{""n_1"": 1359, ""n_10"": 20863, ""n_2"": 1359, ""n_3"": 1350, ""n_4"": 1359, ""n_5"": 1341, ""n_6"": 1350, ""n_7"": 1341, ""n_8"": 1350, ""n_9"": 1350}","{""N_on_1"": 0, ""N_on_10"": 66928, ""N_on_2"": 0, ""N_on_3"": 0, ""N_on_4"": 0, ""N_on_5"": 0, ""N_on_6"": 0, ""N_on_7"": 0, ""N_on_8"": 0, ""N_on_9"": 0}",1359,1359,1350,1359,1341,1350,1341,1350,1350,20863,0,0,0,0,0,0,0,0,0,66928
UCB clean,1,ok,100000,50,99950,0,0.000280140070035,99922,10480.8192431,0,,,,clean_no_attack,"{""n_1"": 0, ""n_10"": 0, ""n_2"": 0, ""n_3"": 0, ""n_4"": 0, ""n_5"": 0, ""n_6"": 0, ""n_7"": 0, ""n_8"": 0, ""n_9"": 0}","{""N_on_1"": 62727, ""N_on_10"": 28, ""N_on_2"": 12349, ""N_on_3"": 7160, ""N_on_4"": 7926, ""N_on_5"": 6357, ""N_on_6"": 1157, ""N_on_7"": 961, ""N_on_8"": 860, ""N_on_9"": 425}",0,0,0,0,0,0,0,0,0,0,62727,12349,7160,7926,6357,1157,961,860,425,28
TS clean,1,ok,100000,50,99950,0,0.00024012006003,99926,10480.8192431,0,,,,clean_no_attack,"{""n_1"": 0, ""n_10"": 0, ""n_2"": 0, ""n_3"": 0, ""n_4"": 0, ""n_5"": 0, ""n_6"": 0, ""n_7"": 0, ""n_8"": 0, ""n_9"": 0}","{""N_on_1"": 80140, ""N_on_10"": 24, ""N_on_2"": 4931, ""N_on_3"": 5363, ""N_on_4"": 4565, ""N_on_5"": 2916, ""N_on_6"": 664, ""N_on_7"": 583, ""N_on_8"": 613, ""N_on_9"": 151}",0,0,0,0,0,0,0,0,0,0,80140,4931,5363,4565,2916,664,583,613,151,24
UCB appendix,1,ok,250000,48805,201195,48755,1,0,19804.9881347,2.46175355766,0.107178583309,0,0,certificate,"{""n_1"": 2097, ""n_10"": 30012, ""n_2"": 2097, ""n_3"": 2081, ""n_4"": 2097, ""n_5"": 2064, ""n_6"": 2081, ""n_7"": 2064, ""n_8"": 2081, ""n_9"": 2081}","{""N_on_1"": 0, ""N_on_10"": 201195, ""N_on_2"": 0, ""N_on_3"": 0, ""N_on_4"": 0, ""N_on_5"": 0, ""N_on_6"": 0, ""N_on_7"": 0, ""N_on_8"": 0, ""N_on_9"": 0}",2097,2097,2081,2097,2064,2081,2064,2081,2081,30012,0,0,0,0,0,0,0,0,0,201195
UCB direct,1,ok,250000,43311,206689,43261,1,0,19804.9881347,2.18434869568,0.124099016545,0,0,certificate,"{""n_1"": 1891, ""n_10"": 26370, ""n_2"": 1891, ""n_3"": 1875, ""n_4"": 1891, ""n_5"": 1859, ""n_6"": 1875, ""n_7"": 1859, ""n_8"": 1875, ""n_9"": 1875}","{""N_on_1"": 0, ""N_on_10"": 206689, ""N_on_2"": 0, ""N_on_3"": 0, ""N_on_4"": 0, ""N_on_5"": 0, ""N_on_6"": 0, ""N_on_7"": 0, ""N_on_8"": 0, ""N_on_9"": 0}",1891,1891,1875,1891,1859,1875,1859,1875,1875,26370,0,0,0,0,0,0,0,0,0,206689
TS appendix,1,ok,250000,74781,175219,74731,1,0,19804.9881347,3.77334232628,0.147764934134,0,0,certificate,"{""n_1"": 2935, ""n_10"": 48422, ""n_2"": 2935, ""n_3"": 2922, ""n_4"": 2935, ""n_5"": 2908, ""n_6"": 2922, ""n_7"": 2908, ""n_8"": 2922, ""n_9"": 2922}","{""N_on_1"": 0, ""N_on_10"": 175219, ""N_on_2"": 0, ""N_on_3"": 0, ""N_on_4"": 0, ""N_on_5"": 0, ""N_on_6"": 0, ""N_on_7"": 0, ""N_on_8"": 0, ""N_on_9"": 0}",2935,2935,2922,2935,2908,2922,2908,2922,2922,48422,0,0,0,0,0,0,0,0,0,175219
TS direct,1,ok,250000,62683,187317,62633,1,0,19804.9881347,3.16248611583,0.160850000068,0,0,certificate,"{""n_1"": 2480, ""n_10"": 40409, ""n_2"": 2480, ""n_3"": 2468, ""n_4"": 2480, ""n_5"": 2456, ""n_6"": 2468, ""n_7"": 2456, ""n_8"": 2468, ""n_9"": 2468}","{""N_on_1"": 0, ""N_on_10"": 187317, ""N_on_2"": 0, ""N_on_3"": 0, ""N_on_4"": 0, ""N_on_5"": 0, ""N_on_6"": 0, ""N_on_7"": 0, ""N_on_8"": 0, ""N_on_9"": 0}",2480,2480,2468,2480,2456,2468,2456,2468,2468,40409,0,0,0,0,0,0,0,0,0,187317
UCB clean,1,ok,250000,50,249950,0,0.000124024804961,249919,19804.9881347,0,,,,clean_no_attack,"{""n_1"": 0, ""n_10"": 0, ""n_2"": 0, ""n_3"": 0, ""n_4"": 0, ""n_5"": 0, ""n_6"": 0, ""n_7"": 0, ""n_8"": 0, ""n_9"": 0}","{""N_on_1"": 191381, ""N_on_10"": 31, ""N_on_2"": 22483, ""N_on_3"": 10982, ""N_on_4"": 10814, ""N_on_5"": 10165, ""N_on_6"": 1559, ""N_on_7"": 1061, ""N_on_8"": 985, ""N_on_9"": 489}",0,0,0,0,0,0,0,0,0,0,191381,22483,10982,10814,10165,1559,1061,985,489,31
TS clean,1,ok,250000,50,249950,0,9.60192038408e-05,249926,19804.9881347,0,,,,clean_no_attack,"{""n_1"": 0, ""n_10"": 0, ""n_2"": 0, ""n_3"": 0, ""n_4"": 0, ""n_5"": 0, ""n_6"": 0, ""n_7"": 0, ""n_8"": 0, ""n_9"": 0}","{""N_on_1"": 224405, ""N_on_10"": 24, ""N_on_2"": 6312, ""N_on_3"": 7496, ""N_on_4"": 5555, ""N_on_5"": 3745, ""N_on_6"": 790, ""N_on_7"": 698, ""N_on_8"": 742, ""N_on_9"": 183}",0,0,0,0,0,0,0,0,0,0,224405,6312,7496,5555,3745,790,698,742,183,24
UCB appendix,1,ok,400000,67088,332912,67038,1,0,27430.1264007,2.44395519805,0.094299746062,0,0,certificate,"{""n_1"": 2838, ""n_10"": 41648, ""n_2"": 2838, ""n_3"": 2819, ""n_4"": 2838, ""n_5"": 2800, ""n_6"": 2819, ""n_7"": 2800, ""n_8"": 2819, ""n_9"": 2819}","{""N_on_1"": 0, ""N_on_10"": 332912, ""N_on_2"": 0, ""N_on_3"": 0, ""N_on_4"": 0, ""N_on_5"": 0, ""N_on_6"": 0, ""N_on_7"": 0, ""N_on_8"": 0, ""N_on_9"": 0}",2838,2838,2819,2838,2800,2819,2800,2819,2819,41648,0,0,0,0,0,0,0,0,0,332912
UCB direct,1,ok,400000,60483,339517,60433,1,0,27430.1264007,2.20316155738,0.108003395267,0,0,certificate,"{""n_1"": 2575, ""n_10"": 37402, ""n_2"": 2575, ""n_3"": 2557, ""n_4"": 2575, ""n_5"": 2539, ""n_6"": 2557, ""n_7"": 2539, ""n_8"": 2557, ""n_9"": 2557}","{""N_on_1"": 0, ""N_on_10"": 339517, ""N_on_2"": 0, ""N_on_3"": 0, ""N_on_4"": 0, ""N_on_5"": 0, ""N_on_6"": 0, ""N_on_7"": 0, ""N_on_8"": 0, ""N_on_9"": 0}",2575,2575,2557,2575,2539,2557,2539,2557,2557,37402,0,0,0,0,0,0,0,0,0,339517
TS appendix,1,ok,400000,101050,298950,101000,1,0,27430.1264007,3.68208292316,0.129564424661,0,0,certificate,"{""n_1"": 3920, ""n_10"": 65842, ""n_2"": 3920, ""n_3"": 3905, ""n_4"": 3920, ""n_5"": 3889, ""n_6"": 3905, ""n_7"": 3889, ""n_8"": 3905, ""n_9"": 3905}","{""N_on_1"": 0, ""N_on_10"": 298950, ""N_on_2"": 0, ""N_on_3"": 0, ""N_on_4"": 0, ""N_on_5"": 0, ""N_on_6"": 0, ""N_on_7"": 0, ""N_on_8"": 0, ""N_on_9"": 0}",3920,3920,3905,3920,3889,3905,3889,3905,3905,65842,0,0,0,0,0,0,0,0,0,298950
TS direct,1,ok,400000,86846,313154,86796,1,0,27430.1264007,3.16425811286,0.139100000072,0,0,certificate,"{""n_1"": 3404, ""n_10"": 56272, ""n_2"": 3404, ""n_3"": 3390, ""n_4"": 3404, ""n_5"": 3376, ""n_6"": 3390, ""n_7"": 3376, ""n_8"": 3390, ""n_9"": 3390}","{""N_on_1"": 0, ""N_on_10"": 313154, ""N_on_2"": 0, ""N_on_3"": 0, ""N_on_4"": 0, ""N_on_5"": 0, ""N_on_6"": 0, ""N_on_7"": 0, ""N_on_8"": 0, ""N_on_9"": 0}",3404,3404,3390,3404,3376,3390,3376,3390,3390,56272,0,0,0,0,0,0,0,0,0,313154
UCB clean,1,ok,400000,50,399950,0,8.25103137892e-05,399917,27430.1264007,0,,,,clean_no_attack,"{""n_1"": 0, ""n_10"": 0, ""n_2"": 0, ""n_3"": 0, ""n_4"": 0, ""n_5"": 0, ""n_6"": 0, ""n_7"": 0, ""n_8"": 0, ""n_9"": 0}","{""N_on_1"": 329609, ""N_on_10"": 33, ""N_on_2"": 27845, ""N_on_3"": 12064, ""N_on_4"": 13384, ""N_on_5"": 12713, ""N_on_6"": 1638, ""N_on_7"": 1099, ""N_on_8"": 1067, ""N_on_9"": 498}",0,0,0,0,0,0,0,0,0,0,329609,27845,12064,13384,12713,1638,1099,1067,498,33
TS clean,1,ok,400000,50,399950,0,6.75084385548e-05,399923,27430.1264007,0,,,,clean_no_attack,"{""n_1"": 0, ""n_10"": 0, ""n_2"": 0, ""n_3"": 0, ""n_4"": 0, ""n_5"": 0, ""n_6"": 0, ""n_7"": 0, ""n_8"": 0, ""n_9"": 0}","{""N_on_1"": 370986, ""N_on_10"": 27, ""N_on_2"": 7331, ""N_on_3"": 8772, ""N_on_4"": 6111, ""N_on_5"": 4099, ""N_on_6"": 878, ""N_on_7"": 746, ""N_on_8"": 808, ""N_on_9"": 192}",0,0,0,0,0,0,0,0,0,0,370986,7331,8772,6111,4099,878,746,808,192,27
UCB appendix,1,ok,550000,83270,466730,83220,1,0,34194.8051657,2.43370300245,0.0863587615864,0,0,certificate,"{""n_1"": 3489, ""n_10"": 51987, ""n_2"": 3489, ""n_3"": 3468, ""n_4"": 3489, ""n_5"": 3447, ""n_6"": 3468, ""n_7"": 3447, ""n_8"": 3468, ""n_9"": 3468}","{""N_on_1"": 0, ""N_on_10"": 466730, ""N_on_2"": 0, ""N_on_3"": 0, ""N_on_4"": 0, ""N_on_5"": 0, ""N_on_6"": 0, ""N_on_7"": 0, ""N_on_8"": 0, ""N_on_9"": 0}",3489,3489,3468,3489,3447,3468,3447,3468,3468,51987,0,0,0,0,0,0,0,0,0,466730
UCB direct,1,ok,550000,75785,474215,75735,1,0,34194.8051657,2.21481010443,0.0978604431655,0,0,certificate,"{""n_1"": 3202, ""n_10"": 47077, ""n_2"": 3202, ""n_3"": 3182, ""n_4"": 3202, ""n_5"": 3162, ""n_6"": 3182, ""n_7"": 3162, ""n_8"": 3182, ""n_9"": 3182}","{""N_on_1"": 0, ""N_on_10"": 474215, ""N_on_2"": 0, ""N_on_3"": 0, ""N_on_4"": 0, ""N_on_5"": 0, ""N_on_6"": 0, ""N_on_7"": 0, ""N_on_8"": 0, ""N_on_9"": 0}",3202,3202,3182,3202,3162,3182,3162,3182,3182,47077,0,0,0,0,0,0,0,0,0,474215
TS appendix,1,ok,550000,124096,425904,124046,1,0,34194.8051657,3.62762704449,0.118363348407,0,0,certificate,"{""n_1"": 4781, ""n_10"": 81153, ""n_2"": 4781, ""n_3"": 4764, ""n_4"": 4781, ""n_5"": 4747, ""n_6"": 4764, ""n_7"": 4747, ""n_8"": 4764, ""n_9"": 4764}","{""N_on_1"": 0, ""N_on_10"": 425904, ""N_on_2"": 0, ""N_on_3"": 0, ""N_on_4"": 0, ""N_on_5"": 0, ""N_on_6"": 0, ""N_on_7"": 0, ""N_on_8"": 0, ""N_on_9"": 0}",4781,4781,4764,4781,4747,4764,4747,4764,4764,81153,0,0,0,0,0,0,0,0,0,425904
TS direct,1,ok,550000,108250,441750,108200,1,0,34194.8051657,3.1642233221,0.126500000075,0,0,certificate,"{""n_1"": 4189, ""n_10"": 70625, ""n_2"": 4189, ""n_3"": 4173, ""n_4"": 4189, ""n_5"": 4158, ""n_6"": 4173, ""n_7"": 4158, ""n_8"": 4173, ""n_9"": 4173}","{""N_on_1"": 0, ""N_on_10"": 441750, ""N_on_2"": 0, ""N_on_3"": 0, ""N_on_4"": 0, ""N_on_5"": 0, ""N_on_6"": 0, ""N_on_7"": 0, ""N_on_8"": 0, ""N_on_9"": 0}",4189,4189,4173,4189,4158,4173,4158,4173,4173,70625,0,0,0,0,0,0,0,0,0,441750
UCB clean,1,ok,550000,50,549950,0,6.18238021638e-05,549916,34194.8051657,0,,,,clean_no_attack,"{""n_1"": 0, ""n_10"": 0, ""n_2"": 0, ""n_3"": 0, ""n_4"": 0, ""n_5"": 0, ""n_6"": 0, ""n_7"": 0, ""n_8"": 0, ""n_9"": 0}","{""N_on_1"": 474206, ""N_on_10"": 34, ""N_on_2"": 30647, ""N_on_3"": 13326, ""N_on_4"": 13991, ""N_on_5"": 13351, ""N_on_6"": 1651, ""N_on_7"": 1115, ""N_on_8"": 1077, ""N_on_9"": 552}",0,0,0,0,0,0,0,0,0,0,474206,30647,13326,13991,13351,1651,1115,1077,552,34
TS clean,1,ok,550000,50,549950,0,5.0913719429e-05,549922,34194.8051657,0,,,,clean_no_attack,"{""n_1"": 0, ""n_10"": 0, ""n_2"": 0, ""n_3"": 0, ""n_4"": 0, ""n_5"": 0, ""n_6"": 0, ""n_7"": 0, ""n_8"": 0, ""n_9"": 0}","{""N_on_1"": 518601, ""N_on_10"": 28, ""N_on_2"": 8198, ""N_on_3"": 9431, ""N_on_4"": 6426, ""N_on_5"": 4499, ""N_on_6"": 960, ""N_on_7"": 766, ""N_on_8"": 843, ""N_on_9"": 198}",0,0,0,0,0,0,0,0,0,0,518601,8198,9431,6426,4499,960,766,843,198,28
UCB appendix,1,ok,700000,98090,601910,98040,1,0,40401.8442017,2.42662190148,0.0807436599285,0,0,certificate,"{""n_1"": 4082, ""n_10"": 61486, ""n_2"": 4082, ""n_3"": 4059, ""n_4"": 4082, ""n_5"": 4036, ""n_6"": 4059, ""n_7"": 4036, ""n_8"": 4059, ""n_9"": 4059}","{""N_on_1"": 0, ""N_on_10"": 601910, ""N_on_2"": 0, ""N_on_3"": 0, ""N_on_4"": 0, ""N_on_5"": 0, ""N_on_6"": 0, ""N_on_7"": 0, ""N_on_8"": 0, ""N_on_9"": 0}",4082,4082,4059,4082,4036,4059,4036,4059,4059,61486,0,0,0,0,0,0,0,0,0,601910
UCB direct,1,ok,700000,89868,610132,89818,1,0,40401.8442017,2.22311633973,0.0911344742833,0,0,certificate,"{""n_1"": 3750, ""n_10"": 56238, ""n_2"": 3750, ""n_3"": 3729, ""n_4"": 3750, ""n_5"": 3707, ""n_6"": 3729, ""n_7"": 3707, ""n_8"": 3729, ""n_9"": 3729}","{""N_on_1"": 0, ""N_on_10"": 610132, ""N_on_2"": 0, ""N_on_3"": 0, ""N_on_4"": 0, ""N_on_5"": 0, ""N_on_6"": 0, ""N_on_7"": 0, ""N_on_8"": 0, ""N_on_9"": 0}",3750,3750,3729,3750,3707,3729,3707,3729,3729,56238,0,0,0,0,0,0,0,0,0,610132
TS appendix,1,ok,700000,145088,554912,145038,1,0,40401.8442017,3.58988563186,0.110456478863,0,0,certificate,"{""n_1"": 5563, ""n_10"": 95115, ""n_2"": 5563, ""n_3"": 5545, ""n_4"": 5563, ""n_5"": 5527, ""n_6"": 5545, ""n_7"": 5527, ""n_8"": 5545, ""n_9"": 5545}","{""N_on_1"": 0, ""N_on_10"": 554912, ""N_on_2"": 0, ""N_on_3"": 0, ""N_on_4"": 0, ""N_on_5"": 0, ""N_on_6"": 0, ""N_on_7"": 0, ""N_on_8"": 0, ""N_on_9"": 0}",5563,5563,5545,5563,5527,5545,5527,5545,5545,95115,0,0,0,0,0,0,0,0,0,554912
TS direct,1,ok,700000,127867,572133,127817,1,0,40401.8442017,3.16364271299,0.117300000077,0,0,certificate,"{""n_1"": 4936, ""n_10"": 83529, ""n_2"": 4936, ""n_3"": 4919, ""n_4"": 4936, ""n_5"": 4902, ""n_6"": 4919, ""n_7"": 4902, ""n_8"": 4919, ""n_9"": 4919}","{""N_on_1"": 0, ""N_on_10"": 572133, ""N_on_2"": 0, ""N_on_3"": 0, ""N_on_4"": 0, ""N_on_5"": 0, ""N_on_6"": 0, ""N_on_7"": 0, ""N_on_8"": 0, ""N_on_9"": 0}",4936,4936,4919,4936,4902,4919,4902,4919,4919,83529,0,0,0,0,0,0,0,0,0,572133
UCB clean,1,ok,700000,50,699950,0,4.8574898207e-05,699916,40401.8442017,0,,,,clean_no_attack,"{""n_1"": 0, ""n_10"": 0, ""n_2"": 0, ""n_3"": 0, ""n_4"": 0, ""n_5"": 0, ""n_6"": 0, ""n_7"": 0, ""n_8"": 0, ""n_9"": 0}","{""N_on_1"": 619713, ""N_on_10"": 34, ""N_on_2"": 33325, ""N_on_3"": 14106, ""N_on_4"": 14483, ""N_on_5"": 13711, ""N_on_6"": 1673, ""N_on_7"": 1212, ""N_on_8"": 1126, ""N_on_9"": 567}",0,0,0,0,0,0,0,0,0,0,619713,33325,14106,14483,13711,1673,1212,1126,567,34
TS clean,1,ok,700000,50,699950,0,4.0002857347e-05,699922,40401.8442017,0,,,,clean_no_attack,"{""n_1"": 0, ""n_10"": 0, ""n_2"": 0, ""n_3"": 0, ""n_4"": 0, ""n_5"": 0, ""n_6"": 0, ""n_7"": 0, ""n_8"": 0, ""n_9"": 0}","{""N_on_1"": 666901, ""N_on_10"": 28, ""N_on_2"": 8998, ""N_on_3"": 9846, ""N_on_4"": 6621, ""N_on_5"": 4696, ""N_on_6"": 1002, ""N_on_7"": 783, ""N_on_8"": 871, ""N_on_9"": 204}",0,0,0,0,0,0,0,0,0,0,666901,8998,9846,6621,4696,1002,783,871,204,28
UCB appendix,1,ok,850000,111929,738071,111879,1,0,46204.9557279,2.4213636446,0.0764616385121,0,0,certificate,"{""n_1"": 4633, ""n_10"": 70374, ""n_2"": 4633, ""n_3"": 4609, ""n_4"": 4633, ""n_5"": 4585, ""n_6"": 4609, ""n_7"": 4585, ""n_8"": 4609, ""n_9"": 4609}","{""N_on_1"": 0, ""N_on_10"": 738071, ""N_on_2"": 0, ""N_on_3"": 0, ""N_on_4"": 0, ""N_on_5"": 0, ""N_on_6"": 0, ""N_on_7"": 0, ""N_on_8"": 0, ""N_on_9"": 0}",4633,4633,4609,4633,4585,4609,4585,4609,4609,70374,0,0,0,0,0,0,0,0,0,738071
UCB direct,1,ok,850000,103061,746939,103011,1,0,46204.9557279,2.22943618011,0.0859804571092,0,0,certificate,"{""n_1"": 4266, ""n_10"": 64801, ""n_2"": 4266, ""n_3"": 4243, ""n_4"": 4266, ""n_5"": 4220, ""n_6"": 4243, ""n_7"": 4220, ""n_8"": 4243, ""n_9"": 4243}","{""N_on_1"": 0, ""N_on_10"": 746939, ""N_on_2"": 0, ""N_on_3"": 0, ""N_on_4"": 0, ""N_on_5"": 0, ""N_on_6"": 0, ""N_on_7"": 0, ""N_on_8"": 0, ""N_on_9"": 0}",4266,4266,4243,4266,4220,4243,4220,4243,4243,64801,0,0,0,0,0,0,0,0,0,746939
TS appendix,1,ok,850000,164608,685392,164558,1,0,46204.9557279,3.56147944322,0.104435757912,0,0,certificate,"{""n_1"": 6289, ""n_10"": 108109, ""n_2"": 6289, ""n_3"": 6270, ""n_4"": 6289, ""n_5"": 6251, ""n_6"": 6270, ""n_7"": 6251, ""n_8"": 6270, ""n_9"": 6270}","{""N_on_1"": 0, ""N_on_10"": 685392, ""N_on_2"": 0, ""N_on_3"": 0, ""N_on_4"": 0, ""N_on_5"": 0, ""N_on_6"": 0, ""N_on_7"": 0, ""N_on_8"": 0, ""N_on_9"": 0}",6289,6289,6270,6289,6251,6270,6251,6270,6270,108109,0,0,0,0,0,0,0,0,0,685392
TS direct,1,ok,850000,146192,703808,146142,1,0,46204.9557279,3.16290747816,0.110300000078,0,0,certificate,"{""n_1"": 5641, ""n_10"": 95517, ""n_2"": 5641, ""n_3"": 5623, ""n_4"": 5641, ""n_5"": 5605, ""n_6"": 5623, ""n_7"": 5605, ""n_8"": 5623, ""n_9"": 5623}","{""N_on_1"": 0, ""N_on_10"": 703808, ""N_on_2"": 0, ""N_on_3"": 0, ""N_on_4"": 0, ""N_on_5"": 0, ""N_on_6"": 0, ""N_on_7"": 0, ""N_on_8"": 0, ""N_on_9"": 0}",5641,5641,5623,5641,5605,5623,5605,5623,5623,95517,0,0,0,0,0,0,0,0,0,703808
UCB clean,1,ok,850000,50,849950,0,4.11788928761e-05,849915,46204.9557279,0,,,,clean_no_attack,"{""n_1"": 0, ""n_10"": 0, ""n_2"": 0, ""n_3"": 0, ""n_4"": 0, ""n_5"": 0, ""n_6"": 0, ""n_7"": 0, ""n_8"": 0, ""n_9"": 0}","{""N_on_1"": 766613, ""N_on_10"": 35, ""N_on_2"": 34947, ""N_on_3"": 14687, ""N_on_4"": 14841, ""N_on_5"": 14203, ""N_on_6"": 1684, ""N_on_7"": 1237, ""N_on_8"": 1134, ""N_on_9"": 569}",0,0,0,0,0,0,0,0,0,0,766613,34947,14687,14841,14203,1684,1237,1134,569,35
TS clean,1,ok,850000,50,849950,0,3.29431143008e-05,849922,46204.9557279,0,,,,clean_no_attack,"{""n_1"": 0, ""n_10"": 0, ""n_2"": 0, ""n_3"": 0, ""n_4"": 0, ""n_5"": 0, ""n_6"": 0, ""n_7"": 0, ""n_8"": 0, ""n_9"": 0}","{""N_on_1"": 815248, ""N_on_10"": 28, ""N_on_2"": 9863, ""N_on_3"": 10188, ""N_on_4"": 6825, ""N_on_5"": 4863, ""N_on_6"": 1029, ""N_on_7"": 802, ""N_on_8"": 898, ""N_on_9"": 206}",0,0,0,0,0,0,0,0,0,0,815248,9863,10188,6825,4863,1029,802,898,206,28
UCB appendix,1,ok,1000000,125017,874983,124967,1,0,51695.8459325,2.41735090598,0.0730350139276,0,0,certificate,"{""n_1"": 5153, ""n_10"": 78790, ""n_2"": 5153, ""n_3"": 5128, ""n_4"": 5153, ""n_5"": 5103, ""n_6"": 5128, ""n_7"": 5103, ""n_8"": 5128, ""n_9"": 5128}","{""N_on_1"": 0, ""N_on_10"": 874983, ""N_on_2"": 0, ""N_on_3"": 0, ""N_on_4"": 0, ""N_on_5"": 0, ""N_on_6"": 0, ""N_on_7"": 0, ""N_on_8"": 0, ""N_on_9"": 0}",5153,5153,5128,5153,5103,5128,5103,5128,5128,78790,0,0,0,0,0,0,0,0,0,874983
UCB direct,1,ok,1000000,115570,884430,115520,1,0,51695.8459325,2.23460895003,0.0816440329138,0,0,certificate,"{""n_1"": 4781, ""n_10"": 72689, ""n_2"": 4781, ""n_3"": 4756, ""n_4"": 4781, ""n_5"": 4732, ""n_6"": 4756, ""n_7"": 4732, ""n_8"": 4756, ""n_9"": 4756}","{""N_on_1"": 0, ""N_on_10"": 884430, ""N_on_2"": 0, ""N_on_3"": 0, ""N_on_4"": 0, ""N_on_5"": 0, ""N_on_6"": 0, ""N_on_7"": 0, ""N_on_8"": 0, ""N_on_9"": 0}",4781,4781,4756,4781,4732,4756,4732,4756,4756,72689,0,0,0,0,0,0,0,0,0,884430
TS appendix,1,ok,1000000,182997,817003,182947,1,0,51695.8459325,3.53891104208,0.0996240884477,0,0,certificate,"{""n_1"": 6972, ""n_10"": 120359, ""n_2"": 6972, ""n_3"": 6952, ""n_4"": 6972, ""n_5"": 6932, ""n_6"": 6952, ""n_7"": 6932, ""n_8"": 6952, ""n_9"": 6952}","{""N_on_1"": 0, ""N_on_10"": 817003, ""N_on_2"": 0, ""N_on_3"": 0, ""N_on_4"": 0, ""N_on_5"": 0, ""N_on_6"": 0, ""N_on_7"": 0, ""N_on_8"": 0, ""N_on_9"": 0}",6972,6972,6952,6972,6932,6952,6932,6952,6952,120359,0,0,0,0,0,0,0,0,0,817003
TS direct,1,ok,1000000,163516,836484,163466,1,0,51695.8459325,3.16207225264,0.105200000079,0,0,certificate,"{""n_1"": 6256, ""n_10"": 107314, ""n_2"": 6256, ""n_3"": 6237, ""n_4"": 6256, ""n_5"": 6218, ""n_6"": 6237, ""n_7"": 6218, ""n_8"": 6237, ""n_9"": 6237}","{""N_on_1"": 0, ""N_on_10"": 836484, ""N_on_2"": 0, ""N_on_3"": 0, ""N_on_4"": 0, ""N_on_5"": 0, ""N_on_6"": 0, ""N_on_7"": 0, ""N_on_8"": 0, ""N_on_9"": 0}",6256,6256,6237,6256,6218,6237,6218,6237,6237,107314,0,0,0,0,0,0,0,0,0,836484
UCB clean,1,ok,1000000,50,999950,0,3.50017500875e-05,999915,51695.8459325,0,,,,clean_no_attack,"{""n_1"": 0, ""n_10"": 0, ""n_2"": 0, ""n_3"": 0, ""n_4"": 0, ""n_5"": 0, ""n_6"": 0, ""n_7"": 0, ""n_8"": 0, ""n_9"": 0}","{""N_on_1"": 914776, ""N_on_10"": 35, ""N_on_2"": 35867, ""N_on_3"": 15099, ""N_on_4"": 15163, ""N_on_5"": 14319, ""N_on_6"": 1719, ""N_on_7"": 1266, ""N_on_8"": 1136, ""N_on_9"": 570}",0,0,0,0,0,0,0,0,0,0,914776,35867,15099,15163,14319,1719,1266,1136,570,35
TS clean,1,ok,1000000,50,999950,0,2.800140007e-05,999922,51695.8459325,0,,,,clean_no_attack,"{""n_1"": 0, ""n_10"": 0, ""n_2"": 0, ""n_3"": 0, ""n_4"": 0, ""n_5"": 0, ""n_6"": 0, ""n_7"": 0, ""n_8"": 0, ""n_9"": 0}","{""N_on_1"": 963999, ""N_on_10"": 28, ""N_on_2"": 10443, ""N_on_3"": 10441, ""N_on_4"": 7009, ""N_on_5"": 5012, ""N_on_6"": 1060, ""N_on_7"": 834, ""N_on_8"": 914, ""N_on_9"": 210}",0,0,0,0,0,0,0,0,0,0,963999,10443,10441,7009,5012,1060,834,914,210,28
UCB appendix,2,ok,100000,26315,73685,26265,1,0,10480.8192431,2.50600639041,0.136598483572,0,0,certificate,"{""n_1"": 1172, ""n_10"": 15821, ""n_2"": 1159, ""n_3"": 1159, ""n_4"": 1159, ""n_5"": 1159, ""n_6"": 1146, ""n_7"": 1146, ""n_8"": 1172, ""n_9"": 1172}","{""N_on_1"": 0, ""N_on_10"": 73685, ""N_on_2"": 0, ""N_on_3"": 0, ""N_on_4"": 0, ""N_on_5"": 0, ""N_on_6"": 0, ""N_on_7"": 0, ""N_on_8"": 0, ""N_on_9"": 0}",1172,1159,1159,1159,1159,1146,1146,1172,1172,15821,0,0,0,0,0,0,0,0,0,73685
UCB direct,2,ok,100000,22492,77508,22442,1,0,10480.8192431,2.14124482824,0.163378994339,0,0,certificate,"{""n_1"": 1026, ""n_10"": 13304, ""n_2"": 1014, ""n_3"": 1014, ""n_4"": 1014, ""n_5"": 1014, ""n_6"": 1002, ""n_7"": 1002, ""n_8"": 1026, ""n_9"": 1026}","{""N_on_1"": 0, ""N_on_10"": 77508, ""N_on_2"": 0, ""N_on_3"": 0, ""N_on_4"": 0, ""N_on_5"": 0, ""N_on_6"": 0, ""N_on_7"": 0, ""N_on_8"": 0, ""N_on_9"": 0}",1026,1014,1014,1014,1014,1002,1002,1026,1026,13304,0,0,0,0,0,0,0,0,0,77508
TS appendix,2,ok,100000,41959,58041,41909,1,0,10480.8192431,3.99863779996,0.189396144841,0,0,certificate,"{""n_1"": 1695, ""n_10"": 26740, ""n_2"": 1684, ""n_3"": 1684, ""n_4"": 1684, ""n_5"": 1684, ""n_6"": 1674, ""n_7"": 1674, ""n_8"": 1695, ""n_9"": 1695}","{""N_on_1"": 0, ""N_on_10"": 58041, ""N_on_2"": 0, ""N_on_3"": 0, ""N_on_4"": 0, ""N_on_5"": 0, ""N_on_6"": 0, ""N_on_7"": 0, ""N_on_8"": 0, ""N_on_9"": 0}",1695,1684,1684,1684,1684,1674,1674,1695,1695,26740,0,0,0,0,0,0,0,0,0,58041
TS direct,2,ok,100000,33072,66928,33022,1,0,10480.8192431,3.15070790117,0.211700000058,0,0,certificate,"{""n_1"": 1359, ""n_10"": 20863, ""n_2"": 1350, ""n_3"": 1350, ""n_4"": 1350, ""n_5"": 1350, ""n_6"": 1341, ""n_7"": 1341, ""n_8"": 1359, ""n_9"": 1359}","{""N_on_1"": 0, ""N_on_10"": 66928, ""N_on_2"": 0, ""N_on_3"": 0, ""N_on_4"": 0, ""N_on_5"": 0, ""N_on_6"": 0, ""N_on_7"": 0, ""N_on_8"": 0, ""N_on_9"": 0}",1359,1350,1350,1350,1350,1341,1341,1359,1359,20863,0,0,0,0,0,0,0,0,0,66928
UCB clean,2,ok,100000,50,99950,0,0.000280140070035,99922,10480.8192431,0,,,,clean_no_attack,"{""n_1"": 0, ""n_10"": 0, ""n_2"": 0, ""n_3"": 0, ""n_4"": 0, ""n_5"": 0, ""n_6"": 0, ""n_7"": 0, ""n_8"": 0, ""n_9"": 0}","{""N_on_1"": 63846, ""N_on_10"": 28, ""N_on_2"": 12525, ""N_on_3"": 7238, ""N_on_4"": 6854, ""N_on_5"": 5274, ""N_on_6"": 1657, ""N_on_7"": 935, ""N_on_8"": 1251, ""N_on_9"": 342}",0,0,0,0,0,0,0,0,0,0,63846,12525,7238,6854,5274,1657,935,1251,342,28
TS clean,2,ok,100000,50,99950,0,0.00016008004002,99934,10480.8192431,0,,,,clean_no_attack,"{""n_1"": 0, ""n_10"": 0, ""n_2"": 0, ""n_3"": 0, ""n_4"": 0, ""n_5"": 0, ""n_6"": 0, ""n_7"": 0, ""n_8"": 0, ""n_9"": 0}","{""N_on_1"": 82266, ""N_on_10"": 16, ""N_on_2"": 6207, ""N_on_3"": 2973, ""N_on_4"": 3725, ""N_on_5"": 2382, ""N_on_6"": 1182, ""N_on_7"": 548, ""N_on_8"": 463, ""N_on_9"": 188}",0,0,0,0,0,0,0,0,0,0,82266,6207,2973,3725,2382,1182,548,463,188,16
UCB appendix,2,ok,250000,48805,201195,48755,1,0,19804.9881347,2.46175355766,0.107178583585,0,0,certificate,"{""n_1"": 2097, ""n_10"": 30012, ""n_2"": 2081, ""n_3"": 2081, ""n_4"": 2081, ""n_5"": 2081, ""n_6"": 2064, ""n_7"": 2064, ""n_8"": 2097, ""n_9"": 2097}","{""N_on_1"": 0, ""N_on_10"": 201195, ""N_on_2"": 0, ""N_on_3"": 0, ""N_on_4"": 0, ""N_on_5"": 0, ""N_on_6"": 0, ""N_on_7"": 0, ""N_on_8"": 0, ""N_on_9"": 0}",2097,2081,2081,2081,2081,2064,2064,2097,2097,30012,0,0,0,0,0,0,0,0,0,201195
UCB direct,2,ok,250000,43311,206689,43261,1,0,19804.9881347,2.18434869568,0.124099016545,0,0,certificate,"{""n_1"": 1891, ""n_10"": 26370, ""n_2"": 1875, ""n_3"": 1875, ""n_4"": 1875, ""n_5"": 1875, ""n_6"": 1859, ""n_7"": 1859, ""n_8"": 1891, ""n_9"": 1891}","{""N_on_1"": 0, ""N_on_10"": 206689, ""N_on_2"": 0, ""N_on_3"": 0, ""N_on_4"": 0, ""N_on_5"": 0, ""N_on_6"": 0, ""N_on_7"": 0, ""N_on_8"": 0, ""N_on_9"": 0}",1891,1875,1875,1875,1875,1859,1859,1891,1891,26370,0,0,0,0,0,0,0,0,0,206689
TS appendix,2,ok,250000,74781,175219,74731,1,0,19804.9881347,3.77334232628,0.147764934134,0,0,certificate,"{""n_1"": 2935, ""n_10"": 48422, ""n_2"": 2922, ""n_3"": 2922, ""n_4"": 2922, ""n_5"": 2922, ""n_6"": 2908, ""n_7"": 2908, ""n_8"": 2935, ""n_9"": 2935}","{""N_on_1"": 0, ""N_on_10"": 175219, ""N_on_2"": 0, ""N_on_3"": 0, ""N_on_4"": 0, ""N_on_5"": 0, ""N_on_6"": 0, ""N_on_7"": 0, ""N_on_8"": 0, ""N_on_9"": 0}",2935,2922,2922,2922,2922,2908,2908,2935,2935,48422,0,0,0,0,0,0,0,0,0,175219
TS direct,2,ok,250000,62683,187317,62633,1,0,19804.9881347,3.16248611583,0.160850000068,0,0,certificate,"{""n_1"": 2480, ""n_10"": 40409, ""n_2"": 2468, ""n_3"": 2468, ""n_4"": 2468, ""n_5"": 2468, ""n_6"": 2456, ""n_7"": 2456, ""n_8"": 2480, ""n_9"": 2480}","{""N_on_1"": 0, ""N_on_10"": 187317, ""N_on_2"": 0, ""N_on_3"": 0, ""N_on_4"": 0, ""N_on_5"": 0, ""N_on_6"": 0, ""N_on_7"": 0, ""N_on_8"": 0, ""N_on_9"": 0}",2480,2468,2468,2468,2468,2456,2456,2480,2480,40409,0,0,0,0,0,0,0,0,0,187317
UCB clean,2,ok,250000,50,249950,0,0.000124024804961,249919,19804.9881347,0,,,,clean_no_attack,"{""n_1"": 0, ""n_10"": 0, ""n_2"": 0, ""n_3"": 0, ""n_4"": 0, ""n_5"": 0, ""n_6"": 0, ""n_7"": 0, ""n_8"": 0, ""n_9"": 0}","{""N_on_1"": 196379, ""N_on_10"": 31, ""N_on_2"": 20446, ""N_on_3"": 11608, ""N_on_4"": 9588, ""N_on_5"": 6567, ""N_on_6"": 2072, ""N_on_7"": 1407, ""N_on_8"": 1462, ""N_on_9"": 390}",0,0,0,0,0,0,0,0,0,0,196379,20446,11608,9588,6567,2072,1407,1462,390,31
TS clean,2,ok,250000,50,249950,0,7.60152030406e-05,249931,19804.9881347,0,,,,clean_no_attack,"{""n_1"": 0, ""n_10"": 0, ""n_2"": 0, ""n_3"": 0, ""n_4"": 0, ""n_5"": 0, ""n_6"": 0, ""n_7"": 0, ""n_8"": 0, ""n_9"": 0}","{""N_on_1"": 227803, ""N_on_10"": 19, ""N_on_2"": 7540, ""N_on_3"": 4029, ""N_on_4"": 4840, ""N_on_5"": 3007, ""N_on_6"": 1328, ""N_on_7"": 620, ""N_on_8"": 530, ""N_on_9"": 234}",0,0,0,0,0,0,0,0,0,0,227803,7540,4029,4840,3007,1328,620,530,234,19
UCB appendix,2,ok,400000,67088,332912,67038,1,0,27430.1264007,2.44395519805,0.0942997460576,0,0,certificate,"{""n_1"": 2838, ""n_10"": 41648, ""n_2"": 2819, ""n_3"": 2819, ""n_4"": 2819, ""n_5"": 2819, ""n_6"": 2800, ""n_7"": 2800, ""n_8"": 2838, ""n_9"": 2838}","{""N_on_1"": 0, ""N_on_10"": 332912, ""N_on_2"": 0, ""N_on_3"": 0, ""N_on_4"": 0, ""N_on_5"": 0, ""N_on_6"": 0, ""N_on_7"": 0, ""N_on_8"": 0, ""N_on_9"": 0}",2838,2819,2819,2819,2819,2800,2800,2838,2838,41648,0,0,0,0,0,0,0,0,0,332912
UCB direct,2,ok,400000,60483,339517,60433,1,0,27430.1264007,2.20316155738,0.108003395267,0,0,certificate,"{""n_1"": 2575, ""n_10"": 37402, ""n_2"": 2557, ""n_3"": 2557, ""n_4"": 2557, ""n_5"": 2557, ""n_6"": 2539, ""n_7"": 2539, ""n_8"": 2575, ""n_9"": 2575}","{""N_on_1"": 0, ""N_on_10"": 339517, ""N_on_2"": 0, ""N_on_3"": 0, ""N_on_4"": 0, ""N_on_5"": 0, ""N_on_6"": 0, ""N_on_7"": 0, ""N_on_8"": 0, ""N_on_9"": 0}",2575,2557,2557,2557,2557,2539,2539,2575,2575,37402,0,0,0,0,0,0,0,0,0,339517
TS appendix,2,ok,400000,101050,298950,101000,1,0,27430.1264007,3.68208292316,0.129564425505,0,0,certificate,"{""n_1"": 3920, ""n_10"": 65842, ""n_2"": 3905, ""n_3"": 3905, ""n_4"": 3905, ""n_5"": 3905, ""n_6"": 3889, ""n_7"": 3889, ""n_8"": 3920, ""n_9"": 3920}","{""N_on_1"": 0, ""N_on_10"": 298950, ""N_on_2"": 0, ""N_on_3"": 0, ""N_on_4"": 0, ""N_on_5"": 0, ""N_on_6"": 0, ""N_on_7"": 0, ""N_on_8"": 0, ""N_on_9"": 0}",3920,3905,3905,3905,3905,3889,3889,3920,3920,65842,0,0,0,0,0,0,0,0,0,298950
TS direct,2,ok,400000,86846,313154,86796,1,0,27430.1264007,3.16425811286,0.139100000072,0,0,certificate,"{""n_1"": 3404, ""n_10"": 56272, ""n_2"": 3390, ""n_3"": 3390, ""n_4"": 3390, ""n_5"": 3390, ""n_6"": 3376, ""n_7"": 3376, ""n_8"": 3404, ""n_9"": 3404}","{""N_on_1"": 0, ""N_on_10"": 313154, ""N_on_2"": 0, ""N_on_3"": 0, ""N_on_4"": 0, ""N_on_5"": 0, ""N_on_6"": 0, ""N_on_7"": 0, ""N_on_8"": 0, ""N_on_9"": 0}",3404,3390,3390,3390,3390,3376,3376,3404,3404,56272,0,0,0,0,0,0,0,0,0,313154
UCB clean,2,ok,400000,50,399950,0,8.00100012502e-05,399918,27430.1264007,0,,,,clean_no_attack,"{""n_1"": 0, ""n_10"": 0, ""n_2"": 0, ""n_3"": 0, ""n_4"": 0, ""n_5"": 0, ""n_6"": 0, ""n_7"": 0, ""n_8"": 0, ""n_9"": 0}","{""N_on_1"": 335356, ""N_on_10"": 32, ""N_on_2"": 25586, ""N_on_3"": 13580, ""N_on_4"": 11740, ""N_on_5"": 7863, ""N_on_6"": 2307, ""N_on_7"": 1528, ""N_on_8"": 1528, ""N_on_9"": 430}",0,0,0,0,0,0,0,0,0,0,335356,25586,13580,11740,7863,2307,1528,1528,430,32
TS clean,2,ok,400000,50,399950,0,4.75059382423e-05,399931,27430.1264007,0,,,,clean_no_attack,"{""n_1"": 0, ""n_10"": 0, ""n_2"": 0, ""n_3"": 0, ""n_4"": 0, ""n_5"": 0, ""n_6"": 0, ""n_7"": 0, ""n_8"": 0, ""n_9"": 0}","{""N_on_1"": 375303, ""N_on_10"": 19, ""N_on_2"": 8500, ""N_on_3"": 4691, ""N_on_4"": 5294, ""N_on_5"": 3243, ""N_on_6"": 1391, ""N_on_7"": 677, ""N_on_8"": 574, ""N_on_9"": 258}",0,0,0,0,0,0,0,0,0,0,375303,8500,4691,5294,3243,1391,677,574,258,19
UCB appendix,2,ok,550000,83270,466730,83220,1,0,34194.8051657,2.43370300245,0.0863587614961,0,0,certificate,"{""n_1"": 3489, ""n_10"": 51987, ""n_2"": 3468, ""n_3"": 3468, ""n_4"": 3468, ""n_5"": 3468, ""n_6"": 3447, ""n_7"": 3447, ""n_8"": 3489, ""n_9"": 3489}","{""N_on_1"": 0, ""N_on_10"": 466730, ""N_on_2"": 0, ""N_on_3"": 0, ""N_on_4"": 0, ""N_on_5"": 0, ""N_on_6"": 0, ""N_on_7"": 0, ""N_on_8"": 0, ""N_on_9"": 0}",3489,3468,3468,3468,3468,3447,3447,3489,3489,51987,0,0,0,0,0,0,0,0,0,466730
UCB direct,2,ok,550000,75785,474215,75735,1,0,34194.8051657,2.21481010443,0.0978604431655,0,0,certificate,"{""n_1"": 3202, ""n_10"": 47077, ""n_2"": 3182, ""n_3"": 3182, ""n_4"": 3182, ""n_5"": 3182, ""n_6"": 3162, ""n_7"": 3162, ""n_8"": 3202, ""n_9"": 3202}","{""N_on_1"": 0, ""N_on_10"": 474215, ""N_on_2"": 0, ""N_on_3"": 0, ""N_on_4"": 0, ""N_on_5"": 0, ""N_on_6"": 0, ""N_on_7"": 0, ""N_on_8"": 0, ""N_on_9"": 0}",3202,3182,3182,3182,3182,3162,3162,3202,3202,47077,0,0,0,0,0,0,0,0,0,474215
TS appendix,2,ok,550000,124096,425904,124046,1,0,34194.8051657,3.62762704449,0.118363348267,0,0,certificate,"{""n_1"": 4781, ""n_10"": 81153, ""n_2"": 4764, ""n_3"": 4764, ""n_4"": 4764, ""n_5"": 4764, ""n_6"": 4747, ""n_7"": 4747, ""n_8"": 4781, ""n_9"": 4781}","{""N_on_1"": 0, ""N_on_10"": 425904, ""N_on_2"": 0, ""N_on_3"": 0, ""N_on_4"": 0, ""N_on_5"": 0, ""N_on_6"": 0, ""N_on_7"": 0, ""N_on_8"": 0, ""N_on_9"": 0}",4781,4764,4764,4764,4764,4747,4747,4781,4781,81153,0,0,0,0,0,0,0,0,0,425904
TS direct,2,ok,550000,108250,441750,108200,1,0,34194.8051657,3.1642233221,0.126500000075,0,0,certificate,"{""n_1"": 4189, ""n_10"": 70625, ""n_2"": 4173, ""n_3"": 4173, ""n_4"": 4173, ""n_5"": 4173, ""n_6"": 4158, ""n_7"": 4158, ""n_8"": 4189, ""n_9"": 4189}","{""N_on_1"": 0, ""N_on_10"": 441750, ""N_on_2"": 0, ""N_on_3"": 0, ""N_on_4"": 0, ""N_on_5"": 0, ""N_on_6"": 0, ""N_on_7"": 0, ""N_on_8"": 0, ""N_on_9"": 0}",4189,4173,4173,4173,4173,4158,4158,4189,4189,70625,0,0,0,0,0,0,0,0,0,441750
UCB clean,2,ok,550000,50,549950,0,6.18238021638e-05,549916,34194.8051657,0,,,,clean_no_attack,"{""n_1"": 0, ""n_10"": 0, ""n_2"": 0, ""n_3"": 0, ""n_4"": 0, ""n_5"": 0, ""n_6"": 0, ""n_7"": 0, ""n_8"": 0, ""n_9"": 0}","{""N_on_1"": 477074, ""N_on_10"": 34, ""N_on_2"": 30371, ""N_on_3"": 14593, ""N_on_4"": 13073, ""N_on_5"": 8804, ""N_on_6"": 2396, ""N_on_7"": 1591, ""N_on_8"": 1560, ""N_on_9"": 454}",0,0,0,0,0,0,0,0,0,0,477074,30371,14593,13073,8804,2396,1591,1560,454,34
TS clean,2,ok,550000,50,549950,0,3.81852895718e-05,549929,34194.8051657,0,,,,clean_no_attack,"{""n_1"": 0, ""n_10"": 0, ""n_2"": 0, ""n_3"": 0, ""n_4"": 0, ""n_5"": 0, ""n_6"": 0, ""n_7"": 0, ""n_8"": 0, ""n_9"": 0}","{""N_on_1"": 523573, ""N_on_10"": 21, ""N_on_2"": 9063, ""N_on_3"": 5256, ""N_on_4"": 5622, ""N_on_5"": 3417, ""N_on_6"": 1424, ""N_on_7"": 715, ""N_on_8"": 594, ""N_on_9"": 265}",0,0,0,0,0,0,0,0,0,0,523573,9063,5256,5622,3417,1424,715,594,265,21
UCB appendix,2,ok,700000,98090,601910,98040,1,0,40401.8442017,2.42662190148,0.0807436599284,0,0,certificate,"{""n_1"": 4082, ""n_10"": 61486, ""n_2"": 4059, ""n_3"": 4059, ""n_4"": 4059, ""n_5"": 4059, ""n_6"": 4036, ""n_7"": 4036, ""n_8"": 4082, ""n_9"": 4082}","{""N_on_1"": 0, ""N_on_10"": 601910, ""N_on_2"": 0, ""N_on_3"": 0, ""N_on_4"": 0, ""N_on_5"": 0, ""N_on_6"": 0, ""N_on_7"": 0, ""N_on_8"": 0, ""N_on_9"": 0}",4082,4059,4059,4059,4059,4036,4036,4082,4082,61486,0,0,0,0,0,0,0,0,0,601910
UCB direct,2,ok,700000,89868,610132,89818,1,0,40401.8442017,2.22311633973,0.0911344742833,0,0,certificate,"{""n_1"": 3750, ""n_10"": 56238, ""n_2"": 3729, ""n_3"": 3729, ""n_4"": 3729, ""n_5"": 3729, ""n_6"": 3707, ""n_7"": 3707, ""n_8"": 3750, ""n_9"": 3750}","{""N_on_1"": 0, ""N_on_10"": 610132, ""N_on_2"": 0, ""N_on_3"": 0, ""N_on_4"": 0, ""N_on_5"": 0, ""N_on_6"": 0, ""N_on_7"": 0, ""N_on_8"": 0, ""N_on_9"": 0}",3750,3729,3729,3729,3729,3707,3707,3750,3750,56238,0,0,0,0,0,0,0,0,0,610132
TS appendix,2,ok,700000,145088,554912,145038,1,0,40401.8442017,3.58988563186,0.110456478863,0,0,certificate,"{""n_1"": 5563, ""n_10"": 95115, ""n_2"": 5545, ""n_3"": 5545, ""n_4"": 5545, ""n_5"": 5545, ""n_6"": 5527, ""n_7"": 5527, ""n_8"": 5563, ""n_9"": 5563}","{""N_on_1"": 0, ""N_on_10"": 554912, ""N_on_2"": 0, ""N_on_3"": 0, ""N_on_4"": 0, ""N_on_5"": 0, ""N_on_6"": 0, ""N_on_7"": 0, ""N_on_8"": 0, ""N_on_9"": 0}",5563,5545,5545,5545,5545,5527,5527,5563,5563,95115,0,0,0,0,0,0,0,0,0,554912
TS direct,2,ok,700000,127867,572133,127817,1,0,40401.8442017,3.16364271299,0.117300000077,0,0,certificate,"{""n_1"": 4936, ""n_10"": 83529, ""n_2"": 4919, ""n_3"": 4919, ""n_4"": 4919, ""n_5"": 4919, ""n_6"": 4902, ""n_7"": 4902, ""n_8"": 4936, ""n_9"": 4936}","{""N_on_1"": 0, ""N_on_10"": 572133, ""N_on_2"": 0, ""N_on_3"": 0, ""N_on_4"": 0, ""N_on_5"": 0, ""N_on_6"": 0, ""N_on_7"": 0, ""N_on_8"": 0, ""N_on_9"": 0}",4936,4919,4919,4919,4919,4902,4902,4936,4936,83529,0,0,0,0,0,0,0,0,0,572133
UCB clean,2,ok,700000,50,699950,0,4.8574898207e-05,699916,40401.8442017,0,,,,clean_no_attack,"{""n_1"": 0, ""n_10"": 0, ""n_2"": 0, ""n_3"": 0, ""n_4"": 0, ""n_5"": 0, ""n_6"": 0, ""n_7"": 0, ""n_8"": 0, ""n_9"": 0}","{""N_on_1"": 622233, ""N_on_10"": 34, ""N_on_2"": 32602, ""N_on_3"": 15444, ""N_on_4"": 13868, ""N_on_5"": 9546, ""N_on_6"": 2451, ""N_on_7"": 1683, ""N_on_8"": 1629, ""N_on_9"": 460}",0,0,0,0,0,0,0,0,0,0,622233,32602,15444,13868,9546,2451,1683,1629,460,34
TS clean,2,ok,700000,50,699950,0,3.28594899636e-05,699927,40401.8442017,0,,,,clean_no_attack,"{""n_1"": 0, ""n_10"": 0, ""n_2"": 0, ""n_3"": 0, ""n_4"": 0, ""n_5"": 0, ""n_6"": 0, ""n_7"": 0, ""n_8"": 0, ""n_9"": 0}","{""N_on_1"": 672115, ""N_on_10"": 23, ""N_on_2"": 9499, ""N_on_3"": 5744, ""N_on_4"": 5942, ""N_on_5"": 3520, ""N_on_6"": 1473, ""N_on_7"": 744, ""N_on_8"": 616, ""N_on_9"": 274}",0,0,0,0,0,0,0,0,0,0,672115,9499,5744,5942,3520,1473,744,616,274,23
UCB appendix,2,ok,850000,111929,738071,111879,1,0,46204.9557279,2.4213636446,0.0764616385143,0,0,certificate,"{""n_1"": 4633, ""n_10"": 70374, ""n_2"": 4609, ""n_3"": 4609, ""n_4"": 4609, ""n_5"": 4609, ""n_6"": 4585, ""n_7"": 4585, ""n_8"": 4633, ""n_9"": 4633}","{""N_on_1"": 0, ""N_on_10"": 738071, ""N_on_2"": 0, ""N_on_3"": 0, ""N_on_4"": 0, ""N_on_5"": 0, ""N_on_6"": 0, ""N_on_7"": 0, ""N_on_8"": 0, ""N_on_9"": 0}",4633,4609,4609,4609,4609,4585,4585,4633,4633,70374,0,0,0,0,0,0,0,0,0,738071
UCB direct,2,ok,850000,103061,746939,103011,1,0,46204.9557279,2.22943618011,0.0859804571092,0,0,certificate,"{""n_1"": 4266, ""n_10"": 64801, ""n_2"": 4243, ""n_3"": 4243, ""n_4"": 4243, ""n_5"": 4243, ""n_6"": 4220, ""n_7"": 4220, ""n_8"": 4266, ""n_9"": 4266}","{""N_on_1"": 0, ""N_on_10"": 746939, ""N_on_2"": 0, ""N_on_3"": 0, ""N_on_4"": 0, ""N_on_5"": 0, ""N_on_6"": 0, ""N_on_7"": 0, ""N_on_8"": 0, ""N_on_9"": 0}",4266,4243,4243,4243,4243,4220,4220,4266,4266,64801,0,0,0,0,0,0,0,0,0,746939
TS appendix,2,ok,850000,164608,685392,164558,1,0,46204.9557279,3.56147944322,0.104435757595,0,0,certificate,"{""n_1"": 6289, ""n_10"": 108109, ""n_2"": 6270, ""n_3"": 6270, ""n_4"": 6270, ""n_5"": 6270, ""n_6"": 6251, ""n_7"": 6251, ""n_8"": 6289, ""n_9"": 6289}","{""N_on_1"": 0, ""N_on_10"": 685392, ""N_on_2"": 0, ""N_on_3"": 0, ""N_on_4"": 0, ""N_on_5"": 0, ""N_on_6"": 0, ""N_on_7"": 0, ""N_on_8"": 0, ""N_on_9"": 0}",6289,6270,6270,6270,6270,6251,6251,6289,6289,108109,0,0,0,0,0,0,0,0,0,685392
TS direct,2,ok,850000,146192,703808,146142,1,0,46204.9557279,3.16290747816,0.110300000078,0,0,certificate,"{""n_1"": 5641, ""n_10"": 95517, ""n_2"": 5623, ""n_3"": 5623, ""n_4"": 5623, ""n_5"": 5623, ""n_6"": 5605, ""n_7"": 5605, ""n_8"": 5641, ""n_9"": 5641}","{""N_on_1"": 0, ""N_on_10"": 703808, ""N_on_2"": 0, ""N_on_3"": 0, ""N_on_4"": 0, ""N_on_5"": 0, ""N_on_6"": 0, ""N_on_7"": 0, ""N_on_8"": 0, ""N_on_9"": 0}",5641,5623,5623,5623,5623,5605,5605,5641,5641,95517,0,0,0,0,0,0,0,0,0,703808
UCB clean,2,ok,850000,50,849950,0,4.11788928761e-05,849915,46204.9557279,0,,,,clean_no_attack,"{""n_1"": 0, ""n_10"": 0, ""n_2"": 0, ""n_3"": 0, ""n_4"": 0, ""n_5"": 0, ""n_6"": 0, ""n_7"": 0, ""n_8"": 0, ""n_9"": 0}","{""N_on_1"": 764993, ""N_on_10"": 35, ""N_on_2"": 37152, ""N_on_3"": 16709, ""N_on_4"": 14635, ""N_on_5"": 9967, ""N_on_6"": 2617, ""N_on_7"": 1730, ""N_on_8"": 1650, ""N_on_9"": 462}",0,0,0,0,0,0,0,0,0,0,764993,37152,16709,14635,9967,2617,1730,1650,462,35
TS clean,2,ok,850000,50,849950,0,2.70604153185e-05,849927,46204.9557279,0,,,,clean_no_attack,"{""n_1"": 0, ""n_10"": 0, ""n_2"": 0, ""n_3"": 0, ""n_4"": 0, ""n_5"": 0, ""n_6"": 0, ""n_7"": 0, ""n_8"": 0, ""n_9"": 0}","{""N_on_1"": 820915, ""N_on_10"": 23, ""N_on_2"": 9903, ""N_on_3"": 6144, ""N_on_4"": 6107, ""N_on_5"": 3685, ""N_on_6"": 1506, ""N_on_7"": 759, ""N_on_8"": 628, ""N_on_9"": 280}",0,0,0,0,0,0,0,0,0,0,820915,9903,6144,6107,3685,1506,759,628,280,23
UCB appendix,2,ok,1000000,125017,874983,124967,1,0,51695.8459325,2.41735090598,0.0730350137924,0,0,certificate,"{""n_1"": 5153, ""n_10"": 78790, ""n_2"": 5128, ""n_3"": 5128, ""n_4"": 5128, ""n_5"": 5128, ""n_6"": 5103, ""n_7"": 5103, ""n_8"": 5153, ""n_9"": 5153}","{""N_on_1"": 0, ""N_on_10"": 874983, ""N_on_2"": 0, ""N_on_3"": 0, ""N_on_4"": 0, ""N_on_5"": 0, ""N_on_6"": 0, ""N_on_7"": 0, ""N_on_8"": 0, ""N_on_9"": 0}",5153,5128,5128,5128,5128,5103,5103,5153,5153,78790,0,0,0,0,0,0,0,0,0,874983
UCB direct,2,ok,1000000,115570,884430,115520,1,0,51695.8459325,2.23460895003,0.0816440329138,0,0,certificate,"{""n_1"": 4781, ""n_10"": 72689, ""n_2"": 4756, ""n_3"": 4756, ""n_4"": 4756, ""n_5"": 4756, ""n_6"": 4732, ""n_7"": 4732, ""n_8"": 4781, ""n_9"": 4781}","{""N_on_1"": 0, ""N_on_10"": 884430, ""N_on_2"": 0, ""N_on_3"": 0, ""N_on_4"": 0, ""N_on_5"": 0, ""N_on_6"": 0, ""N_on_7"": 0, ""N_on_8"": 0, ""N_on_9"": 0}",4781,4756,4756,4756,4756,4732,4732,4781,4781,72689,0,0,0,0,0,0,0,0,0,884430
TS appendix,2,ok,1000000,182997,817003,182947,1,0,51695.8459325,3.53891104208,0.099624088178,0,0,certificate,"{""n_1"": 6972, ""n_10"": 120359, ""n_2"": 6952, ""n_3"": 6952, ""n_4"": 6952, ""n_5"": 6952, ""n_6"": 6932, ""n_7"": 6932, ""n_8"": 6972, ""n_9"": 6972}","{""N_on_1"": 0, ""N_on_10"": 817003, ""N_on_2"": 0, ""N_on_3"": 0, ""N_on_4"": 0, ""N_on_5"": 0, ""N_on_6"": 0, ""N_on_7"": 0, ""N_on_8"": 0, ""N_on_9"": 0}",6972,6952,6952,6952,6952,6932,6932,6972,6972,120359,0,0,0,0,0,0,0,0,0,817003
TS direct,2,ok,1000000,163516,836484,163466,1,0,51695.8459325,3.16207225264,0.105200000079,0,0,certificate,"{""n_1"": 6256, ""n_10"": 107314, ""n_2"": 6237, ""n_3"": 6237, ""n_4"": 6237, ""n_5"": 6237, ""n_6"": 6218, ""n_7"": 6218, ""n_8"": 6256, ""n_9"": 6256}","{""N_on_1"": 0, ""N_on_10"": 836484, ""N_on_2"": 0, ""N_on_3"": 0, ""N_on_4"": 0, ""N_on_5"": 0, ""N_on_6"": 0, ""N_on_7"": 0, ""N_on_8"": 0, ""N_on_9"": 0}",6256,6237,6237,6237,6237,6218,6218,6256,6256,107314,0,0,0,0,0,0,0,0,0,836484
UCB clean,2,ok,1000000,50,999950,0,3.50017500875e-05,999915,51695.8459325,0,,,,clean_no_attack,"{""n_1"": 0, ""n_10"": 0, ""n_2"": 0, ""n_3"": 0, ""n_4"": 0, ""n_5"": 0, ""n_6"": 0, ""n_7"": 0, ""n_8"": 0, ""n_9"": 0}","{""N_on_1"": 912446, ""N_on_10"": 35, ""N_on_2"": 38087, ""N_on_3"": 17256, ""N_on_4"": 14939, ""N_on_5"": 10600, ""N_on_6"": 2669, ""N_on_7"": 1773, ""N_on_8"": 1680, ""N_on_9"": 465}",0,0,0,0,0,0,0,0,0,0,912446,38087,17256,14939,10600,2669,1773,1680,465,35
TS clean,2,ok,1000000,50,999950,0,2.30011500575e-05,999927,51695.8459325,0,,,,clean_no_attack,"{""n_1"": 0, ""n_10"": 0, ""n_2"": 0, ""n_3"": 0, ""n_4"": 0, ""n_5"": 0, ""n_6"": 0, ""n_7"": 0, ""n_8"": 0, ""n_9"": 0}","{""N_on_1"": 969880, ""N_on_10"": 23, ""N_on_2"": 10201, ""N_on_3"": 6582, ""N_on_4"": 6222, ""N_on_5"": 3812, ""N_on_6"": 1528, ""N_on_7"": 776, ""N_on_8"": 642, ""N_on_9"": 284}",0,0,0,0,0,0,0,0,0,0,969880,10201,6582,6222,3812,1528,776,642,284,23
UCB appendix,3,ok,100000,26280,73720,26230,1,0,10480.8192431,2.50266695681,0.136510565097,0,0,certificate,"{""n_1"": 1173, ""n_10"": 15810, ""n_2"": 1161, ""n_3"": 1173, ""n_4"": 1148, ""n_5"": 1161, ""n_6"": 1122, ""n_7"": 1148, ""n_8"": 1173, ""n_9"": 1161}","{""N_on_1"": 0, ""N_on_10"": 73720, ""N_on_2"": 0, ""N_on_3"": 0, ""N_on_4"": 0, ""N_on_5"": 0, ""N_on_6"": 0, ""N_on_7"": 0, ""N_on_8"": 0, ""N_on_9"": 0}",1173,1161,1173,1148,1161,1122,1148,1173,1161,15810,0,0,0,0,0,0,0,0,0,73720
UCB direct,3,ok,100000,22461,77539,22411,1,0,10480.8192431,2.13828704419,0.163121027506,0,0,certificate,"{""n_1"": 1029, ""n_10"": 13282, ""n_2"": 1017, ""n_3"": 1029, ""n_4"": 1005, ""n_5"": 1017, ""n_6"": 981, ""n_7"": 1005, ""n_8"": 1029, ""n_9"": 1017}","{""N_on_1"": 0, ""N_on_10"": 77539, ""N_on_2"": 0, ""N_on_3"": 0, ""N_on_4"": 0, ""N_on_5"": 0, ""N_on_6"": 0, ""N_on_7"": 0, ""N_on_8"": 0, ""N_on_9"": 0}",1029,1017,1029,1005,1017,981,1005,1029,1017,13282,0,0,0,0,0,0,0,0,0,77539
TS appendix,3,ok,100000,41927,58073,41877,1,0,10480.8192431,3.99558460352,0.189338355091,0,0,certificate,"{""n_1"": 1696, ""n_10"": 26730, ""n_2"": 1685, ""n_3"": 1696, ""n_4"": 1675, ""n_5"": 1685, ""n_6"": 1654, ""n_7"": 1675, ""n_8"": 1696, ""n_9"": 1685}","{""N_on_1"": 0, ""N_on_10"": 58073, ""N_on_2"": 0, ""N_on_3"": 0, ""N_on_4"": 0, ""N_on_5"": 0, ""N_on_6"": 0, ""N_on_7"": 0, ""N_on_8"": 0, ""N_on_9"": 0}",1696,1685,1696,1675,1685,1654,1675,1696,1685,26730,0,0,0,0,0,0,0,0,0,58073
TS direct,3,ok,100000,33051,66949,33001,1,0,10480.8192431,3.14870424101,0.212500000057,0,0,certificate,"{""n_1"": 1349, ""n_10"": 20960, ""n_2"": 1340, ""n_3"": 1349, ""n_4"": 1331, ""n_5"": 1340, ""n_6"": 1312, ""n_7"": 1331, ""n_8"": 1349, ""n_9"": 1340}","{""N_on_1"": 0, ""N_on_10"": 66949, ""N_on_2"": 0, ""N_on_3"": 0, ""N_on_4"": 0, ""N_on_5"": 0, ""N_on_6"": 0, ""N_on_7"": 0, ""N_on_8"": 0, ""N_on_9"": 0}",1349,1340,1349,1331,1340,1312,1331,1349,1340,20960,0,0,0,0,0,0,0,0,0,66949
UCB clean,3,ok,100000,50,99950,0,0.000300150075038,99920,10480.8192431,0,,,,clean_no_attack,"{""n_1"": 0, ""n_10"": 0, ""n_2"": 0, ""n_3"": 0, ""n_4"": 0, ""n_5"": 0, ""n_6"": 0, ""n_7"": 0, ""n_8"": 0, ""n_9"": 0}","{""N_on_1"": 62611, ""N_on_10"": 30, ""N_on_2"": 14921, ""N_on_3"": 6845, ""N_on_4"": 7538, ""N_on_5"": 4569, ""N_on_6"": 1098, ""N_on_7"": 1004, ""N_on_8"": 947, ""N_on_9"": 387}",0,0,0,0,0,0,0,0,0,0,62611,14921,6845,7538,4569,1098,1004,947,387,30
TS clean,3,ok,100000,50,99950,0,0.000150075037519,99935,10480.8192431,0,,,,clean_no_attack,"{""n_1"": 0, ""n_10"": 0, ""n_2"": 0, ""n_3"": 0, ""n_4"": 0, ""n_5"": 0, ""n_6"": 0, ""n_7"": 0, ""n_8"": 0, ""n_9"": 0}","{""N_on_1"": 83978, ""N_on_10"": 15, ""N_on_2"": 5903, ""N_on_3"": 2968, ""N_on_4"": 2365, ""N_on_5"": 2977, ""N_on_6"": 489, ""N_on_7"": 503, ""N_on_8"": 520, ""N_on_9"": 232}",0,0,0,0,0,0,0,0,0,0,83978,5903,2968,2365,2977,489,503,520,232,15
UCB appendix,3,ok,250000,48753,201247,48703,1,0,19804.9881347,2.45912795649,0.107128559269,0,0,certificate,"{""n_1"": 2099, ""n_10"": 29996, ""n_2"": 2082, ""n_3"": 2099, ""n_4"": 2066, ""n_5"": 2082, ""n_6"": 2032, ""n_7"": 2066, ""n_8"": 2099, ""n_9"": 2082}","{""N_on_1"": 0, ""N_on_10"": 201247, ""N_on_2"": 0, ""N_on_3"": 0, ""N_on_4"": 0, ""N_on_5"": 0, ""N_on_6"": 0, ""N_on_7"": 0, ""N_on_8"": 0, ""N_on_9"": 0}",2099,2082,2099,2066,2082,2032,2066,2099,2082,29996,0,0,0,0,0,0,0,0,0,201247
UCB direct,3,ok,250000,43269,206731,43219,1,0,19804.9881347,2.18222801782,0.124099016545,0,0,certificate,"{""n_1"": 1891, ""n_10"": 26376, ""n_2"": 1875, ""n_3"": 1891, ""n_4"": 1859, ""n_5"": 1875, ""n_6"": 1827, ""n_7"": 1859, ""n_8"": 1891, ""n_9"": 1875}","{""N_on_1"": 0, ""N_on_10"": 206731, ""N_on_2"": 0, ""N_on_3"": 0, ""N_on_4"": 0, ""N_on_5"": 0, ""N_on_6"": 0, ""N_on_7"": 0, ""N_on_8"": 0, ""N_on_9"": 0}",1891,1875,1891,1859,1875,1827,1859,1891,1875,26376,0,0,0,0,0,0,0,0,0,206731
TS appendix,3,ok,250000,74743,175257,74693,1,0,19804.9881347,3.77142361773,0.147730506828,0,0,certificate,"{""n_1"": 2937, ""n_10"": 48410, ""n_2"": 2923, ""n_3"": 2937, ""n_4"": 2910, ""n_5"": 2923, ""n_6"": 2883, ""n_7"": 2910, ""n_8"": 2937, ""n_9"": 2923}","{""N_on_1"": 0, ""N_on_10"": 175257, ""N_on_2"": 0, ""N_on_3"": 0, ""N_on_4"": 0, ""N_on_5"": 0, ""N_on_6"": 0, ""N_on_7"": 0, ""N_on_8"": 0, ""N_on_9"": 0}",2937,2923,2937,2910,2923,2883,2910,2937,2923,48410,0,0,0,0,0,0,0,0,0,175257
TS direct,3,ok,250000,62653,187347,62603,1,0,19804.9881347,3.16097134592,0.160850000068,0,0,certificate,"{""n_1"": 2480, ""n_10"": 40416, ""n_2"": 2468, ""n_3"": 2480, ""n_4"": 2456, ""n_5"": 2468, ""n_6"": 2431, ""n_7"": 2456, ""n_8"": 2480, ""n_9"": 2468}","{""N_on_1"": 0, ""N_on_10"": 187347, ""N_on_2"": 0, ""N_on_3"": 0, ""N_on_4"": 0, ""N_on_5"": 0, ""N_on_6"": 0, ""N_on_7"": 0, ""N_on_8"": 0, ""N_on_9"": 0}",2480,2468,2480,2456,2468,2431,2456,2480,2468,40416,0,0,0,0,0,0,0,0,0,187347
UCB clean,3,ok,250000,50,249950,0,0.000132026405281,249917,19804.9881347,0,,,,clean_no_attack,"{""n_1"": 0, ""n_10"": 0, ""n_2"": 0, ""n_3"": 0, ""n_4"": 0, ""n_5"": 0, ""n_6"": 0, ""n_7"": 0, ""n_8"": 0, ""n_9"": 0}","{""N_on_1"": 196097, ""N_on_10"": 33, ""N_on_2"": 21708, ""N_on_3"": 9435, ""N_on_4"": 11832, ""N_on_5"": 6829, ""N_on_6"": 1295, ""N_on_7"": 1139, ""N_on_8"": 1118, ""N_on_9"": 464}",0,0,0,0,0,0,0,0,0,0,196097,21708,9435,11832,6829,1295,1139,1118,464,33
TS clean,3,ok,250000,50,249950,0,7.20144028806e-05,249932,19804.9881347,0,,,,clean_no_attack,"{""n_1"": 0, ""n_10"": 0, ""n_2"": 0, ""n_3"": 0, ""n_4"": 0, ""n_5"": 0, ""n_6"": 0, ""n_7"": 0, ""n_8"": 0, ""n_9"": 0}","{""N_on_1"": 229281, ""N_on_10"": 18, ""N_on_2"": 7352, ""N_on_3"": 3910, ""N_on_4"": 3356, ""N_on_5"": 3879, ""N_on_6"": 649, ""N_on_7"": 584, ""N_on_8"": 651, ""N_on_9"": 270}",0,0,0,0,0,0,0,0,0,0,229281,7352,3910,3356,3879,649,584,651,270,18
UCB appendix,3,ok,400000,67030,332970,66980,1,0,27430.1264007,2.44184073459,0.0942625037575,0,0,certificate,"{""n_1"": 2840, ""n_10"": 41630, ""n_2"": 2821, ""n_3"": 2840, ""n_4"": 2802, ""n_5"": 2821, ""n_6"": 2763, ""n_7"": 2802, ""n_8"": 2840, ""n_9"": 2821}","{""N_on_1"": 0, ""N_on_10"": 332970, ""N_on_2"": 0, ""N_on_3"": 0, ""N_on_4"": 0, ""N_on_5"": 0, ""N_on_6"": 0, ""N_on_7"": 0, ""N_on_8"": 0, ""N_on_9"": 0}",2840,2821,2840,2802,2821,2763,2802,2840,2821,41630,0,0,0,0,0,0,0,0,0,332970
UCB direct,3,ok,400000,60434,339566,60384,1,0,27430.1264007,2.20137520032,0.10782720702,0,0,certificate,"{""n_1"": 2584, ""n_10"": 37333, ""n_2"": 2565, ""n_3"": 2584, ""n_4"": 2547, ""n_5"": 2565, ""n_6"": 2510, ""n_7"": 2547, ""n_8"": 2584, ""n_9"": 2565}","{""N_on_1"": 0, ""N_on_10"": 339566, ""N_on_2"": 0, ""N_on_3"": 0, ""N_on_4"": 0, ""N_on_5"": 0, ""N_on_6"": 0, ""N_on_7"": 0, ""N_on_8"": 0, ""N_on_9"": 0}",2584,2565,2584,2547,2565,2510,2547,2584,2565,37333,0,0,0,0,0,0,0,0,0,339566
TS appendix,3,ok,400000,101004,298996,100954,1,0,27430.1264007,3.6804059349,0.129538311705,0,0,certificate,"{""n_1"": 3922, ""n_10"": 65828, ""n_2"": 3906, ""n_3"": 3922, ""n_4"": 3891, ""n_5"": 3906, ""n_6"": 3860, ""n_7"": 3891, ""n_8"": 3922, ""n_9"": 3906}","{""N_on_1"": 0, ""N_on_10"": 298996, ""N_on_2"": 0, ""N_on_3"": 0, ""N_on_4"": 0, ""N_on_5"": 0, ""N_on_6"": 0, ""N_on_7"": 0, ""N_on_8"": 0, ""N_on_9"": 0}",3922,3906,3922,3891,3906,3860,3891,3922,3906,65828,0,0,0,0,0,0,0,0,0,298996
TS direct,3,ok,400000,86810,313190,86760,1,0,27430.1264007,3.16294568726,0.139100000072,0,0,certificate,"{""n_1"": 3404, ""n_10"": 56279, ""n_2"": 3390, ""n_3"": 3404, ""n_4"": 3376, ""n_5"": 3390, ""n_6"": 3347, ""n_7"": 3376, ""n_8"": 3404, ""n_9"": 3390}","{""N_on_1"": 0, ""N_on_10"": 313190, ""N_on_2"": 0, ""N_on_3"": 0, ""N_on_4"": 0, ""N_on_5"": 0, ""N_on_6"": 0, ""N_on_7"": 0, ""N_on_8"": 0, ""N_on_9"": 0}",3404,3390,3404,3376,3390,3347,3376,3404,3390,56279,0,0,0,0,0,0,0,0,0,313190
UCB clean,3,ok,400000,50,399950,0,8.75109388674e-05,399915,27430.1264007,0,,,,clean_no_attack,"{""n_1"": 0, ""n_10"": 0, ""n_2"": 0, ""n_3"": 0, ""n_4"": 0, ""n_5"": 0, ""n_6"": 0, ""n_7"": 0, ""n_8"": 0, ""n_9"": 0}","{""N_on_1"": 339427, ""N_on_10"": 35, ""N_on_2"": 24304, ""N_on_3"": 10657, ""N_on_4"": 13311, ""N_on_5"": 7816, ""N_on_6"": 1573, ""N_on_7"": 1217, ""N_on_8"": 1134, ""N_on_9"": 476}",0,0,0,0,0,0,0,0,0,0,339427,24304,10657,13311,7816,1573,1217,1134,476,35
TS clean,3,ok,400000,50,399950,0,4.75059382423e-05,399931,27430.1264007,0,,,,clean_no_attack,"{""n_1"": 0, ""n_10"": 0, ""n_2"": 0, ""n_3"": 0, ""n_4"": 0, ""n_5"": 0, ""n_6"": 0, ""n_7"": 0, ""n_8"": 0, ""n_9"": 0}","{""N_on_1"": 375892, ""N_on_10"": 19, ""N_on_2"": 8788, ""N_on_3"": 4505, ""N_on_4"": 4052, ""N_on_5"": 4292, ""N_on_6"": 772, ""N_on_7"": 647, ""N_on_8"": 701, ""N_on_9"": 282}",0,0,0,0,0,0,0,0,0,0,375892,8788,4505,4052,4292,772,647,701,282,19
UCB appendix,3,ok,550000,83204,466796,83154,1,0,34194.8051657,2.43177288472,0.0863283262193,0,0,certificate,"{""n_1"": 3491, ""n_10"": 51967, ""n_2"": 3470, ""n_3"": 3491, ""n_4"": 3449, ""n_5"": 3470, ""n_6"": 3406, ""n_7"": 3449, ""n_8"": 3491, ""n_9"": 3470}","{""N_on_1"": 0, ""N_on_10"": 466796, ""N_on_2"": 0, ""N_on_3"": 0, ""N_on_4"": 0, ""N_on_5"": 0, ""N_on_6"": 0, ""N_on_7"": 0, ""N_on_8"": 0, ""N_on_9"": 0}",3491,3470,3491,3449,3470,3406,3449,3491,3470,51967,0,0,0,0,0,0,0,0,0,466796
UCB direct,3,ok,550000,75730,474270,75680,1,0,34194.8051657,2.21320167298,0.0978604431655,0,0,certificate,"{""n_1"": 3202, ""n_10"": 47083, ""n_2"": 3182, ""n_3"": 3202, ""n_4"": 3162, ""n_5"": 3182, ""n_6"": 3121, ""n_7"": 3162, ""n_8"": 3202, ""n_9"": 3182}","{""N_on_1"": 0, ""N_on_10"": 474270, ""N_on_2"": 0, ""N_on_3"": 0, ""N_on_4"": 0, ""N_on_5"": 0, ""N_on_6"": 0, ""N_on_7"": 0, ""N_on_8"": 0, ""N_on_9"": 0}",3202,3182,3202,3162,3182,3121,3162,3202,3182,47083,0,0,0,0,0,0,0,0,0,474270
TS appendix,3,ok,550000,124047,425953,123997,1,0,34194.8051657,3.62619407829,0.118341769396,0,0,certificate,"{""n_1"": 4783, ""n_10"": 81137, ""n_2"": 4766, ""n_3"": 4783, ""n_4"": 4749, ""n_5"": 4766, ""n_6"": 4715, ""n_7"": 4749, ""n_8"": 4783, ""n_9"": 4766}","{""N_on_1"": 0, ""N_on_10"": 425953, ""N_on_2"": 0, ""N_on_3"": 0, ""N_on_4"": 0, ""N_on_5"": 0, ""N_on_6"": 0, ""N_on_7"": 0, ""N_on_8"": 0, ""N_on_9"": 0}",4783,4766,4783,4749,4766,4715,4749,4783,4766,81137,0,0,0,0,0,0,0,0,0,425953
TS direct,3,ok,550000,108209,441791,108159,1,0,34194.8051657,3.16302430957,0.126500000075,0,0,certificate,"{""n_1"": 4189, ""n_10"": 70631, ""n_2"": 4173, ""n_3"": 4189, ""n_4"": 4158, ""n_5"": 4173, ""n_6"": 4126, ""n_7"": 4158, ""n_8"": 4189, ""n_9"": 4173}","{""N_on_1"": 0, ""N_on_10"": 441791, ""N_on_2"": 0, ""N_on_3"": 0, ""N_on_4"": 0, ""N_on_5"": 0, ""N_on_6"": 0, ""N_on_7"": 0, ""N_on_8"": 0, ""N_on_9"": 0}",4189,4173,4189,4158,4173,4126,4158,4189,4173,70631,0,0,0,0,0,0,0,0,0,441791
UCB clean,3,ok,550000,50,549950,0,6.54604964088e-05,549914,34194.8051657,0,,,,clean_no_attack,"{""n_1"": 0, ""n_10"": 0, ""n_2"": 0, ""n_3"": 0, ""n_4"": 0, ""n_5"": 0, ""n_6"": 0, ""n_7"": 0, ""n_8"": 0, ""n_9"": 0}","{""N_on_1"": 483859, ""N_on_10"": 36, ""N_on_2"": 27632, ""N_on_3"": 11117, ""N_on_4"": 13844, ""N_on_5"": 8935, ""N_on_6"": 1631, ""N_on_7"": 1234, ""N_on_8"": 1162, ""N_on_9"": 500}",0,0,0,0,0,0,0,0,0,0,483859,27632,11117,13844,8935,1631,1234,1162,500,36
TS clean,3,ok,550000,50,549950,0,3.63669424493e-05,549930,34194.8051657,0,,,,clean_no_attack,"{""n_1"": 0, ""n_10"": 0, ""n_2"": 0, ""n_3"": 0, ""n_4"": 0, ""n_5"": 0, ""n_6"": 0, ""n_7"": 0, ""n_8"": 0, ""n_9"": 0}","{""N_on_1"": 523048, ""N_on_10"": 20, ""N_on_2"": 10123, ""N_on_3"": 4955, ""N_on_4"": 4666, ""N_on_5"": 4525, ""N_on_6"": 891, ""N_on_7"": 705, ""N_on_8"": 730, ""N_on_9"": 287}",0,0,0,0,0,0,0,0,0,0,523048,10123,4955,4666,4525,891,705,730,287,20
UCB appendix,3,ok,700000,98020,601980,97970,1,0,40401.8442017,2.42488930731,0.0807175630791,0,0,certificate,"{""n_1"": 4084, ""n_10"": 61464, ""n_2"": 4061, ""n_3"": 4084, ""n_4"": 4039, ""n_5"": 4061, ""n_6"": 3993, ""n_7"": 4039, ""n_8"": 4084, ""n_9"": 4061}","{""N_on_1"": 0, ""N_on_10"": 601980, ""N_on_2"": 0, ""N_on_3"": 0, ""N_on_4"": 0, ""N_on_5"": 0, ""N_on_6"": 0, ""N_on_7"": 0, ""N_on_8"": 0, ""N_on_9"": 0}",4084,4061,4084,4039,4061,3993,4039,4084,4061,61464,0,0,0,0,0,0,0,0,0,601980
UCB direct,3,ok,700000,89808,610192,89758,1,0,40401.8442017,2.22163125901,0.0911344742833,0,0,certificate,"{""n_1"": 3750, ""n_10"": 56244, ""n_2"": 3729, ""n_3"": 3750, ""n_4"": 3707, ""n_5"": 3729, ""n_6"": 3663, ""n_7"": 3707, ""n_8"": 3750, ""n_9"": 3729}","{""N_on_1"": 0, ""N_on_10"": 610192, ""N_on_2"": 0, ""N_on_3"": 0, ""N_on_4"": 0, ""N_on_5"": 0, ""N_on_6"": 0, ""N_on_7"": 0, ""N_on_8"": 0, ""N_on_9"": 0}",3750,3729,3750,3707,3729,3663,3707,3750,3729,56244,0,0,0,0,0,0,0,0,0,610192
TS appendix,3,ok,700000,145035,554965,144985,1,0,40401.8442017,3.58857381055,0.110437835182,0,0,certificate,"{""n_1"": 5565, ""n_10"": 95098, ""n_2"": 5547, ""n_3"": 5565, ""n_4"": 5529, ""n_5"": 5547, ""n_6"": 5493, ""n_7"": 5529, ""n_8"": 5565, ""n_9"": 5547}","{""N_on_1"": 0, ""N_on_10"": 554965, ""N_on_2"": 0, ""N_on_3"": 0, ""N_on_4"": 0, ""N_on_5"": 0, ""N_on_6"": 0, ""N_on_7"": 0, ""N_on_8"": 0, ""N_on_9"": 0}",5565,5547,5565,5529,5547,5493,5529,5565,5547,95098,0,0,0,0,0,0,0,0,0,554965
TS direct,3,ok,700000,127822,572178,127772,1,0,40401.8442017,3.16252890245,0.117300000077,0,0,certificate,"{""n_1"": 4936, ""n_10"": 83535, ""n_2"": 4919, ""n_3"": 4936, ""n_4"": 4902, ""n_5"": 4919, ""n_6"": 4868, ""n_7"": 4902, ""n_8"": 4936, ""n_9"": 4919}","{""N_on_1"": 0, ""N_on_10"": 572178, ""N_on_2"": 0, ""N_on_3"": 0, ""N_on_4"": 0, ""N_on_5"": 0, ""N_on_6"": 0, ""N_on_7"": 0, ""N_on_8"": 0, ""N_on_9"": 0}",4936,4919,4936,4902,4919,4868,4902,4936,4919,83535,0,0,0,0,0,0,0,0,0,572178
UCB clean,3,ok,700000,50,699950,0,5.14322451604e-05,699914,40401.8442017,0,,,,clean_no_attack,"{""n_1"": 0, ""n_10"": 0, ""n_2"": 0, ""n_3"": 0, ""n_4"": 0, ""n_5"": 0, ""n_6"": 0, ""n_7"": 0, ""n_8"": 0, ""n_9"": 0}","{""N_on_1"": 628747, ""N_on_10"": 36, ""N_on_2"": 30770, ""N_on_3"": 11729, ""N_on_4"": 14828, ""N_on_5"": 9217, ""N_on_6"": 1650, ""N_on_7"": 1246, ""N_on_8"": 1220, ""N_on_9"": 507}",0,0,0,0,0,0,0,0,0,0,628747,30770,11729,14828,9217,1650,1246,1220,507,36
TS clean,3,ok,700000,50,699950,0,2.85734695335e-05,699930,40401.8442017,0,,,,clean_no_attack,"{""n_1"": 0, ""n_10"": 0, ""n_2"": 0, ""n_3"": 0, ""n_4"": 0, ""n_5"": 0, ""n_6"": 0, ""n_7"": 0, ""n_8"": 0, ""n_9"": 0}","{""N_on_1"": 671002, ""N_on_10"": 20, ""N_on_2"": 10880, ""N_on_3"": 5345, ""N_on_4"": 5210, ""N_on_5"": 4684, ""N_on_6"": 985, ""N_on_7"": 784, ""N_on_8"": 744, ""N_on_9"": 296}",0,0,0,0,0,0,0,0,0,0,671002,10880,5345,5210,4684,985,784,744,296,20
UCB appendix,3,ok,850000,111861,738139,111811,1,0,46204.9557279,2.419891941,0.0764385951739,0,0,certificate,"{""n_1"": 4636, ""n_10"": 70351, ""n_2"": 4612, ""n_3"": 4636, ""n_4"": 4588, ""n_5"": 4612, ""n_6"": 4540, ""n_7"": 4588, ""n_8"": 4636, ""n_9"": 4612}","{""N_on_1"": 0, ""N_on_10"": 738139, ""N_on_2"": 0, ""N_on_3"": 0, ""N_on_4"": 0, ""N_on_5"": 0, ""N_on_6"": 0, ""N_on_7"": 0, ""N_on_8"": 0, ""N_on_9"": 0}",4636,4612,4636,4588,4612,4540,4588,4636,4612,70351,0,0,0,0,0,0,0,0,0,738139
UCB direct,3,ok,850000,102998,747002,102948,1,0,46204.9557279,2.22807269,0.0859804571092,0,0,certificate,"{""n_1"": 4266, ""n_10"": 64807, ""n_2"": 4243, ""n_3"": 4266, ""n_4"": 4220, ""n_5"": 4243, ""n_6"": 4174, ""n_7"": 4220, ""n_8"": 4266, ""n_9"": 4243}","{""N_on_1"": 0, ""N_on_10"": 747002, ""N_on_2"": 0, ""N_on_3"": 0, ""N_on_4"": 0, ""N_on_5"": 0, ""N_on_6"": 0, ""N_on_7"": 0, ""N_on_8"": 0, ""N_on_9"": 0}",4266,4243,4266,4220,4243,4174,4220,4266,4243,64807,0,0,0,0,0,0,0,0,0,747002
TS appendix,3,ok,850000,164551,685449,164501,1,0,46204.9557279,3.56024580932,0.104419199582,0,0,certificate,"{""n_1"": 6291, ""n_10"": 108091, ""n_2"": 6272, ""n_3"": 6291, ""n_4"": 6253, ""n_5"": 6272, ""n_6"": 6215, ""n_7"": 6253, ""n_8"": 6291, ""n_9"": 6272}","{""N_on_1"": 0, ""N_on_10"": 685449, ""N_on_2"": 0, ""N_on_3"": 0, ""N_on_4"": 0, ""N_on_5"": 0, ""N_on_6"": 0, ""N_on_7"": 0, ""N_on_8"": 0, ""N_on_9"": 0}",6291,6272,6291,6253,6272,6215,6253,6291,6272,108091,0,0,0,0,0,0,0,0,0,685449
TS direct,3,ok,850000,146144,703856,146094,1,0,46204.9557279,3.16186862856,0.110300000078,0,0,certificate,"{""n_1"": 5641, ""n_10"": 95523, ""n_2"": 5623, ""n_3"": 5641, ""n_4"": 5605, ""n_5"": 5623, ""n_6"": 5569, ""n_7"": 5605, ""n_8"": 5641, ""n_9"": 5623}","{""N_on_1"": 0, ""N_on_10"": 703856, ""N_on_2"": 0, ""N_on_3"": 0, ""N_on_4"": 0, ""N_on_5"": 0, ""N_on_6"": 0, ""N_on_7"": 0, ""N_on_8"": 0, ""N_on_9"": 0}",5641,5623,5641,5605,5623,5569,5605,5641,5623,95523,0,0,0,0,0,0,0,0,0,703856
UCB clean,3,ok,850000,50,849950,0,4.3531972469e-05,849913,46204.9557279,0,,,,clean_no_attack,"{""n_1"": 0, ""n_10"": 0, ""n_2"": 0, ""n_3"": 0, ""n_4"": 0, ""n_5"": 0, ""n_6"": 0, ""n_7"": 0, ""n_8"": 0, ""n_9"": 0}","{""N_on_1"": 773860, ""N_on_10"": 37, ""N_on_2"": 34448, ""N_on_3"": 12036, ""N_on_4"": 15351, ""N_on_5"": 9461, ""N_on_6"": 1693, ""N_on_7"": 1306, ""N_on_8"": 1245, ""N_on_9"": 513}",0,0,0,0,0,0,0,0,0,0,773860,34448,12036,15351,9461,1693,1306,1245,513,37
TS clean,3,ok,850000,50,849950,0,2.35307959292e-05,849930,46204.9557279,0,,,,clean_no_attack,"{""n_1"": 0, ""n_10"": 0, ""n_2"": 0, ""n_3"": 0, ""n_4"": 0, ""n_5"": 0, ""n_6"": 0, ""n_7"": 0, ""n_8"": 0, ""n_9"": 0}","{""N_on_1"": 819286, ""N_on_10"": 20, ""N_on_2"": 11596, ""N_on_3"": 5596, ""N_on_4"": 5693, ""N_on_5"": 4833, ""N_on_6"": 1044, ""N_on_7"": 815, ""N_on_8"": 766, ""N_on_9"": 301}",0,0,0,0,0,0,0,0,0,0,819286,11596,5596,5693,4833,1044,815,766,301,20
UCB appendix,3,ok,1000000,124942,875058,124892,1,0,51695.8459325,2.41590011242,0.0730142566425,0,0,certificate,"{""n_1"": 5156, ""n_10"": 78766, ""n_2"": 5131, ""n_3"": 5156, ""n_4"": 5105, ""n_5"": 5131, ""n_6"": 5055, ""n_7"": 5105, ""n_8"": 5156, ""n_9"": 5131}","{""N_on_1"": 0, ""N_on_10"": 875058, ""N_on_2"": 0, ""N_on_3"": 0, ""N_on_4"": 0, ""N_on_5"": 0, ""N_on_6"": 0, ""N_on_7"": 0, ""N_on_8"": 0, ""N_on_9"": 0}",5156,5131,5156,5105,5131,5055,5105,5156,5131,78766,0,0,0,0,0,0,0,0,0,875058
UCB direct,3,ok,1000000,115503,884497,115453,1,0,51695.8459325,2.23331290779,0.081375761174,0,0,certificate,"{""n_1"": 4812, ""n_10"": 72416, ""n_2"": 4787, ""n_3"": 4812, ""n_4"": 4763, ""n_5"": 4787, ""n_6"": 4714, ""n_7"": 4763, ""n_8"": 4812, ""n_9"": 4787}","{""N_on_1"": 0, ""N_on_10"": 884497, ""N_on_2"": 0, ""N_on_3"": 0, ""N_on_4"": 0, ""N_on_5"": 0, ""N_on_6"": 0, ""N_on_7"": 0, ""N_on_8"": 0, ""N_on_9"": 0}",4812,4787,4812,4763,4787,4714,4763,4812,4787,72416,0,0,0,0,0,0,0,0,0,884497
TS appendix,3,ok,1000000,182936,817064,182886,1,0,51695.8459325,3.53773106332,0.0996091058887,0,0,certificate,"{""n_1"": 6974, ""n_10"": 120340, ""n_2"": 6954, ""n_3"": 6974, ""n_4"": 6934, ""n_5"": 6954, ""n_6"": 6894, ""n_7"": 6934, ""n_8"": 6974, ""n_9"": 6954}","{""N_on_1"": 0, ""N_on_10"": 817064, ""N_on_2"": 0, ""N_on_3"": 0, ""N_on_4"": 0, ""N_on_5"": 0, ""N_on_6"": 0, ""N_on_7"": 0, ""N_on_8"": 0, ""N_on_9"": 0}",6974,6954,6974,6934,6954,6894,6934,6974,6954,120340,0,0,0,0,0,0,0,0,0,817064
TS direct,3,ok,1000000,163466,836534,163416,1,0,51695.8459325,3.16110505694,0.105150000079,0,0,certificate,"{""n_1"": 6262, ""n_10"": 107267, ""n_2"": 6243, ""n_3"": 6262, ""n_4"": 6224, ""n_5"": 6243, ""n_6"": 6186, ""n_7"": 6224, ""n_8"": 6262, ""n_9"": 6243}","{""N_on_1"": 0, ""N_on_10"": 836534, ""N_on_2"": 0, ""N_on_3"": 0, ""N_on_4"": 0, ""N_on_5"": 0, ""N_on_6"": 0, ""N_on_7"": 0, ""N_on_8"": 0, ""N_on_9"": 0}",6262,6243,6262,6224,6243,6186,6224,6262,6243,107267,0,0,0,0,0,0,0,0,0,836534
UCB clean,3,ok,1000000,50,999950,0,3.8001900095e-05,999912,51695.8459325,0,,,,clean_no_attack,"{""n_1"": 0, ""n_10"": 0, ""n_2"": 0, ""n_3"": 0, ""n_4"": 0, ""n_5"": 0, ""n_6"": 0, ""n_7"": 0, ""n_8"": 0, ""n_9"": 0}","{""N_on_1"": 921826, ""N_on_10"": 38, ""N_on_2"": 34987, ""N_on_3"": 12424, ""N_on_4"": 16115, ""N_on_5"": 9706, ""N_on_6"": 1732, ""N_on_7"": 1309, ""N_on_8"": 1292, ""N_on_9"": 521}",0,0,0,0,0,0,0,0,0,0,921826,34987,12424,16115,9706,1732,1309,1292,521,38
TS clean,3,ok,1000000,50,999950,0,2.10010500525e-05,999929,51695.8459325,0,,,,clean_no_attack,"{""n_1"": 0, ""n_10"": 0, ""n_2"": 0, ""n_3"": 0, ""n_4"": 0, ""n_5"": 0, ""n_6"": 0, ""n_7"": 0, ""n_8"": 0, ""n_9"": 0}","{""N_on_1"": 967880, ""N_on_10"": 21, ""N_on_2"": 12257, ""N_on_3"": 5807, ""N_on_4"": 6068, ""N_on_5"": 4933, ""N_on_6"": 1064, ""N_on_7"": 834, ""N_on_8"": 779, ""N_on_9"": 307}",0,0,0,0,0,0,0,0,0,0,967880,12257,5807,6068,4933,1064,834,779,307,21
UCB appendix,4,ok,100000,26357,73643,26307,1,0,10480.8192431,2.51001371074,0.136686216575,0,0,certificate,"{""n_1"": 1171, ""n_10"": 15833, ""n_2"": 1171, ""n_3"": 1171, ""n_4"": 1171, ""n_5"": 1158, ""n_6"": 1171, ""n_7"": 1119, ""n_8"": 1171, ""n_9"": 1171}","{""N_on_1"": 0, ""N_on_10"": 73643, ""N_on_2"": 0, ""N_on_3"": 0, ""N_on_4"": 0, ""N_on_5"": 0, ""N_on_6"": 0, ""N_on_7"": 0, ""N_on_8"": 0, ""N_on_9"": 0}",1171,1171,1171,1171,1158,1171,1119,1171,1171,15833,0,0,0,0,0,0,0,0,0,73643
UCB direct,4,ok,100000,22521,77479,22471,1,0,10480.8192431,2.14401178751,0.16518476217,0,0,certificate,"{""n_1"": 1004, ""n_10"": 13493, ""n_2"": 1004, ""n_3"": 1004, ""n_4"": 1004, ""n_5"": 993, ""n_6"": 1004, ""n_7"": 957, ""n_8"": 1004, ""n_9"": 1004}","{""N_on_1"": 0, ""N_on_10"": 77479, ""N_on_2"": 0, ""N_on_3"": 0, ""N_on_4"": 0, ""N_on_5"": 0, ""N_on_6"": 0, ""N_on_7"": 0, ""N_on_8"": 0, ""N_on_9"": 0}",1004,1004,1004,1004,993,1004,957,1004,1004,13493,0,0,0,0,0,0,0,0,0,77479
TS appendix,4,ok,100000,41985,58015,41935,1,0,10480.8192431,4.00111852206,0.189453890032,0,0,certificate,"{""n_1"": 1693, ""n_10"": 26749, ""n_2"": 1693, ""n_3"": 1693, ""n_4"": 1693, ""n_5"": 1683, ""n_6"": 1693, ""n_7"": 1652, ""n_8"": 1693, ""n_9"": 1693}","{""N_on_1"": 0, ""N_on_10"": 58015, ""N_on_2"": 0, ""N_on_3"": 0, ""N_on_4"": 0, ""N_on_5"": 0, ""N_on_6"": 0, ""N_on_7"": 0, ""N_on_8"": 0, ""N_on_9"": 0}",1693,1693,1693,1693,1683,1693,1652,1693,1693,26749,0,0,0,0,0,0,0,0,0,58015
TS direct,4,ok,100000,33092,66908,33042,1,0,10480.8192431,3.15261614894,0.211700000058,0,0,certificate,"{""n_1"": 1359, ""n_10"": 20857, ""n_2"": 1359, ""n_3"": 1359, ""n_4"": 1359, ""n_5"": 1350, ""n_6"": 1359, ""n_7"": 1322, ""n_8"": 1359, ""n_9"": 1359}","{""N_on_1"": 0, ""N_on_10"": 66908, ""N_on_2"": 0, ""N_on_3"": 0, ""N_on_4"": 0, ""N_on_5"": 0, ""N_on_6"": 0, ""N_on_7"": 0, ""N_on_8"": 0, ""N_on_9"": 0}",1359,1359,1359,1359,1350,1359,1322,1359,1359,20857,0,0,0,0,0,0,0,0,0,66908
UCB clean,4,ok,100000,50,99950,0,0.000280140070035,99922,10480.8192431,0,,,,clean_no_attack,"{""n_1"": 0, ""n_10"": 0, ""n_2"": 0, ""n_3"": 0, ""n_4"": 0, ""n_5"": 0, ""n_6"": 0, ""n_7"": 0, ""n_8"": 0, ""n_9"": 0}","{""N_on_1"": 60968, ""N_on_10"": 28, ""N_on_2"": 12143, ""N_on_3"": 7943, ""N_on_4"": 7385, ""N_on_5"": 7415, ""N_on_6"": 1769, ""N_on_7"": 860, ""N_on_8"": 1037, ""N_on_9"": 402}",0,0,0,0,0,0,0,0,0,0,60968,12143,7943,7385,7415,1769,860,1037,402,28
TS clean,4,ok,100000,50,99950,0,0.000210105052526,99929,10480.8192431,0,,,,clean_no_attack,"{""n_1"": 0, ""n_10"": 0, ""n_2"": 0, ""n_3"": 0, ""n_4"": 0, ""n_5"": 0, ""n_6"": 0, ""n_7"": 0, ""n_8"": 0, ""n_9"": 0}","{""N_on_1"": 79492, ""N_on_10"": 21, ""N_on_2"": 5350, ""N_on_3"": 4861, ""N_on_4"": 3797, ""N_on_5"": 4626, ""N_on_6"": 608, ""N_on_7"": 524, ""N_on_8"": 451, ""N_on_9"": 220}",0,0,0,0,0,0,0,0,0,0,79492,5350,4861,3797,4626,608,524,451,220,21
UCB appendix,4,ok,250000,48857,201143,48807,1,0,19804.9881347,2.46437915883,0.107228552536,0,0,certificate,"{""n_1"": 2096, ""n_10"": 30027, ""n_2"": 2096, ""n_3"": 2096, ""n_4"": 2096, ""n_5"": 2079, ""n_6"": 2096, ""n_7"": 2029, ""n_8"": 2096, ""n_9"": 2096}","{""N_on_1"": 0, ""N_on_10"": 201143, ""N_on_2"": 0, ""N_on_3"": 0, ""N_on_4"": 0, ""N_on_5"": 0, ""N_on_6"": 0, ""N_on_7"": 0, ""N_on_8"": 0, ""N_on_9"": 0}",2096,2096,2096,2096,2079,2096,2029,2096,2096,30027,0,0,0,0,0,0,0,0,0,201143
UCB direct,4,ok,250000,43352,206648,43302,1,0,19804.9881347,2.18641888122,0.124798165933,0,0,certificate,"{""n_1"": 1870, ""n_10"": 26550, ""n_2"": 1870, ""n_3"": 1870, ""n_4"": 1870, ""n_5"": 1855, ""n_6"": 1870, ""n_7"": 1807, ""n_8"": 1870, ""n_9"": 1870}","{""N_on_1"": 0, ""N_on_10"": 206648, ""N_on_2"": 0, ""N_on_3"": 0, ""N_on_4"": 0, ""N_on_5"": 0, ""N_on_6"": 0, ""N_on_7"": 0, ""N_on_8"": 0, ""N_on_9"": 0}",1870,1870,1870,1870,1855,1870,1807,1870,1870,26550,0,0,0,0,0,0,0,0,0,206648
TS appendix,4,ok,250000,74822,175178,74772,1,0,19804.9881347,3.77541251182,0.147799346678,0,0,certificate,"{""n_1"": 2934, ""n_10"": 48434, ""n_2"": 2934, ""n_3"": 2934, ""n_4"": 2934, ""n_5"": 2920, ""n_6"": 2934, ""n_7"": 2880, ""n_8"": 2934, ""n_9"": 2934}","{""N_on_1"": 0, ""N_on_10"": 175178, ""N_on_2"": 0, ""N_on_3"": 0, ""N_on_4"": 0, ""N_on_5"": 0, ""N_on_6"": 0, ""N_on_7"": 0, ""N_on_8"": 0, ""N_on_9"": 0}",2934,2934,2934,2934,2920,2934,2880,2934,2934,48434,0,0,0,0,0,0,0,0,0,175178
TS direct,4,ok,250000,62713,187287,62663,1,0,19804.9881347,3.16400088573,0.160850000068,0,0,certificate,"{""n_1"": 2480, ""n_10"": 40404, ""n_2"": 2480, ""n_3"": 2480, ""n_4"": 2480, ""n_5"": 2468, ""n_6"": 2480, ""n_7"": 2431, ""n_8"": 2480, ""n_9"": 2480}","{""N_on_1"": 0, ""N_on_10"": 187287, ""N_on_2"": 0, ""N_on_3"": 0, ""N_on_4"": 0, ""N_on_5"": 0, ""N_on_6"": 0, ""N_on_7"": 0, ""N_on_8"": 0, ""N_on_9"": 0}",2480,2480,2480,2480,2468,2480,2431,2480,2480,40404,0,0,0,0,0,0,0,0,0,187287
UCB clean,4,ok,250000,50,249950,0,0.000124024804961,249919,19804.9881347,0,,,,clean_no_attack,"{""n_1"": 0, ""n_10"": 0, ""n_2"": 0, ""n_3"": 0, ""n_4"": 0, ""n_5"": 0, ""n_6"": 0, ""n_7"": 0, ""n_8"": 0, ""n_9"": 0}","{""N_on_1"": 195470, ""N_on_10"": 31, ""N_on_2"": 18158, ""N_on_3"": 11499, ""N_on_4"": 10048, ""N_on_5"": 9423, ""N_on_6"": 2303, ""N_on_7"": 1221, ""N_on_8"": 1374, ""N_on_9"": 423}",0,0,0,0,0,0,0,0,0,0,195470,18158,11499,10048,9423,2303,1221,1374,423,31
TS clean,4,ok,250000,50,249950,0,9.20184036807e-05,249927,19804.9881347,0,,,,clean_no_attack,"{""n_1"": 0, ""n_10"": 0, ""n_2"": 0, ""n_3"": 0, ""n_4"": 0, ""n_5"": 0, ""n_6"": 0, ""n_7"": 0, ""n_8"": 0, ""n_9"": 0}","{""N_on_1"": 222737, ""N_on_10"": 23, ""N_on_2"": 7462, ""N_on_3"": 6290, ""N_on_4"": 5280, ""N_on_5"": 6014, ""N_on_6"": 752, ""N_on_7"": 624, ""N_on_8"": 520, ""N_on_9"": 248}",0,0,0,0,0,0,0,0,0,0,222737,7462,6290,5280,6014,752,624,520,248,23
UCB appendix,4,ok,400000,67144,332856,67094,1,0,27430.1264007,2.44599674898,0.0943369580425,0,0,certificate,"{""n_1"": 2836, ""n_10"": 41666, ""n_2"": 2836, ""n_3"": 2836, ""n_4"": 2836, ""n_5"": 2817, ""n_6"": 2836, ""n_7"": 2759, ""n_8"": 2836, ""n_9"": 2836}","{""N_on_1"": 0, ""N_on_10"": 332856, ""N_on_2"": 0, ""N_on_3"": 0, ""N_on_4"": 0, ""N_on_5"": 0, ""N_on_6"": 0, ""N_on_7"": 0, ""N_on_8"": 0, ""N_on_9"": 0}",2836,2836,2836,2836,2817,2836,2759,2836,2836,41666,0,0,0,0,0,0,0,0,0,332856
UCB direct,4,ok,400000,60530,339470,60480,1,0,27430.1264007,2.20487500191,0.108003395267,0,0,certificate,"{""n_1"": 2575, ""n_10"": 37396, ""n_2"": 2575, ""n_3"": 2575, ""n_4"": 2575, ""n_5"": 2557, ""n_6"": 2575, ""n_7"": 2502, ""n_8"": 2575, ""n_9"": 2575}","{""N_on_1"": 0, ""N_on_10"": 339470, ""N_on_2"": 0, ""N_on_3"": 0, ""N_on_4"": 0, ""N_on_5"": 0, ""N_on_6"": 0, ""N_on_7"": 0, ""N_on_8"": 0, ""N_on_9"": 0}",2575,2575,2575,2575,2557,2575,2502,2575,2575,37396,0,0,0,0,0,0,0,0,0,339470
TS appendix,4,ok,400000,101092,298908,101042,1,0,27430.1264007,3.68361408636,0.129590531093,0,0,certificate,"{""n_1"": 3918, ""n_10"": 65856, ""n_2"": 3918, ""n_3"": 3918, ""n_4"": 3918, ""n_5"": 3903, ""n_6"": 3918, ""n_7"": 3857, ""n_8"": 3918, ""n_9"": 3918}","{""N_on_1"": 0, ""N_on_10"": 298908, ""N_on_2"": 0, ""N_on_3"": 0, ""N_on_4"": 0, ""N_on_5"": 0, ""N_on_6"": 0, ""N_on_7"": 0, ""N_on_8"": 0, ""N_on_9"": 0}",3918,3918,3918,3918,3903,3918,3857,3918,3918,65856,0,0,0,0,0,0,0,0,0,298908
TS direct,4,ok,400000,86882,313118,86832,1,0,27430.1264007,3.16557053845,0.139100000072,0,0,certificate,"{""n_1"": 3404, ""n_10"": 56267, ""n_2"": 3404, ""n_3"": 3404, ""n_4"": 3404, ""n_5"": 3390, ""n_6"": 3404, ""n_7"": 3347, ""n_8"": 3404, ""n_9"": 3404}","{""N_on_1"": 0, ""N_on_10"": 313118, ""N_on_2"": 0, ""N_on_3"": 0, ""N_on_4"": 0, ""N_on_5"": 0, ""N_on_6"": 0, ""N_on_7"": 0, ""N_on_8"": 0, ""N_on_9"": 0}",3404,3404,3404,3404,3390,3404,3347,3404,3404,56267,0,0,0,0,0,0,0,0,0,313118
UCB clean,4,ok,400000,50,399950,0,8.25103137892e-05,399917,27430.1264007,0,,,,clean_no_attack,"{""n_1"": 0, ""n_10"": 0, ""n_2"": 0, ""n_3"": 0, ""n_4"": 0, ""n_5"": 0, ""n_6"": 0, ""n_7"": 0, ""n_8"": 0, ""n_9"": 0}","{""N_on_1"": 336416, ""N_on_10"": 33, ""N_on_2"": 22439, ""N_on_3"": 13172, ""N_on_4"": 11457, ""N_on_5"": 10739, ""N_on_6"": 2417, ""N_on_7"": 1305, ""N_on_8"": 1502, ""N_on_9"": 470}",0,0,0,0,0,0,0,0,0,0,336416,22439,13172,11457,10739,2417,1305,1502,470,33
TS clean,4,ok,400000,50,399950,0,6.50081260158e-05,399924,27430.1264007,0,,,,clean_no_attack,"{""n_1"": 0, ""n_10"": 0, ""n_2"": 0, ""n_3"": 0, ""n_4"": 0, ""n_5"": 0, ""n_6"": 0, ""n_7"": 0, ""n_8"": 0, ""n_9"": 0}","{""N_on_1"": 369723, ""N_on_10"": 26, ""N_on_2"": 8329, ""N_on_3"": 6910, ""N_on_4"": 6146, ""N_on_5"": 6503, ""N_on_6"": 808, ""N_on_7"": 666, ""N_on_8"": 567, ""N_on_9"": 272}",0,0,0,0,0,0,0,0,0,0,369723,8329,6910,6146,6503,808,666,567,272,26
UCB appendix,4,ok,550000,83334,466666,83284,1,0,34194.8051657,2.43557463178,0.0863891737463,0,0,certificate,"{""n_1"": 3487, ""n_10"": 52007, ""n_2"": 3487, ""n_3"": 3487, ""n_4"": 3487, ""n_5"": 3466, ""n_6"": 3487, ""n_7"": 3402, ""n_8"": 3487, ""n_9"": 3487}","{""N_on_1"": 0, ""N_on_10"": 466666, ""N_on_2"": 0, ""N_on_3"": 0, ""N_on_4"": 0, ""N_on_5"": 0, ""N_on_6"": 0, ""N_on_7"": 0, ""N_on_8"": 0, ""N_on_9"": 0}",3487,3487,3487,3487,3466,3487,3402,3487,3487,52007,0,0,0,0,0,0,0,0,0,466666
UCB direct,4,ok,550000,75839,474161,75789,1,0,34194.8051657,2.21638929167,0.0978604431655,0,0,certificate,"{""n_1"": 3202, ""n_10"": 47072, ""n_2"": 3202, ""n_3"": 3202, ""n_4"": 3202, ""n_5"": 3182, ""n_6"": 3202, ""n_7"": 3121, ""n_8"": 3202, ""n_9"": 3202}","{""N_on_1"": 0, ""N_on_10"": 474161, ""N_on_2"": 0, ""N_on_3"": 0, ""N_on_4"": 0, ""N_on_5"": 0, ""N_on_6"": 0, ""N_on_7"": 0, ""N_on_8"": 0, ""N_on_9"": 0}",3202,3202,3202,3202,3182,3202,3121,3202,3202,47072,0,0,0,0,0,0,0,0,0,474161
TS appendix,4,ok,550000,124145,425855,124095,1,0,34194.8051657,3.62906001069,0.118384921428,0,0,certificate,"{""n_1"": 4779, ""n_10"": 81168, ""n_2"": 4779, ""n_3"": 4779, ""n_4"": 4779, ""n_5"": 4762, ""n_6"": 4779, ""n_7"": 4712, ""n_8"": 4779, ""n_9"": 4779}","{""N_on_1"": 0, ""N_on_10"": 425855, ""N_on_2"": 0, ""N_on_3"": 0, ""N_on_4"": 0, ""N_on_5"": 0, ""N_on_6"": 0, ""N_on_7"": 0, ""N_on_8"": 0, ""N_on_9"": 0}",4779,4779,4779,4779,4762,4779,4712,4779,4779,81168,0,0,0,0,0,0,0,0,0,425855
TS direct,4,ok,550000,108290,441710,108240,1,0,34194.8051657,3.16539309043,0.126450000075,0,0,certificate,"{""n_1"": 4192, ""n_10"": 70589, ""n_2"": 4192, ""n_3"": 4192, ""n_4"": 4192, ""n_5"": 4177, ""n_6"": 4192, ""n_7"": 4130, ""n_8"": 4192, ""n_9"": 4192}","{""N_on_1"": 0, ""N_on_10"": 441710, ""N_on_2"": 0, ""N_on_3"": 0, ""N_on_4"": 0, ""N_on_5"": 0, ""N_on_6"": 0, ""N_on_7"": 0, ""N_on_8"": 0, ""N_on_9"": 0}",4192,4192,4192,4192,4177,4192,4130,4192,4192,70589,0,0,0,0,0,0,0,0,0,441710
UCB clean,4,ok,550000,50,549950,0,6.18238021638e-05,549916,34194.8051657,0,,,,clean_no_attack,"{""n_1"": 0, ""n_10"": 0, ""n_2"": 0, ""n_3"": 0, ""n_4"": 0, ""n_5"": 0, ""n_6"": 0, ""n_7"": 0, ""n_8"": 0, ""n_9"": 0}","{""N_on_1"": 480599, ""N_on_10"": 34, ""N_on_2"": 24154, ""N_on_3"": 14884, ""N_on_4"": 12905, ""N_on_5"": 11455, ""N_on_6"": 2561, ""N_on_7"": 1351, ""N_on_8"": 1516, ""N_on_9"": 491}",0,0,0,0,0,0,0,0,0,0,480599,24154,14884,12905,11455,2561,1351,1516,491,34
TS clean,4,ok,550000,50,549950,0,4.72770251841e-05,549924,34194.8051657,0,,,,clean_no_attack,"{""n_1"": 0, ""n_10"": 0, ""n_2"": 0, ""n_3"": 0, ""n_4"": 0, ""n_5"": 0, ""n_6"": 0, ""n_7"": 0, ""n_8"": 0, ""n_9"": 0}","{""N_on_1"": 517856, ""N_on_10"": 26, ""N_on_2"": 8767, ""N_on_3"": 7384, ""N_on_4"": 6624, ""N_on_5"": 6870, ""N_on_6"": 851, ""N_on_7"": 696, ""N_on_8"": 599, ""N_on_9"": 277}",0,0,0,0,0,0,0,0,0,0,517856,8767,7384,6624,6870,851,696,599,277,26
UCB appendix,4,ok,700000,98155,601845,98105,1,0,40401.8442017,2.42823073893,0.0807697393784,0,0,certificate,"{""n_1"": 4079, ""n_10"": 61507, ""n_2"": 4079, ""n_3"": 4079, ""n_4"": 4079, ""n_5"": 4057, ""n_6"": 4079, ""n_7"": 3988, ""n_8"": 4079, ""n_9"": 4079}","{""N_on_1"": 0, ""N_on_10"": 601845, ""N_on_2"": 0, ""N_on_3"": 0, ""N_on_4"": 0, ""N_on_5"": 0, ""N_on_6"": 0, ""N_on_7"": 0, ""N_on_8"": 0, ""N_on_9"": 0}",4079,4079,4079,4079,4057,4079,3988,4079,4079,61507,0,0,0,0,0,0,0,0,0,601845
UCB direct,4,ok,700000,89925,610075,89875,1,0,40401.8442017,2.22452716642,0.0911344742833,0,0,certificate,"{""n_1"": 3750, ""n_10"": 56233, ""n_2"": 3750, ""n_3"": 3750, ""n_4"": 3750, ""n_5"": 3729, ""n_6"": 3750, ""n_7"": 3663, ""n_8"": 3750, ""n_9"": 3750}","{""N_on_1"": 0, ""N_on_10"": 610075, ""N_on_2"": 0, ""N_on_3"": 0, ""N_on_4"": 0, ""N_on_5"": 0, ""N_on_6"": 0, ""N_on_7"": 0, ""N_on_8"": 0, ""N_on_9"": 0}",3750,3750,3750,3750,3729,3750,3663,3750,3750,56233,0,0,0,0,0,0,0,0,0,610075
TS appendix,4,ok,700000,145140,554860,145090,1,0,40401.8442017,3.59117270182,0.110475120202,0,0,certificate,"{""n_1"": 5561, ""n_10"": 95131, ""n_2"": 5561, ""n_3"": 5561, ""n_4"": 5561, ""n_5"": 5543, ""n_6"": 5561, ""n_7"": 5489, ""n_8"": 5561, ""n_9"": 5561}","{""N_on_1"": 0, ""N_on_10"": 554860, ""N_on_2"": 0, ""N_on_3"": 0, ""N_on_4"": 0, ""N_on_5"": 0, ""N_on_6"": 0, ""N_on_7"": 0, ""N_on_8"": 0, ""N_on_9"": 0}",5561,5561,5561,5561,5543,5561,5489,5561,5561,95131,0,0,0,0,0,0,0,0,0,554860
TS direct,4,ok,700000,127911,572089,127861,1,0,40401.8442017,3.16473177219,0.117550000076,0,0,certificate,"{""n_1"": 4915, ""n_10"": 83709, ""n_2"": 4915, ""n_3"": 4915, ""n_4"": 4915, ""n_5"": 4899, ""n_6"": 4915, ""n_7"": 4848, ""n_8"": 4915, ""n_9"": 4915}","{""N_on_1"": 0, ""N_on_10"": 572089, ""N_on_2"": 0, ""N_on_3"": 0, ""N_on_4"": 0, ""N_on_5"": 0, ""N_on_6"": 0, ""N_on_7"": 0, ""N_on_8"": 0, ""N_on_9"": 0}",4915,4915,4915,4915,4899,4915,4848,4915,4915,83709,0,0,0,0,0,0,0,0,0,572089
UCB clean,4,ok,700000,50,699950,0,4.8574898207e-05,699916,40401.8442017,0,,,,clean_no_attack,"{""n_1"": 0, ""n_10"": 0, ""n_2"": 0, ""n_3"": 0, ""n_4"": 0, ""n_5"": 0, ""n_6"": 0, ""n_7"": 0, ""n_8"": 0, ""n_9"": 0}","{""N_on_1"": 625203, ""N_on_10"": 34, ""N_on_2"": 26764, ""N_on_3"": 15230, ""N_on_4"": 13526, ""N_on_5"": 13051, ""N_on_6"": 2632, ""N_on_7"": 1390, ""N_on_8"": 1530, ""N_on_9"": 590}",0,0,0,0,0,0,0,0,0,0,625203,26764,15230,13526,13051,2632,1390,1530,590,34
TS clean,4,ok,700000,50,699950,0,3.71455103936e-05,699924,40401.8442017,0,,,,clean_no_attack,"{""n_1"": 0, ""n_10"": 0, ""n_2"": 0, ""n_3"": 0, ""n_4"": 0, ""n_5"": 0, ""n_6"": 0, ""n_7"": 0, ""n_8"": 0, ""n_9"": 0}","{""N_on_1"": 666281, ""N_on_10"": 26, ""N_on_2"": 9157, ""N_on_3"": 7765, ""N_on_4"": 7014, ""N_on_5"": 7200, ""N_on_6"": 883, ""N_on_7"": 716, ""N_on_8"": 622, ""N_on_9"": 286}",0,0,0,0,0,0,0,0,0,0,666281,9157,7765,7014,7200,883,716,622,286,26
UCB appendix,4,ok,850000,112005,737995,111955,1,0,46204.9557279,2.42300848981,0.0764846718599,0,0,certificate,"{""n_1"": 4631, ""n_10"": 70397, ""n_2"": 4631, ""n_3"": 4631, ""n_4"": 4631, ""n_5"": 4607, ""n_6"": 4631, ""n_7"": 4534, ""n_8"": 4631, ""n_9"": 4631}","{""N_on_1"": 0, ""N_on_10"": 737995, ""N_on_2"": 0, ""N_on_3"": 0, ""N_on_4"": 0, ""N_on_5"": 0, ""N_on_6"": 0, ""N_on_7"": 0, ""N_on_8"": 0, ""N_on_9"": 0}",4631,4631,4631,4631,4607,4631,4534,4631,4631,70397,0,0,0,0,0,0,0,0,0,737995
UCB direct,4,ok,850000,103124,746876,103074,1,0,46204.9557279,2.23079967021,0.0859804571092,0,0,certificate,"{""n_1"": 4266, ""n_10"": 64795, ""n_2"": 4266, ""n_3"": 4266, ""n_4"": 4266, ""n_5"": 4243, ""n_6"": 4266, ""n_7"": 4174, ""n_8"": 4266, ""n_9"": 4266}","{""N_on_1"": 0, ""N_on_10"": 746876, ""N_on_2"": 0, ""N_on_3"": 0, ""N_on_4"": 0, ""N_on_5"": 0, ""N_on_6"": 0, ""N_on_7"": 0, ""N_on_8"": 0, ""N_on_9"": 0}",4266,4266,4266,4266,4243,4266,4174,4266,4266,64795,0,0,0,0,0,0,0,0,0,746876
TS appendix,4,ok,850000,164664,685336,164614,1,0,46204.9557279,3.56269143443,0.104452314227,0,0,certificate,"{""n_1"": 6287, ""n_10"": 108126, ""n_2"": 6287, ""n_3"": 6287, ""n_4"": 6287, ""n_5"": 6268, ""n_6"": 6287, ""n_7"": 6211, ""n_8"": 6287, ""n_9"": 6287}","{""N_on_1"": 0, ""N_on_10"": 685336, ""N_on_2"": 0, ""N_on_3"": 0, ""N_on_4"": 0, ""N_on_5"": 0, ""N_on_6"": 0, ""N_on_7"": 0, ""N_on_8"": 0, ""N_on_9"": 0}",6287,6287,6287,6287,6268,6287,6211,6287,6287,108126,0,0,0,0,0,0,0,0,0,685336
TS direct,4,ok,850000,146240,703760,146190,1,0,46204.9557279,3.16394632777,0.110300000078,0,0,certificate,"{""n_1"": 5641, ""n_10"": 95511, ""n_2"": 5641, ""n_3"": 5641, ""n_4"": 5641, ""n_5"": 5623, ""n_6"": 5641, ""n_7"": 5569, ""n_8"": 5641, ""n_9"": 5641}","{""N_on_1"": 0, ""N_on_10"": 703760, ""N_on_2"": 0, ""N_on_3"": 0, ""N_on_4"": 0, ""N_on_5"": 0, ""N_on_6"": 0, ""N_on_7"": 0, ""N_on_8"": 0, ""N_on_9"": 0}",5641,5641,5641,5641,5623,5641,5569,5641,5641,95511,0,0,0,0,0,0,0,0,0,703760
UCB clean,4,ok,850000,50,849950,0,4.11788928761e-05,849915,46204.9557279,0,,,,clean_no_attack,"{""n_1"": 0, ""n_10"": 0, ""n_2"": 0, ""n_3"": 0, ""n_4"": 0, ""n_5"": 0, ""n_6"": 0, ""n_7"": 0, ""n_8"": 0, ""n_9"": 0}","{""N_on_1"": 772029, ""N_on_10"": 35, ""N_on_2"": 27867, ""N_on_3"": 15936, ""N_on_4"": 14230, ""N_on_5"": 13613, ""N_on_6"": 2683, ""N_on_7"": 1416, ""N_on_8"": 1547, ""N_on_9"": 594}",0,0,0,0,0,0,0,0,0,0,772029,27867,15936,14230,13613,2683,1416,1547,594,35
TS clean,4,ok,850000,50,849950,0,3.05900347079e-05,849924,46204.9557279,0,,,,clean_no_attack,"{""n_1"": 0, ""n_10"": 0, ""n_2"": 0, ""n_3"": 0, ""n_4"": 0, ""n_5"": 0, ""n_6"": 0, ""n_7"": 0, ""n_8"": 0, ""n_9"": 0}","{""N_on_1"": 814740, ""N_on_10"": 26, ""N_on_2"": 9617, ""N_on_3"": 8130, ""N_on_4"": 7333, ""N_on_5"": 7532, ""N_on_6"": 908, ""N_on_7"": 731, ""N_on_8"": 640, ""N_on_9"": 293}",0,0,0,0,0,0,0,0,0,0,814740,9617,8130,7333,7532,908,731,640,293,26
UCB appendix,4,ok,1000000,125088,874912,125038,1,0,51695.8459325,2.41872432387,0.0730557626099,0,0,certificate,"{""n_1"": 5150, ""n_10"": 78814, ""n_2"": 5150, ""n_3"": 5150, ""n_4"": 5150, ""n_5"": 5125, ""n_6"": 5150, ""n_7"": 5049, ""n_8"": 5150, ""n_9"": 5150}","{""N_on_1"": 0, ""N_on_10"": 874912, ""N_on_2"": 0, ""N_on_3"": 0, ""N_on_4"": 0, ""N_on_5"": 0, ""N_on_6"": 0, ""N_on_7"": 0, ""N_on_8"": 0, ""N_on_9"": 0}",5150,5150,5150,5150,5125,5150,5049,5150,5150,78814,0,0,0,0,0,0,0,0,0,874912
UCB direct,4,ok,1000000,115636,884364,115586,1,0,51695.8459325,2.23588564836,0.0814651850873,0,0,certificate,"{""n_1"": 4801, ""n_10"": 72498, ""n_2"": 4801, ""n_3"": 4801, ""n_4"": 4801, ""n_5"": 4777, ""n_6"": 4801, ""n_7"": 4704, ""n_8"": 4801, ""n_9"": 4801}","{""N_on_1"": 0, ""N_on_10"": 884364, ""N_on_2"": 0, ""N_on_3"": 0, ""N_on_4"": 0, ""N_on_5"": 0, ""N_on_6"": 0, ""N_on_7"": 0, ""N_on_8"": 0, ""N_on_9"": 0}",4801,4801,4801,4801,4777,4801,4704,4801,4801,72498,0,0,0,0,0,0,0,0,0,884364
TS appendix,4,ok,1000000,183058,816942,183008,1,0,51695.8459325,3.54009102084,0.0996390706112,0,0,certificate,"{""n_1"": 6970, ""n_10"": 120378, ""n_2"": 6970, ""n_3"": 6970, ""n_4"": 6970, ""n_5"": 6950, ""n_6"": 6970, ""n_7"": 6890, ""n_8"": 6970, ""n_9"": 6970}","{""N_on_1"": 0, ""N_on_10"": 816942, ""N_on_2"": 0, ""N_on_3"": 0, ""N_on_4"": 0, ""N_on_5"": 0, ""N_on_6"": 0, ""N_on_7"": 0, ""N_on_8"": 0, ""N_on_9"": 0}",6970,6970,6970,6970,6950,6970,6890,6970,6970,120378,0,0,0,0,0,0,0,0,0,816942
TS direct,4,ok,1000000,163567,836433,163517,1,0,51695.8459325,3.16305879226,0.105150000079,0,0,certificate,"{""n_1"": 6262, ""n_10"": 107254, ""n_2"": 6262, ""n_3"": 6262, ""n_4"": 6262, ""n_5"": 6243, ""n_6"": 6262, ""n_7"": 6186, ""n_8"": 6262, ""n_9"": 6262}","{""N_on_1"": 0, ""N_on_10"": 836433, ""N_on_2"": 0, ""N_on_3"": 0, ""N_on_4"": 0, ""N_on_5"": 0, ""N_on_6"": 0, ""N_on_7"": 0, ""N_on_8"": 0, ""N_on_9"": 0}",6262,6262,6262,6262,6243,6262,6186,6262,6262,107254,0,0,0,0,0,0,0,0,0,836433
UCB clean,4,ok,1000000,50,999950,0,3.50017500875e-05,999915,51695.8459325,0,,,,clean_no_attack,"{""n_1"": 0, ""n_10"": 0, ""n_2"": 0, ""n_3"": 0, ""n_4"": 0, ""n_5"": 0, ""n_6"": 0, ""n_7"": 0, ""n_8"": 0, ""n_9"": 0}","{""N_on_1"": 917537, ""N_on_10"": 35, ""N_on_2"": 29948, ""N_on_3"": 16502, ""N_on_4"": 15255, ""N_on_5"": 14328, ""N_on_6"": 2711, ""N_on_7"": 1463, ""N_on_8"": 1570, ""N_on_9"": 601}",0,0,0,0,0,0,0,0,0,0,917537,29948,16502,15255,14328,2711,1463,1570,601,35
TS clean,4,ok,1000000,50,999950,0,2.70013500675e-05,999923,51695.8459325,0,,,,clean_no_attack,"{""n_1"": 0, ""n_10"": 0, ""n_2"": 0, ""n_3"": 0, ""n_4"": 0, ""n_5"": 0, ""n_6"": 0, ""n_7"": 0, ""n_8"": 0, ""n_9"": 0}","{""N_on_1"": 963475, ""N_on_10"": 27, ""N_on_2"": 10010, ""N_on_3"": 8405, ""N_on_4"": 7645, ""N_on_5"": 7752, ""N_on_6"": 922, ""N_on_7"": 748, ""N_on_8"": 664, ""N_on_9"": 302}",0,0,0,0,0,0,0,0,0,0,963475,10010,8405,7645,7752,922,748,664,302,27
UCB appendix,5,ok,100000,26316,73684,26266,1,0,10480.8192431,2.5061018028,0.136598449989,0,0,certificate,"{""n_1"": 1172, ""n_10"": 15821, ""n_2"": 1159, ""n_3"": 1159, ""n_4"": 1172, ""n_5"": 1172, ""n_6"": 1172, ""n_7"": 1146, ""n_8"": 1134, ""n_9"": 1159}","{""N_on_1"": 0, ""N_on_10"": 73684, ""N_on_2"": 0, ""N_on_3"": 0, ""N_on_4"": 0, ""N_on_5"": 0, ""N_on_6"": 0, ""N_on_7"": 0, ""N_on_8"": 0, ""N_on_9"": 0}",1172,1159,1159,1172,1172,1172,1146,1134,1159,15821,0,0,0,0,0,0,0,0,0,73684
UCB direct,5,ok,100000,22492,77508,22442,1,0,10480.8192431,2.14124482824,0.163378994339,0,0,certificate,"{""n_1"": 1026, ""n_10"": 13304, ""n_2"": 1014, ""n_3"": 1014, ""n_4"": 1026, ""n_5"": 1026, ""n_6"": 1026, ""n_7"": 1002, ""n_8"": 990, ""n_9"": 1014}","{""N_on_1"": 0, ""N_on_10"": 77508, ""N_on_2"": 0, ""N_on_3"": 0, ""N_on_4"": 0, ""N_on_5"": 0, ""N_on_6"": 0, ""N_on_7"": 0, ""N_on_8"": 0, ""N_on_9"": 0}",1026,1014,1014,1026,1026,1026,1002,990,1014,13304,0,0,0,0,0,0,0,0,0,77508
TS appendix,5,ok,100000,41959,58041,41909,1,0,10480.8192431,3.99863779996,0.189396138815,0,0,certificate,"{""n_1"": 1695, ""n_10"": 26740, ""n_2"": 1684, ""n_3"": 1684, ""n_4"": 1695, ""n_5"": 1695, ""n_6"": 1695, ""n_7"": 1674, ""n_8"": 1663, ""n_9"": 1684}","{""N_on_1"": 0, ""N_on_10"": 58041, ""N_on_2"": 0, ""N_on_3"": 0, ""N_on_4"": 0, ""N_on_5"": 0, ""N_on_6"": 0, ""N_on_7"": 0, ""N_on_8"": 0, ""N_on_9"": 0}",1695,1684,1684,1695,1695,1695,1674,1663,1684,26740,0,0,0,0,0,0,0,0,0,58041
TS direct,5,ok,100000,33071,66929,33021,1,0,10480.8192431,3.15061248878,0.211700000058,0,0,certificate,"{""n_1"": 1359, ""n_10"": 20863, ""n_2"": 1350, ""n_3"": 1350, ""n_4"": 1359, ""n_5"": 1359, ""n_6"": 1359, ""n_7"": 1341, ""n_8"": 1331, ""n_9"": 1350}","{""N_on_1"": 0, ""N_on_10"": 66929, ""N_on_2"": 0, ""N_on_3"": 0, ""N_on_4"": 0, ""N_on_5"": 0, ""N_on_6"": 0, ""N_on_7"": 0, ""N_on_8"": 0, ""N_on_9"": 0}",1359,1350,1350,1359,1359,1359,1341,1331,1350,20863,0,0,0,0,0,0,0,0,0,66929
UCB clean,5,ok,100000,50,99950,0,0.000280140070035,99922,10480.8192431,0,,,,clean_no_attack,"{""n_1"": 0, ""n_10"": 0, ""n_2"": 0, ""n_3"": 0, ""n_4"": 0, ""n_5"": 0, ""n_6"": 0, ""n_7"": 0, ""n_8"": 0, ""n_9"": 0}","{""N_on_1"": 61405, ""N_on_10"": 28, ""N_on_2"": 14478, ""N_on_3"": 5875, ""N_on_4"": 7502, ""N_on_5"": 6502, ""N_on_6"": 1918, ""N_on_7"": 907, ""N_on_8"": 942, ""N_on_9"": 393}",0,0,0,0,0,0,0,0,0,0,61405,14478,5875,7502,6502,1918,907,942,393,28
TS clean,5,ok,100000,50,99950,0,0.000180090045023,99932,10480.8192431,0,,,,clean_no_attack,"{""n_1"": 0, ""n_10"": 0, ""n_2"": 0, ""n_3"": 0, ""n_4"": 0, ""n_5"": 0, ""n_6"": 0, ""n_7"": 0, ""n_8"": 0, ""n_9"": 0}","{""N_on_1"": 83336, ""N_on_10"": 18, ""N_on_2"": 7376, ""N_on_3"": 2937, ""N_on_4"": 3424, ""N_on_5"": 1077, ""N_on_6"": 631, ""N_on_7"": 436, ""N_on_8"": 517, ""N_on_9"": 198}",0,0,0,0,0,0,0,0,0,0,83336,7376,2937,3424,1077,631,436,517,198,18
UCB appendix,5,ok,250000,48804,201196,48754,1,0,19804.9881347,2.46170306533,0.107178574251,0,0,certificate,"{""n_1"": 2097, ""n_10"": 30012, ""n_2"": 2081, ""n_3"": 2081, ""n_4"": 2097, ""n_5"": 2097, ""n_6"": 2097, ""n_7"": 2064, ""n_8"": 2047, ""n_9"": 2081}","{""N_on_1"": 0, ""N_on_10"": 201196, ""N_on_2"": 0, ""N_on_3"": 0, ""N_on_4"": 0, ""N_on_5"": 0, ""N_on_6"": 0, ""N_on_7"": 0, ""N_on_8"": 0, ""N_on_9"": 0}",2097,2081,2081,2097,2097,2097,2064,2047,2081,30012,0,0,0,0,0,0,0,0,0,201196
UCB direct,5,ok,250000,43311,206689,43261,1,0,19804.9881347,2.18434869568,0.124099016545,0,0,certificate,"{""n_1"": 1891, ""n_10"": 26370, ""n_2"": 1875, ""n_3"": 1875, ""n_4"": 1891, ""n_5"": 1891, ""n_6"": 1891, ""n_7"": 1859, ""n_8"": 1843, ""n_9"": 1875}","{""N_on_1"": 0, ""N_on_10"": 206689, ""N_on_2"": 0, ""N_on_3"": 0, ""N_on_4"": 0, ""N_on_5"": 0, ""N_on_6"": 0, ""N_on_7"": 0, ""N_on_8"": 0, ""N_on_9"": 0}",1891,1875,1875,1891,1891,1891,1859,1843,1875,26370,0,0,0,0,0,0,0,0,0,206689
TS appendix,5,ok,250000,74781,175219,74731,1,0,19804.9881347,3.77334232628,0.147764931893,0,0,certificate,"{""n_1"": 2935, ""n_10"": 48422, ""n_2"": 2922, ""n_3"": 2922, ""n_4"": 2935, ""n_5"": 2935, ""n_6"": 2935, ""n_7"": 2908, ""n_8"": 2895, ""n_9"": 2922}","{""N_on_1"": 0, ""N_on_10"": 175219, ""N_on_2"": 0, ""N_on_3"": 0, ""N_on_4"": 0, ""N_on_5"": 0, ""N_on_6"": 0, ""N_on_7"": 0, ""N_on_8"": 0, ""N_on_9"": 0}",2935,2922,2922,2935,2935,2935,2908,2895,2922,48422,0,0,0,0,0,0,0,0,0,175219
TS direct,5,ok,250000,62683,187317,62633,1,0,19804.9881347,3.16248611583,0.160850000068,0,0,certificate,"{""n_1"": 2480, ""n_10"": 40409, ""n_2"": 2468, ""n_3"": 2468, ""n_4"": 2480, ""n_5"": 2480, ""n_6"": 2480, ""n_7"": 2456, ""n_8"": 2444, ""n_9"": 2468}","{""N_on_1"": 0, ""N_on_10"": 187317, ""N_on_2"": 0, ""N_on_3"": 0, ""N_on_4"": 0, ""N_on_5"": 0, ""N_on_6"": 0, ""N_on_7"": 0, ""N_on_8"": 0, ""N_on_9"": 0}",2480,2468,2468,2480,2480,2480,2456,2444,2468,40409,0,0,0,0,0,0,0,0,0,187317
UCB clean,5,ok,250000,50,249950,0,0.000124024804961,249919,19804.9881347,0,,,,clean_no_attack,"{""n_1"": 0, ""n_10"": 0, ""n_2"": 0, ""n_3"": 0, ""n_4"": 0, ""n_5"": 0, ""n_6"": 0, ""n_7"": 0, ""n_8"": 0, ""n_9"": 0}","{""N_on_1"": 191418, ""N_on_10"": 31, ""N_on_2"": 25337, ""N_on_3"": 7918, ""N_on_4"": 10885, ""N_on_5"": 9282, ""N_on_6"": 2400, ""N_on_7"": 1027, ""N_on_8"": 1181, ""N_on_9"": 471}",0,0,0,0,0,0,0,0,0,0,191418,25337,7918,10885,9282,2400,1027,1181,471,31
TS clean,5,ok,250000,50,249950,0,8.00160032006e-05,249930,19804.9881347,0,,,,clean_no_attack,"{""n_1"": 0, ""n_10"": 0, ""n_2"": 0, ""n_3"": 0, ""n_4"": 0, ""n_5"": 0, ""n_6"": 0, ""n_7"": 0, ""n_8"": 0, ""n_9"": 0}","{""N_on_1"": 228492, ""N_on_10"": 20, ""N_on_2"": 9336, ""N_on_3"": 3813, ""N_on_4"": 4982, ""N_on_5"": 1237, ""N_on_6"": 766, ""N_on_7"": 498, ""N_on_8"": 592, ""N_on_9"": 214}",0,0,0,0,0,0,0,0,0,0,228492,9336,3813,4982,1237,766,498,592,214,20
UCB appendix,5,ok,400000,67088,332912,67038,1,0,27430.1264007,2.44395519805,0.09429974039,0,0,certificate,"{""n_1"": 2838, ""n_10"": 41648, ""n_2"": 2819, ""n_3"": 2819, ""n_4"": 2838, ""n_5"": 2838, ""n_6"": 2838, ""n_7"": 2800, ""n_8"": 2781, ""n_9"": 2819}","{""N_on_1"": 0, ""N_on_10"": 332912, ""N_on_2"": 0, ""N_on_3"": 0, ""N_on_4"": 0, ""N_on_5"": 0, ""N_on_6"": 0, ""N_on_7"": 0, ""N_on_8"": 0, ""N_on_9"": 0}",2838,2819,2819,2838,2838,2838,2800,2781,2819,41648,0,0,0,0,0,0,0,0,0,332912
UCB direct,5,ok,400000,60483,339517,60433,1,0,27430.1264007,2.20316155738,0.108003395267,0,0,certificate,"{""n_1"": 2575, ""n_10"": 37402, ""n_2"": 2557, ""n_3"": 2557, ""n_4"": 2575, ""n_5"": 2575, ""n_6"": 2575, ""n_7"": 2539, ""n_8"": 2521, ""n_9"": 2557}","{""N_on_1"": 0, ""N_on_10"": 339517, ""N_on_2"": 0, ""N_on_3"": 0, ""N_on_4"": 0, ""N_on_5"": 0, ""N_on_6"": 0, ""N_on_7"": 0, ""N_on_8"": 0, ""N_on_9"": 0}",2575,2557,2557,2575,2575,2575,2539,2521,2557,37402,0,0,0,0,0,0,0,0,0,339517
TS appendix,5,ok,400000,101050,298950,101000,1,0,27430.1264007,3.68208292316,0.129564424661,0,0,certificate,"{""n_1"": 3920, ""n_10"": 65842, ""n_2"": 3905, ""n_3"": 3905, ""n_4"": 3920, ""n_5"": 3920, ""n_6"": 3920, ""n_7"": 3889, ""n_8"": 3874, ""n_9"": 3905}","{""N_on_1"": 0, ""N_on_10"": 298950, ""N_on_2"": 0, ""N_on_3"": 0, ""N_on_4"": 0, ""N_on_5"": 0, ""N_on_6"": 0, ""N_on_7"": 0, ""N_on_8"": 0, ""N_on_9"": 0}",3920,3905,3905,3920,3920,3920,3889,3874,3905,65842,0,0,0,0,0,0,0,0,0,298950
TS direct,5,ok,400000,86846,313154,86796,1,0,27430.1264007,3.16425811286,0.139100000072,0,0,certificate,"{""n_1"": 3404, ""n_10"": 56272, ""n_2"": 3390, ""n_3"": 3390, ""n_4"": 3404, ""n_5"": 3404, ""n_6"": 3404, ""n_7"": 3376, ""n_8"": 3362, ""n_9"": 3390}","{""N_on_1"": 0, ""N_on_10"": 313154, ""N_on_2"": 0, ""N_on_3"": 0, ""N_on_4"": 0, ""N_on_5"": 0, ""N_on_6"": 0, ""N_on_7"": 0, ""N_on_8"": 0, ""N_on_9"": 0}",3404,3390,3390,3404,3404,3404,3376,3362,3390,56272,0,0,0,0,0,0,0,0,0,313154
UCB clean,5,ok,400000,50,399950,0,8.25103137892e-05,399917,27430.1264007,0,,,,clean_no_attack,"{""n_1"": 0, ""n_10"": 0, ""n_2"": 0, ""n_3"": 0, ""n_4"": 0, ""n_5"": 0, ""n_6"": 0, ""n_7"": 0, ""n_8"": 0, ""n_9"": 0}","{""N_on_1"": 328636, ""N_on_10"": 33, ""N_on_2"": 30975, ""N_on_3"": 11780, ""N_on_4"": 12520, ""N_on_5"": 10589, ""N_on_6"": 2628, ""N_on_7"": 1043, ""N_on_8"": 1259, ""N_on_9"": 487}",0,0,0,0,0,0,0,0,0,0,328636,30975,11780,12520,10589,2628,1043,1259,487,33
TS clean,5,ok,400000,50,399950,0,5.00062507813e-05,399930,27430.1264007,0,,,,clean_no_attack,"{""n_1"": 0, ""n_10"": 0, ""n_2"": 0, ""n_3"": 0, ""n_4"": 0, ""n_5"": 0, ""n_6"": 0, ""n_7"": 0, ""n_8"": 0, ""n_9"": 0}","{""N_on_1"": 374968, ""N_on_10"": 20, ""N_on_2"": 10640, ""N_on_3"": 4964, ""N_on_4"": 5842, ""N_on_5"": 1299, ""N_on_6"": 832, ""N_on_7"": 540, ""N_on_8"": 625, ""N_on_9"": 220}",0,0,0,0,0,0,0,0,0,0,374968,10640,4964,5842,1299,832,540,625,220,20
UCB appendix,5,ok,550000,83270,466730,83220,1,0,34194.8051657,2.43370300245,0.0863587565124,0,0,certificate,"{""n_1"": 3489, ""n_10"": 51987, ""n_2"": 3468, ""n_3"": 3468, ""n_4"": 3489, ""n_5"": 3489, ""n_6"": 3489, ""n_7"": 3447, ""n_8"": 3426, ""n_9"": 3468}","{""N_on_1"": 0, ""N_on_10"": 466730, ""N_on_2"": 0, ""N_on_3"": 0, ""N_on_4"": 0, ""N_on_5"": 0, ""N_on_6"": 0, ""N_on_7"": 0, ""N_on_8"": 0, ""N_on_9"": 0}",3489,3468,3468,3489,3489,3489,3447,3426,3468,51987,0,0,0,0,0,0,0,0,0,466730
UCB direct,5,ok,550000,75785,474215,75735,1,0,34194.8051657,2.21481010443,0.0978604431655,0,0,certificate,"{""n_1"": 3202, ""n_10"": 47077, ""n_2"": 3182, ""n_3"": 3182, ""n_4"": 3202, ""n_5"": 3202, ""n_6"": 3202, ""n_7"": 3162, ""n_8"": 3142, ""n_9"": 3182}","{""N_on_1"": 0, ""N_on_10"": 474215, ""N_on_2"": 0, ""N_on_3"": 0, ""N_on_4"": 0, ""N_on_5"": 0, ""N_on_6"": 0, ""N_on_7"": 0, ""N_on_8"": 0, ""N_on_9"": 0}",3202,3182,3182,3202,3202,3202,3162,3142,3182,47077,0,0,0,0,0,0,0,0,0,474215
TS appendix,5,ok,550000,124096,425904,124046,1,0,34194.8051657,3.62762704449,0.118363348339,0,0,certificate,"{""n_1"": 4781, ""n_10"": 81153, ""n_2"": 4764, ""n_3"": 4764, ""n_4"": 4781, ""n_5"": 4781, ""n_6"": 4781, ""n_7"": 4747, ""n_8"": 4730, ""n_9"": 4764}","{""N_on_1"": 0, ""N_on_10"": 425904, ""N_on_2"": 0, ""N_on_3"": 0, ""N_on_4"": 0, ""N_on_5"": 0, ""N_on_6"": 0, ""N_on_7"": 0, ""N_on_8"": 0, ""N_on_9"": 0}",4781,4764,4764,4781,4781,4781,4747,4730,4764,81153,0,0,0,0,0,0,0,0,0,425904
TS direct,5,ok,550000,108250,441750,108200,1,0,34194.8051657,3.1642233221,0.126450000075,0,0,certificate,"{""n_1"": 4192, ""n_10"": 70595, ""n_2"": 4177, ""n_3"": 4177, ""n_4"": 4192, ""n_5"": 4192, ""n_6"": 4192, ""n_7"": 4161, ""n_8"": 4145, ""n_9"": 4177}","{""N_on_1"": 0, ""N_on_10"": 441750, ""N_on_2"": 0, ""N_on_3"": 0, ""N_on_4"": 0, ""N_on_5"": 0, ""N_on_6"": 0, ""N_on_7"": 0, ""N_on_8"": 0, ""N_on_9"": 0}",4192,4177,4177,4192,4192,4192,4161,4145,4177,70595,0,0,0,0,0,0,0,0,0,441750
UCB clean,5,ok,550000,50,549950,0,6.18238021638e-05,549916,34194.8051657,0,,,,clean_no_attack,"{""n_1"": 0, ""n_10"": 0, ""n_2"": 0, ""n_3"": 0, ""n_4"": 0, ""n_5"": 0, ""n_6"": 0, ""n_7"": 0, ""n_8"": 0, ""n_9"": 0}","{""N_on_1"": 470004, ""N_on_10"": 34, ""N_on_2"": 35995, ""N_on_3"": 12975, ""N_on_4"": 14089, ""N_on_5"": 11089, ""N_on_6"": 2727, ""N_on_7"": 1125, ""N_on_8"": 1342, ""N_on_9"": 570}",0,0,0,0,0,0,0,0,0,0,470004,35995,12975,14089,11089,2727,1125,1342,570,34
TS clean,5,ok,550000,50,549950,0,3.63669424493e-05,549930,34194.8051657,0,,,,clean_no_attack,"{""n_1"": 0, ""n_10"": 0, ""n_2"": 0, ""n_3"": 0, ""n_4"": 0, ""n_5"": 0, ""n_6"": 0, ""n_7"": 0, ""n_8"": 0, ""n_9"": 0}","{""N_on_1"": 522751, ""N_on_10"": 20, ""N_on_2"": 11674, ""N_on_3"": 5671, ""N_on_4"": 6173, ""N_on_5"": 1347, ""N_on_6"": 873, ""N_on_7"": 559, ""N_on_8"": 654, ""N_on_9"": 228}",0,0,0,0,0,0,0,0,0,0,522751,11674,5671,6173,1347,873,559,654,228,20
UCB appendix,5,ok,700000,98091,601909,98041,1,0,40401.8442017,2.42664665283,0.0807436565949,0,0,certificate,"{""n_1"": 4082, ""n_10"": 61486, ""n_2"": 4059, ""n_3"": 4059, ""n_4"": 4082, ""n_5"": 4082, ""n_6"": 4082, ""n_7"": 4036, ""n_8"": 4014, ""n_9"": 4059}","{""N_on_1"": 0, ""N_on_10"": 601909, ""N_on_2"": 0, ""N_on_3"": 0, ""N_on_4"": 0, ""N_on_5"": 0, ""N_on_6"": 0, ""N_on_7"": 0, ""N_on_8"": 0, ""N_on_9"": 0}",4082,4059,4059,4082,4082,4082,4036,4014,4059,61486,0,0,0,0,0,0,0,0,0,601909
UCB direct,5,ok,700000,89867,610133,89817,1,0,40401.8442017,2.22309158839,0.0911344742833,0,0,certificate,"{""n_1"": 3750, ""n_10"": 56238, ""n_2"": 3729, ""n_3"": 3729, ""n_4"": 3750, ""n_5"": 3750, ""n_6"": 3750, ""n_7"": 3707, ""n_8"": 3685, ""n_9"": 3729}","{""N_on_1"": 0, ""N_on_10"": 610133, ""N_on_2"": 0, ""N_on_3"": 0, ""N_on_4"": 0, ""N_on_5"": 0, ""N_on_6"": 0, ""N_on_7"": 0, ""N_on_8"": 0, ""N_on_9"": 0}",3750,3729,3729,3750,3750,3750,3707,3685,3729,56238,0,0,0,0,0,0,0,0,0,610133
TS appendix,5,ok,700000,145088,554912,145038,1,0,40401.8442017,3.58988563186,0.110456478834,0,0,certificate,"{""n_1"": 5563, ""n_10"": 95115, ""n_2"": 5545, ""n_3"": 5545, ""n_4"": 5563, ""n_5"": 5563, ""n_6"": 5563, ""n_7"": 5527, ""n_8"": 5509, ""n_9"": 5545}","{""N_on_1"": 0, ""N_on_10"": 554912, ""N_on_2"": 0, ""N_on_3"": 0, ""N_on_4"": 0, ""N_on_5"": 0, ""N_on_6"": 0, ""N_on_7"": 0, ""N_on_8"": 0, ""N_on_9"": 0}",5563,5545,5545,5563,5563,5563,5527,5509,5545,95115,0,0,0,0,0,0,0,0,0,554912
TS direct,5,ok,700000,127867,572133,127817,1,0,40401.8442017,3.16364271299,0.117300000077,0,0,certificate,"{""n_1"": 4936, ""n_10"": 83529, ""n_2"": 4919, ""n_3"": 4919, ""n_4"": 4936, ""n_5"": 4936, ""n_6"": 4936, ""n_7"": 4902, ""n_8"": 4885, ""n_9"": 4919}","{""N_on_1"": 0, ""N_on_10"": 572133, ""N_on_2"": 0, ""N_on_3"": 0, ""N_on_4"": 0, ""N_on_5"": 0, ""N_on_6"": 0, ""N_on_7"": 0, ""N_on_8"": 0, ""N_on_9"": 0}",4936,4919,4919,4936,4936,4936,4902,4885,4919,83529,0,0,0,0,0,0,0,0,0,572133
UCB clean,5,ok,700000,50,699950,0,4.8574898207e-05,699916,40401.8442017,0,,,,clean_no_attack,"{""n_1"": 0, ""n_10"": 0, ""n_2"": 0, ""n_3"": 0, ""n_4"": 0, ""n_5"": 0, ""n_6"": 0, ""n_7"": 0, ""n_8"": 0, ""n_9"": 0}","{""N_on_1"": 615212, ""N_on_10"": 34, ""N_on_2"": 39136, ""N_on_3"": 13422, ""N_on_4"": 14777, ""N_on_5"": 11412, ""N_on_6"": 2860, ""N_on_7"": 1139, ""N_on_8"": 1353, ""N_on_9"": 605}",0,0,0,0,0,0,0,0,0,0,615212,39136,13422,14777,11412,2860,1139,1353,605,34
TS clean,5,ok,700000,50,699950,0,3.00021430102e-05,699929,40401.8442017,0,,,,clean_no_attack,"{""n_1"": 0, ""n_10"": 0, ""n_2"": 0, ""n_3"": 0, ""n_4"": 0, ""n_5"": 0, ""n_6"": 0, ""n_7"": 0, ""n_8"": 0, ""n_9"": 0}","{""N_on_1"": 670955, ""N_on_10"": 21, ""N_on_2"": 12437, ""N_on_3"": 6266, ""N_on_4"": 6484, ""N_on_5"": 1402, ""N_on_6"": 908, ""N_on_7"": 568, ""N_on_8"": 674, ""N_on_9"": 235}",0,0,0,0,0,0,0,0,0,0,670955,12437,6266,6484,1402,908,568,674,235,21
UCB appendix,5,ok,850000,111929,738071,111879,1,0,46204.9557279,2.4213636446,0.0764616359002,0,0,certificate,"{""n_1"": 4633, ""n_10"": 70374, ""n_2"": 4609, ""n_3"": 4609, ""n_4"": 4633, ""n_5"": 4633, ""n_6"": 4633, ""n_7"": 4585, ""n_8"": 4561, ""n_9"": 4609}","{""N_on_1"": 0, ""N_on_10"": 738071, ""N_on_2"": 0, ""N_on_3"": 0, ""N_on_4"": 0, ""N_on_5"": 0, ""N_on_6"": 0, ""N_on_7"": 0, ""N_on_8"": 0, ""N_on_9"": 0}",4633,4609,4609,4633,4633,4633,4585,4561,4609,70374,0,0,0,0,0,0,0,0,0,738071
UCB direct,5,ok,850000,103061,746939,103011,1,0,46204.9557279,2.22943618011,0.0859804571092,0,0,certificate,"{""n_1"": 4266, ""n_10"": 64801, ""n_2"": 4243, ""n_3"": 4243, ""n_4"": 4266, ""n_5"": 4266, ""n_6"": 4266, ""n_7"": 4220, ""n_8"": 4197, ""n_9"": 4243}","{""N_on_1"": 0, ""N_on_10"": 746939, ""N_on_2"": 0, ""N_on_3"": 0, ""N_on_4"": 0, ""N_on_5"": 0, ""N_on_6"": 0, ""N_on_7"": 0, ""N_on_8"": 0, ""N_on_9"": 0}",4266,4243,4243,4266,4266,4266,4220,4197,4243,64801,0,0,0,0,0,0,0,0,0,746939
TS appendix,5,ok,850000,164608,685392,164558,1,0,46204.9557279,3.56147944322,0.104435757593,0,0,certificate,"{""n_1"": 6289, ""n_10"": 108109, ""n_2"": 6270, ""n_3"": 6270, ""n_4"": 6289, ""n_5"": 6289, ""n_6"": 6289, ""n_7"": 6251, ""n_8"": 6232, ""n_9"": 6270}","{""N_on_1"": 0, ""N_on_10"": 685392, ""N_on_2"": 0, ""N_on_3"": 0, ""N_on_4"": 0, ""N_on_5"": 0, ""N_on_6"": 0, ""N_on_7"": 0, ""N_on_8"": 0, ""N_on_9"": 0}",6289,6270,6270,6289,6289,6289,6251,6232,6270,108109,0,0,0,0,0,0,0,0,0,685392
TS direct,5,ok,850000,146192,703808,146142,1,0,46204.9557279,3.16290747816,0.110300000078,0,0,certificate,"{""n_1"": 5641, ""n_10"": 95517, ""n_2"": 5623, ""n_3"": 5623, ""n_4"": 5641, ""n_5"": 5641, ""n_6"": 5641, ""n_7"": 5605, ""n_8"": 5587, ""n_9"": 5623}","{""N_on_1"": 0, ""N_on_10"": 703808, ""N_on_2"": 0, ""N_on_3"": 0, ""N_on_4"": 0, ""N_on_5"": 0, ""N_on_6"": 0, ""N_on_7"": 0, ""N_on_8"": 0, ""N_on_9"": 0}",5641,5623,5623,5641,5641,5641,5605,5587,5623,95517,0,0,0,0,0,0,0,0,0,703808
UCB clean,5,ok,850000,50,849950,0,4.11788928761e-05,849915,46204.9557279,0,,,,clean_no_attack,"{""n_1"": 0, ""n_10"": 0, ""n_2"": 0, ""n_3"": 0, ""n_4"": 0, ""n_5"": 0, ""n_6"": 0, ""n_7"": 0, ""n_8"": 0, ""n_9"": 0}","{""N_on_1"": 763241, ""N_on_10"": 35, ""N_on_2"": 40075, ""N_on_3"": 13579, ""N_on_4"": 15326, ""N_on_5"": 11681, ""N_on_6"": 2884, ""N_on_7"": 1159, ""N_on_8"": 1364, ""N_on_9"": 606}",0,0,0,0,0,0,0,0,0,0,763241,40075,13579,15326,11681,2884,1159,1364,606,35
TS clean,5,ok,850000,50,849950,0,2.58838755221e-05,849928,46204.9557279,0,,,,clean_no_attack,"{""n_1"": 0, ""n_10"": 0, ""n_2"": 0, ""n_3"": 0, ""n_4"": 0, ""n_5"": 0, ""n_6"": 0, ""n_7"": 0, ""n_8"": 0, ""n_9"": 0}","{""N_on_1"": 819679, ""N_on_10"": 22, ""N_on_2"": 13043, ""N_on_3"": 6609, ""N_on_4"": 6695, ""N_on_5"": 1450, ""N_on_6"": 943, ""N_on_7"": 581, ""N_on_8"": 687, ""N_on_9"": 241}",0,0,0,0,0,0,0,0,0,0,819679,13043,6609,6695,1450,943,581,687,241,22
UCB appendix,5,ok,1000000,125017,874983,124967,1,0,51695.8459325,2.41735090598,0.0730350126637,0,0,certificate,"{""n_1"": 5153, ""n_10"": 78790, ""n_2"": 5128, ""n_3"": 5128, ""n_4"": 5153, ""n_5"": 5153, ""n_6"": 5153, ""n_7"": 5103, ""n_8"": 5078, ""n_9"": 5128}","{""N_on_1"": 0, ""N_on_10"": 874983, ""N_on_2"": 0, ""N_on_3"": 0, ""N_on_4"": 0, ""N_on_5"": 0, ""N_on_6"": 0, ""N_on_7"": 0, ""N_on_8"": 0, ""N_on_9"": 0}",5153,5128,5128,5153,5153,5153,5103,5078,5128,78790,0,0,0,0,0,0,0,0,0,874983
UCB direct,5,ok,1000000,115569,884431,115519,1,0,51695.8459325,2.23458960611,0.0817334568271,0,0,certificate,"{""n_1"": 4770, ""n_10"": 72782, ""n_2"": 4746, ""n_3"": 4746, ""n_4"": 4770, ""n_5"": 4770, ""n_6"": 4770, ""n_7"": 4722, ""n_8"": 4697, ""n_9"": 4746}","{""N_on_1"": 0, ""N_on_10"": 884431, ""N_on_2"": 0, ""N_on_3"": 0, ""N_on_4"": 0, ""N_on_5"": 0, ""N_on_6"": 0, ""N_on_7"": 0, ""N_on_8"": 0, ""N_on_9"": 0}",4770,4746,4746,4770,4770,4770,4722,4697,4746,72782,0,0,0,0,0,0,0,0,0,884431
TS appendix,5,ok,1000000,182997,817003,182947,1,0,51695.8459325,3.53891104208,0.099624088178,0,0,certificate,"{""n_1"": 6972, ""n_10"": 120359, ""n_2"": 6952, ""n_3"": 6952, ""n_4"": 6972, ""n_5"": 6972, ""n_6"": 6972, ""n_7"": 6932, ""n_8"": 6912, ""n_9"": 6952}","{""N_on_1"": 0, ""N_on_10"": 817003, ""N_on_2"": 0, ""N_on_3"": 0, ""N_on_4"": 0, ""N_on_5"": 0, ""N_on_6"": 0, ""N_on_7"": 0, ""N_on_8"": 0, ""N_on_9"": 0}",6972,6952,6952,6972,6972,6972,6932,6912,6952,120359,0,0,0,0,0,0,0,0,0,817003
TS direct,5,ok,1000000,163517,836483,163467,1,0,51695.8459325,3.16209159656,0.105150000079,0,0,certificate,"{""n_1"": 6262, ""n_10"": 107261, ""n_2"": 6243, ""n_3"": 6243, ""n_4"": 6262, ""n_5"": 6262, ""n_6"": 6262, ""n_7"": 6224, ""n_8"": 6205, ""n_9"": 6243}","{""N_on_1"": 0, ""N_on_10"": 836483, ""N_on_2"": 0, ""N_on_3"": 0, ""N_on_4"": 0, ""N_on_5"": 0, ""N_on_6"": 0, ""N_on_7"": 0, ""N_on_8"": 0, ""N_on_9"": 0}",6262,6243,6243,6262,6262,6262,6224,6205,6243,107261,0,0,0,0,0,0,0,0,0,836483
UCB clean,5,ok,1000000,50,999950,0,3.50017500875e-05,999915,51695.8459325,0,,,,clean_no_attack,"{""n_1"": 0, ""n_10"": 0, ""n_2"": 0, ""n_3"": 0, ""n_4"": 0, ""n_5"": 0, ""n_6"": 0, ""n_7"": 0, ""n_8"": 0, ""n_9"": 0}","{""N_on_1"": 911436, ""N_on_10"": 35, ""N_on_2"": 40872, ""N_on_3"": 13935, ""N_on_4"": 15473, ""N_on_5"": 11925, ""N_on_6"": 3118, ""N_on_7"": 1181, ""N_on_8"": 1366, ""N_on_9"": 609}",0,0,0,0,0,0,0,0,0,0,911436,40872,13935,15473,11925,3118,1181,1366,609,35
TS clean,5,ok,1000000,50,999950,0,2.30011500575e-05,999927,51695.8459325,0,,,,clean_no_attack,"{""n_1"": 0, ""n_10"": 0, ""n_2"": 0, ""n_3"": 0, ""n_4"": 0, ""n_5"": 0, ""n_6"": 0, ""n_7"": 0, ""n_8"": 0, ""n_9"": 0}","{""N_on_1"": 968576, ""N_on_10"": 23, ""N_on_2"": 13647, ""N_on_3"": 6853, ""N_on_4"": 6833, ""N_on_5"": 1496, ""N_on_6"": 981, ""N_on_7"": 596, ""N_on_8"": 696, ""N_on_9"": 249}",0,0,0,0,0,0,0,0,0,0,968576,13647,6853,6833,1496,981,596,696,249,23
UCB appendix,6,ok,100000,26332,73668,26282,1,0,10480.8192431,2.50762840102,0.136627736437,0,0,certificate,"{""n_1"": 1172, ""n_10"": 15825, ""n_2"": 1159, ""n_3"": 1159, ""n_4"": 1159, ""n_5"": 1172, ""n_6"": 1159, ""n_7"": 1172, ""n_8"": 1133, ""n_9"": 1172}","{""N_on_1"": 0, ""N_on_10"": 73668, ""N_on_2"": 0, ""N_on_3"": 0, ""N_on_4"": 0, ""N_on_5"": 0, ""N_on_6"": 0, ""N_on_7"": 0, ""N_on_8"": 0, ""N_on_9"": 0}",1172,1159,1159,1159,1172,1159,1172,1133,1172,15825,0,0,0,0,0,0,0,0,0,73668
UCB direct,6,ok,100000,22502,77498,22452,1,0,10480.8192431,2.14219895212,0.163378994339,0,0,certificate,"{""n_1"": 1026, ""n_10"": 13302, ""n_2"": 1014, ""n_3"": 1014, ""n_4"": 1014, ""n_5"": 1026, ""n_6"": 1014, ""n_7"": 1026, ""n_8"": 990, ""n_9"": 1026}","{""N_on_1"": 0, ""N_on_10"": 77498, ""N_on_2"": 0, ""N_on_3"": 0, ""N_on_4"": 0, ""N_on_5"": 0, ""N_on_6"": 0, ""N_on_7"": 0, ""N_on_8"": 0, ""N_on_9"": 0}",1026,1014,1014,1014,1026,1014,1026,990,1026,13302,0,0,0,0,0,0,0,0,0,77498
TS appendix,6,ok,100000,41968,58032,41918,1,0,10480.8192431,3.99949651145,0.189415397696,0,0,certificate,"{""n_1"": 1694, ""n_10"": 26743, ""n_2"": 1684, ""n_3"": 1684, ""n_4"": 1684, ""n_5"": 1694, ""n_6"": 1684, ""n_7"": 1694, ""n_8"": 1663, ""n_9"": 1694}","{""N_on_1"": 0, ""N_on_10"": 58032, ""N_on_2"": 0, ""N_on_3"": 0, ""N_on_4"": 0, ""N_on_5"": 0, ""N_on_6"": 0, ""N_on_7"": 0, ""N_on_8"": 0, ""N_on_9"": 0}",1694,1684,1684,1684,1694,1684,1694,1663,1694,26743,0,0,0,0,0,0,0,0,0,58032
TS direct,6,ok,100000,33078,66922,33028,1,0,10480.8192431,3.1512803755,0.211700000058,0,0,certificate,"{""n_1"": 1359, ""n_10"": 20861, ""n_2"": 1350, ""n_3"": 1350, ""n_4"": 1350, ""n_5"": 1359, ""n_6"": 1350, ""n_7"": 1359, ""n_8"": 1331, ""n_9"": 1359}","{""N_on_1"": 0, ""N_on_10"": 66922, ""N_on_2"": 0, ""N_on_3"": 0, ""N_on_4"": 0, ""N_on_5"": 0, ""N_on_6"": 0, ""N_on_7"": 0, ""N_on_8"": 0, ""N_on_9"": 0}",1359,1350,1350,1350,1359,1350,1359,1331,1359,20861,0,0,0,0,0,0,0,0,0,66922
UCB clean,6,ok,100000,50,99950,0,0.000280140070035,99922,10480.8192431,0,,,,clean_no_attack,"{""n_1"": 0, ""n_10"": 0, ""n_2"": 0, ""n_3"": 0, ""n_4"": 0, ""n_5"": 0, ""n_6"": 0, ""n_7"": 0, ""n_8"": 0, ""n_9"": 0}","{""N_on_1"": 63520, ""N_on_10"": 28, ""N_on_2"": 11291, ""N_on_3"": 7391, ""N_on_4"": 8372, ""N_on_5"": 5344, ""N_on_6"": 1748, ""N_on_7"": 858, ""N_on_8"": 855, ""N_on_9"": 543}",0,0,0,0,0,0,0,0,0,0,63520,11291,7391,8372,5344,1748,858,855,543,28
TS clean,6,ok,100000,50,99950,0,0.00016008004002,99934,10480.8192431,0,,,,clean_no_attack,"{""n_1"": 0, ""n_10"": 0, ""n_2"": 0, ""n_3"": 0, ""n_4"": 0, ""n_5"": 0, ""n_6"": 0, ""n_7"": 0, ""n_8"": 0, ""n_9"": 0}","{""N_on_1"": 80885, ""N_on_10"": 16, ""N_on_2"": 6564, ""N_on_3"": 2183, ""N_on_4"": 5751, ""N_on_5"": 2414, ""N_on_6"": 899, ""N_on_7"": 341, ""N_on_8"": 653, ""N_on_9"": 244}",0,0,0,0,0,0,0,0,0,0,80885,6564,2183,5751,2414,899,341,653,244,16
UCB appendix,6,ok,250000,48822,201178,48772,1,0,19804.9881347,2.46261192728,0.107195241986,0,0,certificate,"{""n_1"": 2097, ""n_10"": 30017, ""n_2"": 2080, ""n_3"": 2080, ""n_4"": 2080, ""n_5"": 2097, ""n_6"": 2080, ""n_7"": 2097, ""n_8"": 2047, ""n_9"": 2097}","{""N_on_1"": 0, ""N_on_10"": 201178, ""N_on_2"": 0, ""N_on_3"": 0, ""N_on_4"": 0, ""N_on_5"": 0, ""N_on_6"": 0, ""N_on_7"": 0, ""N_on_8"": 0, ""N_on_9"": 0}",2097,2080,2080,2080,2097,2080,2097,2047,2097,30017,0,0,0,0,0,0,0,0,0,201178
UCB direct,6,ok,250000,43325,206675,43275,1,0,19804.9881347,2.18505558831,0.124099016545,0,0,certificate,"{""n_1"": 1891, ""n_10"": 26368, ""n_2"": 1875, ""n_3"": 1875, ""n_4"": 1875, ""n_5"": 1891, ""n_6"": 1875, ""n_7"": 1891, ""n_8"": 1843, ""n_9"": 1891}","{""N_on_1"": 0, ""N_on_10"": 206675, ""N_on_2"": 0, ""N_on_3"": 0, ""N_on_4"": 0, ""N_on_5"": 0, ""N_on_6"": 0, ""N_on_7"": 0, ""N_on_8"": 0, ""N_on_9"": 0}",1891,1875,1875,1875,1891,1875,1891,1843,1891,26368,0,0,0,0,0,0,0,0,0,206675
TS appendix,6,ok,250000,74794,175206,74744,1,0,19804.9881347,3.77399872657,0.147776406305,0,0,certificate,"{""n_1"": 2935, ""n_10"": 48426, ""n_2"": 2921, ""n_3"": 2921, ""n_4"": 2921, ""n_5"": 2935, ""n_6"": 2921, ""n_7"": 2935, ""n_8"": 2894, ""n_9"": 2935}","{""N_on_1"": 0, ""N_on_10"": 175206, ""N_on_2"": 0, ""N_on_3"": 0, ""N_on_4"": 0, ""N_on_5"": 0, ""N_on_6"": 0, ""N_on_7"": 0, ""N_on_8"": 0, ""N_on_9"": 0}",2935,2921,2921,2921,2935,2921,2935,2894,2935,48426,0,0,0,0,0,0,0,0,0,175206
TS direct,6,ok,250000,62693,187307,62643,1,0,19804.9881347,3.16299103913,0.160850000068,0,0,certificate,"{""n_1"": 2480, ""n_10"": 40407, ""n_2"": 2468, ""n_3"": 2468, ""n_4"": 2468, ""n_5"": 2480, ""n_6"": 2468, ""n_7"": 2480, ""n_8"": 2444, ""n_9"": 2480}","{""N_on_1"": 0, ""N_on_10"": 187307, ""N_on_2"": 0, ""N_on_3"": 0, ""N_on_4"": 0, ""N_on_5"": 0, ""N_on_6"": 0, ""N_on_7"": 0, ""N_on_8"": 0, ""N_on_9"": 0}",2480,2468,2468,2468,2480,2468,2480,2444,2480,40407,0,0,0,0,0,0,0,0,0,187307
UCB clean,6,ok,250000,50,249950,0,0.000124024804961,249919,19804.9881347,0,,,,clean_no_attack,"{""n_1"": 0, ""n_10"": 0, ""n_2"": 0, ""n_3"": 0, ""n_4"": 0, ""n_5"": 0, ""n_6"": 0, ""n_7"": 0, ""n_8"": 0, ""n_9"": 0}","{""N_on_1"": 193694, ""N_on_10"": 31, ""N_on_2"": 19748, ""N_on_3"": 12691, ""N_on_4"": 11578, ""N_on_5"": 7369, ""N_on_6"": 2237, ""N_on_7"": 982, ""N_on_8"": 1004, ""N_on_9"": 616}",0,0,0,0,0,0,0,0,0,0,193694,19748,12691,11578,7369,2237,982,1004,616,31
TS clean,6,ok,250000,50,249950,0,7.60152030406e-05,249931,19804.9881347,0,,,,clean_no_attack,"{""n_1"": 0, ""n_10"": 0, ""n_2"": 0, ""n_3"": 0, ""n_4"": 0, ""n_5"": 0, ""n_6"": 0, ""n_7"": 0, ""n_8"": 0, ""n_9"": 0}","{""N_on_1"": 224734, ""N_on_10"": 19, ""N_on_2"": 8000, ""N_on_3"": 3931, ""N_on_4"": 7641, ""N_on_5"": 3227, ""N_on_6"": 1002, ""N_on_7"": 396, ""N_on_8"": 739, ""N_on_9"": 261}",0,0,0,0,0,0,0,0,0,0,224734,8000,3931,7641,3227,1002,396,739,261,19
UCB appendix,6,ok,400000,67112,332888,67062,1,0,27430.1264007,2.44483014845,0.0943121515014,0,0,certificate,"{""n_1"": 2838, ""n_10"": 41654, ""n_2"": 2819, ""n_3"": 2819, ""n_4"": 2819, ""n_5"": 2838, ""n_6"": 2819, ""n_7"": 2838, ""n_8"": 2780, ""n_9"": 2838}","{""N_on_1"": 0, ""N_on_10"": 332888, ""N_on_2"": 0, ""N_on_3"": 0, ""N_on_4"": 0, ""N_on_5"": 0, ""N_on_6"": 0, ""N_on_7"": 0, ""N_on_8"": 0, ""N_on_9"": 0}",2838,2819,2819,2819,2838,2819,2838,2780,2838,41654,0,0,0,0,0,0,0,0,0,332888
UCB direct,6,ok,400000,60499,339501,60449,1,0,27430.1264007,2.20374485764,0.108003395267,0,0,certificate,"{""n_1"": 2575, ""n_10"": 37400, ""n_2"": 2557, ""n_3"": 2557, ""n_4"": 2557, ""n_5"": 2575, ""n_6"": 2557, ""n_7"": 2575, ""n_8"": 2521, ""n_9"": 2575}","{""N_on_1"": 0, ""N_on_10"": 339501, ""N_on_2"": 0, ""N_on_3"": 0, ""N_on_4"": 0, ""N_on_5"": 0, ""N_on_6"": 0, ""N_on_7"": 0, ""N_on_8"": 0, ""N_on_9"": 0}",2575,2557,2557,2557,2575,2557,2575,2521,2575,37400,0,0,0,0,0,0,0,0,0,339501
TS appendix,6,ok,400000,101066,298934,101016,1,0,27430.1264007,3.68266622343,0.129573128051,0,0,certificate,"{""n_1"": 3920, ""n_10"": 65846, ""n_2"": 3904, ""n_3"": 3904, ""n_4"": 3904, ""n_5"": 3920, ""n_6"": 3904, ""n_7"": 3920, ""n_8"": 3874, ""n_9"": 3920}","{""N_on_1"": 0, ""N_on_10"": 298934, ""N_on_2"": 0, ""N_on_3"": 0, ""N_on_4"": 0, ""N_on_5"": 0, ""N_on_6"": 0, ""N_on_7"": 0, ""N_on_8"": 0, ""N_on_9"": 0}",3920,3904,3904,3904,3920,3904,3920,3874,3920,65846,0,0,0,0,0,0,0,0,0,298934
TS direct,6,ok,400000,86858,313142,86808,1,0,27430.1264007,3.16469558806,0.139100000072,0,0,certificate,"{""n_1"": 3404, ""n_10"": 56270, ""n_2"": 3390, ""n_3"": 3390, ""n_4"": 3390, ""n_5"": 3404, ""n_6"": 3390, ""n_7"": 3404, ""n_8"": 3362, ""n_9"": 3404}","{""N_on_1"": 0, ""N_on_10"": 313142, ""N_on_2"": 0, ""N_on_3"": 0, ""N_on_4"": 0, ""N_on_5"": 0, ""N_on_6"": 0, ""N_on_7"": 0, ""N_on_8"": 0, ""N_on_9"": 0}",3404,3390,3390,3390,3404,3390,3404,3362,3404,56270,0,0,0,0,0,0,0,0,0,313142
UCB clean,6,ok,400000,50,399950,0,8.25103137892e-05,399917,27430.1264007,0,,,,clean_no_attack,"{""n_1"": 0, ""n_10"": 0, ""n_2"": 0, ""n_3"": 0, ""n_4"": 0, ""n_5"": 0, ""n_6"": 0, ""n_7"": 0, ""n_8"": 0, ""n_9"": 0}","{""N_on_1"": 330861, ""N_on_10"": 33, ""N_on_2"": 25899, ""N_on_3"": 15730, ""N_on_4"": 13279, ""N_on_5"": 8946, ""N_on_6"": 2355, ""N_on_7"": 1056, ""N_on_8"": 1169, ""N_on_9"": 622}",0,0,0,0,0,0,0,0,0,0,330861,25899,15730,13279,8946,2355,1056,1169,622,33
TS clean,6,ok,400000,50,399950,0,5.25065633204e-05,399929,27430.1264007,0,,,,clean_no_attack,"{""n_1"": 0, ""n_10"": 0, ""n_2"": 0, ""n_3"": 0, ""n_4"": 0, ""n_5"": 0, ""n_6"": 0, ""n_7"": 0, ""n_8"": 0, ""n_9"": 0}","{""N_on_1"": 371168, ""N_on_10"": 21, ""N_on_2"": 8931, ""N_on_3"": 4728, ""N_on_4"": 8722, ""N_on_5"": 3794, ""N_on_6"": 1076, ""N_on_7"": 445, ""N_on_8"": 787, ""N_on_9"": 278}",0,0,0,0,0,0,0,0,0,0,371168,8931,4728,8722,3794,1076,445,787,278,21
UCB appendix,6,ok,550000,83289,466711,83239,1,0,34194.8051657,2.43425864241,0.0863688992467,0,0,certificate,"{""n_1"": 3488, ""n_10"": 51994, ""n_2"": 3467, ""n_3"": 3467, ""n_4"": 3467, ""n_5"": 3488, ""n_6"": 3467, ""n_7"": 3488, ""n_8"": 3425, ""n_9"": 3488}","{""N_on_1"": 0, ""N_on_10"": 466711, ""N_on_2"": 0, ""N_on_3"": 0, ""N_on_4"": 0, ""N_on_5"": 0, ""N_on_6"": 0, ""N_on_7"": 0, ""N_on_8"": 0, ""N_on_9"": 0}",3488,3467,3467,3467,3488,3467,3488,3425,3488,51994,0,0,0,0,0,0,0,0,0,466711
UCB direct,6,ok,550000,75803,474197,75753,1,0,34194.8051657,2.21533650018,0.0978604431655,0,0,certificate,"{""n_1"": 3202, ""n_10"": 47075, ""n_2"": 3182, ""n_3"": 3182, ""n_4"": 3182, ""n_5"": 3202, ""n_6"": 3182, ""n_7"": 3202, ""n_8"": 3142, ""n_9"": 3202}","{""N_on_1"": 0, ""N_on_10"": 474197, ""N_on_2"": 0, ""N_on_3"": 0, ""N_on_4"": 0, ""N_on_5"": 0, ""N_on_6"": 0, ""N_on_7"": 0, ""N_on_8"": 0, ""N_on_9"": 0}",3202,3182,3182,3182,3202,3182,3202,3142,3202,47075,0,0,0,0,0,0,0,0,0,474197
TS appendix,6,ok,550000,124110,425890,124060,1,0,34194.8051657,3.6280364634,0.118370540306,0,0,certificate,"{""n_1"": 4780, ""n_10"": 81158, ""n_2"": 4763, ""n_3"": 4763, ""n_4"": 4763, ""n_5"": 4780, ""n_6"": 4763, ""n_7"": 4780, ""n_8"": 4730, ""n_9"": 4780}","{""N_on_1"": 0, ""N_on_10"": 425890, ""N_on_2"": 0, ""N_on_3"": 0, ""N_on_4"": 0, ""N_on_5"": 0, ""N_on_6"": 0, ""N_on_7"": 0, ""N_on_8"": 0, ""N_on_9"": 0}",4780,4763,4763,4763,4780,4763,4780,4730,4780,81158,0,0,0,0,0,0,0,0,0,425890
TS direct,6,ok,550000,108263,441737,108213,1,0,34194.8051657,3.16460349681,0.126500000075,0,0,certificate,"{""n_1"": 4189, ""n_10"": 70623, ""n_2"": 4173, ""n_3"": 4173, ""n_4"": 4173, ""n_5"": 4189, ""n_6"": 4173, ""n_7"": 4189, ""n_8"": 4142, ""n_9"": 4189}","{""N_on_1"": 0, ""N_on_10"": 441737, ""N_on_2"": 0, ""N_on_3"": 0, ""N_on_4"": 0, ""N_on_5"": 0, ""N_on_6"": 0, ""N_on_7"": 0, ""N_on_8"": 0, ""N_on_9"": 0}",4189,4173,4173,4173,4189,4173,4189,4142,4189,70623,0,0,0,0,0,0,0,0,0,441737
UCB clean,6,ok,550000,50,549950,0,6.18238021638e-05,549916,34194.8051657,0,,,,clean_no_attack,"{""n_1"": 0, ""n_10"": 0, ""n_2"": 0, ""n_3"": 0, ""n_4"": 0, ""n_5"": 0, ""n_6"": 0, ""n_7"": 0, ""n_8"": 0, ""n_9"": 0}","{""N_on_1"": 474039, ""N_on_10"": 34, ""N_on_2"": 29116, ""N_on_3"": 17674, ""N_on_4"": 13964, ""N_on_5"": 9757, ""N_on_6"": 2406, ""N_on_7"": 1096, ""N_on_8"": 1208, ""N_on_9"": 656}",0,0,0,0,0,0,0,0,0,0,474039,29116,17674,13964,9757,2406,1096,1208,656,34
TS clean,6,ok,550000,50,549950,0,4.18219838167e-05,549927,34194.8051657,0,,,,clean_no_attack,"{""n_1"": 0, ""n_10"": 0, ""n_2"": 0, ""n_3"": 0, ""n_4"": 0, ""n_5"": 0, ""n_6"": 0, ""n_7"": 0, ""n_8"": 0, ""n_9"": 0}","{""N_on_1"": 519380, ""N_on_10"": 23, ""N_on_2"": 9434, ""N_on_3"": 5181, ""N_on_4"": 9048, ""N_on_5"": 4194, ""N_on_6"": 1113, ""N_on_7"": 482, ""N_on_8"": 811, ""N_on_9"": 284}",0,0,0,0,0,0,0,0,0,0,519380,9434,5181,9048,4194,1113,482,811,284,23
UCB appendix,6,ok,700000,98112,601888,98062,1,0,40401.8442017,2.42716643108,0.080752353723,0,0,certificate,"{""n_1"": 4081, ""n_10"": 61493, ""n_2"": 4058, ""n_3"": 4058, ""n_4"": 4058, ""n_5"": 4081, ""n_6"": 4058, ""n_7"": 4081, ""n_8"": 4013, ""n_9"": 4081}","{""N_on_1"": 0, ""N_on_10"": 601888, ""N_on_2"": 0, ""N_on_3"": 0, ""N_on_4"": 0, ""N_on_5"": 0, ""N_on_6"": 0, ""N_on_7"": 0, ""N_on_8"": 0, ""N_on_9"": 0}",4081,4058,4058,4058,4081,4058,4081,4013,4081,61493,0,0,0,0,0,0,0,0,0,601888
UCB direct,6,ok,700000,89887,610113,89837,1,0,40401.8442017,2.22358661529,0.0911344742833,0,0,certificate,"{""n_1"": 3750, ""n_10"": 56236, ""n_2"": 3729, ""n_3"": 3729, ""n_4"": 3729, ""n_5"": 3750, ""n_6"": 3729, ""n_7"": 3750, ""n_8"": 3685, ""n_9"": 3750}","{""N_on_1"": 0, ""N_on_10"": 610113, ""N_on_2"": 0, ""N_on_3"": 0, ""N_on_4"": 0, ""N_on_5"": 0, ""N_on_6"": 0, ""N_on_7"": 0, ""N_on_8"": 0, ""N_on_9"": 0}",3750,3729,3729,3729,3750,3729,3750,3685,3750,56236,0,0,0,0,0,0,0,0,0,610113
TS appendix,6,ok,700000,145102,554898,145052,1,0,40401.8442017,3.59023215069,0.110462693598,0,0,certificate,"{""n_1"": 5562, ""n_10"": 95120, ""n_2"": 5544, ""n_3"": 5544, ""n_4"": 5544, ""n_5"": 5562, ""n_6"": 5544, ""n_7"": 5562, ""n_8"": 5508, ""n_9"": 5562}","{""N_on_1"": 0, ""N_on_10"": 554898, ""N_on_2"": 0, ""N_on_3"": 0, ""N_on_4"": 0, ""N_on_5"": 0, ""N_on_6"": 0, ""N_on_7"": 0, ""N_on_8"": 0, ""N_on_9"": 0}",5562,5544,5544,5544,5562,5544,5562,5508,5562,95120,0,0,0,0,0,0,0,0,0,554898
TS direct,6,ok,700000,127882,572118,127832,1,0,40401.8442017,3.16401398317,0.117300000077,0,0,certificate,"{""n_1"": 4936, ""n_10"": 83527, ""n_2"": 4919, ""n_3"": 4919, ""n_4"": 4919, ""n_5"": 4936, ""n_6"": 4919, ""n_7"": 4936, ""n_8"": 4885, ""n_9"": 4936}","{""N_on_1"": 0, ""N_on_10"": 572118, ""N_on_2"": 0, ""N_on_3"": 0, ""N_on_4"": 0, ""N_on_5"": 0, ""N_on_6"": 0, ""N_on_7"": 0, ""N_on_8"": 0, ""N_on_9"": 0}",4936,4919,4919,4919,4936,4919,4936,4885,4936,83527,0,0,0,0,0,0,0,0,0,572118
UCB clean,6,ok,700000,50,699950,0,4.8574898207e-05,699916,40401.8442017,0,,,,clean_no_attack,"{""n_1"": 0, ""n_10"": 0, ""n_2"": 0, ""n_3"": 0, ""n_4"": 0, ""n_5"": 0, ""n_6"": 0, ""n_7"": 0, ""n_8"": 0, ""n_9"": 0}","{""N_on_1"": 620802, ""N_on_10"": 34, ""N_on_2"": 31026, ""N_on_3"": 18146, ""N_on_4"": 14302, ""N_on_5"": 10139, ""N_on_6"": 2457, ""N_on_7"": 1137, ""N_on_8"": 1241, ""N_on_9"": 666}",0,0,0,0,0,0,0,0,0,0,620802,31026,18146,14302,10139,2457,1137,1241,666,34
TS clean,6,ok,700000,50,699950,0,3.28594899636e-05,699927,40401.8442017,0,,,,clean_no_attack,"{""n_1"": 0, ""n_10"": 0, ""n_2"": 0, ""n_3"": 0, ""n_4"": 0, ""n_5"": 0, ""n_6"": 0, ""n_7"": 0, ""n_8"": 0, ""n_9"": 0}","{""N_on_1"": 668299, ""N_on_10"": 23, ""N_on_2"": 9825, ""N_on_3"": 5458, ""N_on_4"": 9222, ""N_on_5"": 4352, ""N_on_6"": 1137, ""N_on_7"": 515, ""N_on_8"": 832, ""N_on_9"": 287}",0,0,0,0,0,0,0,0,0,0,668299,9825,5458,9222,4352,1137,515,832,287,23
UCB appendix,6,ok,850000,111951,738049,111901,1,0,46204.9557279,2.421839784,0.0764693161678,0,0,certificate,"{""n_1"": 4632, ""n_10"": 70381, ""n_2"": 4608, ""n_3"": 4608, ""n_4"": 4608, ""n_5"": 4632, ""n_6"": 4608, ""n_7"": 4632, ""n_8"": 4560, ""n_9"": 4632}","{""N_on_1"": 0, ""N_on_10"": 738049, ""N_on_2"": 0, ""N_on_3"": 0, ""N_on_4"": 0, ""N_on_5"": 0, ""N_on_6"": 0, ""N_on_7"": 0, ""N_on_8"": 0, ""N_on_9"": 0}",4632,4608,4608,4608,4632,4608,4632,4560,4632,70381,0,0,0,0,0,0,0,0,0,738049
UCB direct,6,ok,850000,103082,746918,103032,1,0,46204.9557279,2.22989067681,0.0859804571092,0,0,certificate,"{""n_1"": 4266, ""n_10"": 64799, ""n_2"": 4243, ""n_3"": 4243, ""n_4"": 4243, ""n_5"": 4266, ""n_6"": 4243, ""n_7"": 4266, ""n_8"": 4197, ""n_9"": 4266}","{""N_on_1"": 0, ""N_on_10"": 746918, ""N_on_2"": 0, ""N_on_3"": 0, ""N_on_4"": 0, ""N_on_5"": 0, ""N_on_6"": 0, ""N_on_7"": 0, ""N_on_8"": 0, ""N_on_9"": 0}",4266,4243,4243,4243,4266,4243,4266,4197,4266,64799,0,0,0,0,0,0,0,0,0,746918
TS appendix,6,ok,850000,164623,685377,164573,1,0,46204.9557279,3.56180408372,0.104441277696,0,0,certificate,"{""n_1"": 6288, ""n_10"": 108114, ""n_2"": 6269, ""n_3"": 6269, ""n_4"": 6269, ""n_5"": 6288, ""n_6"": 6269, ""n_7"": 6288, ""n_8"": 6231, ""n_9"": 6288}","{""N_on_1"": 0, ""N_on_10"": 685377, ""N_on_2"": 0, ""N_on_3"": 0, ""N_on_4"": 0, ""N_on_5"": 0, ""N_on_6"": 0, ""N_on_7"": 0, ""N_on_8"": 0, ""N_on_9"": 0}",6288,6269,6269,6269,6288,6269,6288,6231,6288,108114,0,0,0,0,0,0,0,0,0,685377
TS direct,6,ok,850000,146208,703792,146158,1,0,46204.9557279,3.16325376136,0.110300000078,0,0,certificate,"{""n_1"": 5641, ""n_10"": 95515, ""n_2"": 5623, ""n_3"": 5623, ""n_4"": 5623, ""n_5"": 5641, ""n_6"": 5623, ""n_7"": 5641, ""n_8"": 5587, ""n_9"": 5641}","{""N_on_1"": 0, ""N_on_10"": 703792, ""N_on_2"": 0, ""N_on_3"": 0, ""N_on_4"": 0, ""N_on_5"": 0, ""N_on_6"": 0, ""N_on_7"": 0, ""N_on_8"": 0, ""N_on_9"": 0}",5641,5623,5623,5623,5641,5623,5641,5587,5641,95515,0,0,0,0,0,0,0,0,0,703792
UCB clean,6,ok,850000,50,849950,0,4.11788928761e-05,849915,46204.9557279,0,,,,clean_no_attack,"{""n_1"": 0, ""n_10"": 0, ""n_2"": 0, ""n_3"": 0, ""n_4"": 0, ""n_5"": 0, ""n_6"": 0, ""n_7"": 0, ""n_8"": 0, ""n_9"": 0}","{""N_on_1"": 766400, ""N_on_10"": 35, ""N_on_2"": 33449, ""N_on_3"": 19131, ""N_on_4"": 15025, ""N_on_5"": 10260, ""N_on_6"": 2498, ""N_on_7"": 1175, ""N_on_8"": 1260, ""N_on_9"": 717}",0,0,0,0,0,0,0,0,0,0,766400,33449,19131,15025,10260,2498,1175,1260,717,35
TS clean,6,ok,850000,50,849950,0,2.70604153185e-05,849927,46204.9557279,0,,,,clean_no_attack,"{""n_1"": 0, ""n_10"": 0, ""n_2"": 0, ""n_3"": 0, ""n_4"": 0, ""n_5"": 0, ""n_6"": 0, ""n_7"": 0, ""n_8"": 0, ""n_9"": 0}","{""N_on_1"": 817521, ""N_on_10"": 23, ""N_on_2"": 10153, ""N_on_3"": 5633, ""N_on_4"": 9326, ""N_on_5"": 4472, ""N_on_6"": 1152, ""N_on_7"": 530, ""N_on_8"": 851, ""N_on_9"": 289}",0,0,0,0,0,0,0,0,0,0,817521,10153,5633,9326,4472,1152,530,851,289,23
UCB appendix,6,ok,1000000,125041,874959,124991,1,0,51695.8459325,2.41781515991,0.0730419307963,0,0,certificate,"{""n_1"": 5152, ""n_10"": 78798, ""n_2"": 5127, ""n_3"": 5127, ""n_4"": 5127, ""n_5"": 5152, ""n_6"": 5127, ""n_7"": 5152, ""n_8"": 5077, ""n_9"": 5152}","{""N_on_1"": 0, ""N_on_10"": 874959, ""N_on_2"": 0, ""N_on_3"": 0, ""N_on_4"": 0, ""N_on_5"": 0, ""N_on_6"": 0, ""N_on_7"": 0, ""N_on_8"": 0, ""N_on_9"": 0}",5152,5127,5127,5127,5152,5127,5152,5077,5152,78798,0,0,0,0,0,0,0,0,0,874959
UCB direct,6,ok,1000000,115591,884409,115541,1,0,51695.8459325,2.23501517222,0.0817334568271,0,0,certificate,"{""n_1"": 4770, ""n_10"": 72780, ""n_2"": 4746, ""n_3"": 4746, ""n_4"": 4746, ""n_5"": 4770, ""n_6"": 4746, ""n_7"": 4770, ""n_8"": 4697, ""n_9"": 4770}","{""N_on_1"": 0, ""N_on_10"": 884409, ""N_on_2"": 0, ""N_on_3"": 0, ""N_on_4"": 0, ""N_on_5"": 0, ""N_on_6"": 0, ""N_on_7"": 0, ""N_on_8"": 0, ""N_on_9"": 0}",4770,4746,4746,4746,4770,4746,4770,4697,4770,72780,0,0,0,0,0,0,0,0,0,884409
TS appendix,6,ok,1000000,183019,816981,182969,1,0,51695.8459325,3.53933660819,0.0996290824838,0,0,certificate,"{""n_1"": 6971, ""n_10"": 120365, ""n_2"": 6952, ""n_3"": 6952, ""n_4"": 6952, ""n_5"": 6971, ""n_6"": 6952, ""n_7"": 6971, ""n_8"": 6912, ""n_9"": 6971}","{""N_on_1"": 0, ""N_on_10"": 816981, ""N_on_2"": 0, ""N_on_3"": 0, ""N_on_4"": 0, ""N_on_5"": 0, ""N_on_6"": 0, ""N_on_7"": 0, ""N_on_8"": 0, ""N_on_9"": 0}",6971,6952,6952,6952,6971,6952,6971,6912,6971,120365,0,0,0,0,0,0,0,0,0,816981
TS direct,6,ok,1000000,163534,836466,163484,1,0,51695.8459325,3.1624204431,0.105150000079,0,0,certificate,"{""n_1"": 6262, ""n_10"": 107259, ""n_2"": 6243, ""n_3"": 6243, ""n_4"": 6243, ""n_5"": 6262, ""n_6"": 6243, ""n_7"": 6262, ""n_8"": 6205, ""n_9"": 6262}","{""N_on_1"": 0, ""N_on_10"": 836466, ""N_on_2"": 0, ""N_on_3"": 0, ""N_on_4"": 0, ""N_on_5"": 0, ""N_on_6"": 0, ""N_on_7"": 0, ""N_on_8"": 0, ""N_on_9"": 0}",6262,6243,6243,6243,6262,6243,6262,6205,6262,107259,0,0,0,0,0,0,0,0,0,836466
UCB clean,6,ok,1000000,50,999950,0,3.50017500875e-05,999915,51695.8459325,0,,,,clean_no_attack,"{""n_1"": 0, ""n_10"": 0, ""n_2"": 0, ""n_3"": 0, ""n_4"": 0, ""n_5"": 0, ""n_6"": 0, ""n_7"": 0, ""n_8"": 0, ""n_9"": 0}","{""N_on_1"": 912796, ""N_on_10"": 35, ""N_on_2"": 34909, ""N_on_3"": 19909, ""N_on_4"": 15820, ""N_on_5"": 10676, ""N_on_6"": 2531, ""N_on_7"": 1185, ""N_on_8"": 1296, ""N_on_9"": 793}",0,0,0,0,0,0,0,0,0,0,912796,34909,19909,15820,10676,2531,1185,1296,793,35
TS clean,6,ok,1000000,50,999950,0,2.30011500575e-05,999927,51695.8459325,0,,,,clean_no_attack,"{""n_1"": 0, ""n_10"": 0, ""n_2"": 0, ""n_3"": 0, ""n_4"": 0, ""n_5"": 0, ""n_6"": 0, ""n_7"": 0, ""n_8"": 0, ""n_9"": 0}","{""N_on_1"": 966764, ""N_on_10"": 23, ""N_on_2"": 10487, ""N_on_3"": 5779, ""N_on_4"": 9416, ""N_on_5"": 4601, ""N_on_6"": 1178, ""N_on_7"": 542, ""N_on_8"": 868, ""N_on_9"": 292}",0,0,0,0,0,0,0,0,0,0,966764,10487,5779,9416,4601,1178,542,868,292,23
UCB appendix,7,ok,100000,26342,73658,26292,1,0,10480.8192431,2.50858252491,0.136657015603,0,0,certificate,"{""n_1"": 1171, ""n_10"": 15829, ""n_2"": 1171, ""n_3"": 1171, ""n_4"": 1171, ""n_5"": 1171, ""n_6"": 1146, ""n_7"": 1146, ""n_8"": 1158, ""n_9"": 1158}","{""N_on_1"": 0, ""N_on_10"": 73658, ""N_on_2"": 0, ""N_on_3"": 0, ""N_on_4"": 0, ""N_on_5"": 0, ""N_on_6"": 0, ""N_on_7"": 0, ""N_on_8"": 0, ""N_on_9"": 0}",1171,1171,1171,1171,1171,1146,1146,1158,1158,15829,0,0,0,0,0,0,0,0,0,73658
UCB direct,7,ok,100000,22512,77488,22462,1,0,10480.8192431,2.14315307601,0.163378994339,0,0,certificate,"{""n_1"": 1026, ""n_10"": 13300, ""n_2"": 1026, ""n_3"": 1026, ""n_4"": 1026, ""n_5"": 1026, ""n_6"": 1002, ""n_7"": 1002, ""n_8"": 1014, ""n_9"": 1014}","{""N_on_1"": 0, ""N_on_10"": 77488, ""N_on_2"": 0, ""N_on_3"": 0, ""N_on_4"": 0, ""N_on_5"": 0, ""N_on_6"": 0, ""N_on_7"": 0, ""N_on_8"": 0, ""N_on_9"": 0}",1026,1026,1026,1026,1026,1002,1002,1014,1014,13300,0,0,0,0,0,0,0,0,0,77488
TS appendix,7,ok,100000,41978,58022,41928,1,0,10480.8192431,4.00045063534,0.189434653107,0,0,certificate,"{""n_1"": 1694, ""n_10"": 26746, ""n_2"": 1694, ""n_3"": 1694, ""n_4"": 1694, ""n_5"": 1694, ""n_6"": 1673, ""n_7"": 1673, ""n_8"": 1683, ""n_9"": 1683}","{""N_on_1"": 0, ""N_on_10"": 58022, ""N_on_2"": 0, ""N_on_3"": 0, ""N_on_4"": 0, ""N_on_5"": 0, ""N_on_6"": 0, ""N_on_7"": 0, ""N_on_8"": 0, ""N_on_9"": 0}",1694,1694,1694,1694,1694,1673,1673,1683,1683,26746,0,0,0,0,0,0,0,0,0,58022
TS direct,7,ok,100000,33086,66914,33036,1,0,10480.8192431,3.15204367461,0.211700000058,0,0,certificate,"{""n_1"": 1359, ""n_10"": 20859, ""n_2"": 1359, ""n_3"": 1359, ""n_4"": 1359, ""n_5"": 1359, ""n_6"": 1341, ""n_7"": 1341, ""n_8"": 1350, ""n_9"": 1350}","{""N_on_1"": 0, ""N_on_10"": 66914, ""N_on_2"": 0, ""N_on_3"": 0, ""N_on_4"": 0, ""N_on_5"": 0, ""N_on_6"": 0, ""N_on_7"": 0, ""N_on_8"": 0, ""N_on_9"": 0}",1359,1359,1359,1359,1359,1341,1341,1350,1350,20859,0,0,0,0,0,0,0,0,0,66914
UCB clean,7,ok,100000,50,99950,0,0.000300150075038,99920,10480.8192431,0,,,,clean_no_attack,"{""n_1"": 0, ""n_10"": 0, ""n_2"": 0, ""n_3"": 0, ""n_4"": 0, ""n_5"": 0, ""n_6"": 0, ""n_7"": 0, ""n_8"": 0, ""n_9"": 0}","{""N_on_1"": 65012, ""N_on_10"": 30, ""N_on_2"": 10910, ""N_on_3"": 8209, ""N_on_4"": 5301, ""N_on_5"": 6478, ""N_on_6"": 1650, ""N_on_7"": 1027, ""N_on_8"": 926, ""N_on_9"": 407}",0,0,0,0,0,0,0,0,0,0,65012,10910,8209,5301,6478,1650,1027,926,407,30
TS clean,7,ok,100000,50,99950,0,0.000190095047524,99931,10480.8192431,0,,,,clean_no_attack,"{""n_1"": 0, ""n_10"": 0, ""n_2"": 0, ""n_3"": 0, ""n_4"": 0, ""n_5"": 0, ""n_6"": 0, ""n_7"": 0, ""n_8"": 0, ""n_9"": 0}","{""N_on_1"": 80470, ""N_on_10"": 19, ""N_on_2"": 7565, ""N_on_3"": 3240, ""N_on_4"": 3815, ""N_on_5"": 2624, ""N_on_6"": 906, ""N_on_7"": 468, ""N_on_8"": 524, ""N_on_9"": 319}",0,0,0,0,0,0,0,0,0,0,80470,7565,3240,3815,2624,906,468,524,319,19
UCB appendix,7,ok,250000,48838,201162,48788,1,0,19804.9881347,2.46341980456,0.107211909612,0,0,certificate,"{""n_1"": 2096, ""n_10"": 30022, ""n_2"": 2096, ""n_3"": 2096, ""n_4"": 2096, ""n_5"": 2096, ""n_6"": 2063, ""n_7"": 2063, ""n_8"": 2080, ""n_9"": 2080}","{""N_on_1"": 0, ""N_on_10"": 201162, ""N_on_2"": 0, ""N_on_3"": 0, ""N_on_4"": 0, ""N_on_5"": 0, ""N_on_6"": 0, ""N_on_7"": 0, ""N_on_8"": 0, ""N_on_9"": 0}",2096,2096,2096,2096,2096,2063,2063,2080,2080,30022,0,0,0,0,0,0,0,0,0,201162
UCB direct,7,ok,250000,43339,206661,43289,1,0,19804.9881347,2.18576248093,0.12471077226,0,0,certificate,"{""n_1"": 1873, ""n_10"": 26528, ""n_2"": 1873, ""n_3"": 1873, ""n_4"": 1873, ""n_5"": 1873, ""n_6"": 1841, ""n_7"": 1841, ""n_8"": 1857, ""n_9"": 1857}","{""N_on_1"": 0, ""N_on_10"": 206661, ""N_on_2"": 0, ""N_on_3"": 0, ""N_on_4"": 0, ""N_on_5"": 0, ""N_on_6"": 0, ""N_on_7"": 0, ""N_on_8"": 0, ""N_on_9"": 0}",1873,1873,1873,1873,1873,1841,1841,1857,1857,26528,0,0,0,0,0,0,0,0,0,206661
TS appendix,7,ok,250000,74806,175194,74756,1,0,19804.9881347,3.77460463453,0.147787878961,0,0,certificate,"{""n_1"": 2934, ""n_10"": 48430, ""n_2"": 2934, ""n_3"": 2934, ""n_4"": 2934, ""n_5"": 2934, ""n_6"": 2907, ""n_7"": 2907, ""n_8"": 2921, ""n_9"": 2921}","{""N_on_1"": 0, ""N_on_10"": 175194, ""N_on_2"": 0, ""N_on_3"": 0, ""N_on_4"": 0, ""N_on_5"": 0, ""N_on_6"": 0, ""N_on_7"": 0, ""N_on_8"": 0, ""N_on_9"": 0}",2934,2934,2934,2934,2934,2907,2907,2921,2921,48430,0,0,0,0,0,0,0,0,0,175194
TS direct,7,ok,250000,62703,187297,62653,1,0,19804.9881347,3.16349596243,0.160850000068,0,0,certificate,"{""n_1"": 2480, ""n_10"": 40405, ""n_2"": 2480, ""n_3"": 2480, ""n_4"": 2480, ""n_5"": 2480, ""n_6"": 2456, ""n_7"": 2456, ""n_8"": 2468, ""n_9"": 2468}","{""N_on_1"": 0, ""N_on_10"": 187297, ""N_on_2"": 0, ""N_on_3"": 0, ""N_on_4"": 0, ""N_on_5"": 0, ""N_on_6"": 0, ""N_on_7"": 0, ""N_on_8"": 0, ""N_on_9"": 0}",2480,2480,2480,2480,2480,2456,2456,2468,2468,40405,0,0,0,0,0,0,0,0,0,187297
UCB clean,7,ok,250000,50,249950,0,0.000132026405281,249917,19804.9881347,0,,,,clean_no_attack,"{""n_1"": 0, ""n_10"": 0, ""n_2"": 0, ""n_3"": 0, ""n_4"": 0, ""n_5"": 0, ""n_6"": 0, ""n_7"": 0, ""n_8"": 0, ""n_9"": 0}","{""N_on_1"": 193868, ""N_on_10"": 33, ""N_on_2"": 22161, ""N_on_3"": 11282, ""N_on_4"": 9323, ""N_on_5"": 8642, ""N_on_6"": 1886, ""N_on_7"": 1252, ""N_on_8"": 1070, ""N_on_9"": 433}",0,0,0,0,0,0,0,0,0,0,193868,22161,11282,9323,8642,1886,1252,1070,433,33
TS clean,7,ok,250000,50,249950,0,7.60152030406e-05,249931,19804.9881347,0,,,,clean_no_attack,"{""n_1"": 0, ""n_10"": 0, ""n_2"": 0, ""n_3"": 0, ""n_4"": 0, ""n_5"": 0, ""n_6"": 0, ""n_7"": 0, ""n_8"": 0, ""n_9"": 0}","{""N_on_1"": 225147, ""N_on_10"": 19, ""N_on_2"": 9712, ""N_on_3"": 4682, ""N_on_4"": 4914, ""N_on_5"": 2936, ""N_on_6"": 1009, ""N_on_7"": 576, ""N_on_8"": 614, ""N_on_9"": 341}",0,0,0,0,0,0,0,0,0,0,225147,9712,4682,4914,2936,1009,576,614,341,19
UCB appendix,7,ok,400000,67129,332871,67079,1,0,27430.1264007,2.44544990498,0.0943245607164,0,0,certificate,"{""n_1"": 2837, ""n_10"": 41660, ""n_2"": 2837, ""n_3"": 2837, ""n_4"": 2837, ""n_5"": 2837, ""n_6"": 2799, ""n_7"": 2799, ""n_8"": 2818, ""n_9"": 2818}","{""N_on_1"": 0, ""N_on_10"": 332871, ""N_on_2"": 0, ""N_on_3"": 0, ""N_on_4"": 0, ""N_on_5"": 0, ""N_on_6"": 0, ""N_on_7"": 0, ""N_on_8"": 0, ""N_on_9"": 0}",2837,2837,2837,2837,2837,2799,2799,2818,2818,41660,0,0,0,0,0,0,0,0,0,332871
UCB direct,7,ok,400000,60515,339485,60465,1,0,27430.1264007,2.20432815791,0.108003395267,0,0,certificate,"{""n_1"": 2575, ""n_10"": 37398, ""n_2"": 2575, ""n_3"": 2575, ""n_4"": 2575, ""n_5"": 2575, ""n_6"": 2539, ""n_7"": 2539, ""n_8"": 2557, ""n_9"": 2557}","{""N_on_1"": 0, ""N_on_10"": 339485, ""N_on_2"": 0, ""N_on_3"": 0, ""N_on_4"": 0, ""N_on_5"": 0, ""N_on_6"": 0, ""N_on_7"": 0, ""N_on_8"": 0, ""N_on_9"": 0}",2575,2575,2575,2575,2575,2539,2539,2557,2557,37398,0,0,0,0,0,0,0,0,0,339485
TS appendix,7,ok,400000,101080,298920,101030,1,0,27430.1264007,3.68317661116,0.129581832144,0,0,certificate,"{""n_1"": 3919, ""n_10"": 65851, ""n_2"": 3919, ""n_3"": 3919, ""n_4"": 3919, ""n_5"": 3919, ""n_6"": 3888, ""n_7"": 3888, ""n_8"": 3904, ""n_9"": 3904}","{""N_on_1"": 0, ""N_on_10"": 298920, ""N_on_2"": 0, ""N_on_3"": 0, ""N_on_4"": 0, ""N_on_5"": 0, ""N_on_6"": 0, ""N_on_7"": 0, ""N_on_8"": 0, ""N_on_9"": 0}",3919,3919,3919,3919,3919,3888,3888,3904,3904,65851,0,0,0,0,0,0,0,0,0,298920
TS direct,7,ok,400000,86870,313130,86820,1,0,27430.1264007,3.16513306326,0.139100000072,0,0,certificate,"{""n_1"": 3404, ""n_10"": 56268, ""n_2"": 3404, ""n_3"": 3404, ""n_4"": 3404, ""n_5"": 3404, ""n_6"": 3376, ""n_7"": 3376, ""n_8"": 3390, ""n_9"": 3390}","{""N_on_1"": 0, ""N_on_10"": 313130, ""N_on_2"": 0, ""N_on_3"": 0, ""N_on_4"": 0, ""N_on_5"": 0, ""N_on_6"": 0, ""N_on_7"": 0, ""N_on_8"": 0, ""N_on_9"": 0}",3404,3404,3404,3404,3404,3376,3376,3390,3390,56268,0,0,0,0,0,0,0,0,0,313130
UCB clean,7,ok,400000,50,399950,0,8.75109388674e-05,399915,27430.1264007,0,,,,clean_no_attack,"{""n_1"": 0, ""n_10"": 0, ""n_2"": 0, ""n_3"": 0, ""n_4"": 0, ""n_5"": 0, ""n_6"": 0, ""n_7"": 0, ""n_8"": 0, ""n_9"": 0}","{""N_on_1"": 338144, ""N_on_10"": 35, ""N_on_2"": 24452, ""N_on_3"": 12566, ""N_on_4"": 10443, ""N_on_5"": 9357, ""N_on_6"": 2026, ""N_on_7"": 1390, ""N_on_8"": 1091, ""N_on_9"": 446}",0,0,0,0,0,0,0,0,0,0,338144,24452,12566,10443,9357,2026,1390,1091,446,35
TS clean,7,ok,400000,50,399950,0,5.50068758595e-05,399928,27430.1264007,0,,,,clean_no_attack,"{""n_1"": 0, ""n_10"": 0, ""n_2"": 0, ""n_3"": 0, ""n_4"": 0, ""n_5"": 0, ""n_6"": 0, ""n_7"": 0, ""n_8"": 0, ""n_9"": 0}","{""N_on_1"": 372452, ""N_on_10"": 22, ""N_on_2"": 10720, ""N_on_3"": 5552, ""N_on_4"": 5421, ""N_on_5"": 3096, ""N_on_6"": 1066, ""N_on_7"": 604, ""N_on_8"": 652, ""N_on_9"": 365}",0,0,0,0,0,0,0,0,0,0,372452,10720,5552,5421,3096,1066,604,652,365,22
UCB appendix,7,ok,550000,83308,466692,83258,1,0,34194.8051657,2.43481428236,0.0863790416527,0,0,certificate,"{""n_1"": 3487, ""n_10"": 52001, ""n_2"": 3487, ""n_3"": 3487, ""n_4"": 3487, ""n_5"": 3487, ""n_6"": 3445, ""n_7"": 3445, ""n_8"": 3466, ""n_9"": 3466}","{""N_on_1"": 0, ""N_on_10"": 466692, ""N_on_2"": 0, ""N_on_3"": 0, ""N_on_4"": 0, ""N_on_5"": 0, ""N_on_6"": 0, ""N_on_7"": 0, ""N_on_8"": 0, ""N_on_9"": 0}",3487,3487,3487,3487,3487,3445,3445,3466,3466,52001,0,0,0,0,0,0,0,0,0,466692
UCB direct,7,ok,550000,75822,474178,75772,1,0,34194.8051657,2.21589214013,0.0978604431655,0,0,certificate,"{""n_1"": 3202, ""n_10"": 47074, ""n_2"": 3202, ""n_3"": 3202, ""n_4"": 3202, ""n_5"": 3202, ""n_6"": 3162, ""n_7"": 3162, ""n_8"": 3182, ""n_9"": 3182}","{""N_on_1"": 0, ""N_on_10"": 474178, ""N_on_2"": 0, ""N_on_3"": 0, ""N_on_4"": 0, ""N_on_5"": 0, ""N_on_6"": 0, ""N_on_7"": 0, ""N_on_8"": 0, ""N_on_9"": 0}",3202,3202,3202,3202,3202,3162,3162,3182,3182,47074,0,0,0,0,0,0,0,0,0,474178
TS appendix,7,ok,550000,124131,425869,124081,1,0,34194.8051657,3.62865059177,0.118377732842,0,0,certificate,"{""n_1"": 4780, ""n_10"": 81163, ""n_2"": 4780, ""n_3"": 4780, ""n_4"": 4780, ""n_5"": 4780, ""n_6"": 4746, ""n_7"": 4746, ""n_8"": 4763, ""n_9"": 4763}","{""N_on_1"": 0, ""N_on_10"": 425869, ""N_on_2"": 0, ""N_on_3"": 0, ""N_on_4"": 0, ""N_on_5"": 0, ""N_on_6"": 0, ""N_on_7"": 0, ""N_on_8"": 0, ""N_on_9"": 0}",4780,4780,4780,4780,4780,4746,4746,4763,4763,81163,0,0,0,0,0,0,0,0,0,425869
TS direct,7,ok,550000,108277,441723,108227,1,0,34194.8051657,3.16501291572,0.126450000075,0,0,certificate,"{""n_1"": 4192, ""n_10"": 70591, ""n_2"": 4192, ""n_3"": 4192, ""n_4"": 4192, ""n_5"": 4192, ""n_6"": 4161, ""n_7"": 4161, ""n_8"": 4177, ""n_9"": 4177}","{""N_on_1"": 0, ""N_on_10"": 441723, ""N_on_2"": 0, ""N_on_3"": 0, ""N_on_4"": 0, ""N_on_5"": 0, ""N_on_6"": 0, ""N_on_7"": 0, ""N_on_8"": 0, ""N_on_9"": 0}",4192,4192,4192,4192,4192,4161,4161,4177,4177,70591,0,0,0,0,0,0,0,0,0,441723
UCB clean,7,ok,550000,50,549950,0,6.54604964088e-05,549914,34194.8051657,0,,,,clean_no_attack,"{""n_1"": 0, ""n_10"": 0, ""n_2"": 0, ""n_3"": 0, ""n_4"": 0, ""n_5"": 0, ""n_6"": 0, ""n_7"": 0, ""n_8"": 0, ""n_9"": 0}","{""N_on_1"": 480023, ""N_on_10"": 36, ""N_on_2"": 29473, ""N_on_3"": 13952, ""N_on_4"": 11157, ""N_on_5"": 9996, ""N_on_6"": 2059, ""N_on_7"": 1560, ""N_on_8"": 1229, ""N_on_9"": 465}",0,0,0,0,0,0,0,0,0,0,480023,29473,13952,11157,9996,2059,1560,1229,465,36
TS clean,7,ok,550000,50,549950,0,4.18219838167e-05,549927,34194.8051657,0,,,,clean_no_attack,"{""n_1"": 0, ""n_10"": 0, ""n_2"": 0, ""n_3"": 0, ""n_4"": 0, ""n_5"": 0, ""n_6"": 0, ""n_7"": 0, ""n_8"": 0, ""n_9"": 0}","{""N_on_1"": 519791, ""N_on_10"": 23, ""N_on_2"": 11754, ""N_on_3"": 6469, ""N_on_4"": 5865, ""N_on_5"": 3273, ""N_on_6"": 1092, ""N_on_7"": 628, ""N_on_8"": 680, ""N_on_9"": 375}",0,0,0,0,0,0,0,0,0,0,519791,11754,6469,5865,3273,1092,628,680,375,23
UCB appendix,7,ok,700000,98134,601866,98084,1,0,40401.8442017,2.42771096068,0.0807610492665,0,0,certificate,"{""n_1"": 4080, ""n_10"": 61500, ""n_2"": 4080, ""n_3"": 4080, ""n_4"": 4080, ""n_5"": 4080, ""n_6"": 4035, ""n_7"": 4035, ""n_8"": 4057, ""n_9"": 4057}","{""N_on_1"": 0, ""N_on_10"": 601866, ""N_on_2"": 0, ""N_on_3"": 0, ""N_on_4"": 0, ""N_on_5"": 0, ""N_on_6"": 0, ""N_on_7"": 0, ""N_on_8"": 0, ""N_on_9"": 0}",4080,4080,4080,4080,4080,4035,4035,4057,4057,61500,0,0,0,0,0,0,0,0,0,601866
UCB direct,7,ok,700000,89906,610094,89856,1,0,40401.8442017,2.22405689086,0.0911344742833,0,0,certificate,"{""n_1"": 3750, ""n_10"": 56234, ""n_2"": 3750, ""n_3"": 3750, ""n_4"": 3750, ""n_5"": 3750, ""n_6"": 3707, ""n_7"": 3707, ""n_8"": 3729, ""n_9"": 3729}","{""N_on_1"": 0, ""N_on_10"": 610094, ""N_on_2"": 0, ""N_on_3"": 0, ""N_on_4"": 0, ""N_on_5"": 0, ""N_on_6"": 0, ""N_on_7"": 0, ""N_on_8"": 0, ""N_on_9"": 0}",3750,3750,3750,3750,3750,3707,3707,3729,3729,56234,0,0,0,0,0,0,0,0,0,610094
TS appendix,7,ok,700000,145126,554874,145076,1,0,40401.8442017,3.59082618298,0.110468907332,0,0,certificate,"{""n_1"": 5562, ""n_10"": 95126, ""n_2"": 5562, ""n_3"": 5562, ""n_4"": 5562, ""n_5"": 5562, ""n_6"": 5526, ""n_7"": 5526, ""n_8"": 5544, ""n_9"": 5544}","{""N_on_1"": 0, ""N_on_10"": 554874, ""N_on_2"": 0, ""N_on_3"": 0, ""N_on_4"": 0, ""N_on_5"": 0, ""N_on_6"": 0, ""N_on_7"": 0, ""N_on_8"": 0, ""N_on_9"": 0}",5562,5562,5562,5562,5562,5526,5526,5544,5544,95126,0,0,0,0,0,0,0,0,0,554874
TS direct,7,ok,700000,127897,572103,127847,1,0,40401.8442017,3.16438525335,0.117300000077,0,0,certificate,"{""n_1"": 4936, ""n_10"": 83525, ""n_2"": 4936, ""n_3"": 4936, ""n_4"": 4936, ""n_5"": 4936, ""n_6"": 4902, ""n_7"": 4902, ""n_8"": 4919, ""n_9"": 4919}","{""N_on_1"": 0, ""N_on_10"": 572103, ""N_on_2"": 0, ""N_on_3"": 0, ""N_on_4"": 0, ""N_on_5"": 0, ""N_on_6"": 0, ""N_on_7"": 0, ""N_on_8"": 0, ""N_on_9"": 0}",4936,4936,4936,4936,4936,4902,4902,4919,4919,83525,0,0,0,0,0,0,0,0,0,572103
UCB clean,7,ok,700000,50,699950,0,5.2860918637e-05,699913,40401.8442017,0,,,,clean_no_attack,"{""n_1"": 0, ""n_10"": 0, ""n_2"": 0, ""n_3"": 0, ""n_4"": 0, ""n_5"": 0, ""n_6"": 0, ""n_7"": 0, ""n_8"": 0, ""n_9"": 0}","{""N_on_1"": 627138, ""N_on_10"": 37, ""N_on_2"": 30692, ""N_on_3"": 14552, ""N_on_4"": 11535, ""N_on_5"": 10560, ""N_on_6"": 2083, ""N_on_7"": 1618, ""N_on_8"": 1267, ""N_on_9"": 468}",0,0,0,0,0,0,0,0,0,0,627138,30692,14552,11535,10560,2083,1618,1267,468,37
TS clean,7,ok,700000,50,699950,0,3.28594899636e-05,699927,40401.8442017,0,,,,clean_no_attack,"{""n_1"": 0, ""n_10"": 0, ""n_2"": 0, ""n_3"": 0, ""n_4"": 0, ""n_5"": 0, ""n_6"": 0, ""n_7"": 0, ""n_8"": 0, ""n_9"": 0}","{""N_on_1"": 667270, ""N_on_10"": 23, ""N_on_2"": 13203, ""N_on_3"": 7059, ""N_on_4"": 6111, ""N_on_5"": 3443, ""N_on_6"": 1114, ""N_on_7"": 641, ""N_on_8"": 701, ""N_on_9"": 385}",0,0,0,0,0,0,0,0,0,0,667270,13203,7059,6111,3443,1114,641,701,385,23
UCB appendix,7,ok,850000,111983,738017,111933,1,0,46204.9557279,2.42253235041,0.0764769950664,0,0,certificate,"{""n_1"": 4632, ""n_10"": 70389, ""n_2"": 4632, ""n_3"": 4632, ""n_4"": 4632, ""n_5"": 4632, ""n_6"": 4584, ""n_7"": 4584, ""n_8"": 4608, ""n_9"": 4608}","{""N_on_1"": 0, ""N_on_10"": 738017, ""N_on_2"": 0, ""N_on_3"": 0, ""N_on_4"": 0, ""N_on_5"": 0, ""N_on_6"": 0, ""N_on_7"": 0, ""N_on_8"": 0, ""N_on_9"": 0}",4632,4632,4632,4632,4632,4584,4584,4608,4608,70389,0,0,0,0,0,0,0,0,0,738017
UCB direct,7,ok,850000,103103,746897,103053,1,0,46204.9557279,2.23034517351,0.0859804571092,0,0,certificate,"{""n_1"": 4266, ""n_10"": 64797, ""n_2"": 4266, ""n_3"": 4266, ""n_4"": 4266, ""n_5"": 4266, ""n_6"": 4220, ""n_7"": 4220, ""n_8"": 4243, ""n_9"": 4243}","{""N_on_1"": 0, ""N_on_10"": 746897, ""N_on_2"": 0, ""N_on_3"": 0, ""N_on_4"": 0, ""N_on_5"": 0, ""N_on_6"": 0, ""N_on_7"": 0, ""N_on_8"": 0, ""N_on_9"": 0}",4266,4266,4266,4266,4266,4220,4220,4243,4243,64797,0,0,0,0,0,0,0,0,0,746897
TS appendix,7,ok,850000,164648,685352,164598,1,0,46204.9557279,3.56234515123,0.104446796395,0,0,certificate,"{""n_1"": 6288, ""n_10"": 108120, ""n_2"": 6288, ""n_3"": 6288, ""n_4"": 6288, ""n_5"": 6288, ""n_6"": 6250, ""n_7"": 6250, ""n_8"": 6269, ""n_9"": 6269}","{""N_on_1"": 0, ""N_on_10"": 685352, ""N_on_2"": 0, ""N_on_3"": 0, ""N_on_4"": 0, ""N_on_5"": 0, ""N_on_6"": 0, ""N_on_7"": 0, ""N_on_8"": 0, ""N_on_9"": 0}",6288,6288,6288,6288,6288,6250,6250,6269,6269,108120,0,0,0,0,0,0,0,0,0,685352
TS direct,7,ok,850000,146224,703776,146174,1,0,46204.9557279,3.16360004457,0.110300000078,0,0,certificate,"{""n_1"": 5641, ""n_10"": 95513, ""n_2"": 5641, ""n_3"": 5641, ""n_4"": 5641, ""n_5"": 5641, ""n_6"": 5605, ""n_7"": 5605, ""n_8"": 5623, ""n_9"": 5623}","{""N_on_1"": 0, ""N_on_10"": 703776, ""N_on_2"": 0, ""N_on_3"": 0, ""N_on_4"": 0, ""N_on_5"": 0, ""N_on_6"": 0, ""N_on_7"": 0, ""N_on_8"": 0, ""N_on_9"": 0}",5641,5641,5641,5641,5641,5605,5605,5623,5623,95513,0,0,0,0,0,0,0,0,0,703776
UCB clean,7,ok,850000,50,849950,0,4.3531972469e-05,849913,46204.9557279,0,,,,clean_no_attack,"{""n_1"": 0, ""n_10"": 0, ""n_2"": 0, ""n_3"": 0, ""n_4"": 0, ""n_5"": 0, ""n_6"": 0, ""n_7"": 0, ""n_8"": 0, ""n_9"": 0}","{""N_on_1"": 773051, ""N_on_10"": 37, ""N_on_2"": 33313, ""N_on_3"": 15118, ""N_on_4"": 12198, ""N_on_5"": 10765, ""N_on_6"": 2088, ""N_on_7"": 1626, ""N_on_8"": 1283, ""N_on_9"": 471}",0,0,0,0,0,0,0,0,0,0,773051,33313,15118,12198,10765,2088,1626,1283,471,37
TS clean,7,ok,850000,50,849950,0,2.70604153185e-05,849927,46204.9557279,0,,,,clean_no_attack,"{""n_1"": 0, ""n_10"": 0, ""n_2"": 0, ""n_3"": 0, ""n_4"": 0, ""n_5"": 0, ""n_6"": 0, ""n_7"": 0, ""n_8"": 0, ""n_9"": 0}","{""N_on_1"": 815276, ""N_on_10"": 23, ""N_on_2"": 14427, ""N_on_3"": 7456, ""N_on_4"": 6258, ""N_on_5"": 3604, ""N_on_6"": 1132, ""N_on_7"": 658, ""N_on_8"": 720, ""N_on_9"": 396}",0,0,0,0,0,0,0,0,0,0,815276,14427,7456,6258,3604,1132,658,720,396,23
UCB appendix,7,ok,1000000,125065,874935,125015,1,0,51695.8459325,2.41827941385,0.0730488487517,0,0,certificate,"{""n_1"": 5151, ""n_10"": 78806, ""n_2"": 5151, ""n_3"": 5151, ""n_4"": 5151, ""n_5"": 5151, ""n_6"": 5101, ""n_7"": 5101, ""n_8"": 5126, ""n_9"": 5126}","{""N_on_1"": 0, ""N_on_10"": 874935, ""N_on_2"": 0, ""N_on_3"": 0, ""N_on_4"": 0, ""N_on_5"": 0, ""N_on_6"": 0, ""N_on_7"": 0, ""N_on_8"": 0, ""N_on_9"": 0}",5151,5151,5151,5151,5151,5101,5101,5126,5126,78806,0,0,0,0,0,0,0,0,0,874935
UCB direct,7,ok,1000000,115614,884386,115564,1,0,51695.8459325,2.23546008225,0.0817334568271,0,0,certificate,"{""n_1"": 4770, ""n_10"": 72778, ""n_2"": 4770, ""n_3"": 4770, ""n_4"": 4770, ""n_5"": 4770, ""n_6"": 4722, ""n_7"": 4722, ""n_8"": 4746, ""n_9"": 4746}","{""N_on_1"": 0, ""N_on_10"": 884386, ""N_on_2"": 0, ""N_on_3"": 0, ""N_on_4"": 0, ""N_on_5"": 0, ""N_on_6"": 0, ""N_on_7"": 0, ""N_on_8"": 0, ""N_on_9"": 0}",4770,4770,4770,4770,4770,4722,4722,4746,4746,72778,0,0,0,0,0,0,0,0,0,884386
TS appendix,7,ok,1000000,183040,816960,182990,1,0,51695.8459325,3.53974283038,0.0996340791289,0,0,certificate,"{""n_1"": 6971, ""n_10"": 120371, ""n_2"": 6971, ""n_3"": 6971, ""n_4"": 6971, ""n_5"": 6971, ""n_6"": 6931, ""n_7"": 6931, ""n_8"": 6951, ""n_9"": 6951}","{""N_on_1"": 0, ""N_on_10"": 816960, ""N_on_2"": 0, ""N_on_3"": 0, ""N_on_4"": 0, ""N_on_5"": 0, ""N_on_6"": 0, ""N_on_7"": 0, ""N_on_8"": 0, ""N_on_9"": 0}",6971,6971,6971,6971,6971,6931,6931,6951,6951,120371,0,0,0,0,0,0,0,0,0,816960
TS direct,7,ok,1000000,163550,836450,163500,1,0,51695.8459325,3.16272994572,0.105200000079,0,0,certificate,"{""n_1"": 6256, ""n_10"": 107310, ""n_2"": 6256, ""n_3"": 6256, ""n_4"": 6256, ""n_5"": 6256, ""n_6"": 6218, ""n_7"": 6218, ""n_8"": 6237, ""n_9"": 6237}","{""N_on_1"": 0, ""N_on_10"": 836450, ""N_on_2"": 0, ""N_on_3"": 0, ""N_on_4"": 0, ""N_on_5"": 0, ""N_on_6"": 0, ""N_on_7"": 0, ""N_on_8"": 0, ""N_on_9"": 0}",6256,6256,6256,6256,6256,6218,6218,6237,6237,107310,0,0,0,0,0,0,0,0,0,836450
UCB clean,7,ok,1000000,50,999950,0,3.8001900095e-05,999912,51695.8459325,0,,,,clean_no_attack,"{""n_1"": 0, ""n_10"": 0, ""n_2"": 0, ""n_3"": 0, ""n_4"": 0, ""n_5"": 0, ""n_6"": 0, ""n_7"": 0, ""n_8"": 0, ""n_9"": 0}","{""N_on_1"": 921664, ""N_on_10"": 38, ""N_on_2"": 34108, ""N_on_3"": 15344, ""N_on_4"": 12443, ""N_on_5"": 10794, ""N_on_6"": 2119, ""N_on_7"": 1650, ""N_on_8"": 1297, ""N_on_9"": 493}",0,0,0,0,0,0,0,0,0,0,921664,34108,15344,12443,10794,2119,1650,1297,493,38
TS clean,7,ok,1000000,50,999950,0,2.400120006e-05,999926,51695.8459325,0,,,,clean_no_attack,"{""n_1"": 0, ""n_10"": 0, ""n_2"": 0, ""n_3"": 0, ""n_4"": 0, ""n_5"": 0, ""n_6"": 0, ""n_7"": 0, ""n_8"": 0, ""n_9"": 0}","{""N_on_1"": 964008, ""N_on_10"": 24, ""N_on_2"": 15143, ""N_on_3"": 7714, ""N_on_4"": 6373, ""N_on_5"": 3722, ""N_on_6"": 1150, ""N_on_7"": 674, ""N_on_8"": 737, ""N_on_9"": 405}",0,0,0,0,0,0,0,0,0,0,964008,15143,7714,6373,3722,1150,674,737,405,24
UCB appendix,8,ok,100000,26341,73659,26291,1,0,10480.8192431,2.50848711252,0.136657001759,0,0,certificate,"{""n_1"": 1171, ""n_10"": 15829, ""n_2"": 1171, ""n_3"": 1171, ""n_4"": 1171, ""n_5"": 1158, ""n_6"": 1171, ""n_7"": 1158, ""n_8"": 1133, ""n_9"": 1158}","{""N_on_1"": 0, ""N_on_10"": 73659, ""N_on_2"": 0, ""N_on_3"": 0, ""N_on_4"": 0, ""N_on_5"": 0, ""N_on_6"": 0, ""N_on_7"": 0, ""N_on_8"": 0, ""N_on_9"": 0}",1171,1171,1171,1171,1158,1171,1158,1133,1158,15829,0,0,0,0,0,0,0,0,0,73659
UCB direct,8,ok,100000,22512,77488,22462,1,0,10480.8192431,2.14315307601,0.163378994339,0,0,certificate,"{""n_1"": 1026, ""n_10"": 13300, ""n_2"": 1026, ""n_3"": 1026, ""n_4"": 1026, ""n_5"": 1014, ""n_6"": 1026, ""n_7"": 1014, ""n_8"": 990, ""n_9"": 1014}","{""N_on_1"": 0, ""N_on_10"": 77488, ""N_on_2"": 0, ""N_on_3"": 0, ""N_on_4"": 0, ""N_on_5"": 0, ""N_on_6"": 0, ""N_on_7"": 0, ""N_on_8"": 0, ""N_on_9"": 0}",1026,1026,1026,1026,1014,1026,1014,990,1014,13300,0,0,0,0,0,0,0,0,0,77488
TS appendix,8,ok,100000,41978,58022,41928,1,0,10480.8192431,4.00045063534,0.189434650135,0,0,certificate,"{""n_1"": 1694, ""n_10"": 26746, ""n_2"": 1694, ""n_3"": 1694, ""n_4"": 1694, ""n_5"": 1683, ""n_6"": 1694, ""n_7"": 1683, ""n_8"": 1663, ""n_9"": 1683}","{""N_on_1"": 0, ""N_on_10"": 58022, ""N_on_2"": 0, ""N_on_3"": 0, ""N_on_4"": 0, ""N_on_5"": 0, ""N_on_6"": 0, ""N_on_7"": 0, ""N_on_8"": 0, ""N_on_9"": 0}",1694,1694,1694,1694,1683,1694,1683,1663,1683,26746,0,0,0,0,0,0,0,0,0,58022
TS direct,8,ok,100000,33085,66915,33035,1,0,10480.8192431,3.15194826222,0.211700000058,0,0,certificate,"{""n_1"": 1359, ""n_10"": 20859, ""n_2"": 1359, ""n_3"": 1359, ""n_4"": 1359, ""n_5"": 1350, ""n_6"": 1359, ""n_7"": 1350, ""n_8"": 1331, ""n_9"": 1350}","{""N_on_1"": 0, ""N_on_10"": 66915, ""N_on_2"": 0, ""N_on_3"": 0, ""N_on_4"": 0, ""N_on_5"": 0, ""N_on_6"": 0, ""N_on_7"": 0, ""N_on_8"": 0, ""N_on_9"": 0}",1359,1359,1359,1359,1350,1359,1350,1331,1350,20859,0,0,0,0,0,0,0,0,0,66915
UCB clean,8,ok,100000,50,99950,0,0.000280140070035,99922,10480.8192431,0,,,,clean_no_attack,"{""n_1"": 0, ""n_10"": 0, ""n_2"": 0, ""n_3"": 0, ""n_4"": 0, ""n_5"": 0, ""n_6"": 0, ""n_7"": 0, ""n_8"": 0, ""n_9"": 0}","{""N_on_1"": 63650, ""N_on_10"": 28, ""N_on_2"": 11503, ""N_on_3"": 6161, ""N_on_4"": 7292, ""N_on_5"": 6759, ""N_on_6"": 2032, ""N_on_7"": 1181, ""N_on_8"": 1013, ""N_on_9"": 331}",0,0,0,0,0,0,0,0,0,0,63650,11503,6161,7292,6759,2032,1181,1013,331,28
TS clean,8,ok,100000,50,99950,0,0.000170085042521,99933,10480.8192431,0,,,,clean_no_attack,"{""n_1"": 0, ""n_10"": 0, ""n_2"": 0, ""n_3"": 0, ""n_4"": 0, ""n_5"": 0, ""n_6"": 0, ""n_7"": 0, ""n_8"": 0, ""n_9"": 0}","{""N_on_1"": 79012, ""N_on_10"": 17, ""N_on_2"": 8505, ""N_on_3"": 4268, ""N_on_4"": 3311, ""N_on_5"": 2569, ""N_on_6"": 1120, ""N_on_7"": 435, ""N_on_8"": 468, ""N_on_9"": 245}",0,0,0,0,0,0,0,0,0,0,79012,8505,4268,3311,2569,1120,435,468,245,17
UCB appendix,8,ok,250000,48838,201162,48788,1,0,19804.9881347,2.46341980456,0.107211904529,0,0,certificate,"{""n_1"": 2096, ""n_10"": 30022, ""n_2"": 2096, ""n_3"": 2096, ""n_4"": 2096, ""n_5"": 2080, ""n_6"": 2096, ""n_7"": 2080, ""n_8"": 2046, ""n_9"": 2080}","{""N_on_1"": 0, ""N_on_10"": 201162, ""N_on_2"": 0, ""N_on_3"": 0, ""N_on_4"": 0, ""N_on_5"": 0, ""N_on_6"": 0, ""N_on_7"": 0, ""N_on_8"": 0, ""N_on_9"": 0}",2096,2096,2096,2096,2080,2096,2080,2046,2080,30022,0,0,0,0,0,0,0,0,0,201162
UCB direct,8,ok,250000,43339,206661,43289,1,0,19804.9881347,2.18576248093,0.124535984913,0,0,certificate,"{""n_1"": 1878, ""n_10"": 26482, ""n_2"": 1878, ""n_3"": 1878, ""n_4"": 1878, ""n_5"": 1862, ""n_6"": 1878, ""n_7"": 1862, ""n_8"": 1831, ""n_9"": 1862}","{""N_on_1"": 0, ""N_on_10"": 206661, ""N_on_2"": 0, ""N_on_3"": 0, ""N_on_4"": 0, ""N_on_5"": 0, ""N_on_6"": 0, ""N_on_7"": 0, ""N_on_8"": 0, ""N_on_9"": 0}",1878,1878,1878,1878,1862,1878,1862,1831,1862,26482,0,0,0,0,0,0,0,0,0,206661
TS appendix,8,ok,250000,74807,175193,74757,1,0,19804.9881347,3.77465512686,0.147787878961,0,0,certificate,"{""n_1"": 2934, ""n_10"": 48430, ""n_2"": 2934, ""n_3"": 2934, ""n_4"": 2934, ""n_5"": 2921, ""n_6"": 2934, ""n_7"": 2921, ""n_8"": 2894, ""n_9"": 2921}","{""N_on_1"": 0, ""N_on_10"": 175193, ""N_on_2"": 0, ""N_on_3"": 0, ""N_on_4"": 0, ""N_on_5"": 0, ""N_on_6"": 0, ""N_on_7"": 0, ""N_on_8"": 0, ""N_on_9"": 0}",2934,2934,2934,2934,2921,2934,2921,2894,2921,48430,0,0,0,0,0,0,0,0,0,175193
TS direct,8,ok,250000,62703,187297,62653,1,0,19804.9881347,3.16349596243,0.160850000068,0,0,certificate,"{""n_1"": 2480, ""n_10"": 40405, ""n_2"": 2480, ""n_3"": 2480, ""n_4"": 2480, ""n_5"": 2468, ""n_6"": 2480, ""n_7"": 2468, ""n_8"": 2444, ""n_9"": 2468}","{""N_on_1"": 0, ""N_on_10"": 187297, ""N_on_2"": 0, ""N_on_3"": 0, ""N_on_4"": 0, ""N_on_5"": 0, ""N_on_6"": 0, ""N_on_7"": 0, ""N_on_8"": 0, ""N_on_9"": 0}",2480,2480,2480,2480,2468,2480,2468,2444,2468,40405,0,0,0,0,0,0,0,0,0,187297
UCB clean,8,ok,250000,50,249950,0,0.000124024804961,249919,19804.9881347,0,,,,clean_no_attack,"{""n_1"": 0, ""n_10"": 0, ""n_2"": 0, ""n_3"": 0, ""n_4"": 0, ""n_5"": 0, ""n_6"": 0, ""n_7"": 0, ""n_8"": 0, ""n_9"": 0}","{""N_on_1"": 191114, ""N_on_10"": 31, ""N_on_2"": 22960, ""N_on_3"": 9131, ""N_on_4"": 10976, ""N_on_5"": 10007, ""N_on_6"": 2621, ""N_on_7"": 1454, ""N_on_8"": 1233, ""N_on_9"": 423}",0,0,0,0,0,0,0,0,0,0,191114,22960,9131,10976,10007,2621,1454,1233,423,31
TS clean,8,ok,250000,50,249950,0,7.20144028806e-05,249932,19804.9881347,0,,,,clean_no_attack,"{""n_1"": 0, ""n_10"": 0, ""n_2"": 0, ""n_3"": 0, ""n_4"": 0, ""n_5"": 0, ""n_6"": 0, ""n_7"": 0, ""n_8"": 0, ""n_9"": 0}","{""N_on_1"": 223140, ""N_on_10"": 18, ""N_on_2"": 11200, ""N_on_3"": 5828, ""N_on_4"": 3736, ""N_on_5"": 3334, ""N_on_6"": 1350, ""N_on_7"": 521, ""N_on_8"": 533, ""N_on_9"": 290}",0,0,0,0,0,0,0,0,0,0,223140,11200,5828,3736,3334,1350,521,533,290,18
UCB appendix,8,ok,400000,67128,332872,67078,1,0,27430.1264007,2.44541344871,0.0943245607163,0,0,certificate,"{""n_1"": 2837, ""n_10"": 41660, ""n_2"": 2837, ""n_3"": 2837, ""n_4"": 2837, ""n_5"": 2818, ""n_6"": 2837, ""n_7"": 2818, ""n_8"": 2779, ""n_9"": 2818}","{""N_on_1"": 0, ""N_on_10"": 332872, ""N_on_2"": 0, ""N_on_3"": 0, ""N_on_4"": 0, ""N_on_5"": 0, ""N_on_6"": 0, ""N_on_7"": 0, ""N_on_8"": 0, ""N_on_9"": 0}",2837,2837,2837,2837,2818,2837,2818,2779,2818,41660,0,0,0,0,0,0,0,0,0,332872
UCB direct,8,ok,400000,60515,339485,60465,1,0,27430.1264007,2.20432815791,0.108003395267,0,0,certificate,"{""n_1"": 2575, ""n_10"": 37398, ""n_2"": 2575, ""n_3"": 2575, ""n_4"": 2575, ""n_5"": 2557, ""n_6"": 2575, ""n_7"": 2557, ""n_8"": 2521, ""n_9"": 2557}","{""N_on_1"": 0, ""N_on_10"": 339485, ""N_on_2"": 0, ""N_on_3"": 0, ""N_on_4"": 0, ""N_on_5"": 0, ""N_on_6"": 0, ""N_on_7"": 0, ""N_on_8"": 0, ""N_on_9"": 0}",2575,2575,2575,2575,2557,2575,2557,2521,2557,37398,0,0,0,0,0,0,0,0,0,339485
TS appendix,8,ok,400000,101081,298919,101031,1,0,27430.1264007,3.68321306742,0.129581832144,0,0,certificate,"{""n_1"": 3919, ""n_10"": 65851, ""n_2"": 3919, ""n_3"": 3919, ""n_4"": 3919, ""n_5"": 3904, ""n_6"": 3919, ""n_7"": 3904, ""n_8"": 3873, ""n_9"": 3904}","{""N_on_1"": 0, ""N_on_10"": 298919, ""N_on_2"": 0, ""N_on_3"": 0, ""N_on_4"": 0, ""N_on_5"": 0, ""N_on_6"": 0, ""N_on_7"": 0, ""N_on_8"": 0, ""N_on_9"": 0}",3919,3919,3919,3919,3904,3919,3904,3873,3904,65851,0,0,0,0,0,0,0,0,0,298919
TS direct,8,ok,400000,86870,313130,86820,1,0,27430.1264007,3.16513306326,0.139100000072,0,0,certificate,"{""n_1"": 3404, ""n_10"": 56268, ""n_2"": 3404, ""n_3"": 3404, ""n_4"": 3404, ""n_5"": 3390, ""n_6"": 3404, ""n_7"": 3390, ""n_8"": 3362, ""n_9"": 3390}","{""N_on_1"": 0, ""N_on_10"": 313130, ""N_on_2"": 0, ""N_on_3"": 0, ""N_on_4"": 0, ""N_on_5"": 0, ""N_on_6"": 0, ""N_on_7"": 0, ""N_on_8"": 0, ""N_on_9"": 0}",3404,3404,3404,3404,3390,3404,3390,3362,3390,56268,0,0,0,0,0,0,0,0,0,313130
UCB clean,8,ok,400000,50,399950,0,8.00100012502e-05,399918,27430.1264007,0,,,,clean_no_attack,"{""n_1"": 0, ""n_10"": 0, ""n_2"": 0, ""n_3"": 0, ""n_4"": 0, ""n_5"": 0, ""n_6"": 0, ""n_7"": 0, ""n_8"": 0, ""n_9"": 0}","{""N_on_1"": 331567, ""N_on_10"": 32, ""N_on_2"": 28685, ""N_on_3"": 10271, ""N_on_4"": 11858, ""N_on_5"": 11403, ""N_on_6"": 2863, ""N_on_7"": 1539, ""N_on_8"": 1279, ""N_on_9"": 453}",0,0,0,0,0,0,0,0,0,0,331567,28685,10271,11858,11403,2863,1539,1279,453,32
TS clean,8,ok,400000,50,399950,0,4.75059382423e-05,399931,27430.1264007,0,,,,clean_no_attack,"{""n_1"": 0, ""n_10"": 0, ""n_2"": 0, ""n_3"": 0, ""n_4"": 0, ""n_5"": 0, ""n_6"": 0, ""n_7"": 0, ""n_8"": 0, ""n_9"": 0}","{""N_on_1"": 370972, ""N_on_10"": 19, ""N_on_2"": 12232, ""N_on_3"": 6226, ""N_on_4"": 3980, ""N_on_5"": 3638, ""N_on_6"": 1451, ""N_on_7"": 579, ""N_on_8"": 554, ""N_on_9"": 299}",0,0,0,0,0,0,0,0,0,0,370972,12232,6226,3980,3638,1451,579,554,299,19
UCB appendix,8,ok,550000,83308,466692,83258,1,0,34194.8051657,2.43481428236,0.0863790398846,0,0,certificate,"{""n_1"": 3487, ""n_10"": 52001, ""n_2"": 3487, ""n_3"": 3487, ""n_4"": 3487, ""n_5"": 3466, ""n_6"": 3487, ""n_7"": 3466, ""n_8"": 3424, ""n_9"": 3466}","{""N_on_1"": 0, ""N_on_10"": 466692, ""N_on_2"": 0, ""N_on_3"": 0, ""N_on_4"": 0, ""N_on_5"": 0, ""N_on_6"": 0, ""N_on_7"": 0, ""N_on_8"": 0, ""N_on_9"": 0}",3487,3487,3487,3487,3466,3487,3466,3424,3466,52001,0,0,0,0,0,0,0,0,0,466692
UCB direct,8,ok,550000,75822,474178,75772,1,0,34194.8051657,2.21589214013,0.0978604431655,0,0,certificate,"{""n_1"": 3202, ""n_10"": 47074, ""n_2"": 3202, ""n_3"": 3202, ""n_4"": 3202, ""n_5"": 3182, ""n_6"": 3202, ""n_7"": 3182, ""n_8"": 3142, ""n_9"": 3182}","{""N_on_1"": 0, ""N_on_10"": 474178, ""N_on_2"": 0, ""N_on_3"": 0, ""N_on_4"": 0, ""N_on_5"": 0, ""N_on_6"": 0, ""N_on_7"": 0, ""N_on_8"": 0, ""N_on_9"": 0}",3202,3202,3202,3202,3182,3202,3182,3142,3182,47074,0,0,0,0,0,0,0,0,0,474178
TS appendix,8,ok,550000,124131,425869,124081,1,0,34194.8051657,3.62865059177,0.118377732248,0,0,certificate,"{""n_1"": 4780, ""n_10"": 81163, ""n_2"": 4780, ""n_3"": 4780, ""n_4"": 4780, ""n_5"": 4763, ""n_6"": 4780, ""n_7"": 4763, ""n_8"": 4729, ""n_9"": 4763}","{""N_on_1"": 0, ""N_on_10"": 425869, ""N_on_2"": 0, ""N_on_3"": 0, ""N_on_4"": 0, ""N_on_5"": 0, ""N_on_6"": 0, ""N_on_7"": 0, ""N_on_8"": 0, ""N_on_9"": 0}",4780,4780,4780,4780,4763,4780,4763,4729,4763,81163,0,0,0,0,0,0,0,0,0,425869
TS direct,8,ok,550000,108277,441723,108227,1,0,34194.8051657,3.16501291572,0.126450000075,0,0,certificate,"{""n_1"": 4192, ""n_10"": 70591, ""n_2"": 4192, ""n_3"": 4192, ""n_4"": 4192, ""n_5"": 4177, ""n_6"": 4192, ""n_7"": 4177, ""n_8"": 4145, ""n_9"": 4177}","{""N_on_1"": 0, ""N_on_10"": 441723, ""N_on_2"": 0, ""N_on_3"": 0, ""N_on_4"": 0, ""N_on_5"": 0, ""N_on_6"": 0, ""N_on_7"": 0, ""N_on_8"": 0, ""N_on_9"": 0}",4192,4192,4192,4192,4177,4192,4177,4145,4177,70591,0,0,0,0,0,0,0,0,0,441723
UCB clean,8,ok,550000,50,549950,0,6.00054550414e-05,549917,34194.8051657,0,,,,clean_no_attack,"{""n_1"": 0, ""n_10"": 0, ""n_2"": 0, ""n_3"": 0, ""n_4"": 0, ""n_5"": 0, ""n_6"": 0, ""n_7"": 0, ""n_8"": 0, ""n_9"": 0}","{""N_on_1"": 474883, ""N_on_10"": 33, ""N_on_2"": 32689, ""N_on_3"": 11194, ""N_on_4"": 12533, ""N_on_5"": 11972, ""N_on_6"": 3012, ""N_on_7"": 1847, ""N_on_8"": 1304, ""N_on_9"": 483}",0,0,0,0,0,0,0,0,0,0,474883,32689,11194,12533,11972,3012,1847,1304,483,33
TS clean,8,ok,550000,50,549950,0,3.45485953268e-05,549931,34194.8051657,0,,,,clean_no_attack,"{""n_1"": 0, ""n_10"": 0, ""n_2"": 0, ""n_3"": 0, ""n_4"": 0, ""n_5"": 0, ""n_6"": 0, ""n_7"": 0, ""n_8"": 0, ""n_9"": 0}","{""N_on_1"": 519520, ""N_on_10"": 19, ""N_on_2"": 12904, ""N_on_3"": 6428, ""N_on_4"": 4217, ""N_on_5"": 3834, ""N_on_6"": 1541, ""N_on_7"": 610, ""N_on_8"": 572, ""N_on_9"": 305}",0,0,0,0,0,0,0,0,0,0,519520,12904,6428,4217,3834,1541,610,572,305,19
UCB appendix,8,ok,700000,98133,601867,98083,1,0,40401.8442017,2.42768620933,0.0807610486196,0,0,certificate,"{""n_1"": 4080, ""n_10"": 61500, ""n_2"": 4080, ""n_3"": 4080, ""n_4"": 4080, ""n_5"": 4057, ""n_6"": 4080, ""n_7"": 4057, ""n_8"": 4012, ""n_9"": 4057}","{""N_on_1"": 0, ""N_on_10"": 601867, ""N_on_2"": 0, ""N_on_3"": 0, ""N_on_4"": 0, ""N_on_5"": 0, ""N_on_6"": 0, ""N_on_7"": 0, ""N_on_8"": 0, ""N_on_9"": 0}",4080,4080,4080,4080,4057,4080,4057,4012,4057,61500,0,0,0,0,0,0,0,0,0,601867
UCB direct,8,ok,700000,89906,610094,89856,1,0,40401.8442017,2.22405689086,0.0911344742833,0,0,certificate,"{""n_1"": 3750, ""n_10"": 56234, ""n_2"": 3750, ""n_3"": 3750, ""n_4"": 3750, ""n_5"": 3729, ""n_6"": 3750, ""n_7"": 3729, ""n_8"": 3685, ""n_9"": 3729}","{""N_on_1"": 0, ""N_on_10"": 610094, ""N_on_2"": 0, ""N_on_3"": 0, ""N_on_4"": 0, ""N_on_5"": 0, ""N_on_6"": 0, ""N_on_7"": 0, ""N_on_8"": 0, ""N_on_9"": 0}",3750,3750,3750,3750,3729,3750,3729,3685,3729,56234,0,0,0,0,0,0,0,0,0,610094
TS appendix,8,ok,700000,145126,554874,145076,1,0,40401.8442017,3.59082618298,0.110468907184,0,0,certificate,"{""n_1"": 5562, ""n_10"": 95126, ""n_2"": 5562, ""n_3"": 5562, ""n_4"": 5562, ""n_5"": 5544, ""n_6"": 5562, ""n_7"": 5544, ""n_8"": 5508, ""n_9"": 5544}","{""N_on_1"": 0, ""N_on_10"": 554874, ""N_on_2"": 0, ""N_on_3"": 0, ""N_on_4"": 0, ""N_on_5"": 0, ""N_on_6"": 0, ""N_on_7"": 0, ""N_on_8"": 0, ""N_on_9"": 0}",5562,5562,5562,5562,5544,5562,5544,5508,5544,95126,0,0,0,0,0,0,0,0,0,554874
TS direct,8,ok,700000,127897,572103,127847,1,0,40401.8442017,3.16438525335,0.117300000077,0,0,certificate,"{""n_1"": 4936, ""n_10"": 83525, ""n_2"": 4936, ""n_3"": 4936, ""n_4"": 4936, ""n_5"": 4919, ""n_6"": 4936, ""n_7"": 4919, ""n_8"": 4885, ""n_9"": 4919}","{""N_on_1"": 0, ""N_on_10"": 572103, ""N_on_2"": 0, ""N_on_3"": 0, ""N_on_4"": 0, ""N_on_5"": 0, ""N_on_6"": 0, ""N_on_7"": 0, ""N_on_8"": 0, ""N_on_9"": 0}",4936,4936,4936,4936,4919,4936,4919,4885,4919,83525,0,0,0,0,0,0,0,0,0,572103
UCB clean,8,ok,700000,50,699950,0,4.8574898207e-05,699916,40401.8442017,0,,,,clean_no_attack,"{""n_1"": 0, ""n_10"": 0, ""n_2"": 0, ""n_3"": 0, ""n_4"": 0, ""n_5"": 0, ""n_6"": 0, ""n_7"": 0, ""n_8"": 0, ""n_9"": 0}","{""N_on_1"": 620399, ""N_on_10"": 34, ""N_on_2"": 35792, ""N_on_3"": 11422, ""N_on_4"": 13071, ""N_on_5"": 12429, ""N_on_6"": 3037, ""N_on_7"": 1909, ""N_on_8"": 1371, ""N_on_9"": 486}",0,0,0,0,0,0,0,0,0,0,620399,35792,11422,13071,12429,3037,1909,1371,486,34
TS clean,8,ok,700000,50,699950,0,2.85734695335e-05,699930,40401.8442017,0,,,,clean_no_attack,"{""n_1"": 0, ""n_10"": 0, ""n_2"": 0, ""n_3"": 0, ""n_4"": 0, ""n_5"": 0, ""n_6"": 0, ""n_7"": 0, ""n_8"": 0, ""n_9"": 0}","{""N_on_1"": 668108, ""N_on_10"": 20, ""N_on_2"": 13608, ""N_on_3"": 6619, ""N_on_4"": 4482, ""N_on_5"": 3968, ""N_on_6"": 1606, ""N_on_7"": 638, ""N_on_8"": 592, ""N_on_9"": 309}",0,0,0,0,0,0,0,0,0,0,668108,13608,6619,4482,3968,1606,638,592,309,20
UCB appendix,8,ok,850000,111982,738018,111932,1,0,46204.9557279,2.42251070771,0.0764769950664,0,0,certificate,"{""n_1"": 4632, ""n_10"": 70389, ""n_2"": 4632, ""n_3"": 4632, ""n_4"": 4632, ""n_5"": 4608, ""n_6"": 4632, ""n_7"": 4608, ""n_8"": 4559, ""n_9"": 4608}","{""N_on_1"": 0, ""N_on_10"": 738018, ""N_on_2"": 0, ""N_on_3"": 0, ""N_on_4"": 0, ""N_on_5"": 0, ""N_on_6"": 0, ""N_on_7"": 0, ""N_on_8"": 0, ""N_on_9"": 0}",4632,4632,4632,4632,4608,4632,4608,4559,4608,70389,0,0,0,0,0,0,0,0,0,738018
UCB direct,8,ok,850000,103103,746897,103053,1,0,46204.9557279,2.23034517351,0.0859804571092,0,0,certificate,"{""n_1"": 4266, ""n_10"": 64797, ""n_2"": 4266, ""n_3"": 4266, ""n_4"": 4266, ""n_5"": 4243, ""n_6"": 4266, ""n_7"": 4243, ""n_8"": 4197, ""n_9"": 4243}","{""N_on_1"": 0, ""N_on_10"": 746897, ""N_on_2"": 0, ""N_on_3"": 0, ""N_on_4"": 0, ""N_on_5"": 0, ""N_on_6"": 0, ""N_on_7"": 0, ""N_on_8"": 0, ""N_on_9"": 0}",4266,4266,4266,4266,4243,4266,4243,4197,4243,64797,0,0,0,0,0,0,0,0,0,746897
TS appendix,8,ok,850000,164647,685353,164597,1,0,46204.9557279,3.56232350853,0.104446796395,0,0,certificate,"{""n_1"": 6288, ""n_10"": 108120, ""n_2"": 6288, ""n_3"": 6288, ""n_4"": 6288, ""n_5"": 6269, ""n_6"": 6288, ""n_7"": 6269, ""n_8"": 6230, ""n_9"": 6269}","{""N_on_1"": 0, ""N_on_10"": 685353, ""N_on_2"": 0, ""N_on_3"": 0, ""N_on_4"": 0, ""N_on_5"": 0, ""N_on_6"": 0, ""N_on_7"": 0, ""N_on_8"": 0, ""N_on_9"": 0}",6288,6288,6288,6288,6269,6288,6269,6230,6269,108120,0,0,0,0,0,0,0,0,0,685353
TS direct,8,ok,850000,146224,703776,146174,1,0,46204.9557279,3.16360004457,0.110300000078,0,0,certificate,"{""n_1"": 5641, ""n_10"": 95513, ""n_2"": 5641, ""n_3"": 5641, ""n_4"": 5641, ""n_5"": 5623, ""n_6"": 5641, ""n_7"": 5623, ""n_8"": 5587, ""n_9"": 5623}","{""N_on_1"": 0, ""N_on_10"": 703776, ""N_on_2"": 0, ""N_on_3"": 0, ""N_on_4"": 0, ""N_on_5"": 0, ""N_on_6"": 0, ""N_on_7"": 0, ""N_on_8"": 0, ""N_on_9"": 0}",5641,5641,5641,5641,5623,5641,5623,5587,5623,95513,0,0,0,0,0,0,0,0,0,703776
UCB clean,8,ok,850000,50,849950,0,4.11788928761e-05,849915,46204.9557279,0,,,,clean_no_attack,"{""n_1"": 0, ""n_10"": 0, ""n_2"": 0, ""n_3"": 0, ""n_4"": 0, ""n_5"": 0, ""n_6"": 0, ""n_7"": 0, ""n_8"": 0, ""n_9"": 0}","{""N_on_1"": 766428, ""N_on_10"": 35, ""N_on_2"": 37827, ""N_on_3"": 11884, ""N_on_4"": 13553, ""N_on_5"": 13136, ""N_on_6"": 3244, ""N_on_7"": 1936, ""N_on_8"": 1388, ""N_on_9"": 519}",0,0,0,0,0,0,0,0,0,0,766428,37827,11884,13553,13136,3244,1936,1388,519,35
TS clean,8,ok,850000,50,849950,0,2.47073357256e-05,849929,46204.9557279,0,,,,clean_no_attack,"{""n_1"": 0, ""n_10"": 0, ""n_2"": 0, ""n_3"": 0, ""n_4"": 0, ""n_5"": 0, ""n_6"": 0, ""n_7"": 0, ""n_8"": 0, ""n_9"": 0}","{""N_on_1"": 816727, ""N_on_10"": 21, ""N_on_2"": 14482, ""N_on_3"": 6751, ""N_on_4"": 4634, ""N_on_5"": 4110, ""N_on_6"": 1658, ""N_on_7"": 655, ""N_on_8"": 600, ""N_on_9"": 312}",0,0,0,0,0,0,0,0,0,0,816727,14482,6751,4634,4110,1658,655,600,312,21
UCB appendix,8,ok,1000000,125065,874935,125015,1,0,51695.8459325,2.41827941385,0.0730488474996,0,0,certificate,"{""n_1"": 5151, ""n_10"": 78806, ""n_2"": 5151, ""n_3"": 5151, ""n_4"": 5151, ""n_5"": 5126, ""n_6"": 5151, ""n_7"": 5126, ""n_8"": 5076, ""n_9"": 5126}","{""N_on_1"": 0, ""N_on_10"": 874935, ""N_on_2"": 0, ""N_on_3"": 0, ""N_on_4"": 0, ""N_on_5"": 0, ""N_on_6"": 0, ""N_on_7"": 0, ""N_on_8"": 0, ""N_on_9"": 0}",5151,5151,5151,5151,5126,5151,5126,5076,5126,78806,0,0,0,0,0,0,0,0,0,874935
UCB direct,8,ok,1000000,115614,884386,115564,1,0,51695.8459325,2.23546008225,0.0814651850873,0,0,certificate,"{""n_1"": 4801, ""n_10"": 72500, ""n_2"": 4801, ""n_3"": 4801, ""n_4"": 4801, ""n_5"": 4777, ""n_6"": 4801, ""n_7"": 4777, ""n_8"": 4728, ""n_9"": 4777}","{""N_on_1"": 0, ""N_on_10"": 884386, ""N_on_2"": 0, ""N_on_3"": 0, ""N_on_4"": 0, ""N_on_5"": 0, ""N_on_6"": 0, ""N_on_7"": 0, ""N_on_8"": 0, ""N_on_9"": 0}",4801,4801,4801,4801,4777,4801,4777,4728,4777,72500,0,0,0,0,0,0,0,0,0,884386
TS appendix,8,ok,1000000,183040,816960,182990,1,0,51695.8459325,3.53974283038,0.0996340791135,0,0,certificate,"{""n_1"": 6971, ""n_10"": 120371, ""n_2"": 6971, ""n_3"": 6971, ""n_4"": 6971, ""n_5"": 6951, ""n_6"": 6971, ""n_7"": 6951, ""n_8"": 6911, ""n_9"": 6951}","{""N_on_1"": 0, ""N_on_10"": 816960, ""N_on_2"": 0, ""N_on_3"": 0, ""N_on_4"": 0, ""N_on_5"": 0, ""N_on_6"": 0, ""N_on_7"": 0, ""N_on_8"": 0, ""N_on_9"": 0}",6971,6971,6971,6971,6951,6971,6951,6911,6951,120371,0,0,0,0,0,0,0,0,0,816960
TS direct,8,ok,1000000,163551,836449,163501,1,0,51695.8459325,3.16274928964,0.105100000079,0,0,certificate,"{""n_1"": 6268, ""n_10"": 107203, ""n_2"": 6268, ""n_3"": 6268, ""n_4"": 6268, ""n_5"": 6249, ""n_6"": 6268, ""n_7"": 6249, ""n_8"": 6211, ""n_9"": 6249}","{""N_on_1"": 0, ""N_on_10"": 836449, ""N_on_2"": 0, ""N_on_3"": 0, ""N_on_4"": 0, ""N_on_5"": 0, ""N_on_6"": 0, ""N_on_7"": 0, ""N_on_8"": 0, ""N_on_9"": 0}",6268,6268,6268,6268,6249,6268,6249,6211,6249,107203,0,0,0,0,0,0,0,0,0,836449
UCB clean,8,ok,1000000,50,999950,0,3.50017500875e-05,999915,51695.8459325,0,,,,clean_no_attack,"{""n_1"": 0, ""n_10"": 0, ""n_2"": 0, ""n_3"": 0, ""n_4"": 0, ""n_5"": 0, ""n_6"": 0, ""n_7"": 0, ""n_8"": 0, ""n_9"": 0}","{""N_on_1"": 914214, ""N_on_10"": 35, ""N_on_2"": 39478, ""N_on_3"": 12031, ""N_on_4"": 13729, ""N_on_5"": 13275, ""N_on_6"": 3292, ""N_on_7"": 1967, ""N_on_8"": 1402, ""N_on_9"": 527}",0,0,0,0,0,0,0,0,0,0,914214,39478,12031,13729,13275,3292,1967,1402,527,35
TS clean,8,ok,1000000,50,999950,0,2.30011500575e-05,999927,51695.8459325,0,,,,clean_no_attack,"{""n_1"": 0, ""n_10"": 0, ""n_2"": 0, ""n_3"": 0, ""n_4"": 0, ""n_5"": 0, ""n_6"": 0, ""n_7"": 0, ""n_8"": 0, ""n_9"": 0}","{""N_on_1"": 965614, ""N_on_10"": 23, ""N_on_2"": 15040, ""N_on_3"": 6922, ""N_on_4"": 4847, ""N_on_5"": 4221, ""N_on_6"": 1682, ""N_on_7"": 672, ""N_on_8"": 612, ""N_on_9"": 317}",0,0,0,0,0,0,0,0,0,0,965614,15040,6922,4847,4221,1682,672,612,317,23
UCB appendix,9,ok,100000,26332,73668,26282,1,0,10480.8192431,2.50762840102,0.136627771934,0,0,certificate,"{""n_1"": 1159, ""n_10"": 15825, ""n_2"": 1172, ""n_3"": 1159, ""n_4"": 1172, ""n_5"": 1159, ""n_6"": 1159, ""n_7"": 1172, ""n_8"": 1159, ""n_9"": 1146}","{""N_on_1"": 0, ""N_on_10"": 73668, ""N_on_2"": 0, ""N_on_3"": 0, ""N_on_4"": 0, ""N_on_5"": 0, ""N_on_6"": 0, ""N_on_7"": 0, ""N_on_8"": 0, ""N_on_9"": 0}",1159,1172,1159,1172,1159,1159,1172,1159,1146,15825,0,0,0,0,0,0,0,0,0,73668
UCB direct,9,ok,100000,22502,77498,22452,1,0,10480.8192431,2.14219895212,0.163378994339,0,0,certificate,"{""n_1"": 1014, ""n_10"": 13302, ""n_2"": 1026, ""n_3"": 1014, ""n_4"": 1026, ""n_5"": 1014, ""n_6"": 1014, ""n_7"": 1026, ""n_8"": 1014, ""n_9"": 1002}","{""N_on_1"": 0, ""N_on_10"": 77498, ""N_on_2"": 0, ""N_on_3"": 0, ""N_on_4"": 0, ""N_on_5"": 0, ""N_on_6"": 0, ""N_on_7"": 0, ""N_on_8"": 0, ""N_on_9"": 0}",1014,1026,1014,1026,1014,1014,1026,1014,1002,13302,0,0,0,0,0,0,0,0,0,77498
TS appendix,9,ok,100000,41968,58032,41918,1,0,10480.8192431,3.99949651145,0.189415402747,0,0,certificate,"{""n_1"": 1684, ""n_10"": 26743, ""n_2"": 1694, ""n_3"": 1684, ""n_4"": 1694, ""n_5"": 1684, ""n_6"": 1684, ""n_7"": 1694, ""n_8"": 1684, ""n_9"": 1673}","{""N_on_1"": 0, ""N_on_10"": 58032, ""N_on_2"": 0, ""N_on_3"": 0, ""N_on_4"": 0, ""N_on_5"": 0, ""N_on_6"": 0, ""N_on_7"": 0, ""N_on_8"": 0, ""N_on_9"": 0}",1684,1694,1684,1694,1684,1684,1694,1684,1673,26743,0,0,0,0,0,0,0,0,0,58032
TS direct,9,ok,100000,33079,66921,33029,1,0,10480.8192431,3.15137578789,0.211700000058,0,0,certificate,"{""n_1"": 1350, ""n_10"": 20861, ""n_2"": 1359, ""n_3"": 1350, ""n_4"": 1359, ""n_5"": 1350, ""n_6"": 1350, ""n_7"": 1359, ""n_8"": 1350, ""n_9"": 1341}","{""N_on_1"": 0, ""N_on_10"": 66921, ""N_on_2"": 0, ""N_on_3"": 0, ""N_on_4"": 0, ""N_on_5"": 0, ""N_on_6"": 0, ""N_on_7"": 0, ""N_on_8"": 0, ""N_on_9"": 0}",1350,1359,1350,1359,1350,1350,1359,1350,1341,20861,0,0,0,0,0,0,0,0,0,66921
UCB clean,9,ok,100000,50,99950,0,0.000280140070035,99922,10480.8192431,0,,,,clean_no_attack,"{""n_1"": 0, ""n_10"": 0, ""n_2"": 0, ""n_3"": 0, ""n_4"": 0, ""n_5"": 0, ""n_6"": 0, ""n_7"": 0, ""n_8"": 0, ""n_9"": 0}","{""N_on_1"": 60111, ""N_on_10"": 28, ""N_on_2"": 13087, ""N_on_3"": 10145, ""N_on_4"": 5825, ""N_on_5"": 6968, ""N_on_6"": 1568, ""N_on_7"": 856, ""N_on_8"": 908, ""N_on_9"": 454}",0,0,0,0,0,0,0,0,0,0,60111,13087,10145,5825,6968,1568,856,908,454,28
TS clean,9,ok,100000,50,99950,0,0.000200100050025,99930,10480.8192431,0,,,,clean_no_attack,"{""n_1"": 0, ""n_10"": 0, ""n_2"": 0, ""n_3"": 0, ""n_4"": 0, ""n_5"": 0, ""n_6"": 0, ""n_7"": 0, ""n_8"": 0, ""n_9"": 0}","{""N_on_1"": 80427, ""N_on_10"": 20, ""N_on_2"": 7656, ""N_on_3"": 4099, ""N_on_4"": 2038, ""N_on_5"": 3340, ""N_on_6"": 764, ""N_on_7"": 688, ""N_on_8"": 636, ""N_on_9"": 282}",0,0,0,0,0,0,0,0,0,0,80427,7656,4099,2038,3340,764,688,636,282,20
UCB appendix,9,ok,250000,48821,201179,48771,1,0,19804.9881347,2.46256143495,0.107195254111,0,0,certificate,"{""n_1"": 2080, ""n_10"": 30017, ""n_2"": 2097, ""n_3"": 2080, ""n_4"": 2097, ""n_5"": 2080, ""n_6"": 2080, ""n_7"": 2097, ""n_8"": 2080, ""n_9"": 2063}","{""N_on_1"": 0, ""N_on_10"": 201179, ""N_on_2"": 0, ""N_on_3"": 0, ""N_on_4"": 0, ""N_on_5"": 0, ""N_on_6"": 0, ""N_on_7"": 0, ""N_on_8"": 0, ""N_on_9"": 0}",2080,2097,2080,2097,2080,2080,2097,2080,2063,30017,0,0,0,0,0,0,0,0,0,201179
UCB direct,9,ok,250000,43325,206675,43275,1,0,19804.9881347,2.18505558831,0.124099016545,0,0,certificate,"{""n_1"": 1875, ""n_10"": 26368, ""n_2"": 1891, ""n_3"": 1875, ""n_4"": 1891, ""n_5"": 1875, ""n_6"": 1875, ""n_7"": 1891, ""n_8"": 1875, ""n_9"": 1859}","{""N_on_1"": 0, ""N_on_10"": 206675, ""N_on_2"": 0, ""N_on_3"": 0, ""N_on_4"": 0, ""N_on_5"": 0, ""N_on_6"": 0, ""N_on_7"": 0, ""N_on_8"": 0, ""N_on_9"": 0}",1875,1891,1875,1891,1875,1875,1891,1875,1859,26368,0,0,0,0,0,0,0,0,0,206675
TS appendix,9,ok,250000,74794,175206,74744,1,0,19804.9881347,3.77399872657,0.147776407302,0,0,certificate,"{""n_1"": 2921, ""n_10"": 48426, ""n_2"": 2935, ""n_3"": 2921, ""n_4"": 2935, ""n_5"": 2921, ""n_6"": 2921, ""n_7"": 2935, ""n_8"": 2921, ""n_9"": 2908}","{""N_on_1"": 0, ""N_on_10"": 175206, ""N_on_2"": 0, ""N_on_3"": 0, ""N_on_4"": 0, ""N_on_5"": 0, ""N_on_6"": 0, ""N_on_7"": 0, ""N_on_8"": 0, ""N_on_9"": 0}",2921,2935,2921,2935,2921,2921,2935,2921,2908,48426,0,0,0,0,0,0,0,0,0,175206
TS direct,9,ok,250000,62693,187307,62643,1,0,19804.9881347,3.16299103913,0.160850000068,0,0,certificate,"{""n_1"": 2468, ""n_10"": 40407, ""n_2"": 2480, ""n_3"": 2468, ""n_4"": 2480, ""n_5"": 2468, ""n_6"": 2468, ""n_7"": 2480, ""n_8"": 2468, ""n_9"": 2456}","{""N_on_1"": 0, ""N_on_10"": 187307, ""N_on_2"": 0, ""N_on_3"": 0, ""N_on_4"": 0, ""N_on_5"": 0, ""N_on_6"": 0, ""N_on_7"": 0, ""N_on_8"": 0, ""N_on_9"": 0}",2468,2480,2468,2480,2468,2468,2480,2468,2456,40407,0,0,0,0,0,0,0,0,0,187307
UCB clean,9,ok,250000,50,249950,0,0.000124024804961,249919,19804.9881347,0,,,,clean_no_attack,"{""n_1"": 0, ""n_10"": 0, ""n_2"": 0, ""n_3"": 0, ""n_4"": 0, ""n_5"": 0, ""n_6"": 0, ""n_7"": 0, ""n_8"": 0, ""n_9"": 0}","{""N_on_1"": 190334, ""N_on_10"": 31, ""N_on_2"": 23792, ""N_on_3"": 14121, ""N_on_4"": 7667, ""N_on_5"": 9531, ""N_on_6"": 1851, ""N_on_7"": 947, ""N_on_8"": 1157, ""N_on_9"": 519}",0,0,0,0,0,0,0,0,0,0,190334,23792,14121,7667,9531,1851,947,1157,519,31
TS clean,9,ok,250000,50,249950,0,8.40168033607e-05,249929,19804.9881347,0,,,,clean_no_attack,"{""n_1"": 0, ""n_10"": 0, ""n_2"": 0, ""n_3"": 0, ""n_4"": 0, ""n_5"": 0, ""n_6"": 0, ""n_7"": 0, ""n_8"": 0, ""n_9"": 0}","{""N_on_1"": 224108, ""N_on_10"": 21, ""N_on_2"": 10098, ""N_on_3"": 5799, ""N_on_4"": 2507, ""N_on_5"": 4592, ""N_on_6"": 968, ""N_on_7"": 794, ""N_on_8"": 747, ""N_on_9"": 316}",0,0,0,0,0,0,0,0,0,0,224108,10098,5799,2507,4592,968,794,747,316,21
UCB appendix,9,ok,400000,67112,332888,67062,1,0,27430.1264007,2.44483014845,0.0943121572504,0,0,certificate,"{""n_1"": 2819, ""n_10"": 41654, ""n_2"": 2838, ""n_3"": 2819, ""n_4"": 2838, ""n_5"": 2819, ""n_6"": 2819, ""n_7"": 2838, ""n_8"": 2819, ""n_9"": 2799}","{""N_on_1"": 0, ""N_on_10"": 332888, ""N_on_2"": 0, ""N_on_3"": 0, ""N_on_4"": 0, ""N_on_5"": 0, ""N_on_6"": 0, ""N_on_7"": 0, ""N_on_8"": 0, ""N_on_9"": 0}",2819,2838,2819,2838,2819,2819,2838,2819,2799,41654,0,0,0,0,0,0,0,0,0,332888
UCB direct,9,ok,400000,60499,339501,60449,1,0,27430.1264007,2.20374485764,0.108003395267,0,0,certificate,"{""n_1"": 2557, ""n_10"": 37400, ""n_2"": 2575, ""n_3"": 2557, ""n_4"": 2575, ""n_5"": 2557, ""n_6"": 2557, ""n_7"": 2575, ""n_8"": 2557, ""n_9"": 2539}","{""N_on_1"": 0, ""N_on_10"": 339501, ""N_on_2"": 0, ""N_on_3"": 0, ""N_on_4"": 0, ""N_on_5"": 0, ""N_on_6"": 0, ""N_on_7"": 0, ""N_on_8"": 0, ""N_on_9"": 0}",2557,2575,2557,2575,2557,2557,2575,2557,2539,37400,0,0,0,0,0,0,0,0,0,339501
TS appendix,9,ok,400000,101065,298935,101015,1,0,27430.1264007,3.68262976716,0.12957312941,0,0,certificate,"{""n_1"": 3904, ""n_10"": 65846, ""n_2"": 3920, ""n_3"": 3904, ""n_4"": 3920, ""n_5"": 3904, ""n_6"": 3904, ""n_7"": 3920, ""n_8"": 3904, ""n_9"": 3889}","{""N_on_1"": 0, ""N_on_10"": 298935, ""N_on_2"": 0, ""N_on_3"": 0, ""N_on_4"": 0, ""N_on_5"": 0, ""N_on_6"": 0, ""N_on_7"": 0, ""N_on_8"": 0, ""N_on_9"": 0}",3904,3920,3904,3920,3904,3904,3920,3904,3889,65846,0,0,0,0,0,0,0,0,0,298935
TS direct,9,ok,400000,86858,313142,86808,1,0,27430.1264007,3.16469558806,0.139100000072,0,0,certificate,"{""n_1"": 3390, ""n_10"": 56270, ""n_2"": 3404, ""n_3"": 3390, ""n_4"": 3404, ""n_5"": 3390, ""n_6"": 3390, ""n_7"": 3404, ""n_8"": 3390, ""n_9"": 3376}","{""N_on_1"": 0, ""N_on_10"": 313142, ""N_on_2"": 0, ""N_on_3"": 0, ""N_on_4"": 0, ""N_on_5"": 0, ""N_on_6"": 0, ""N_on_7"": 0, ""N_on_8"": 0, ""N_on_9"": 0}",3390,3404,3390,3404,3390,3390,3404,3390,3376,56270,0,0,0,0,0,0,0,0,0,313142
UCB clean,9,ok,400000,50,399950,0,8.00100012502e-05,399918,27430.1264007,0,,,,clean_no_attack,"{""n_1"": 0, ""n_10"": 0, ""n_2"": 0, ""n_3"": 0, ""n_4"": 0, ""n_5"": 0, ""n_6"": 0, ""n_7"": 0, ""n_8"": 0, ""n_9"": 0}","{""N_on_1"": 330704, ""N_on_10"": 32, ""N_on_2"": 27949, ""N_on_3"": 16187, ""N_on_4"": 9051, ""N_on_5"": 11325, ""N_on_6"": 1939, ""N_on_7"": 1006, ""N_on_8"": 1216, ""N_on_9"": 541}",0,0,0,0,0,0,0,0,0,0,330704,27949,16187,9051,11325,1939,1006,1216,541,32
TS clean,9,ok,400000,50,399950,0,5.25065633204e-05,399929,27430.1264007,0,,,,clean_no_attack,"{""n_1"": 0, ""n_10"": 0, ""n_2"": 0, ""n_3"": 0, ""n_4"": 0, ""n_5"": 0, ""n_6"": 0, ""n_7"": 0, ""n_8"": 0, ""n_9"": 0}","{""N_on_1"": 371318, ""N_on_10"": 21, ""N_on_2"": 11151, ""N_on_3"": 6511, ""N_on_4"": 2792, ""N_on_5"": 5154, ""N_on_6"": 1068, ""N_on_7"": 830, ""N_on_8"": 777, ""N_on_9"": 328}",0,0,0,0,0,0,0,0,0,0,371318,11151,6511,2792,5154,1068,830,777,328,21
UCB appendix,9,ok,550000,83289,466711,83239,1,0,34194.8051657,2.43425864241,0.0863689050384,0,0,certificate,"{""n_1"": 3467, ""n_10"": 51994, ""n_2"": 3488, ""n_3"": 3467, ""n_4"": 3488, ""n_5"": 3467, ""n_6"": 3467, ""n_7"": 3488, ""n_8"": 3467, ""n_9"": 3446}","{""N_on_1"": 0, ""N_on_10"": 466711, ""N_on_2"": 0, ""N_on_3"": 0, ""N_on_4"": 0, ""N_on_5"": 0, ""N_on_6"": 0, ""N_on_7"": 0, ""N_on_8"": 0, ""N_on_9"": 0}",3467,3488,3467,3488,3467,3467,3488,3467,3446,51994,0,0,0,0,0,0,0,0,0,466711
UCB direct,9,ok,550000,75803,474197,75753,1,0,34194.8051657,2.21533650018,0.0978604431655,0,0,certificate,"{""n_1"": 3182, ""n_10"": 47075, ""n_2"": 3202, ""n_3"": 3182, ""n_4"": 3202, ""n_5"": 3182, ""n_6"": 3182, ""n_7"": 3202, ""n_8"": 3182, ""n_9"": 3162}","{""N_on_1"": 0, ""N_on_10"": 474197, ""N_on_2"": 0, ""N_on_3"": 0, ""N_on_4"": 0, ""N_on_5"": 0, ""N_on_6"": 0, ""N_on_7"": 0, ""N_on_8"": 0, ""N_on_9"": 0}",3182,3202,3182,3202,3182,3182,3202,3182,3162,47075,0,0,0,0,0,0,0,0,0,474197
TS appendix,9,ok,550000,124110,425890,124060,1,0,34194.8051657,3.6280364634,0.118370540296,0,0,certificate,"{""n_1"": 4763, ""n_10"": 81158, ""n_2"": 4780, ""n_3"": 4763, ""n_4"": 4780, ""n_5"": 4763, ""n_6"": 4763, ""n_7"": 4780, ""n_8"": 4763, ""n_9"": 4747}","{""N_on_1"": 0, ""N_on_10"": 425890, ""N_on_2"": 0, ""N_on_3"": 0, ""N_on_4"": 0, ""N_on_5"": 0, ""N_on_6"": 0, ""N_on_7"": 0, ""N_on_8"": 0, ""N_on_9"": 0}",4763,4780,4763,4780,4763,4763,4780,4763,4747,81158,0,0,0,0,0,0,0,0,0,425890
TS direct,9,ok,550000,108263,441737,108213,1,0,34194.8051657,3.16460349681,0.126500000075,0,0,certificate,"{""n_1"": 4173, ""n_10"": 70623, ""n_2"": 4189, ""n_3"": 4173, ""n_4"": 4189, ""n_5"": 4173, ""n_6"": 4173, ""n_7"": 4189, ""n_8"": 4173, ""n_9"": 4158}","{""N_on_1"": 0, ""N_on_10"": 441737, ""N_on_2"": 0, ""N_on_3"": 0, ""N_on_4"": 0, ""N_on_5"": 0, ""N_on_6"": 0, ""N_on_7"": 0, ""N_on_8"": 0, ""N_on_9"": 0}",4173,4189,4173,4189,4173,4173,4189,4173,4158,70623,0,0,0,0,0,0,0,0,0,441737
UCB clean,9,ok,550000,50,549950,0,6.18238021638e-05,549916,34194.8051657,0,,,,clean_no_attack,"{""n_1"": 0, ""n_10"": 0, ""n_2"": 0, ""n_3"": 0, ""n_4"": 0, ""n_5"": 0, ""n_6"": 0, ""n_7"": 0, ""n_8"": 0, ""n_9"": 0}","{""N_on_1"": 475013, ""N_on_10"": 34, ""N_on_2"": 30266, ""N_on_3"": 17310, ""N_on_4"": 10575, ""N_on_5"": 11734, ""N_on_6"": 2204, ""N_on_7"": 1022, ""N_on_8"": 1247, ""N_on_9"": 545}",0,0,0,0,0,0,0,0,0,0,475013,30266,17310,10575,11734,2204,1022,1247,545,34
TS clean,9,ok,550000,50,549950,0,3.81852895718e-05,549929,34194.8051657,0,,,,clean_no_attack,"{""n_1"": 0, ""n_10"": 0, ""n_2"": 0, ""n_3"": 0, ""n_4"": 0, ""n_5"": 0, ""n_6"": 0, ""n_7"": 0, ""n_8"": 0, ""n_9"": 0}","{""N_on_1"": 519522, ""N_on_10"": 21, ""N_on_2"": 11735, ""N_on_3"": 7069, ""N_on_4"": 2948, ""N_on_5"": 5514, ""N_on_6"": 1123, ""N_on_7"": 857, ""N_on_8"": 806, ""N_on_9"": 355}",0,0,0,0,0,0,0,0,0,0,519522,11735,7069,2948,5514,1123,857,806,355,21
UCB appendix,9,ok,700000,98112,601888,98062,1,0,40401.8442017,2.42716643108,0.080752355128,0,0,certificate,"{""n_1"": 4058, ""n_10"": 61493, ""n_2"": 4081, ""n_3"": 4058, ""n_4"": 4081, ""n_5"": 4058, ""n_6"": 4058, ""n_7"": 4081, ""n_8"": 4058, ""n_9"": 4036}","{""N_on_1"": 0, ""N_on_10"": 601888, ""N_on_2"": 0, ""N_on_3"": 0, ""N_on_4"": 0, ""N_on_5"": 0, ""N_on_6"": 0, ""N_on_7"": 0, ""N_on_8"": 0, ""N_on_9"": 0}",4058,4081,4058,4081,4058,4058,4081,4058,4036,61493,0,0,0,0,0,0,0,0,0,601888
UCB direct,9,ok,700000,89887,610113,89837,1,0,40401.8442017,2.22358661529,0.0913122976475,0,0,certificate,"{""n_1"": 3714, ""n_10"": 56366, ""n_2"": 3736, ""n_3"": 3714, ""n_4"": 3736, ""n_5"": 3714, ""n_6"": 3714, ""n_7"": 3736, ""n_8"": 3714, ""n_9"": 3693}","{""N_on_1"": 0, ""N_on_10"": 610113, ""N_on_2"": 0, ""N_on_3"": 0, ""N_on_4"": 0, ""N_on_5"": 0, ""N_on_6"": 0, ""N_on_7"": 0, ""N_on_8"": 0, ""N_on_9"": 0}",3714,3736,3714,3736,3714,3714,3736,3714,3693,56366,0,0,0,0,0,0,0,0,0,610113
TS appendix,9,ok,700000,145102,554898,145052,1,0,40401.8442017,3.59023215069,0.110462695294,0,0,certificate,"{""n_1"": 5544, ""n_10"": 95120, ""n_2"": 5562, ""n_3"": 5544, ""n_4"": 5562, ""n_5"": 5544, ""n_6"": 5544, ""n_7"": 5562, ""n_8"": 5544, ""n_9"": 5526}","{""N_on_1"": 0, ""N_on_10"": 554898, ""N_on_2"": 0, ""N_on_3"": 0, ""N_on_4"": 0, ""N_on_5"": 0, ""N_on_6"": 0, ""N_on_7"": 0, ""N_on_8"": 0, ""N_on_9"": 0}",5544,5562,5544,5562,5544,5544,5562,5544,5526,95120,0,0,0,0,0,0,0,0,0,554898
TS direct,9,ok,700000,127882,572118,127832,1,0,40401.8442017,3.16401398317,0.117300000077,0,0,certificate,"{""n_1"": 4919, ""n_10"": 83527, ""n_2"": 4936, ""n_3"": 4919, ""n_4"": 4936, ""n_5"": 4919, ""n_6"": 4919, ""n_7"": 4936, ""n_8"": 4919, ""n_9"": 4902}","{""N_on_1"": 0, ""N_on_10"": 572118, ""N_on_2"": 0, ""N_on_3"": 0, ""N_on_4"": 0, ""N_on_5"": 0, ""N_on_6"": 0, ""N_on_7"": 0, ""N_on_8"": 0, ""N_on_9"": 0}",4919,4936,4919,4936,4919,4919,4936,4919,4902,83527,0,0,0,0,0,0,0,0,0,572118
UCB clean,9,ok,700000,50,699950,0,4.8574898207e-05,699916,40401.8442017,0,,,,clean_no_attack,"{""n_1"": 0, ""n_10"": 0, ""n_2"": 0, ""n_3"": 0, ""n_4"": 0, ""n_5"": 0, ""n_6"": 0, ""n_7"": 0, ""n_8"": 0, ""n_9"": 0}","{""N_on_1"": 619863, ""N_on_10"": 34, ""N_on_2"": 31691, ""N_on_3"": 18933, ""N_on_4"": 11820, ""N_on_5"": 12416, ""N_on_6"": 2270, ""N_on_7"": 1045, ""N_on_8"": 1327, ""N_on_9"": 551}",0,0,0,0,0,0,0,0,0,0,619863,31691,18933,11820,12416,2270,1045,1327,551,34
TS clean,9,ok,700000,50,699950,0,3.14308164869e-05,699928,40401.8442017,0,,,,clean_no_attack,"{""n_1"": 0, ""n_10"": 0, ""n_2"": 0, ""n_3"": 0, ""n_4"": 0, ""n_5"": 0, ""n_6"": 0, ""n_7"": 0, ""n_8"": 0, ""n_9"": 0}","{""N_on_1"": 668078, ""N_on_10"": 22, ""N_on_2"": 12248, ""N_on_3"": 7377, ""N_on_4"": 3084, ""N_on_5"": 5914, ""N_on_6"": 1154, ""N_on_7"": 877, ""N_on_8"": 829, ""N_on_9"": 367}",0,0,0,0,0,0,0,0,0,0,668078,12248,7377,3084,5914,1154,877,829,367,22
UCB appendix,9,ok,850000,111951,738049,111901,1,0,46204.9557279,2.421839784,0.0764693182573,0,0,certificate,"{""n_1"": 4608, ""n_10"": 70381, ""n_2"": 4632, ""n_3"": 4608, ""n_4"": 4632, ""n_5"": 4608, ""n_6"": 4608, ""n_7"": 4632, ""n_8"": 4608, ""n_9"": 4584}","{""N_on_1"": 0, ""N_on_10"": 738049, ""N_on_2"": 0, ""N_on_3"": 0, ""N_on_4"": 0, ""N_on_5"": 0, ""N_on_6"": 0, ""N_on_7"": 0, ""N_on_8"": 0, ""N_on_9"": 0}",4608,4632,4608,4632,4608,4608,4632,4608,4584,70381,0,0,0,0,0,0,0,0,0,738049
UCB direct,9,ok,850000,103082,746918,103032,1,0,46204.9557279,2.22989067681,0.0859804571092,0,0,certificate,"{""n_1"": 4243, ""n_10"": 64799, ""n_2"": 4266, ""n_3"": 4243, ""n_4"": 4266, ""n_5"": 4243, ""n_6"": 4243, ""n_7"": 4266, ""n_8"": 4243, ""n_9"": 4220}","{""N_on_1"": 0, ""N_on_10"": 746918, ""N_on_2"": 0, ""N_on_3"": 0, ""N_on_4"": 0, ""N_on_5"": 0, ""N_on_6"": 0, ""N_on_7"": 0, ""N_on_8"": 0, ""N_on_9"": 0}",4243,4266,4243,4266,4243,4243,4266,4243,4220,64799,0,0,0,0,0,0,0,0,0,746918
TS appendix,9,ok,850000,164623,685377,164573,1,0,46204.9557279,3.56180408372,0.104441277524,0,0,certificate,"{""n_1"": 6269, ""n_10"": 108114, ""n_2"": 6288, ""n_3"": 6269, ""n_4"": 6288, ""n_5"": 6269, ""n_6"": 6269, ""n_7"": 6288, ""n_8"": 6269, ""n_9"": 6250}","{""N_on_1"": 0, ""N_on_10"": 685377, ""N_on_2"": 0, ""N_on_3"": 0, ""N_on_4"": 0, ""N_on_5"": 0, ""N_on_6"": 0, ""N_on_7"": 0, ""N_on_8"": 0, ""N_on_9"": 0}",6269,6288,6269,6288,6269,6269,6288,6269,6250,108114,0,0,0,0,0,0,0,0,0,685377
TS direct,9,ok,850000,146208,703792,146158,1,0,46204.9557279,3.16325376136,0.110300000078,0,0,certificate,"{""n_1"": 5623, ""n_10"": 95515, ""n_2"": 5641, ""n_3"": 5623, ""n_4"": 5641, ""n_5"": 5623, ""n_6"": 5623, ""n_7"": 5641, ""n_8"": 5623, ""n_9"": 5605}","{""N_on_1"": 0, ""N_on_10"": 703792, ""N_on_2"": 0, ""N_on_3"": 0, ""N_on_4"": 0, ""N_on_5"": 0, ""N_on_6"": 0, ""N_on_7"": 0, ""N_on_8"": 0, ""N_on_9"": 0}",5623,5641,5623,5641,5623,5623,5641,5623,5605,95515,0,0,0,0,0,0,0,0,0,703792
UCB clean,9,ok,850000,50,849950,0,4.11788928761e-05,849915,46204.9557279,0,,,,clean_no_attack,"{""n_1"": 0, ""n_10"": 0, ""n_2"": 0, ""n_3"": 0, ""n_4"": 0, ""n_5"": 0, ""n_6"": 0, ""n_7"": 0, ""n_8"": 0, ""n_9"": 0}","{""N_on_1"": 767610, ""N_on_10"": 35, ""N_on_2"": 32834, ""N_on_3"": 19121, ""N_on_4"": 12227, ""N_on_5"": 12894, ""N_on_6"": 2279, ""N_on_7"": 1059, ""N_on_8"": 1337, ""N_on_9"": 554}",0,0,0,0,0,0,0,0,0,0,767610,32834,19121,12227,12894,2279,1059,1337,554,35
TS clean,9,ok,850000,50,849950,0,2.58838755221e-05,849928,46204.9557279,0,,,,clean_no_attack,"{""n_1"": 0, ""n_10"": 0, ""n_2"": 0, ""n_3"": 0, ""n_4"": 0, ""n_5"": 0, ""n_6"": 0, ""n_7"": 0, ""n_8"": 0, ""n_9"": 0}","{""N_on_1"": 816800, ""N_on_10"": 22, ""N_on_2"": 12733, ""N_on_3"": 7647, ""N_on_4"": 3190, ""N_on_5"": 6236, ""N_on_6"": 1190, ""N_on_7"": 901, ""N_on_8"": 849, ""N_on_9"": 382}",0,0,0,0,0,0,0,0,0,0,816800,12733,7647,3190,6236,1190,901,849,382,22
UCB appendix,9,ok,1000000,125041,874959,124991,1,0,51695.8459325,2.41781515991,0.0730419331545,0,0,certificate,"{""n_1"": 5127, ""n_10"": 78798, ""n_2"": 5152, ""n_3"": 5127, ""n_4"": 5152, ""n_5"": 5127, ""n_6"": 5127, ""n_7"": 5152, ""n_8"": 5127, ""n_9"": 5102}","{""N_on_1"": 0, ""N_on_10"": 874959, ""N_on_2"": 0, ""N_on_3"": 0, ""N_on_4"": 0, ""N_on_5"": 0, ""N_on_6"": 0, ""N_on_7"": 0, ""N_on_8"": 0, ""N_on_9"": 0}",5127,5152,5127,5152,5127,5127,5152,5127,5102,78798,0,0,0,0,0,0,0,0,0,874959
UCB direct,9,ok,1000000,115592,884408,115542,1,0,51695.8459325,2.23503451614,0.0816440329138,0,0,certificate,"{""n_1"": 4756, ""n_10"": 72687, ""n_2"": 4781, ""n_3"": 4756, ""n_4"": 4781, ""n_5"": 4756, ""n_6"": 4756, ""n_7"": 4781, ""n_8"": 4756, ""n_9"": 4732}","{""N_on_1"": 0, ""N_on_10"": 884408, ""N_on_2"": 0, ""N_on_3"": 0, ""N_on_4"": 0, ""N_on_5"": 0, ""N_on_6"": 0, ""N_on_7"": 0, ""N_on_8"": 0, ""N_on_9"": 0}",4756,4781,4756,4781,4756,4756,4781,4756,4732,72687,0,0,0,0,0,0,0,0,0,884408
TS appendix,9,ok,1000000,183020,816980,182970,1,0,51695.8459325,3.5393559521,0.0996290848911,0,0,certificate,"{""n_1"": 6952, ""n_10"": 120365, ""n_2"": 6971, ""n_3"": 6952, ""n_4"": 6971, ""n_5"": 6952, ""n_6"": 6952, ""n_7"": 6971, ""n_8"": 6952, ""n_9"": 6932}","{""N_on_1"": 0, ""N_on_10"": 816980, ""N_on_2"": 0, ""N_on_3"": 0, ""N_on_4"": 0, ""N_on_5"": 0, ""N_on_6"": 0, ""N_on_7"": 0, ""N_on_8"": 0, ""N_on_9"": 0}",6952,6971,6952,6971,6952,6952,6971,6952,6932,120365,0,0,0,0,0,0,0,0,0,816980
TS direct,9,ok,1000000,163533,836467,163483,1,0,51695.8459325,3.16240109918,0.105200000079,0,0,certificate,"{""n_1"": 6237, ""n_10"": 107312, ""n_2"": 6256, ""n_3"": 6237, ""n_4"": 6256, ""n_5"": 6237, ""n_6"": 6237, ""n_7"": 6256, ""n_8"": 6237, ""n_9"": 6218}","{""N_on_1"": 0, ""N_on_10"": 836467, ""N_on_2"": 0, ""N_on_3"": 0, ""N_on_4"": 0, ""N_on_5"": 0, ""N_on_6"": 0, ""N_on_7"": 0, ""N_on_8"": 0, ""N_on_9"": 0}",6237,6256,6237,6256,6237,6237,6256,6237,6218,107312,0,0,0,0,0,0,0,0,0,836467
UCB clean,9,ok,1000000,50,999950,0,3.50017500875e-05,999915,51695.8459325,0,,,,clean_no_attack,"{""n_1"": 0, ""n_10"": 0, ""n_2"": 0, ""n_3"": 0, ""n_4"": 0, ""n_5"": 0, ""n_6"": 0, ""n_7"": 0, ""n_8"": 0, ""n_9"": 0}","{""N_on_1"": 912048, ""N_on_10"": 35, ""N_on_2"": 35045, ""N_on_3"": 19483, ""N_on_4"": 14846, ""N_on_5"": 13072, ""N_on_6"": 2419, ""N_on_7"": 1091, ""N_on_8"": 1347, ""N_on_9"": 564}",0,0,0,0,0,0,0,0,0,0,912048,35045,19483,14846,13072,2419,1091,1347,564,35
TS clean,9,ok,1000000,50,999950,0,2.2001100055e-05,999928,51695.8459325,0,,,,clean_no_attack,"{""n_1"": 0, ""n_10"": 0, ""n_2"": 0, ""n_3"": 0, ""n_4"": 0, ""n_5"": 0, ""n_6"": 0, ""n_7"": 0, ""n_8"": 0, ""n_9"": 0}","{""N_on_1"": 965763, ""N_on_10"": 22, ""N_on_2"": 13250, ""N_on_3"": 7833, ""N_on_4"": 3249, ""N_on_5"": 6450, ""N_on_6"": 1221, ""N_on_7"": 913, ""N_on_8"": 860, ""N_on_9"": 389}",0,0,0,0,0,0,0,0,0,0,965763,13250,7833,3249,6450,1221,913,860,389,22
