dataset,setting,regime,learner,method,repeat,T,K,target_mean,boundary_ratio,base_target_mean,target_feedback,lower_bound_source,mu_minus_K,z_star,cost,Lambda_T,normalized_cost,target_budget_fraction,target_cost,non_target_avg,H,T0,non_target_online_pulls,zero_non_target_pulls,online_ratio,status,seed,clean_sum_json,allocation_json,online_counts_json,trajectory_seconds
MovieLens-25M,near-boundary-fixed-k-v2,fixed,UCB,Ours,0,100000,5,0.016442451420029897,0.19765812362033866,0.016442451420029897,Bernoulli; same mean in clean and online rewards,"clean log: max(0, empirical mean - 2 beta)",0.0,0.10319240211994138,19037,19123.93791470531,0.9954539742236634,0.6045070126595578,11508,1882.25,80938,19062,0,1,1.0,simulated,1053608495,"[5.0, 4.0, 4.0, 3.0, 0.0]","[1899, 1882, 1882, 1866, 11508]","[0, 0, 0, 0, 80938]",0.09087812500001746
MovieLens-25M,near-boundary-fixed-k-v2,fixed,TS,Ours,0,100000,5,0.016442451420029897,0.19765812362033866,0.016442451420029897,Bernoulli; same mean in clean and online rewards,"clean log: max(0, empirical mean - 2 beta)",0.0,0.1481495861937196,31190,24967.322128044878,1.2492328908980357,0.6568451426739339,20487,2675.75,68785,31215,0,1,1.0,simulated,3860516830,"[5.0, 4.0, 4.0, 3.0, 0.0]","[2689, 2676, 2676, 2662, 20487]","[0, 0, 0, 0, 68785]",0.0018201249995399849
MovieLens-25M,near-boundary-fixed-k-v2,fixed,UCB,Ours,0,250000,5,0.010399119360792878,0.16538850331471416,0.016442451420029897,Bernoulli; same mean in clean and online rewards,"clean log: max(0, empirical mean - 2 beta)",0.0,0.08091436369622693,35704,36137.38150649174,0.9880073904520755,0.6164855478377773,22011,3423.25,214271,35729,0,1,1.0,simulated,3056284039,"[5.0, 4.0, 4.0, 3.0, 0.0]","[3445, 3423, 3423, 3402, 22011]","[0, 0, 0, 0, 214271]",0.0038034580002204166
MovieLens-25M,near-boundary-fixed-k-v2,fixed,TS,Ours,0,250000,5,0.010399119360792878,0.16538850331471416,0.016442451420029897,Bernoulli; same mean in clean and online rewards,"clean log: max(0, empirical mean - 2 beta)",0.0,0.11474666628860633,56031,46944.97392466051,1.1935463014618173,0.662954435937249,37146,4721.25,193944,56056,0,1,1.0,simulated,3504616736,"[5.0, 4.0, 4.0, 3.0, 0.0]","[4739, 4721, 4721, 4704, 37146]","[0, 0, 0, 0, 193944]",0.004327916999500303
MovieLens-25M,near-boundary-fixed-k-v2,fixed,UCB,Ours,0,1000000,5,0.005199559680396439,0.12672265195301305,0.016442451420029897,Bernoulli; same mean in clean and online rewards,"clean log: max(0, empirical mean - 2 beta)",0.0,0.05513363102069259,92596,94327.37318798502,0.9816450609248434,0.6301784094345328,58352,8561.0,907379,92621,0,1,1.0,simulated,4270751898,"[5.0, 4.0, 4.0, 3.0, 0.0]","[8594, 8561, 8561, 8528, 58352]","[0, 0, 0, 0, 907379]",0.015375374999166525
MovieLens-25M,near-boundary-fixed-k-v2,fixed,TS,Ours,0,1000000,5,0.005199559680396439,0.12672265195301305,0.016442451420029897,Bernoulli; same mean in clean and online rewards,"clean log: max(0, empirical mean - 2 beta)",0.0,0.07675400067010624,138185,121757.92036280714,1.1349159018833799,0.6686181568187575,92393,11448.0,861790,138210,0,1,1.0,simulated,24207267,"[5.0, 4.0, 4.0, 3.0, 0.0]","[11474, 11448, 11448, 11422, 92393]","[0, 0, 0, 0, 861790]",0.01832791700053349
MovieLens-25M,near-boundary-fixed-k-v2,fixed,UCB,Ours,0,2500000,5,0.0032884902840059796,0.10647180428867146,0.016442451420029897,Bernoulli; same mean in clean and online rewards,"clean log: max(0, empirical mean - 2 beta)",0.0,0.04243163100181381,173917,177511.8638078107,0.9797485997234371,0.6369762587901125,110781,15784.0,2326058,173942,0,1,1.0,simulated,2118080922,"[5.0, 4.0, 4.0, 3.0, 0.0]","[15827, 15784, 15784, 15741, 110781]","[0, 0, 0, 0, 2326058]",0.03862025000034919
MovieLens-25M,near-boundary-fixed-k-v2,fixed,TS,Ours,0,2500000,5,0.0032884902840059796,0.10647180428867146,0.016442451420029897,Bernoulli; same mean in clean and online rewards,"clean log: max(0, empirical mean - 2 beta)",0.0,0.05839242949654459,252863,228305.90053296532,1.1075622636546305,0.6707466098242922,169607,20814.0,2247112,252888,0,1,1.0,simulated,1339808009,"[5.0, 4.0, 4.0, 3.0, 0.0]","[20848, 20814, 20814, 20780, 169607]","[0, 0, 0, 0, 2247112]",0.047044584000104805
MovieLens-25M,near-boundary-fixed-k-v2,fixed,UCB,Ours,0,10000000,5,0.0016442451420029898,0.08201097775777105,0.016442451420029897,Bernoulli; same mean in clean and online rewards,"clean log: max(0, empirical mean - 2 beta)",0.0,0.02827468808536348,451292,460914.1102569438,0.9791238540048605,0.6447621495617029,290976,40079.0,9548683,451317,0,1,1.0,simulated,3185013100,"[5.0, 4.0, 4.0, 3.0, 0.0]","[40145, 40079, 40079, 40013, 290976]","[0, 0, 0, 0, 9548683]",0.15869358299914893
MovieLens-25M,near-boundary-fixed-k-v2,fixed,TS,Ours,0,10000000,5,0.0016442451420029898,0.08201097775777105,0.016442451420029897,Bernoulli; same mean in clean and online rewards,"clean log: max(0, empirical mean - 2 beta)",0.0,0.03829417243741995,635772,589995.1435423779,1.077588530954296,0.6723731148902437,427476,52074.0,9364203,635797,0,1,1.0,simulated,3055782829,"[5.0, 4.0, 4.0, 3.0, 0.0]","[52126, 52074, 52074, 52022, 427476]","[0, 0, 0, 0, 9364203]",0.1945544999998674
MovieLens-25M,near-boundary-fixed-k-v2,fixed,UCB,Ours,0,100000,10,0.016442451420029897,0.15688135668249298,0.016442451420029897,Bernoulli; same mean in clean and online rewards,"clean log: max(0, empirical mean - 2 beta)",0.0,0.13659846567636336,26257,25059.44785667459,1.0477884488985836,0.6025821685645733,15822,1159.4444444444443,73693,26307,0,1,1.0,simulated,2492326142,"[3.0, 5.0, 5.0, 5.0, 4.0, 3.0, 4.0, 5.0, 3.0, 0.0]","[1145, 1171, 1171, 1171, 1158, 1145, 1158, 1171, 1145, 15822]","[0, 0, 0, 0, 0, 0, 0, 0, 0, 73693]",0.13452579200384207
MovieLens-25M,near-boundary-fixed-k-v2,fixed,TS,Ours,0,100000,10,0.016442451420029897,0.15688135668249298,0.016442451420029897,Bernoulli; same mean in clean and online rewards,"clean log: max(0, empirical mean - 2 beta)",0.0,0.18939614126930276,41902,32976.642231990234,1.2706569609246445,0.6381795618347573,26741,1684.5555555555557,58048,41952,0,1,1.0,simulated,410435471,"[3.0, 5.0, 5.0, 5.0, 4.0, 3.0, 4.0, 5.0, 3.0, 0.0]","[1673, 1694, 1694, 1694, 1683, 1673, 1683, 1694, 1673, 26741]","[0, 0, 0, 0, 0, 0, 0, 0, 0, 58048]",0.0031346670002676547
MovieLens-25M,near-boundary-fixed-k-v2,fixed,UCB,Ours,0,250000,10,0.010399119360792878,0.13126894207261167,0.016442451420029897,Bernoulli; same mean in clean and online rewards,"clean log: max(0, empirical mean - 2 beta)",0.0,0.10717857919779214,48746,47353.36579619098,1.0294094026980665,0.6157018011734297,30013,2081.4444444444443,201204,48796,0,1,1.0,simulated,2722242303,"[3.0, 5.0, 5.0, 5.0, 4.0, 3.0, 4.0, 5.0, 3.0, 0.0]","[2063, 2096, 2096, 2096, 2080, 2063, 2080, 2096, 2063, 30013]","[0, 0, 0, 0, 0, 0, 0, 0, 0, 201204]",0.004439500000444241
MovieLens-25M,near-boundary-fixed-k-v2,fixed,TS,Ours,0,250000,10,0.010399119360792878,0.13126894207261167,0.016442451420029897,Bernoulli; same mean in clean and online rewards,"clean log: max(0, empirical mean - 2 beta)",0.0,0.14776493260187024,74722,61975.520735617014,1.20566957910299,0.6480420759615642,48423,2922.1111111111113,175228,74772,0,1,1.0,simulated,3210379574,"[3.0, 5.0, 5.0, 5.0, 4.0, 3.0, 4.0, 5.0, 3.0, 0.0]","[2907, 2934, 2934, 2934, 2921, 2907, 2921, 2934, 2907, 48423]","[0, 0, 0, 0, 0, 0, 0, 0, 0, 175228]",0.00795066700084135
MovieLens-25M,near-boundary-fixed-k-v2,fixed,UCB,Ours,0,1000000,10,0.005199559680396439,0.10057983550920645,0.016442451420029897,Bernoulli; same mean in clean and online rewards,"clean log: max(0, empirical mean - 2 beta)",0.0,0.0730350127684482,124959,123603.82576037137,1.0109638535157957,0.6305348154194576,78791,5129.777777777777,874991,125009,0,1,1.0,simulated,538957713,"[3.0, 5.0, 5.0, 5.0, 4.0, 3.0, 4.0, 5.0, 3.0, 0.0]","[5102, 5152, 5152, 5152, 5127, 5102, 5127, 5152, 5102, 78791]","[0, 0, 0, 0, 0, 0, 0, 0, 0, 874991]",0.017825957998866215
MovieLens-25M,near-boundary-fixed-k-v2,fixed,TS,Ours,0,1000000,10,0.005199559680396439,0.10057983550920645,0.016442451420029897,Bernoulli; same mean in clean and online rewards,"clean log: max(0, empirical mean - 2 beta)",0.0,0.09962408820708102,182939,160643.27736779582,1.1387902624842352,0.6579242261081563,120360,6953.222222222223,817011,182989,0,1,1.0,simulated,2299809992,"[3.0, 5.0, 5.0, 5.0, 4.0, 3.0, 4.0, 5.0, 3.0, 0.0]","[6931, 6971, 6971, 6971, 6951, 6931, 6951, 6971, 6931, 120360]","[0, 0, 0, 0, 0, 0, 0, 0, 0, 817011]",0.03546079200168606
MovieLens-25M,near-boundary-fixed-k-v2,fixed,UCB,Ours,0,2500000,10,0.0032884902840059796,0.08450672706639467,0.016442451420029897,Bernoulli; same mean in clean and online rewards,"clean log: max(0, empirical mean - 2 beta)",0.0,0.05618853144972871,233367,232606.34472215077,1.0032701398526245,0.637776549383589,148836,9392.333333333334,2266583,233417,0,1,1.0,simulated,3638602152,"[3.0, 5.0, 5.0, 5.0, 4.0, 3.0, 4.0, 5.0, 3.0, 0.0]","[9355, 9422, 9422, 9422, 9389, 9355, 9389, 9422, 9355, 148836]","[0, 0, 0, 0, 0, 0, 0, 0, 0, 2266583]",0.045373874992947094
MovieLens-25M,near-boundary-fixed-k-v2,fixed,TS,Ours,0,2500000,10,0.0032884902840059796,0.08450672706639467,0.016442451420029897,Bernoulli; same mean in clean and online rewards,"clean log: max(0, empirical mean - 2 beta)",0.0,0.07606913560903711,333740,301113.0238807741,1.108354582936089,0.6621052316174267,220971,12529.888888888889,2166210,333790,0,1,1.0,simulated,2130585543,"[3.0, 5.0, 5.0, 5.0, 4.0, 3.0, 4.0, 5.0, 3.0, 0.0]","[12501, 12553, 12553, 12553, 12527, 12501, 12527, 12553, 12501, 220971]","[0, 0, 0, 0, 0, 0, 0, 0, 0, 2166210]",0.0927570839994587
MovieLens-25M,near-boundary-fixed-k-v2,fixed,UCB,Ours,0,10000000,10,0.0016442451420029898,0.06509215618281318,0.016442451420029897,Bernoulli; same mean in clean and online rewards,"clean log: max(0, empirical mean - 2 beta)",0.0,0.0374079153844314,601650,603968.343962668,0.9961614810017074,0.6459203856062494,388618,23670.222222222223,9398300,601700,0,1,1.0,simulated,4067707996,"[3.0, 5.0, 5.0, 5.0, 4.0, 3.0, 4.0, 5.0, 3.0, 0.0]","[23614, 23715, 23715, 23715, 23665, 23614, 23665, 23715, 23614, 388618]","[0, 0, 0, 0, 0, 0, 0, 0, 0, 9398300]",0.18176074999792036
MovieLens-25M,near-boundary-fixed-k-v2,fixed,TS,Ours,0,10000000,10,0.0016442451420029898,0.06509215618281318,0.016442451420029897,Bernoulli; same mean in clean and online rewards,"clean log: max(0, empirical mean - 2 beta)",0.0,0.05007896869120011,836677,777780.8263738758,1.0757233549979708,0.6660814149307319,557295,31042.444444444445,9163273,836727,0,1,1.0,simulated,3965532255,"[3.0, 5.0, 5.0, 5.0, 4.0, 3.0, 4.0, 5.0, 3.0, 0.0]","[30998, 31078, 31078, 31078, 31038, 30998, 31038, 31078, 30998, 557295]","[0, 0, 0, 0, 0, 0, 0, 0, 0, 9163273]",0.3972859579953365
MovieLens-25M,near-boundary-fixed-k-v2,fixed,UCB,Ours,0,100000,15,0.016442451420029897,0.13704848847915332,0.016442451420029897,Bernoulli; same mean in clean and online rewards,"clean log: max(0, empirical mean - 2 beta)",0.0,0.15803616340212628,31301,29035.7694853145,1.0780151707648455,0.5996933005335293,18771,895.0,68624,31376,0,1,1.0,simulated,1133924121,"[5.0, 5.0, 5.0, 5.0, 5.0, 4.0, 4.0, 5.0, 2.0, 5.0, 4.0, 2.0, 2.0, 3.0, 0.0]","[906, 906, 906, 906, 906, 895, 895, 906, 873, 906, 895, 873, 873, 884, 18771]","[0, 0, 0, 0, 0, 0, 0, 0, 0, 0, 0, 0, 0, 0, 68624]",0.002538417000323534
MovieLens-25M,near-boundary-fixed-k-v2,fixed,TS,Ours,0,100000,15,0.016442451420029897,0.13704848847915332,0.016442451420029897,Bernoulli; same mean in clean and online rewards,"clean log: max(0, empirical mean - 2 beta)",0.0,0.21567670547254247,49534,38383.40140857019,1.2905057442079668,0.6272661202406428,31071,1318.7857142857142,50391,49609,0,1,1.0,simulated,1924448952,"[5.0, 5.0, 5.0, 5.0, 5.0, 4.0, 4.0, 5.0, 2.0, 5.0, 4.0, 2.0, 2.0, 3.0, 0.0]","[1328, 1328, 1328, 1328, 1328, 1319, 1319, 1328, 1300, 1328, 1319, 1300, 1300, 1310, 31071]","[0, 0, 0, 0, 0, 0, 0, 0, 0, 0, 0, 0, 0, 0, 50391]",0.003558459000487346
MovieLens-25M,near-boundary-fixed-k-v2,fixed,UCB,Ours,0,250000,15,0.010399119360792878,0.11467398342123439,0.016442451420029897,Bernoulli; same mean in clean and online rewards,"clean log: max(0, empirical mean - 2 beta)",0.0,0.12420946749137407,57767,54867.18707753817,1.0528514960747637,0.6138106531410668,35458,1593.5,192158,57842,0,1,1.0,simulated,1914957154,"[5.0, 5.0, 5.0, 5.0, 5.0, 4.0, 4.0, 5.0, 2.0, 5.0, 4.0, 2.0, 2.0, 3.0, 0.0]","[1608, 1608, 1608, 1608, 1608, 1594, 1594, 1608, 1564, 1608, 1594, 1564, 1564, 1579, 35458]","[0, 0, 0, 0, 0, 0, 0, 0, 0, 0, 0, 0, 0, 0, 192158]",0.005093208000289451
MovieLens-25M,near-boundary-fixed-k-v2,fixed,TS,Ours,0,250000,15,0.010399119360792878,0.11467398342123439,0.016442451420029897,Bernoulli; same mean in clean and online rewards,"clean log: max(0, empirical mean - 2 beta)",0.0,0.16909166535017434,87873,72117.80156339164,1.2184647631383982,0.6393772831245093,56184,2263.5,162052,87948,0,1,1.0,simulated,1270213964,"[5.0, 5.0, 5.0, 5.0, 5.0, 4.0, 4.0, 5.0, 2.0, 5.0, 4.0, 2.0, 2.0, 3.0, 0.0]","[2275, 2275, 2275, 2275, 2275, 2264, 2264, 2275, 2240, 2275, 2264, 2240, 2240, 2252, 56184]","[0, 0, 0, 0, 0, 0, 0, 0, 0, 0, 0, 0, 0, 0, 162052]",0.010475041999598034
MovieLens-25M,near-boundary-fixed-k-v2,fixed,UCB,Ours,0,1000000,15,0.005199559680396439,0.08786457944723307,0.016442451420029897,Bernoulli; same mean in clean and online rewards,"clean log: max(0, empirical mean - 2 beta)",0.0,0.0847745129892048,147109,143216.7305843177,1.0271774770992328,0.6296555615224085,92628,3891.5,852816,147184,0,1,1.0,simulated,3973792240,"[5.0, 5.0, 5.0, 5.0, 5.0, 4.0, 4.0, 5.0, 2.0, 5.0, 4.0, 2.0, 2.0, 3.0, 0.0]","[3913, 3913, 3913, 3913, 3913, 3892, 3892, 3913, 3848, 3913, 3892, 3848, 3848, 3870, 92628]","[0, 0, 0, 0, 0, 0, 0, 0, 0, 0, 0, 0, 0, 0, 852816]",0.020055875000252854
MovieLens-25M,near-boundary-fixed-k-v2,fixed,TS,Ours,0,1000000,15,0.005199559680396439,0.08786457944723307,0.016442451420029897,Bernoulli; same mean in clean and online rewards,"clean log: max(0, empirical mean - 2 beta)",0.0,0.11461458273243078,213976,186867.8377640692,1.1450659597728974,0.6518114181029648,139472,5321.714285714285,785949,214051,0,1,1.0,simulated,1196531441,"[5.0, 5.0, 5.0, 5.0, 5.0, 4.0, 4.0, 5.0, 2.0, 5.0, 4.0, 2.0, 2.0, 3.0, 0.0]","[5339, 5339, 5339, 5339, 5339, 5322, 5322, 5339, 5287, 5339, 5322, 5287, 5287, 5304, 139472]","[0, 0, 0, 0, 0, 0, 0, 0, 0, 0, 0, 0, 0, 0, 785949]",0.04669495899997855
MovieLens-25M,near-boundary-fixed-k-v2,fixed,UCB,Ours,0,2500000,15,0.0032884902840059796,0.07382342590400462,0.016442451420029897,Bernoulli; same mean in clean and online rewards,"clean log: max(0, empirical mean - 2 beta)",0.0,0.0652576129263053,273844,269515.28400794626,1.0160611150791956,0.6373519229926528,174535,7093.5,2226081,273919,0,1,1.0,simulated,631862792,"[5.0, 5.0, 5.0, 5.0, 5.0, 4.0, 4.0, 5.0, 2.0, 5.0, 4.0, 2.0, 2.0, 3.0, 0.0]","[7122, 7122, 7122, 7122, 7122, 7094, 7094, 7122, 7036, 7122, 7094, 7036, 7036, 7065, 174535]","[0, 0, 0, 0, 0, 0, 0, 0, 0, 0, 0, 0, 0, 0, 2226081]",0.04995179100023961
MovieLens-25M,near-boundary-fixed-k-v2,fixed,TS,Ours,0,2500000,15,0.0032884902840059796,0.07382342590400462,0.016442451420029897,Bernoulli; same mean in clean and online rewards,"clean log: max(0, empirical mean - 2 beta)",0.0,0.08773426057369219,389415,350198.96764450165,1.1119821472326779,0.6572653852573732,255949,9533.285714285714,2110510,389490,0,1,1.0,simulated,4235211886,"[5.0, 5.0, 5.0, 5.0, 5.0, 4.0, 4.0, 5.0, 2.0, 5.0, 4.0, 2.0, 2.0, 3.0, 0.0]","[9556, 9556, 9556, 9556, 9556, 9533, 9533, 9556, 9488, 9556, 9533, 9488, 9488, 9511, 255949]","[0, 0, 0, 0, 0, 0, 0, 0, 0, 0, 0, 0, 0, 0, 2110510]",0.12400770800013561
MovieLens-25M,near-boundary-fixed-k-v2,fixed,UCB,Ours,0,10000000,15,0.0016442451420029898,0.056863236048869684,0.016442451420029897,Bernoulli; same mean in clean and online rewards,"clean log: max(0, empirical mean - 2 beta)",0.0,0.04346283362556293,703466,699803.3520940593,1.0052338244665173,0.6459132353233845,454378,17792.0,9296459,703541,0,1,1.0,simulated,4161847128,"[5.0, 5.0, 5.0, 5.0, 5.0, 4.0, 4.0, 5.0, 2.0, 5.0, 4.0, 2.0, 2.0, 3.0, 0.0]","[17836, 17836, 17836, 17836, 17836, 17792, 17792, 17836, 17704, 17836, 17792, 17704, 17704, 17748, 454378]","[0, 0, 0, 0, 0, 0, 0, 0, 0, 0, 0, 0, 0, 0, 9296459]",0.20679495800050063
MovieLens-25M,near-boundary-fixed-k-v2,fixed,TS,Ours,0,10000000,15,0.0016442451420029898,0.056863236048869684,0.016442451420029897,Bernoulli; same mean in clean and online rewards,"clean log: max(0, empirical mean - 2 beta)",0.0,0.05791160048273722,973918,904329.9668195297,1.0769498255434429,0.6626379222891455,645355,23468.785714285714,9026007,973993,0,1,1.0,simulated,1957357576,"[5.0, 5.0, 5.0, 5.0, 5.0, 4.0, 4.0, 5.0, 2.0, 5.0, 4.0, 2.0, 2.0, 3.0, 0.0]","[23503, 23503, 23503, 23503, 23503, 23469, 23469, 23503, 23400, 23503, 23469, 23400, 23400, 23435, 645355]","[0, 0, 0, 0, 0, 0, 0, 0, 0, 0, 0, 0, 0, 0, 9026007]",0.5290770420006083
MovieLens-25M,near-boundary-fixed-k-v2,fixed,UCB,Ours,0,100000,20,0.016442451420029897,0.12451681531599387,0.016442451420029897,Bernoulli; same mean in clean and online rewards,"clean log: max(0, empirical mean - 2 beta)",0.0,0.1741434752812106,35285,32147.104475194756,1.097610518148734,0.5976477256624628,21088,747.2105263157895,64615,35385,0,1,1.0,simulated,4272012987,"[4.0, 4.0, 4.0, 2.0, 3.0, 5.0, 4.0, 5.0, 5.0, 3.0, 3.0, 5.0, 1.0, 4.0, 3.0, 2.0, 3.0, 3.0, 3.0, 0.0]","[753, 753, 753, 732, 742, 763, 753, 763, 763, 742, 742, 763, 722, 753, 742, 732, 742, 742, 742, 21088]","[0, 0, 0, 0, 0, 0, 0, 0, 0, 0, 0, 0, 0, 0, 0, 0, 0, 0, 0, 64615]",0.004389542000353686
MovieLens-25M,near-boundary-fixed-k-v2,fixed,TS,Ours,0,100000,20,0.016442451420029897,0.12451681531599387,0.016442451420029897,Bernoulli; same mean in clean and online rewards,"clean log: max(0, empirical mean - 2 beta)",0.0,0.23539337438514552,55705,42632.14931415255,1.3066430122843389,0.6196212189211022,34516,1115.2105263157894,44195,55805,0,1,1.0,simulated,3861366890,"[4.0, 4.0, 4.0, 2.0, 3.0, 5.0, 4.0, 5.0, 5.0, 3.0, 3.0, 5.0, 1.0, 4.0, 3.0, 2.0, 3.0, 3.0, 3.0, 0.0]","[1120, 1120, 1120, 1103, 1111, 1128, 1120, 1128, 1128, 1111, 1111, 1128, 1094, 1120, 1111, 1103, 1111, 1111, 1111, 34516]","[0, 0, 0, 0, 0, 0, 0, 0, 0, 0, 0, 0, 0, 0, 0, 0, 0, 0, 0, 44195]",0.004409834000398405
MovieLens-25M,near-boundary-fixed-k-v2,fixed,UCB,Ours,0,250000,20,0.010399119360792878,0.1041882283684082,0.016442451420029897,Bernoulli; same mean in clean and online rewards,"clean log: max(0, empirical mean - 2 beta)",0.0,0.1371355484009238,64890,60746.49394546845,1.0682097975605167,0.6123285560178764,39734,1324.0,185010,64990,0,1,1.0,simulated,3870718238,"[4.0, 4.0, 4.0, 2.0, 3.0, 5.0, 4.0, 5.0, 5.0, 3.0, 3.0, 5.0, 1.0, 4.0, 3.0, 2.0, 3.0, 3.0, 3.0, 0.0]","[1331, 1331, 1331, 1304, 1318, 1344, 1331, 1344, 1344, 1318, 1318, 1344, 1291, 1331, 1318, 1304, 1318, 1318, 1318, 39734]","[0, 0, 0, 0, 0, 0, 0, 0, 0, 0, 0, 0, 0, 0, 0, 0, 0, 0, 0, 185010]",0.008145832999616687
MovieLens-25M,near-boundary-fixed-k-v2,fixed,TS,Ours,0,250000,20,0.010399119360792878,0.1041882283684082,0.016442451420029897,Bernoulli; same mean in clean and online rewards,"clean log: max(0, empirical mean - 2 beta)",0.0,0.18526875914112922,98437,80086.01082922542,1.2291410070343751,0.6333187724128122,62342,1899.7368421052631,151463,98537,0,1,1.0,simulated,111171572,"[4.0, 4.0, 4.0, 2.0, 3.0, 5.0, 4.0, 5.0, 5.0, 3.0, 3.0, 5.0, 1.0, 4.0, 3.0, 2.0, 3.0, 3.0, 3.0, 0.0]","[1905, 1905, 1905, 1884, 1895, 1916, 1905, 1916, 1916, 1895, 1895, 1916, 1873, 1905, 1895, 1884, 1895, 1895, 1895, 62342]","[0, 0, 0, 0, 0, 0, 0, 0, 0, 0, 0, 0, 0, 0, 0, 0, 0, 0, 0, 151463]",0.013052166000306897
MovieLens-25M,near-boundary-fixed-k-v2,fixed,UCB,Ours,0,1000000,20,0.005199559680396439,0.07983026834705138,0.016442451420029897,Bernoulli; same mean in clean and online rewards,"clean log: max(0, empirical mean - 2 beta)",0.0,0.0937814768653126,164544,158563.15442297678,1.037719012331635,0.6289381563593932,103488,3213.4736842105262,835356,164644,0,1,1.0,simulated,1632708958,"[4.0, 4.0, 4.0, 2.0, 3.0, 5.0, 4.0, 5.0, 5.0, 3.0, 3.0, 5.0, 1.0, 4.0, 3.0, 2.0, 3.0, 3.0, 3.0, 0.0]","[3224, 3224, 3224, 3184, 3204, 3244, 3224, 3244, 3244, 3204, 3204, 3244, 3164, 3224, 3204, 3184, 3204, 3204, 3204, 103488]","[0, 0, 0, 0, 0, 0, 0, 0, 0, 0, 0, 0, 0, 0, 0, 0, 0, 0, 0, 835356]",0.03561087500020221
MovieLens-25M,near-boundary-fixed-k-v2,fixed,TS,Ours,0,1000000,20,0.005199559680396439,0.07983026834705138,0.016442451420029897,Bernoulli; same mean in clean and online rewards,"clean log: max(0, empirical mean - 2 beta)",0.0,0.12612215382554226,238711,207464.75388734078,1.1506099013311284,0.6475864120212307,154586,4427.631578947368,761189,238811,0,1,1.0,simulated,3518195945,"[4.0, 4.0, 4.0, 2.0, 3.0, 5.0, 4.0, 5.0, 5.0, 3.0, 3.0, 5.0, 1.0, 4.0, 3.0, 2.0, 3.0, 3.0, 3.0, 0.0]","[4436, 4436, 4436, 4404, 4420, 4452, 4436, 4452, 4452, 4420, 4420, 4452, 4389, 4436, 4420, 4404, 4420, 4420, 4420, 154586]","[0, 0, 0, 0, 0, 0, 0, 0, 0, 0, 0, 0, 0, 0, 0, 0, 0, 0, 0, 761189]",0.06295466700066754
MovieLens-25M,near-boundary-fixed-k-v2,fixed,UCB,Ours,0,2500000,20,0.0032884902840059796,0.06707303372179221,0.016442451420029897,Bernoulli; same mean in clean and online rewards,"clean log: max(0, empirical mean - 2 beta)",0.0,0.07225050187062648,305683,298395.2602684533,1.024423108212209,0.6369147122999971,194694,5841.526315789473,2194217,305783,0,1,1.0,simulated,335702667,"[4.0, 4.0, 4.0, 2.0, 3.0, 5.0, 4.0, 5.0, 5.0, 3.0, 3.0, 5.0, 1.0, 4.0, 3.0, 2.0, 3.0, 3.0, 3.0, 0.0]","[5855, 5855, 5855, 5803, 5829, 5882, 5855, 5882, 5882, 5829, 5829, 5882, 5777, 5855, 5829, 5803, 5829, 5829, 5829, 194694]","[0, 0, 0, 0, 0, 0, 0, 0, 0, 0, 0, 0, 0, 0, 0, 0, 0, 0, 0, 2194217]",0.09343325000008917
MovieLens-25M,near-boundary-fixed-k-v2,fixed,TS,Ours,0,2500000,20,0.0032884902840059796,0.06707303372179221,0.016442451420029897,Bernoulli; same mean in clean and online rewards,"clean log: max(0, empirical mean - 2 beta)",0.0,0.09673885795998544,433640,388744.55346659984,1.1154882972199827,0.6539133843741353,283563,7898.789473684211,2066260,433740,0,1,1.0,simulated,1353775915,"[4.0, 4.0, 4.0, 2.0, 3.0, 5.0, 4.0, 5.0, 5.0, 3.0, 3.0, 5.0, 1.0, 4.0, 3.0, 2.0, 3.0, 3.0, 3.0, 0.0]","[7910, 7910, 7910, 7868, 7889, 7930, 7910, 7930, 7930, 7889, 7889, 7930, 7848, 7910, 7889, 7868, 7889, 7889, 7889, 283563]","[0, 0, 0, 0, 0, 0, 0, 0, 0, 0, 0, 0, 0, 0, 0, 0, 0, 0, 0, 2066260]",0.17049079200023698
MovieLens-25M,near-boundary-fixed-k-v2,fixed,UCB,Ours,0,10000000,20,0.0016442451420029898,0.051663678599737986,0.016442451420029897,Bernoulli; same mean in clean and online rewards,"clean log: max(0, empirical mean - 2 beta)",0.0,0.048156261271619843,783423,774790.9516652355,1.0111411320901618,0.6457916093859895,505928,14605.0,9216477,783523,0,1,1.0,simulated,529359373,"[4.0, 4.0, 4.0, 2.0, 3.0, 5.0, 4.0, 5.0, 5.0, 3.0, 3.0, 5.0, 1.0, 4.0, 3.0, 2.0, 3.0, 3.0, 3.0, 0.0]","[14626, 14626, 14626, 14546, 14586, 14666, 14626, 14666, 14666, 14586, 14586, 14666, 14507, 14626, 14586, 14546, 14586, 14586, 14586, 505928]","[0, 0, 0, 0, 0, 0, 0, 0, 0, 0, 0, 0, 0, 0, 0, 0, 0, 0, 0, 9216477]",0.391077292000773
MovieLens-25M,near-boundary-fixed-k-v2,fixed,TS,Ours,0,10000000,20,0.0016442451420029898,0.051663678599737986,0.016442451420029897,Bernoulli; same mean in clean and online rewards,"clean log: max(0, empirical mean - 2 beta)",0.0,0.06399333694203801,1082485,1003681.3015450304,1.07851466230731,0.6602742763179167,714737,19355.157894736843,8917415,1082585,0,1,1.0,simulated,1171885319,"[4.0, 4.0, 4.0, 2.0, 3.0, 5.0, 4.0, 5.0, 5.0, 3.0, 3.0, 5.0, 1.0, 4.0, 3.0, 2.0, 3.0, 3.0, 3.0, 0.0]","[19372, 19372, 19372, 19309, 19340, 19403, 19372, 19403, 19403, 19340, 19340, 19403, 19278, 19372, 19340, 19309, 19340, 19340, 19340, 714737]","[0, 0, 0, 0, 0, 0, 0, 0, 0, 0, 0, 0, 0, 0, 0, 0, 0, 0, 0, 8917415]",0.7430515839996588
MovieLens-25M,near-boundary-fixed-k-v2,fixed,UCB,Ours,0,100000,25,0.016442451420029897,0.11559117191354834,0.016442451420029897,Bernoulli; same mean in clean and online rewards,"clean log: max(0, empirical mean - 2 beta)",0.0,0.18763158872234875,38867,34750.50140085435,1.118458682125503,0.5942830678982169,23098,657.0416666666666,61008,38992,0,1,1.0,simulated,414811401,"[4.0, 4.0, 4.0, 5.0, 5.0, 3.0, 3.0, 2.0, 2.0, 5.0, 4.0, 4.0, 5.0, 4.0, 4.0, 4.0, 4.0, 3.0, 4.0, 3.0, 5.0, 4.0, 5.0, 3.0, 0.0]","[658, 658, 658, 668, 668, 649, 649, 639, 639, 668, 658, 658, 668, 658, 658, 658, 658, 649, 658, 649, 668, 658, 668, 649, 23098]","[0, 0, 0, 0, 0, 0, 0, 0, 0, 0, 0, 0, 0, 0, 0, 0, 0, 0, 0, 0, 0, 0, 0, 0, 61008]",0.004318082999816397
MovieLens-25M,near-boundary-fixed-k-v2,fixed,TS,Ours,0,100000,25,0.016442451420029897,0.11559117191354834,0.016442451420029897,Bernoulli; same mean in clean and online rewards,"clean log: max(0, empirical mean - 2 beta)",0.0,0.25161499275348165,61183,46197.86118183885,1.3243686706442603,0.6127192193910073,37488,987.2916666666666,38692,61308,0,1,1.0,simulated,1939875394,"[4.0, 4.0, 4.0, 5.0, 5.0, 3.0, 3.0, 2.0, 2.0, 5.0, 4.0, 4.0, 5.0, 4.0, 4.0, 4.0, 4.0, 3.0, 4.0, 3.0, 5.0, 4.0, 5.0, 3.0, 0.0]","[988, 988, 988, 996, 996, 981, 981, 973, 973, 996, 988, 988, 996, 988, 988, 988, 988, 981, 988, 981, 996, 988, 996, 981, 37488]","[0, 0, 0, 0, 0, 0, 0, 0, 0, 0, 0, 0, 0, 0, 0, 0, 0, 0, 0, 0, 0, 0, 0, 0, 38692]",0.0048267909996866365
MovieLens-25M,near-boundary-fixed-k-v2,fixed,UCB,Ours,0,250000,25,0.010399119360792878,0.09671978347774034,0.016442451420029897,Bernoulli; same mean in clean and online rewards,"clean log: max(0, empirical mean - 2 beta)",0.0,0.14794820865354313,71171,65665.98010647747,1.0838336667570656,0.6099534922932093,43411,1156.6666666666667,178704,71296,0,1,1.0,simulated,469565273,"[4.0, 4.0, 4.0, 5.0, 5.0, 3.0, 3.0, 2.0, 2.0, 5.0, 4.0, 4.0, 5.0, 4.0, 4.0, 4.0, 4.0, 3.0, 4.0, 3.0, 5.0, 4.0, 5.0, 3.0, 0.0]","[1158, 1158, 1158, 1171, 1171, 1146, 1146, 1133, 1133, 1171, 1158, 1158, 1171, 1158, 1158, 1158, 1158, 1146, 1158, 1146, 1171, 1158, 1171, 1146, 43411]","[0, 0, 0, 0, 0, 0, 0, 0, 0, 0, 0, 0, 0, 0, 0, 0, 0, 0, 0, 0, 0, 0, 0, 0, 178704]",0.009435208000468265
MovieLens-25M,near-boundary-fixed-k-v2,fixed,TS,Ours,0,250000,25,0.010399119360792878,0.09671978347774034,0.016442451420029897,Bernoulli; same mean in clean and online rewards,"clean log: max(0, empirical mean - 2 beta)",0.0,0.19863717941309034,107693,86772.19353143856,1.2411003527412452,0.6278866778713565,67619,1669.75,142182,107818,0,1,1.0,simulated,3201742987,"[4.0, 4.0, 4.0, 5.0, 5.0, 3.0, 3.0, 2.0, 2.0, 5.0, 4.0, 4.0, 5.0, 4.0, 4.0, 4.0, 4.0, 3.0, 4.0, 3.0, 5.0, 4.0, 5.0, 3.0, 0.0]","[1671, 1671, 1671, 1681, 1681, 1661, 1661, 1651, 1651, 1681, 1671, 1671, 1681, 1671, 1671, 1671, 1671, 1661, 1671, 1661, 1681, 1671, 1681, 1661, 67619]","[0, 0, 0, 0, 0, 0, 0, 0, 0, 0, 0, 0, 0, 0, 0, 0, 0, 0, 0, 0, 0, 0, 0, 0, 142182]",0.015200542000457062
MovieLens-25M,near-boundary-fixed-k-v2,fixed,UCB,Ours,0,1000000,25,0.005199559680396439,0.07410785642879708,0.016442451420029897,Bernoulli; same mean in clean and online rewards,"clean log: max(0, empirical mean - 2 beta)",0.0,0.10131021817434344,179656,171404.2122876498,1.0481422690972266,0.6274936545397871,112733,2788.4583333333335,820219,179781,0,1,1.0,simulated,1954742618,"[4.0, 4.0, 4.0, 5.0, 5.0, 3.0, 3.0, 2.0, 2.0, 5.0, 4.0, 4.0, 5.0, 4.0, 4.0, 4.0, 4.0, 3.0, 4.0, 3.0, 5.0, 4.0, 5.0, 3.0, 0.0]","[2791, 2791, 2791, 2809, 2809, 2772, 2772, 2754, 2754, 2809, 2791, 2791, 2809, 2791, 2791, 2791, 2791, 2772, 2791, 2772, 2809, 2791, 2809, 2772, 112733]","[0, 0, 0, 0, 0, 0, 0, 0, 0, 0, 0, 0, 0, 0, 0, 0, 0, 0, 0, 0, 0, 0, 0, 0, 820219]",0.039848499999607156
MovieLens-25M,near-boundary-fixed-k-v2,fixed,TS,Ours,0,1000000,25,0.005199559680396439,0.07410785642879708,0.016442451420029897,Bernoulli; same mean in clean and online rewards,"clean log: max(0, empirical mean - 2 beta)",0.0,0.13567794468916294,260055,224744.19289897382,1.157115548328757,0.6438714887235393,167442,3858.875,739820,260180,0,1,1.0,simulated,3646373465,"[4.0, 4.0, 4.0, 5.0, 5.0, 3.0, 3.0, 2.0, 2.0, 5.0, 4.0, 4.0, 5.0, 4.0, 4.0, 4.0, 4.0, 3.0, 4.0, 3.0, 5.0, 4.0, 5.0, 3.0, 0.0]","[3861, 3861, 3861, 3875, 3875, 3846, 3846, 3831, 3831, 3875, 3861, 3861, 3875, 3861, 3861, 3861, 3861, 3846, 3861, 3846, 3875, 3861, 3875, 3846, 167442]","[0, 0, 0, 0, 0, 0, 0, 0, 0, 0, 0, 0, 0, 0, 0, 0, 0, 0, 0, 0, 0, 0, 0, 0, 739820]",0.07392445799996494
MovieLens-25M,near-boundary-fixed-k-v2,fixed,UCB,Ours,0,2500000,25,0.0032884902840059796,0.06226508887192082,0.016442451420029897,Bernoulli; same mean in clean and online rewards,"clean log: max(0, empirical mean - 2 beta)",0.0,0.07809486524501696,333007,322560.463197187,1.0323862903074603,0.6359535985730029,211777,5051.25,2166868,333132,0,1,1.0,simulated,33096353,"[4.0, 4.0, 4.0, 5.0, 5.0, 3.0, 3.0, 2.0, 2.0, 5.0, 4.0, 4.0, 5.0, 4.0, 4.0, 4.0, 4.0, 3.0, 4.0, 3.0, 5.0, 4.0, 5.0, 3.0, 0.0]","[5054, 5054, 5054, 5079, 5079, 5030, 5030, 5006, 5006, 5079, 5054, 5054, 5079, 5054, 5054, 5054, 5054, 5030, 5054, 5030, 5079, 5054, 5079, 5030, 211777]","[0, 0, 0, 0, 0, 0, 0, 0, 0, 0, 0, 0, 0, 0, 0, 0, 0, 0, 0, 0, 0, 0, 0, 0, 2166868]",0.10373579200040695
MovieLens-25M,near-boundary-fixed-k-v2,fixed,TS,Ours,0,2500000,25,0.0032884902840059796,0.06226508887192082,0.016442451420029897,Bernoulli; same mean in clean and online rewards,"clean log: max(0, empirical mean - 2 beta)",0.0,0.10423326983030787,471527,421077.81143345765,1.1198096579698662,0.6510083197780827,306968,6856.625,2028348,471652,0,1,1.0,simulated,1402260928,"[4.0, 4.0, 4.0, 5.0, 5.0, 3.0, 3.0, 2.0, 2.0, 5.0, 4.0, 4.0, 5.0, 4.0, 4.0, 4.0, 4.0, 3.0, 4.0, 3.0, 5.0, 4.0, 5.0, 3.0, 0.0]","[6859, 6859, 6859, 6878, 6878, 6840, 6840, 6821, 6821, 6878, 6859, 6859, 6878, 6859, 6859, 6859, 6859, 6840, 6859, 6840, 6878, 6859, 6878, 6840, 306968]","[0, 0, 0, 0, 0, 0, 0, 0, 0, 0, 0, 0, 0, 0, 0, 0, 0, 0, 0, 0, 0, 0, 0, 0, 2028348]",0.20075420900047902
MovieLens-25M,near-boundary-fixed-k-v2,fixed,UCB,Ours,0,10000000,25,0.0016442451420029898,0.04796031073838066,0.016442451420029897,Bernoulli; same mean in clean and online rewards,"clean log: max(0, empirical mean - 2 beta)",0.0,0.05207899589038176,851405,837536.5212747959,1.0165586555008912,0.6452910189627733,549404,12583.375,9148470,851530,0,1,1.0,simulated,3339362139,"[4.0, 4.0, 4.0, 5.0, 5.0, 3.0, 3.0, 2.0, 2.0, 5.0, 4.0, 4.0, 5.0, 4.0, 4.0, 4.0, 4.0, 3.0, 4.0, 3.0, 5.0, 4.0, 5.0, 3.0, 0.0]","[12588, 12588, 12588, 12625, 12625, 12551, 12551, 12514, 12514, 12625, 12588, 12588, 12625, 12588, 12588, 12588, 12588, 12551, 12588, 12551, 12625, 12588, 12625, 12551, 549404]","[0, 0, 0, 0, 0, 0, 0, 0, 0, 0, 0, 0, 0, 0, 0, 0, 0, 0, 0, 0, 0, 0, 0, 0, 9148470]",0.4354139170000053
MovieLens-25M,near-boundary-fixed-k-v2,fixed,TS,Ours,0,10000000,25,0.0016442451420029898,0.04796031073838066,0.016442451420029897,Bernoulli; same mean in clean and online rewards,"clean log: max(0, empirical mean - 2 beta)",0.0,0.06906755060265093,1174771,1087006.7299986908,1.0807393989192826,0.65826786667359,773314,16727.375,8825104,1174896,0,1,1.0,simulated,135426062,"[4.0, 4.0, 4.0, 5.0, 5.0, 3.0, 3.0, 2.0, 2.0, 5.0, 4.0, 4.0, 5.0, 4.0, 4.0, 4.0, 4.0, 3.0, 4.0, 3.0, 5.0, 4.0, 5.0, 3.0, 0.0]","[16731, 16731, 16731, 16760, 16760, 16702, 16702, 16673, 16673, 16760, 16731, 16731, 16760, 16731, 16731, 16731, 16731, 16702, 16731, 16702, 16760, 16731, 16760, 16702, 773314]","[0, 0, 0, 0, 0, 0, 0, 0, 0, 0, 0, 0, 0, 0, 0, 0, 0, 0, 0, 0, 0, 0, 0, 0, 8825104]",0.9391761670003689
MovieLens-25M,near-boundary-fixed-k-v2,fixed,UCB,Ours,1,100000,5,0.016442451420029897,0.19765812362033866,0.016442451420029897,Bernoulli; same mean in clean and online rewards,"clean log: max(0, empirical mean - 2 beta)",0.0,0.10323388708106176,19054,19123.93791470531,0.9963429124787352,0.604230082922221,11513,1885.25,80921,19079,0,1,1.0,simulated,2054347993,"[4.0, 4.0, 5.0, 4.0, 0.0]","[1881, 1881, 1898, 1881, 11513]","[0, 0, 0, 0, 80921]",0.00192983400029334
MovieLens-25M,near-boundary-fixed-k-v2,fixed,TS,Ours,1,100000,5,0.016442451420029897,0.19765812362033866,0.016442451420029897,Bernoulli; same mean in clean and online rewards,"clean log: max(0, empirical mean - 2 beta)",0.0,0.14817777849685476,31204,24967.322128044878,1.2497936238404075,0.6566786309447507,20491,2678.25,68771,31229,0,1,1.0,simulated,332559227,"[4.0, 4.0, 5.0, 4.0, 0.0]","[2675, 2675, 2688, 2675, 20491]","[0, 0, 0, 0, 68771]",0.0019702080007846234
MovieLens-25M,near-boundary-fixed-k-v2,fixed,UCB,Ours,1,250000,5,0.010399119360792878,0.16538850331471416,0.016442451420029897,Bernoulli; same mean in clean and online rewards,"clean log: max(0, empirical mean - 2 beta)",0.0,0.08093753671756615,35727,36137.38150649174,0.9886438505120239,0.6162846026814454,22018,3427.25,214248,35752,0,1,1.0,simulated,282176608,"[4.0, 4.0, 5.0, 4.0, 0.0]","[3422, 3422, 3443, 3422, 22018]","[0, 0, 0, 0, 214248]",0.004000166999503563
MovieLens-25M,near-boundary-fixed-k-v2,fixed,TS,Ours,1,250000,5,0.010399119360792878,0.16538850331471416,0.016442451420029897,Bernoulli; same mean in clean and online rewards,"clean log: max(0, empirical mean - 2 beta)",0.0,0.1147630445727354,56049,46944.97392466051,1.19392972908985,0.6628485789220147,37152,4724.25,193926,56074,0,1,1.0,simulated,2788877345,"[4.0, 4.0, 5.0, 4.0, 0.0]","[4720, 4720, 4737, 4720, 37152]","[0, 0, 0, 0, 193926]",0.0045333329999266425
MovieLens-25M,near-boundary-fixed-k-v2,fixed,UCB,Ours,1,1000000,5,0.005199559680396439,0.12672265195301305,0.016442451420029897,Bernoulli; same mean in clean and online rewards,"clean log: max(0, empirical mean - 2 beta)",0.0,0.05514305345828811,92628,94327.37318798502,0.981984304973718,0.6300794576154078,58363,8566.25,907347,92653,0,1,1.0,simulated,1889780156,"[4.0, 4.0, 5.0, 4.0, 0.0]","[8558, 8558, 8591, 8558, 58363]","[0, 0, 0, 0, 907347]",0.01576520900016476
MovieLens-25M,near-boundary-fixed-k-v2,fixed,TS,Ours,1,1000000,5,0.005199559680396439,0.12672265195301305,0.016442451420029897,Bernoulli; same mean in clean and online rewards,"clean log: max(0, empirical mean - 2 beta)",0.0,0.07676093380652985,138211,121757.92036280714,1.1351294403531773,0.6685502601095427,92401,11452.5,861764,138236,0,1,1.0,simulated,3448098341,"[4.0, 4.0, 5.0, 4.0, 0.0]","[11446, 11446, 11472, 11446, 92401]","[0, 0, 0, 0, 861764]",0.018817207999745733
MovieLens-25M,near-boundary-fixed-k-v2,fixed,UCB,Ours,1,2500000,5,0.0032884902840059796,0.10647180428867146,0.016442451420029897,Bernoulli; same mean in clean and online rewards,"clean log: max(0, empirical mean - 2 beta)",0.0,0.042436782520195906,173958,177511.8638078107,0.9799795702012435,0.6369066096414077,110795,15790.75,2326017,173983,0,1,1.0,simulated,760909084,"[4.0, 4.0, 5.0, 4.0, 0.0]","[15780, 15780, 15823, 15780, 110795]","[0, 0, 0, 0, 2326017]",0.03943058299955737
MovieLens-25M,near-boundary-fixed-k-v2,fixed,TS,Ours,1,2500000,5,0.0032884902840059796,0.10647180428867146,0.016442451420029897,Bernoulli; same mean in clean and online rewards,"clean log: max(0, empirical mean - 2 beta)",0.0,0.05839629104808851,252900,228305.90053296532,1.1077243269211237,0.670691973111902,169618,20820.5,2247075,252925,0,1,1.0,simulated,4171793572,"[4.0, 4.0, 5.0, 4.0, 0.0]","[20812, 20812, 20846, 20812, 169618]","[0, 0, 0, 0, 2247075]",0.04819049999969138
MovieLens-25M,near-boundary-fixed-k-v2,fixed,UCB,Ours,1,10000000,5,0.0016442451420029898,0.08201097775777105,0.016442451420029897,Bernoulli; same mean in clean and online rewards,"clean log: max(0, empirical mean - 2 beta)",0.0,0.02827673458698763,451355,460914.1102569438,0.9792605389068803,0.644718680417853,290997,40089.5,9548620,451380,0,1,1.0,simulated,3977428377,"[4.0, 4.0, 5.0, 4.0, 0.0]","[40073, 40073, 40139, 40073, 290997]","[0, 0, 0, 0, 9548620]",0.16045983300045918
MovieLens-25M,near-boundary-fixed-k-v2,fixed,TS,Ours,1,10000000,5,0.0016442451420029898,0.08201097775777105,0.016442451420029897,Bernoulli; same mean in clean and online rewards,"clean log: max(0, empirical mean - 2 beta)",0.0,0.038295734808283965,635825,589995.1435423779,1.0776783622021973,0.6723438052923367,427493,52083.0,9364150,635850,0,1,1.0,simulated,3789510739,"[4.0, 4.0, 5.0, 4.0, 0.0]","[52070, 52070, 52122, 52070, 427493]","[0, 0, 0, 0, 9364150]",0.19759795799927815
MovieLens-25M,near-boundary-fixed-k-v2,fixed,UCB,Ours,1,100000,10,0.016442451420029897,0.15688135668249298,0.016442451420029897,Bernoulli; same mean in clean and online rewards,"clean log: max(0, empirical mean - 2 beta)",0.0,0.13651059271713378,26222,25059.44785667459,1.04639177008107,0.6029669742963923,15811,1156.7777777777778,73728,26272,0,1,1.0,simulated,3527542505,"[5.0, 2.0, 5.0, 5.0, 4.0, 3.0, 4.0, 3.0, 3.0, 0.0]","[1172, 1134, 1172, 1172, 1160, 1147, 1160, 1147, 1147, 15811]","[0, 0, 0, 0, 0, 0, 0, 0, 0, 73728]",0.002121500001521781
MovieLens-25M,near-boundary-fixed-k-v2,fixed,TS,Ours,1,100000,10,0.016442451420029897,0.15688135668249298,0.016442451420029897,Bernoulli; same mean in clean and online rewards,"clean log: max(0, empirical mean - 2 beta)",0.0,0.18933835843124508,41869,32976.642231990234,1.2696562526121413,0.6384437173087487,26731,1682.0,58081,41919,0,1,1.0,simulated,2451453316,"[5.0, 2.0, 5.0, 5.0, 4.0, 3.0, 4.0, 3.0, 3.0, 0.0]","[1695, 1663, 1695, 1695, 1684, 1674, 1684, 1674, 1674, 26731]","[0, 0, 0, 0, 0, 0, 0, 0, 0, 58081]",0.0030608750093961135
MovieLens-25M,near-boundary-fixed-k-v2,fixed,UCB,Ours,1,250000,10,0.010399119360792878,0.13126894207261167,0.016442451420029897,Bernoulli; same mean in clean and online rewards,"clean log: max(0, empirical mean - 2 beta)",0.0,0.10712856632602344,48696,47353.36579619098,1.0283535115452558,0.6160054213898473,29997,2077.6666666666665,201254,48746,0,1,1.0,simulated,1733402015,"[5.0, 2.0, 5.0, 5.0, 4.0, 3.0, 4.0, 3.0, 3.0, 0.0]","[2098, 2048, 2098, 2098, 2081, 2065, 2081, 2065, 2065, 29997]","[0, 0, 0, 0, 0, 0, 0, 0, 0, 201254]",0.0045852909970562905
MovieLens-25M,near-boundary-fixed-k-v2,fixed,TS,Ours,1,250000,10,0.010399119360792878,0.13126894207261167,0.016442451420029897,Bernoulli; same mean in clean and online rewards,"clean log: max(0, empirical mean - 2 beta)",0.0,0.14773050904440782,74685,61975.520735617014,1.2050725691939028,0.6482024502912231,48411,2919.3333333333335,175265,74735,0,1,1.0,simulated,1907647992,"[5.0, 2.0, 5.0, 5.0, 4.0, 3.0, 4.0, 3.0, 3.0, 0.0]","[2936, 2895, 2936, 2936, 2922, 2909, 2922, 2909, 2909, 48411]","[0, 0, 0, 0, 0, 0, 0, 0, 0, 175265]",0.008116666998830624
MovieLens-25M,near-boundary-fixed-k-v2,fixed,UCB,Ours,1,1000000,10,0.005199559680396439,0.10057983550920645,0.016442451420029897,Bernoulli; same mean in clean and online rewards,"clean log: max(0, empirical mean - 2 beta)",0.0,0.07301425853331997,124883,123603.82576037137,1.0103489858162524,0.630726359872841,78767,5124.0,875067,124933,0,1,1.0,simulated,401464650,"[5.0, 2.0, 5.0, 5.0, 4.0, 3.0, 4.0, 3.0, 3.0, 0.0]","[5155, 5079, 5155, 5155, 5130, 5104, 5130, 5104, 5104, 78767]","[0, 0, 0, 0, 0, 0, 0, 0, 0, 875067]",0.017589457987924106
MovieLens-25M,near-boundary-fixed-k-v2,fixed,TS,Ours,1,1000000,10,0.005199559680396439,0.10057983550920645,0.016442451420029897,Bernoulli; same mean in clean and online rewards,"clean log: max(0, empirical mean - 2 beta)",0.0,0.0996091058886884,182878,160643.27736779582,1.138410539155631,0.6580397860868995,120341,6948.555555555556,817072,182928,0,1,1.0,simulated,997376357,"[5.0, 2.0, 5.0, 5.0, 4.0, 3.0, 4.0, 3.0, 3.0, 0.0]","[6973, 6913, 6973, 6973, 6953, 6933, 6953, 6933, 6933, 120341]","[0, 0, 0, 0, 0, 0, 0, 0, 0, 817072]",0.03513962498982437
MovieLens-25M,near-boundary-fixed-k-v2,fixed,UCB,Ours,1,2500000,10,0.0032884902840059796,0.08450672706639467,0.016442451420029897,Bernoulli; same mean in clean and online rewards,"clean log: max(0, empirical mean - 2 beta)",0.0,0.056177077444244425,233265,232606.34472215077,1.0028316307478027,0.6379139605170085,148803,9384.666666666666,2266685,233315,0,1,1.0,simulated,3814704592,"[5.0, 2.0, 5.0, 5.0, 4.0, 3.0, 4.0, 3.0, 3.0, 0.0]","[9425, 9326, 9425, 9425, 9392, 9359, 9392, 9359, 9359, 148803]","[0, 0, 0, 0, 0, 0, 0, 0, 0, 2266685]",0.04520483300439082
MovieLens-25M,near-boundary-fixed-k-v2,fixed,TS,Ours,1,2500000,10,0.0032884902840059796,0.08450672706639467,0.016442451420029897,Bernoulli; same mean in clean and online rewards,"clean log: max(0, empirical mean - 2 beta)",0.0,0.07606068619324174,333660,301113.0238807741,1.1080889019669666,0.6621890547263681,220946,12523.777777777777,2166290,333710,0,1,1.0,simulated,656587869,"[5.0, 2.0, 5.0, 5.0, 4.0, 3.0, 4.0, 3.0, 3.0, 0.0]","[12556, 12477, 12556, 12556, 12530, 12503, 12530, 12503, 12503, 220946]","[0, 0, 0, 0, 0, 0, 0, 0, 0, 2166290]",0.09431070899881888
MovieLens-25M,near-boundary-fixed-k-v2,fixed,UCB,Ours,1,10000000,10,0.0016442451420029898,0.06509215618281318,0.016442451420029897,Bernoulli; same mean in clean and online rewards,"clean log: max(0, empirical mean - 2 beta)",0.0,0.03740331915612306,601497,603968.343962668,0.9959081564665238,0.6460015594425242,388568,23658.777777777777,9398453,601547,0,1,1.0,simulated,1687630349,"[5.0, 2.0, 5.0, 5.0, 4.0, 3.0, 4.0, 3.0, 3.0, 0.0]","[23721, 23569, 23721, 23721, 23670, 23619, 23670, 23619, 23619, 388568]","[0, 0, 0, 0, 0, 0, 0, 0, 0, 9398453]",0.22587341599864885
MovieLens-25M,near-boundary-fixed-k-v2,fixed,TS,Ours,1,10000000,10,0.0016442451420029898,0.06509215618281318,0.016442451420029897,Bernoulli; same mean in clean and online rewards,"clean log: max(0, empirical mean - 2 beta)",0.0,0.050075499273334365,836554,777780.8263738758,1.075565212760686,0.6661327302242294,557256,31033.11111111111,9163396,836604,0,1,1.0,simulated,3063066196,"[5.0, 2.0, 5.0, 5.0, 4.0, 3.0, 4.0, 3.0, 3.0, 0.0]","[31082, 30962, 31082, 31082, 31042, 31002, 31042, 31002, 31002, 557256]","[0, 0, 0, 0, 0, 0, 0, 0, 0, 9163396]",0.40887654200196266
MovieLens-25M,near-boundary-fixed-k-v2,fixed,UCB,Ours,1,100000,15,0.016442451420029897,0.13704848847915332,0.016442451420029897,Bernoulli; same mean in clean and online rewards,"clean log: max(0, empirical mean - 2 beta)",0.0,0.15779613718777918,31192,29035.7694853145,1.0742611803615558,0.6007309566555527,18738,889.5714285714286,68733,31267,0,1,1.0,simulated,2097733634,"[4.0, 2.0, 3.0, 3.0, 5.0, 5.0, 4.0, 3.0, 2.0, 4.0, 2.0, 3.0, 4.0, 2.0, 0.0]","[898, 875, 886, 886, 909, 909, 898, 886, 875, 898, 875, 886, 898, 875, 18738]","[0, 0, 0, 0, 0, 0, 0, 0, 0, 0, 0, 0, 0, 0, 68733]",0.005242834000455332
MovieLens-25M,near-boundary-fixed-k-v2,fixed,TS,Ours,1,100000,15,0.016442451420029897,0.13704848847915332,0.016442451420029897,Bernoulli; same mean in clean and online rewards,"clean log: max(0, empirical mean - 2 beta)",0.0,0.215522192793903,49440,38383.40140857019,1.2880567689595406,0.6279126213592233,31044,1314.0,50485,49515,0,1,1.0,simulated,1679264915,"[4.0, 2.0, 3.0, 3.0, 5.0, 5.0, 4.0, 3.0, 2.0, 4.0, 2.0, 3.0, 4.0, 2.0, 0.0]","[1321, 1302, 1311, 1311, 1330, 1330, 1321, 1311, 1302, 1321, 1302, 1311, 1321, 1302, 31044]","[0, 0, 0, 0, 0, 0, 0, 0, 0, 0, 0, 0, 0, 0, 50485]",0.0038787499997852137
MovieLens-25M,near-boundary-fixed-k-v2,fixed,UCB,Ours,1,250000,15,0.010399119360792878,0.11467398342123439,0.016442451420029897,Bernoulli; same mean in clean and online rewards,"clean log: max(0, empirical mean - 2 beta)",0.0,0.1240711529129788,57623,54867.18707753817,1.0502269766184171,0.6145636291064331,35413,1586.4285714285713,192302,57698,0,1,1.0,simulated,1233301605,"[4.0, 2.0, 3.0, 3.0, 5.0, 5.0, 4.0, 3.0, 2.0, 4.0, 2.0, 3.0, 4.0, 2.0, 0.0]","[1597, 1568, 1582, 1582, 1611, 1611, 1597, 1582, 1568, 1597, 1568, 1582, 1597, 1568, 35413]","[0, 0, 0, 0, 0, 0, 0, 0, 0, 0, 0, 0, 0, 0, 192302]",0.005161624999345804
MovieLens-25M,near-boundary-fixed-k-v2,fixed,TS,Ours,1,250000,15,0.010399119360792878,0.11467398342123439,0.016442451420029897,Bernoulli; same mean in clean and online rewards,"clean log: max(0, empirical mean - 2 beta)",0.0,0.16899806623130603,87757,72117.80156339164,1.2168562837132728,0.6398236038150803,56149,2257.714285714286,162168,87832,0,1,1.0,simulated,2844020961,"[4.0, 2.0, 3.0, 3.0, 5.0, 5.0, 4.0, 3.0, 2.0, 4.0, 2.0, 3.0, 4.0, 2.0, 0.0]","[2266, 2243, 2254, 2254, 2278, 2278, 2266, 2254, 2243, 2266, 2243, 2254, 2266, 2243, 56149]","[0, 0, 0, 0, 0, 0, 0, 0, 0, 0, 0, 0, 0, 0, 162168]",0.010248625000713218
MovieLens-25M,near-boundary-fixed-k-v2,fixed,UCB,Ours,1,1000000,15,0.005199559680396439,0.08786457944723307,0.016442451420029897,Bernoulli; same mean in clean and online rewards,"clean log: max(0, empirical mean - 2 beta)",0.0,0.08471632995766212,146891,143216.7305843177,1.0256553085710827,0.6301202932786897,92559,3880.8571428571427,853034,146966,0,1,1.0,simulated,574297222,"[4.0, 2.0, 3.0, 3.0, 5.0, 5.0, 4.0, 3.0, 2.0, 4.0, 2.0, 3.0, 4.0, 2.0, 0.0]","[3896, 3853, 3875, 3875, 3918, 3918, 3896, 3875, 3853, 3896, 3853, 3875, 3896, 3853, 92559]","[0, 0, 0, 0, 0, 0, 0, 0, 0, 0, 0, 0, 0, 0, 853034]",0.01999945799980196
MovieLens-25M,near-boundary-fixed-k-v2,fixed,TS,Ours,1,1000000,15,0.005199559680396439,0.08786457944723307,0.016442451420029897,Bernoulli; same mean in clean and online rewards,"clean log: max(0, empirical mean - 2 beta)",0.0,0.1145730892950477,213800,186867.8377640692,1.1441241176554635,0.6520954162768943,139418,5313.0,786125,213875,0,1,1.0,simulated,3169410956,"[4.0, 2.0, 3.0, 3.0, 5.0, 5.0, 4.0, 3.0, 2.0, 4.0, 2.0, 3.0, 4.0, 2.0, 0.0]","[5325, 5291, 5308, 5308, 5343, 5343, 5325, 5308, 5291, 5325, 5291, 5308, 5325, 5291, 139418]","[0, 0, 0, 0, 0, 0, 0, 0, 0, 0, 0, 0, 0, 0, 786125]",0.04685116700056824
MovieLens-25M,near-boundary-fixed-k-v2,fixed,UCB,Ours,1,2500000,15,0.0032884902840059796,0.07382342590400462,0.016442451420029897,Bernoulli; same mean in clean and online rewards,"clean log: max(0, empirical mean - 2 beta)",0.0,0.06522529898900878,273557,269515.28400794626,1.014996240405923,0.6376842851763983,174443,7079.571428571428,2226368,273632,0,1,1.0,simulated,1399435551,"[4.0, 2.0, 3.0, 3.0, 5.0, 5.0, 4.0, 3.0, 2.0, 4.0, 2.0, 3.0, 4.0, 2.0, 0.0]","[7100, 7043, 7071, 7071, 7129, 7129, 7100, 7071, 7043, 7100, 7043, 7071, 7100, 7043, 174443]","[0, 0, 0, 0, 0, 0, 0, 0, 0, 0, 0, 0, 0, 0, 2226368]",0.0506325830001515
MovieLens-25M,near-boundary-fixed-k-v2,fixed,TS,Ours,1,2500000,15,0.0032884902840059796,0.07382342590400462,0.016442451420029897,Bernoulli; same mean in clean and online rewards,"clean log: max(0, empirical mean - 2 beta)",0.0,0.0877106588485071,389191,350198.96764450165,1.1113425108525175,0.6574586771019885,255877,9522.42857142857,2110734,389266,0,1,1.0,simulated,3810904947,"[4.0, 2.0, 3.0, 3.0, 5.0, 5.0, 4.0, 3.0, 2.0, 4.0, 2.0, 3.0, 4.0, 2.0, 0.0]","[9539, 9493, 9516, 9516, 9561, 9561, 9539, 9516, 9493, 9539, 9493, 9516, 9539, 9493, 255877]","[0, 0, 0, 0, 0, 0, 0, 0, 0, 0, 0, 0, 0, 0, 2110734]",0.12450441700002557
MovieLens-25M,near-boundary-fixed-k-v2,fixed,UCB,Ours,1,10000000,15,0.0016442451420029898,0.056863236048869684,0.016442451420029897,Bernoulli; same mean in clean and online rewards,"clean log: max(0, empirical mean - 2 beta)",0.0,0.043449780348751035,703024,699803.3520940593,1.0046022184608052,0.64611734450033,454236,17770.571428571428,9296901,703099,0,1,1.0,simulated,3778431451,"[4.0, 2.0, 3.0, 3.0, 5.0, 5.0, 4.0, 3.0, 2.0, 4.0, 2.0, 3.0, 4.0, 2.0, 0.0]","[17802, 17714, 17758, 17758, 17846, 17846, 17802, 17758, 17714, 17802, 17714, 17758, 17802, 17714, 454236]","[0, 0, 0, 0, 0, 0, 0, 0, 0, 0, 0, 0, 0, 0, 9296901]",0.20953954200012959
MovieLens-25M,near-boundary-fixed-k-v2,fixed,TS,Ours,1,10000000,15,0.0016442451420029898,0.056863236048869684,0.016442451420029897,Bernoulli; same mean in clean and online rewards,"clean log: max(0, empirical mean - 2 beta)",0.0,0.05790181895015417,973574,904329.9668195297,1.0765694334159877,0.6627580440726643,645244,23452.14285714286,9026351,973649,0,1,1.0,simulated,3975500708,"[4.0, 2.0, 3.0, 3.0, 5.0, 5.0, 4.0, 3.0, 2.0, 4.0, 2.0, 3.0, 4.0, 2.0, 0.0]","[23477, 23408, 23442, 23442, 23511, 23511, 23477, 23442, 23408, 23477, 23408, 23442, 23477, 23408, 645244]","[0, 0, 0, 0, 0, 0, 0, 0, 0, 0, 0, 0, 0, 0, 9026351]",0.5290141670002413
MovieLens-25M,near-boundary-fixed-k-v2,fixed,UCB,Ours,1,100000,20,0.016442451420029897,0.12451681531599387,0.016442451420029897,Bernoulli; same mean in clean and online rewards,"clean log: max(0, empirical mean - 2 beta)",0.0,0.17424765331438824,35338,32147.104475194756,1.0992591891835046,0.5971758446997566,21103,749.2105263157895,64562,35438,0,1,1.0,simulated,2466056549,"[3.0, 4.0, 5.0, 4.0, 4.0, 2.0, 3.0, 4.0, 4.0, 5.0, 4.0, 5.0, 5.0, 4.0, 2.0, 2.0, 4.0, 3.0, 4.0, 0.0]","[742, 752, 762, 752, 752, 731, 742, 752, 752, 762, 752, 762, 762, 752, 731, 731, 752, 742, 752, 21103]","[0, 0, 0, 0, 0, 0, 0, 0, 0, 0, 0, 0, 0, 0, 0, 0, 0, 0, 0, 64562]",0.0031727499999760767
MovieLens-25M,near-boundary-fixed-k-v2,fixed,TS,Ours,1,100000,20,0.016442451420029897,0.12451681531599387,0.016442451420029897,Bernoulli; same mean in clean and online rewards,"clean log: max(0, empirical mean - 2 beta)",0.0,0.23545932456445867,55746,42632.14931415255,1.3076047278126337,0.6193807627453091,34528,1116.7368421052631,44154,55846,0,1,1.0,simulated,3173602847,"[3.0, 4.0, 5.0, 4.0, 4.0, 2.0, 3.0, 4.0, 4.0, 5.0, 4.0, 5.0, 5.0, 4.0, 2.0, 2.0, 4.0, 3.0, 4.0, 0.0]","[1111, 1119, 1127, 1119, 1119, 1102, 1111, 1119, 1119, 1127, 1119, 1127, 1127, 1119, 1102, 1102, 1119, 1111, 1119, 34528]","[0, 0, 0, 0, 0, 0, 0, 0, 0, 0, 0, 0, 0, 0, 0, 0, 0, 0, 0, 44154]",0.003994374999820138
MovieLens-25M,near-boundary-fixed-k-v2,fixed,UCB,Ours,1,250000,20,0.010399119360792878,0.1041882283684082,0.016442451420029897,Bernoulli; same mean in clean and online rewards,"clean log: max(0, empirical mean - 2 beta)",0.0,0.13719614419610138,64953,60746.49394546845,1.069246894451352,0.6120425538466275,39754,1326.2631578947369,184947,65053,0,1,1.0,simulated,3810292724,"[3.0, 4.0, 5.0, 4.0, 4.0, 2.0, 3.0, 4.0, 4.0, 5.0, 4.0, 5.0, 5.0, 4.0, 2.0, 2.0, 4.0, 3.0, 4.0, 0.0]","[1316, 1330, 1343, 1330, 1330, 1303, 1316, 1330, 1330, 1343, 1330, 1343, 1343, 1330, 1303, 1303, 1330, 1316, 1330, 39754]","[0, 0, 0, 0, 0, 0, 0, 0, 0, 0, 0, 0, 0, 0, 0, 0, 0, 0, 0, 184947]",0.008502583000336017
MovieLens-25M,near-boundary-fixed-k-v2,fixed,TS,Ours,1,250000,20,0.010399119360792878,0.1041882283684082,0.016442451420029897,Bernoulli; same mean in clean and online rewards,"clean log: max(0, empirical mean - 2 beta)",0.0,0.18530922430779584,98494,80086.01082922542,1.229852741823133,0.6331147074948728,62358,1901.8947368421052,151406,98594,0,1,1.0,simulated,503313250,"[3.0, 4.0, 5.0, 4.0, 4.0, 2.0, 3.0, 4.0, 4.0, 5.0, 4.0, 5.0, 5.0, 4.0, 2.0, 2.0, 4.0, 3.0, 4.0, 0.0]","[1894, 1905, 1915, 1905, 1905, 1883, 1894, 1905, 1905, 1915, 1905, 1915, 1915, 1905, 1883, 1883, 1905, 1894, 1905, 62358]","[0, 0, 0, 0, 0, 0, 0, 0, 0, 0, 0, 0, 0, 0, 0, 0, 0, 0, 0, 151406]",0.012726458000543062
MovieLens-25M,near-boundary-fixed-k-v2,fixed,UCB,Ours,1,1000000,20,0.005199559680396439,0.07983026834705138,0.016442451420029897,Bernoulli; same mean in clean and online rewards,"clean log: max(0, empirical mean - 2 beta)",0.0,0.09380723123350304,164656,158563.15442297678,1.0384253554944436,0.6286986201535322,103519,3217.7368421052633,835244,164756,0,1,1.0,simulated,3589876501,"[3.0, 4.0, 5.0, 4.0, 4.0, 2.0, 3.0, 4.0, 4.0, 5.0, 4.0, 5.0, 5.0, 4.0, 2.0, 2.0, 4.0, 3.0, 4.0, 0.0]","[3203, 3223, 3243, 3223, 3223, 3183, 3203, 3223, 3223, 3243, 3223, 3243, 3243, 3223, 3183, 3183, 3223, 3203, 3223, 103519]","[0, 0, 0, 0, 0, 0, 0, 0, 0, 0, 0, 0, 0, 0, 0, 0, 0, 0, 0, 835244]",0.03597870800058445
MovieLens-25M,near-boundary-fixed-k-v2,fixed,TS,Ours,1,1000000,20,0.005199559680396439,0.07983026834705138,0.016442451420029897,Bernoulli; same mean in clean and online rewards,"clean log: max(0, empirical mean - 2 beta)",0.0,0.12614034858814682,238791,207464.75388734078,1.150995508999424,0.6474699632733227,154610,4430.578947368421,761109,238891,0,1,1.0,simulated,1221835253,"[3.0, 4.0, 5.0, 4.0, 4.0, 2.0, 3.0, 4.0, 4.0, 5.0, 4.0, 5.0, 5.0, 4.0, 2.0, 2.0, 4.0, 3.0, 4.0, 0.0]","[4419, 4435, 4450, 4435, 4435, 4403, 4419, 4435, 4435, 4450, 4435, 4450, 4450, 4435, 4403, 4403, 4435, 4419, 4435, 154610]","[0, 0, 0, 0, 0, 0, 0, 0, 0, 0, 0, 0, 0, 0, 0, 0, 0, 0, 0, 761109]",0.06294312499994703
MovieLens-25M,near-boundary-fixed-k-v2,fixed,UCB,Ours,1,2500000,20,0.0032884902840059796,0.06707303372179221,0.016442451420029897,Bernoulli; same mean in clean and online rewards,"clean log: max(0, empirical mean - 2 beta)",0.0,0.0722648742569901,305813,298395.2602684533,1.0248587719686744,0.6367813009911286,194736,5846.1578947368425,2194087,305913,0,1,1.0,simulated,605427521,"[3.0, 4.0, 5.0, 4.0, 4.0, 2.0, 3.0, 4.0, 4.0, 5.0, 4.0, 5.0, 5.0, 4.0, 2.0, 2.0, 4.0, 3.0, 4.0, 0.0]","[5827, 5853, 5879, 5853, 5853, 5801, 5827, 5853, 5853, 5879, 5853, 5879, 5879, 5853, 5801, 5801, 5853, 5827, 5853, 194736]","[0, 0, 0, 0, 0, 0, 0, 0, 0, 0, 0, 0, 0, 0, 0, 0, 0, 0, 0, 2194087]",0.09395362499981275
MovieLens-25M,near-boundary-fixed-k-v2,fixed,TS,Ours,1,2500000,20,0.0032884902840059796,0.06707303372179221,0.016442451420029897,Bernoulli; same mean in clean and online rewards,"clean log: max(0, empirical mean - 2 beta)",0.0,0.09674927801576566,433742,388744.55346659984,1.1157506803172903,0.6538356903412628,283596,7902.421052631579,2066158,433842,0,1,1.0,simulated,1027039253,"[3.0, 4.0, 5.0, 4.0, 4.0, 2.0, 3.0, 4.0, 4.0, 5.0, 4.0, 5.0, 5.0, 4.0, 2.0, 2.0, 4.0, 3.0, 4.0, 0.0]","[7887, 7908, 7928, 7908, 7908, 7867, 7887, 7908, 7908, 7928, 7908, 7928, 7928, 7908, 7867, 7867, 7908, 7887, 7908, 283596]","[0, 0, 0, 0, 0, 0, 0, 0, 0, 0, 0, 0, 0, 0, 0, 0, 0, 0, 0, 2066158]",0.1702918339997268
MovieLens-25M,near-boundary-fixed-k-v2,fixed,UCB,Ours,1,10000000,20,0.0016442451420029898,0.051663678599737986,0.016442451420029897,Bernoulli; same mean in clean and online rewards,"clean log: max(0, empirical mean - 2 beta)",0.0,0.04816209685904645,783625,774790.9516652355,1.0114018475767919,0.6457068112936672,505992,14612.263157894737,9216275,783725,0,1,1.0,simulated,2227178508,"[3.0, 4.0, 5.0, 4.0, 4.0, 2.0, 3.0, 4.0, 4.0, 5.0, 4.0, 5.0, 5.0, 4.0, 2.0, 2.0, 4.0, 3.0, 4.0, 0.0]","[14583, 14623, 14662, 14623, 14623, 14543, 14583, 14623, 14623, 14662, 14623, 14662, 14662, 14623, 14543, 14543, 14623, 14583, 14623, 505992]","[0, 0, 0, 0, 0, 0, 0, 0, 0, 0, 0, 0, 0, 0, 0, 0, 0, 0, 0, 9216275]",0.3929106249997858
MovieLens-25M,near-boundary-fixed-k-v2,fixed,TS,Ours,1,10000000,20,0.0016442451420029898,0.051663678599737986,0.016442451420029897,Bernoulli; same mean in clean and online rewards,"clean log: max(0, empirical mean - 2 beta)",0.0,0.06399768689828639,1082643,1003681.3015450304,1.0786720827950256,0.6602240997263179,714787,19360.842105263157,8917257,1082743,0,1,1.0,simulated,337860970,"[3.0, 4.0, 5.0, 4.0, 4.0, 2.0, 3.0, 4.0, 4.0, 5.0, 4.0, 5.0, 5.0, 4.0, 2.0, 2.0, 4.0, 3.0, 4.0, 0.0]","[19338, 19369, 19400, 19369, 19369, 19307, 19338, 19369, 19369, 19400, 19369, 19400, 19400, 19369, 19307, 19307, 19369, 19338, 19369, 714787]","[0, 0, 0, 0, 0, 0, 0, 0, 0, 0, 0, 0, 0, 0, 0, 0, 0, 0, 0, 8917257]",0.7378847499994663
MovieLens-25M,near-boundary-fixed-k-v2,fixed,UCB,Ours,1,100000,25,0.016442451420029897,0.11559117191354834,0.016442451420029897,Bernoulli; same mean in clean and online rewards,"clean log: max(0, empirical mean - 2 beta)",0.0,0.1875384417069601,38819,34750.50140085435,1.1170774070916174,0.5946572554676833,23084,655.625,61056,38944,0,1,1.0,simulated,924039689,"[4.0, 5.0, 4.0, 3.0, 3.0, 5.0, 3.0, 3.0, 4.0, 2.0, 4.0, 4.0, 4.0, 5.0, 4.0, 4.0, 2.0, 4.0, 4.0, 3.0, 5.0, 2.0, 5.0, 2.0, 0.0]","[659, 668, 659, 649, 649, 668, 649, 649, 659, 640, 659, 659, 659, 668, 659, 659, 640, 659, 659, 649, 668, 640, 668, 640, 23084]","[0, 0, 0, 0, 0, 0, 0, 0, 0, 0, 0, 0, 0, 0, 0, 0, 0, 0, 0, 0, 0, 0, 0, 0, 61056]",0.004077833999872382
MovieLens-25M,near-boundary-fixed-k-v2,fixed,TS,Ours,1,100000,25,0.016442451420029897,0.11559117191354834,0.016442451420029897,Bernoulli; same mean in clean and online rewards,"clean log: max(0, empirical mean - 2 beta)",0.0,0.25155679824982136,61149,46197.86118183885,1.3236327058370114,0.6128800143910775,37477,986.3333333333334,38726,61274,0,1,1.0,simulated,78818406,"[4.0, 5.0, 4.0, 3.0, 3.0, 5.0, 3.0, 3.0, 4.0, 2.0, 4.0, 4.0, 4.0, 5.0, 4.0, 4.0, 2.0, 4.0, 4.0, 3.0, 5.0, 2.0, 5.0, 2.0, 0.0]","[989, 997, 989, 981, 981, 997, 981, 981, 989, 973, 989, 989, 989, 997, 989, 989, 973, 989, 989, 981, 997, 973, 997, 973, 37477]","[0, 0, 0, 0, 0, 0, 0, 0, 0, 0, 0, 0, 0, 0, 0, 0, 0, 0, 0, 0, 0, 0, 0, 0, 38726]",0.004768165999848861
MovieLens-25M,near-boundary-fixed-k-v2,fixed,UCB,Ours,1,250000,25,0.010399119360792878,0.09671978347774034,0.016442451420029897,Bernoulli; same mean in clean and online rewards,"clean log: max(0, empirical mean - 2 beta)",0.0,0.14789358667529007,71108,65665.98010647747,1.0828742658633632,0.610226697418012,43392,1154.8333333333333,178767,71233,0,1,1.0,simulated,3112162872,"[4.0, 5.0, 4.0, 3.0, 3.0, 5.0, 3.0, 3.0, 4.0, 2.0, 4.0, 4.0, 4.0, 5.0, 4.0, 4.0, 2.0, 4.0, 4.0, 3.0, 5.0, 2.0, 5.0, 2.0, 0.0]","[1159, 1171, 1159, 1147, 1147, 1171, 1147, 1147, 1159, 1134, 1159, 1159, 1159, 1171, 1159, 1159, 1134, 1159, 1159, 1147, 1171, 1134, 1171, 1134, 43392]","[0, 0, 0, 0, 0, 0, 0, 0, 0, 0, 0, 0, 0, 0, 0, 0, 0, 0, 0, 0, 0, 0, 0, 0, 178767]",0.009440083000299637
MovieLens-25M,near-boundary-fixed-k-v2,fixed,TS,Ours,1,250000,25,0.010399119360792878,0.09671978347774034,0.016442451420029897,Bernoulli; same mean in clean and online rewards,"clean log: max(0, empirical mean - 2 beta)",0.0,0.19860109466082643,107648,86772.19353143856,1.2405817534277026,0.6280190992865636,67605,1668.4583333333333,142227,107773,0,1,1.0,simulated,61840378,"[4.0, 5.0, 4.0, 3.0, 3.0, 5.0, 3.0, 3.0, 4.0, 2.0, 4.0, 4.0, 4.0, 5.0, 4.0, 4.0, 2.0, 4.0, 4.0, 3.0, 5.0, 2.0, 5.0, 2.0, 0.0]","[1672, 1681, 1672, 1662, 1662, 1681, 1662, 1662, 1672, 1652, 1672, 1672, 1672, 1681, 1672, 1672, 1652, 1672, 1672, 1662, 1681, 1652, 1681, 1652, 67605]","[0, 0, 0, 0, 0, 0, 0, 0, 0, 0, 0, 0, 0, 0, 0, 0, 0, 0, 0, 0, 0, 0, 0, 0, 142227]",0.014972582999689621
MovieLens-25M,near-boundary-fixed-k-v2,fixed,UCB,Ours,1,1000000,25,0.005199559680396439,0.07410785642879708,0.016442451420029897,Bernoulli; same mean in clean and online rewards,"clean log: max(0, empirical mean - 2 beta)",0.0,0.10128679575945468,179559,171404.2122876498,1.0475763553503858,0.6276711275959433,112704,2785.625,820316,179684,0,1,1.0,simulated,2234561940,"[4.0, 5.0, 4.0, 3.0, 3.0, 5.0, 3.0, 3.0, 4.0, 2.0, 4.0, 4.0, 4.0, 5.0, 4.0, 4.0, 2.0, 4.0, 4.0, 3.0, 5.0, 2.0, 5.0, 2.0, 0.0]","[2792, 2810, 2792, 2773, 2773, 2810, 2773, 2773, 2792, 2755, 2792, 2792, 2792, 2810, 2792, 2792, 2755, 2792, 2792, 2773, 2810, 2755, 2810, 2755, 112704]","[0, 0, 0, 0, 0, 0, 0, 0, 0, 0, 0, 0, 0, 0, 0, 0, 0, 0, 0, 0, 0, 0, 0, 0, 820316]",0.04002595899964945
MovieLens-25M,near-boundary-fixed-k-v2,fixed,TS,Ours,1,1000000,25,0.005199559680396439,0.07410785642879708,0.016442451420029897,Bernoulli; same mean in clean and online rewards,"clean log: max(0, empirical mean - 2 beta)",0.0,0.13566152333517162,259983,224744.19289897382,1.1567951841001143,0.6439651823388453,167420,3856.7916666666665,739892,260108,0,1,1.0,simulated,2774820955,"[4.0, 5.0, 4.0, 3.0, 3.0, 5.0, 3.0, 3.0, 4.0, 2.0, 4.0, 4.0, 4.0, 5.0, 4.0, 4.0, 2.0, 4.0, 4.0, 3.0, 5.0, 2.0, 5.0, 2.0, 0.0]","[3862, 3876, 3862, 3847, 3847, 3876, 3847, 3847, 3862, 3832, 3862, 3862, 3862, 3876, 3862, 3862, 3832, 3862, 3862, 3847, 3876, 3832, 3876, 3832, 167420]","[0, 0, 0, 0, 0, 0, 0, 0, 0, 0, 0, 0, 0, 0, 0, 0, 0, 0, 0, 0, 0, 0, 0, 0, 739892]",0.073926541000219
MovieLens-25M,near-boundary-fixed-k-v2,fixed,UCB,Ours,1,2500000,25,0.0032884902840059796,0.06226508887192082,0.016442451420029897,Bernoulli; same mean in clean and online rewards,"clean log: max(0, empirical mean - 2 beta)",0.0,0.07808173755069492,332887,322560.463197187,1.0320142670321633,0.6360686959839225,211739,5047.833333333333,2166988,333012,0,1,1.0,simulated,2761202373,"[4.0, 5.0, 4.0, 3.0, 3.0, 5.0, 3.0, 3.0, 4.0, 2.0, 4.0, 4.0, 4.0, 5.0, 4.0, 4.0, 2.0, 4.0, 4.0, 3.0, 5.0, 2.0, 5.0, 2.0, 0.0]","[5056, 5080, 5056, 5032, 5032, 5080, 5032, 5032, 5056, 5007, 5056, 5056, 5056, 5080, 5056, 5056, 5007, 5056, 5056, 5032, 5080, 5007, 5080, 5007, 211739]","[0, 0, 0, 0, 0, 0, 0, 0, 0, 0, 0, 0, 0, 0, 0, 0, 0, 0, 0, 0, 0, 0, 0, 0, 2166988]",0.10390974999972968
MovieLens-25M,near-boundary-fixed-k-v2,fixed,TS,Ours,1,2500000,25,0.0032884902840059796,0.06226508887192082,0.016442451420029897,Bernoulli; same mean in clean and online rewards,"clean log: max(0, empirical mean - 2 beta)",0.0,0.10422381116126245,471426,421077.81143345765,1.1195697973140502,0.6510841574287375,306938,6853.666666666667,2028449,471551,0,1,1.0,simulated,626205327,"[4.0, 5.0, 4.0, 3.0, 3.0, 5.0, 3.0, 3.0, 4.0, 2.0, 4.0, 4.0, 4.0, 5.0, 4.0, 4.0, 2.0, 4.0, 4.0, 3.0, 5.0, 2.0, 5.0, 2.0, 0.0]","[6860, 6879, 6860, 6841, 6841, 6879, 6841, 6841, 6860, 6822, 6860, 6860, 6860, 6879, 6860, 6860, 6822, 6860, 6860, 6841, 6879, 6822, 6879, 6822, 306938]","[0, 0, 0, 0, 0, 0, 0, 0, 0, 0, 0, 0, 0, 0, 0, 0, 0, 0, 0, 0, 0, 0, 0, 0, 2028449]",0.20911312499993073
MovieLens-25M,near-boundary-fixed-k-v2,fixed,UCB,Ours,1,10000000,25,0.0016442451420029898,0.04796031073838066,0.016442451420029897,Bernoulli; same mean in clean and online rewards,"clean log: max(0, empirical mean - 2 beta)",0.0,0.05207364074353592,851208,837536.5212747959,1.0163234418773703,0.6453698743432863,549344,12577.666666666666,9148667,851333,0,1,1.0,simulated,2826140783,"[4.0, 5.0, 4.0, 3.0, 3.0, 5.0, 3.0, 3.0, 4.0, 2.0, 4.0, 4.0, 4.0, 5.0, 4.0, 4.0, 2.0, 4.0, 4.0, 3.0, 5.0, 2.0, 5.0, 2.0, 0.0]","[12590, 12627, 12590, 12553, 12553, 12627, 12553, 12553, 12590, 12516, 12590, 12590, 12590, 12627, 12590, 12590, 12516, 12590, 12590, 12553, 12627, 12516, 12627, 12516, 549344]","[0, 0, 0, 0, 0, 0, 0, 0, 0, 0, 0, 0, 0, 0, 0, 0, 0, 0, 0, 0, 0, 0, 0, 0, 9148667]",0.43994816600024933
MovieLens-25M,near-boundary-fixed-k-v2,fixed,TS,Ours,1,10000000,25,0.0016442451420029898,0.04796031073838066,0.016442451420029897,Bernoulli; same mean in clean and online rewards,"clean log: max(0, empirical mean - 2 beta)",0.0,0.06906357803435403,1174627,1087006.7299986908,1.080606925038463,0.6583085524170652,773267,16723.333333333332,8825248,1174752,0,1,1.0,simulated,2847886824,"[4.0, 5.0, 4.0, 3.0, 3.0, 5.0, 3.0, 3.0, 4.0, 2.0, 4.0, 4.0, 4.0, 5.0, 4.0, 4.0, 2.0, 4.0, 4.0, 3.0, 5.0, 2.0, 5.0, 2.0, 0.0]","[16733, 16762, 16733, 16704, 16704, 16762, 16704, 16704, 16733, 16675, 16733, 16733, 16733, 16762, 16733, 16733, 16675, 16733, 16733, 16704, 16762, 16675, 16762, 16675, 773267]","[0, 0, 0, 0, 0, 0, 0, 0, 0, 0, 0, 0, 0, 0, 0, 0, 0, 0, 0, 0, 0, 0, 0, 0, 8825248]",0.9165408749995549
MovieLens-25M,near-boundary-fixed-k-v2,fixed,UCB,Ours,2,100000,5,0.016442451420029897,0.19765812362033866,0.016442451420029897,Bernoulli; same mean in clean and online rewards,"clean log: max(0, empirical mean - 2 beta)",0.0,0.10319240211994138,19037,19123.93791470531,0.9954539742236634,0.6045070126595578,11508,1882.25,80938,19062,0,1,1.0,simulated,1261339268,"[4.0, 3.0, 5.0, 4.0, 0.0]","[1882, 1866, 1899, 1882, 11508]","[0, 0, 0, 0, 80938]",0.0018042080000668648
MovieLens-25M,near-boundary-fixed-k-v2,fixed,TS,Ours,2,100000,5,0.016442451420029897,0.19765812362033866,0.016442451420029897,Bernoulli; same mean in clean and online rewards,"clean log: max(0, empirical mean - 2 beta)",0.0,0.14814958619371943,31190,24967.322128044878,1.2492328908980357,0.6568451426739339,20487,2675.75,68785,31215,0,1,1.0,simulated,690302715,"[4.0, 3.0, 5.0, 4.0, 0.0]","[2676, 2662, 2689, 2676, 20487]","[0, 0, 0, 0, 68785]",0.0018309170000065933
MovieLens-25M,near-boundary-fixed-k-v2,fixed,UCB,Ours,2,250000,5,0.010399119360792878,0.16538850331471416,0.016442451420029897,Bernoulli; same mean in clean and online rewards,"clean log: max(0, empirical mean - 2 beta)",0.0,0.08091436369622693,35704,36137.38150649174,0.9880073904520755,0.6164855478377773,22011,3423.25,214271,35729,0,1,1.0,simulated,1435459998,"[4.0, 3.0, 5.0, 4.0, 0.0]","[3423, 3402, 3445, 3423, 22011]","[0, 0, 0, 0, 214271]",0.004070708000654122
MovieLens-25M,near-boundary-fixed-k-v2,fixed,TS,Ours,2,250000,5,0.010399119360792878,0.16538850331471416,0.016442451420029897,Bernoulli; same mean in clean and online rewards,"clean log: max(0, empirical mean - 2 beta)",0.0,0.11474666628860633,56031,46944.97392466051,1.1935463014618173,0.662954435937249,37146,4721.25,193944,56056,0,1,1.0,simulated,2998764394,"[4.0, 3.0, 5.0, 4.0, 0.0]","[4721, 4704, 4739, 4721, 37146]","[0, 0, 0, 0, 193944]",0.004509417000008398
MovieLens-25M,near-boundary-fixed-k-v2,fixed,UCB,Ours,2,1000000,5,0.005199559680396439,0.12672265195301305,0.016442451420029897,Bernoulli; same mean in clean and online rewards,"clean log: max(0, empirical mean - 2 beta)",0.0,0.05513363102131247,92596,94327.37318798502,0.9816450609248434,0.6301784094345328,58352,8561.0,907379,92621,0,1,1.0,simulated,3952683371,"[4.0, 3.0, 5.0, 4.0, 0.0]","[8561, 8528, 8594, 8561, 58352]","[0, 0, 0, 0, 907379]",0.015615874999639345
MovieLens-25M,near-boundary-fixed-k-v2,fixed,TS,Ours,2,1000000,5,0.005199559680396439,0.12672265195301305,0.016442451420029897,Bernoulli; same mean in clean and online rewards,"clean log: max(0, empirical mean - 2 beta)",0.0,0.07675400067010624,138185,121757.92036280714,1.1349159018833799,0.6686181568187575,92393,11448.0,861790,138210,0,1,1.0,simulated,1742824868,"[4.0, 3.0, 5.0, 4.0, 0.0]","[11448, 11422, 11474, 11448, 92393]","[0, 0, 0, 0, 861790]",0.01851287499994214
MovieLens-25M,near-boundary-fixed-k-v2,fixed,UCB,Ours,2,2500000,5,0.0032884902840059796,0.10647180428867146,0.016442451420029897,Bernoulli; same mean in clean and online rewards,"clean log: max(0, empirical mean - 2 beta)",0.0,0.04243163100181381,173917,177511.8638078107,0.9797485997234371,0.6369762587901125,110781,15784.0,2326058,173942,0,1,1.0,simulated,4186929500,"[4.0, 3.0, 5.0, 4.0, 0.0]","[15784, 15741, 15827, 15784, 110781]","[0, 0, 0, 0, 2326058]",0.04036737499973242
MovieLens-25M,near-boundary-fixed-k-v2,fixed,TS,Ours,2,2500000,5,0.0032884902840059796,0.10647180428867146,0.016442451420029897,Bernoulli; same mean in clean and online rewards,"clean log: max(0, empirical mean - 2 beta)",0.0,0.05839242949654459,252863,228305.90053296532,1.1075622636546305,0.6707466098242922,169607,20814.0,2247112,252888,0,1,1.0,simulated,2135898425,"[4.0, 3.0, 5.0, 4.0, 0.0]","[20814, 20780, 20848, 20814, 169607]","[0, 0, 0, 0, 2247112]",0.047757457999978215
MovieLens-25M,near-boundary-fixed-k-v2,fixed,UCB,Ours,2,10000000,5,0.0016442451420029898,0.08201097775777105,0.016442451420029897,Bernoulli; same mean in clean and online rewards,"clean log: max(0, empirical mean - 2 beta)",0.0,0.02827468808536348,451292,460914.1102569438,0.9791238540048605,0.6447621495617029,290976,40079.0,9548683,451317,0,1,1.0,simulated,1941630143,"[4.0, 3.0, 5.0, 4.0, 0.0]","[40079, 40013, 40145, 40079, 290976]","[0, 0, 0, 0, 9548683]",0.16046666700003698
MovieLens-25M,near-boundary-fixed-k-v2,fixed,TS,Ours,2,10000000,5,0.0016442451420029898,0.08201097775777105,0.016442451420029897,Bernoulli; same mean in clean and online rewards,"clean log: max(0, empirical mean - 2 beta)",0.0,0.038294172343131525,635772,589995.1435423779,1.077588530954296,0.6723731148902437,427476,52074.0,9364203,635797,0,1,1.0,simulated,4207075454,"[4.0, 3.0, 5.0, 4.0, 0.0]","[52074, 52022, 52126, 52074, 427476]","[0, 0, 0, 0, 9364203]",0.19992445800016867
MovieLens-25M,near-boundary-fixed-k-v2,fixed,UCB,Ours,2,100000,10,0.016442451420029897,0.15688135668249298,0.016442451420029897,Bernoulli; same mean in clean and online rewards,"clean log: max(0, empirical mean - 2 beta)",0.0,0.13651064580235672,26224,25059.44785667459,1.0464715802992137,0.6029209884075656,15811,1157.0,73726,26274,0,1,1.0,simulated,4087471949,"[4.0, 4.0, 3.0, 4.0, 4.0, 5.0, 3.0, 4.0, 3.0, 0.0]","[1160, 1160, 1147, 1160, 1160, 1172, 1147, 1160, 1147, 15811]","[0, 0, 0, 0, 0, 0, 0, 0, 0, 73726]",0.002114415998221375
MovieLens-25M,near-boundary-fixed-k-v2,fixed,TS,Ours,2,100000,10,0.016442451420029897,0.15688135668249298,0.016442451420029897,Bernoulli; same mean in clean and online rewards,"clean log: max(0, empirical mean - 2 beta)",0.0,0.18933837047343227,41868,32976.642231990234,1.269625928117823,0.6384589662749593,26731,1681.888888888889,58082,41918,0,1,1.0,simulated,632627853,"[4.0, 4.0, 3.0, 4.0, 4.0, 5.0, 3.0, 4.0, 3.0, 0.0]","[1684, 1684, 1674, 1684, 1684, 1695, 1674, 1684, 1674, 26731]","[0, 0, 0, 0, 0, 0, 0, 0, 0, 58082]",0.003021208001882769
MovieLens-25M,near-boundary-fixed-k-v2,fixed,UCB,Ours,2,250000,10,0.010399119360792878,0.13126894207261167,0.016442451420029897,Bernoulli; same mean in clean and online rewards,"clean log: max(0, empirical mean - 2 beta)",0.0,0.10712858488170235,48695,47353.36579619098,1.0283323937221995,0.6160180716706027,29997,2077.5555555555557,201255,48745,0,1,1.0,simulated,959813013,"[4.0, 4.0, 3.0, 4.0, 4.0, 5.0, 3.0, 4.0, 3.0, 0.0]","[2081, 2081, 2065, 2081, 2081, 2098, 2065, 2081, 2065, 29997]","[0, 0, 0, 0, 0, 0, 0, 0, 0, 201255]",0.004881999993813224
MovieLens-25M,near-boundary-fixed-k-v2,fixed,TS,Ours,2,250000,10,0.010399119360792878,0.13126894207261167,0.016442451420029897,Bernoulli; same mean in clean and online rewards,"clean log: max(0, empirical mean - 2 beta)",0.0,0.14773051189606007,74684,61975.520735617014,1.2050564337909546,0.6482111295592095,48411,2919.222222222222,175266,74734,0,1,1.0,simulated,462684036,"[4.0, 4.0, 3.0, 4.0, 4.0, 5.0, 3.0, 4.0, 3.0, 0.0]","[2922, 2922, 2909, 2922, 2922, 2936, 2909, 2922, 2909, 48411]","[0, 0, 0, 0, 0, 0, 0, 0, 0, 175266]",0.00805420799588319
MovieLens-25M,near-boundary-fixed-k-v2,fixed,UCB,Ours,2,1000000,10,0.005199559680396439,0.10057983550920645,0.016442451420029897,Bernoulli; same mean in clean and online rewards,"clean log: max(0, empirical mean - 2 beta)",0.0,0.07301426208813258,124884,123603.82576037137,1.0103570761807201,0.6307213093751001,78767,5124.111111111111,875066,124934,0,1,1.0,simulated,1902612360,"[4.0, 4.0, 3.0, 4.0, 4.0, 5.0, 3.0, 4.0, 3.0, 0.0]","[5130, 5130, 5104, 5130, 5130, 5155, 5104, 5130, 5104, 78767]","[0, 0, 0, 0, 0, 0, 0, 0, 0, 875066]",0.017587833004654385
MovieLens-25M,near-boundary-fixed-k-v2,fixed,TS,Ours,2,1000000,10,0.005199559680396439,0.10057983550920645,0.016442451420029897,Bernoulli; same mean in clean and online rewards,"clean log: max(0, empirical mean - 2 beta)",0.0,0.09960910588868846,182878,160643.27736779582,1.138410539155631,0.6580397860868995,120341,6948.555555555556,817072,182928,0,1,1.0,simulated,1855641488,"[4.0, 4.0, 3.0, 4.0, 4.0, 5.0, 3.0, 4.0, 3.0, 0.0]","[6953, 6953, 6933, 6953, 6953, 6973, 6933, 6953, 6933, 120341]","[0, 0, 0, 0, 0, 0, 0, 0, 0, 817072]",0.03529879100096878
MovieLens-25M,near-boundary-fixed-k-v2,fixed,UCB,Ours,2,2500000,10,0.0032884902840059796,0.08450672706639467,0.016442451420029897,Bernoulli; same mean in clean and online rewards,"clean log: max(0, empirical mean - 2 beta)",0.0,0.05617707843165058,233265,232606.34472215077,1.0028316307478027,0.6379139605170085,148803,9384.666666666666,2266685,233315,0,1,1.0,simulated,818177816,"[4.0, 4.0, 3.0, 4.0, 4.0, 5.0, 3.0, 4.0, 3.0, 0.0]","[9392, 9392, 9359, 9392, 9392, 9425, 9359, 9392, 9359, 148803]","[0, 0, 0, 0, 0, 0, 0, 0, 0, 2266685]",0.044837208988610655
MovieLens-25M,near-boundary-fixed-k-v2,fixed,TS,Ours,2,2500000,10,0.0032884902840059796,0.08450672706639467,0.016442451420029897,Bernoulli; same mean in clean and online rewards,"clean log: max(0, empirical mean - 2 beta)",0.0,0.07606068688821199,333661,301113.0238807741,1.1080922229790808,0.6621870701100818,220946,12523.888888888889,2166289,333711,0,1,1.0,simulated,2060326999,"[4.0, 4.0, 3.0, 4.0, 4.0, 5.0, 3.0, 4.0, 3.0, 0.0]","[12530, 12530, 12503, 12530, 12530, 12556, 12503, 12530, 12503, 220946]","[0, 0, 0, 0, 0, 0, 0, 0, 0, 2166289]",0.0922852499934379
MovieLens-25M,near-boundary-fixed-k-v2,fixed,UCB,Ours,2,10000000,10,0.0016442451420029898,0.06509215618281318,0.016442451420029897,Bernoulli; same mean in clean and online rewards,"clean log: max(0, empirical mean - 2 beta)",0.0,0.03740332072388099,601496,603968.343962668,0.9959065007506076,0.6460026334339714,388568,23658.666666666668,9398454,601546,0,1,1.0,simulated,194390593,"[4.0, 4.0, 3.0, 4.0, 4.0, 5.0, 3.0, 4.0, 3.0, 0.0]","[23670, 23670, 23619, 23670, 23670, 23721, 23619, 23670, 23619, 388568]","[0, 0, 0, 0, 0, 0, 0, 0, 0, 9398454]",0.19103391699900385
MovieLens-25M,near-boundary-fixed-k-v2,fixed,TS,Ours,2,10000000,10,0.0016442451420029898,0.06509215618281318,0.016442451420029897,Bernoulli; same mean in clean and online rewards,"clean log: max(0, empirical mean - 2 beta)",0.0,0.050075499273334365,836554,777780.8263738758,1.075565212760686,0.6661327302242294,557256,31033.11111111111,9163396,836604,0,1,1.0,simulated,2081210412,"[4.0, 4.0, 3.0, 4.0, 4.0, 5.0, 3.0, 4.0, 3.0, 0.0]","[31042, 31042, 31002, 31042, 31042, 31082, 31002, 31042, 31002, 557256]","[0, 0, 0, 0, 0, 0, 0, 0, 0, 9163396]",0.3975187920004828
MovieLens-25M,near-boundary-fixed-k-v2,fixed,UCB,Ours,2,100000,15,0.016442451420029897,0.13704848847915332,0.016442451420029897,Bernoulli; same mean in clean and online rewards,"clean log: max(0, empirical mean - 2 beta)",0.0,0.1580362713186012,31301,29035.7694853145,1.0780151707648455,0.5996933005335293,18771,895.0,68624,31376,0,1,1.0,simulated,4115972206,"[3.0, 5.0, 4.0, 4.0, 4.0, 4.0, 5.0, 4.0, 5.0, 5.0, 3.0, 3.0, 4.0, 3.0, 0.0]","[884, 906, 895, 895, 895, 895, 906, 895, 906, 906, 884, 884, 895, 884, 18771]","[0, 0, 0, 0, 0, 0, 0, 0, 0, 0, 0, 0, 0, 0, 68624]",0.0022730840000804164
MovieLens-25M,near-boundary-fixed-k-v2,fixed,TS,Ours,2,100000,15,0.016442451420029897,0.13704848847915332,0.016442451420029897,Bernoulli; same mean in clean and online rewards,"clean log: max(0, empirical mean - 2 beta)",0.0,0.21567672863526488,49537,38383.40140857019,1.290583902992491,0.6272281325070149,31071,1319.0,50388,49612,0,1,1.0,simulated,2369669873,"[3.0, 5.0, 4.0, 4.0, 4.0, 4.0, 5.0, 4.0, 5.0, 5.0, 3.0, 3.0, 4.0, 3.0, 0.0]","[1310, 1328, 1319, 1319, 1319, 1319, 1328, 1319, 1328, 1328, 1310, 1310, 1319, 1310, 31071]","[0, 0, 0, 0, 0, 0, 0, 0, 0, 0, 0, 0, 0, 0, 50388]",0.0037910410001131822
MovieLens-25M,near-boundary-fixed-k-v2,fixed,UCB,Ours,2,250000,15,0.010399119360792878,0.11467398342123439,0.016442451420029897,Bernoulli; same mean in clean and online rewards,"clean log: max(0, empirical mean - 2 beta)",0.0,0.12420950203166106,57770,54867.18707753817,1.0529061735634375,0.6137787779124113,35458,1593.7142857142858,192155,57845,0,1,1.0,simulated,4046073430,"[3.0, 5.0, 4.0, 4.0, 4.0, 4.0, 5.0, 4.0, 5.0, 5.0, 3.0, 3.0, 4.0, 3.0, 0.0]","[1579, 1608, 1594, 1594, 1594, 1594, 1608, 1594, 1608, 1608, 1579, 1579, 1594, 1579, 35458]","[0, 0, 0, 0, 0, 0, 0, 0, 0, 0, 0, 0, 0, 0, 192155]",0.00503658399975393
MovieLens-25M,near-boundary-fixed-k-v2,fixed,TS,Ours,2,250000,15,0.010399119360792878,0.11467398342123439,0.016442451420029897,Bernoulli; same mean in clean and online rewards,"clean log: max(0, empirical mean - 2 beta)",0.0,0.16909167209074405,87876,72117.80156339164,1.2185063617442204,0.6393554554144476,56184,2263.714285714286,162049,87951,0,1,1.0,simulated,1374885639,"[3.0, 5.0, 4.0, 4.0, 4.0, 4.0, 5.0, 4.0, 5.0, 5.0, 3.0, 3.0, 4.0, 3.0, 0.0]","[2252, 2275, 2264, 2264, 2264, 2264, 2275, 2264, 2275, 2275, 2252, 2252, 2264, 2252, 56184]","[0, 0, 0, 0, 0, 0, 0, 0, 0, 0, 0, 0, 0, 0, 162049]",0.0104483330005678
MovieLens-25M,near-boundary-fixed-k-v2,fixed,UCB,Ours,2,1000000,15,0.005199559680396439,0.08786457944723307,0.016442451420029897,Bernoulli; same mean in clean and online rewards,"clean log: max(0, empirical mean - 2 beta)",0.0,0.08477451801457303,147112,143216.7305843177,1.027198424372556,0.6296427211920169,92628,3891.714285714286,852813,147187,0,1,1.0,simulated,3375005517,"[3.0, 5.0, 4.0, 4.0, 4.0, 4.0, 5.0, 4.0, 5.0, 5.0, 3.0, 3.0, 4.0, 3.0, 0.0]","[3870, 3913, 3892, 3892, 3892, 3892, 3913, 3892, 3913, 3913, 3870, 3870, 3892, 3870, 92628]","[0, 0, 0, 0, 0, 0, 0, 0, 0, 0, 0, 0, 0, 0, 852813]",0.02001787500012142
MovieLens-25M,near-boundary-fixed-k-v2,fixed,TS,Ours,2,1000000,15,0.005199559680396439,0.08786457944723307,0.016442451420029897,Bernoulli; same mean in clean and online rewards,"clean log: max(0, empirical mean - 2 beta)",0.0,0.11461458422704779,213976,186867.8377640692,1.1450659597728974,0.6518114181029648,139472,5321.714285714285,785949,214051,0,1,1.0,simulated,3472922346,"[3.0, 5.0, 4.0, 4.0, 4.0, 4.0, 5.0, 4.0, 5.0, 5.0, 3.0, 3.0, 4.0, 3.0, 0.0]","[5304, 5339, 5322, 5322, 5322, 5322, 5339, 5322, 5339, 5339, 5304, 5304, 5322, 5304, 139472]","[0, 0, 0, 0, 0, 0, 0, 0, 0, 0, 0, 0, 0, 0, 785949]",0.046925459000703995
MovieLens-25M,near-boundary-fixed-k-v2,fixed,UCB,Ours,2,2500000,15,0.0032884902840059796,0.07382342590400462,0.016442451420029897,Bernoulli; same mean in clean and online rewards,"clean log: max(0, empirical mean - 2 beta)",0.0,0.06525761449754544,273847,269515.28400794626,1.0160722461733414,0.6373449407881043,174535,7093.714285714285,2226078,273922,0,1,1.0,simulated,4133899528,"[3.0, 5.0, 4.0, 4.0, 4.0, 4.0, 5.0, 4.0, 5.0, 5.0, 3.0, 3.0, 4.0, 3.0, 0.0]","[7065, 7122, 7094, 7094, 7094, 7094, 7122, 7094, 7122, 7122, 7065, 7065, 7094, 7065, 174535]","[0, 0, 0, 0, 0, 0, 0, 0, 0, 0, 0, 0, 0, 0, 2226078]",0.05376516700016509
MovieLens-25M,near-boundary-fixed-k-v2,fixed,TS,Ours,2,2500000,15,0.0032884902840059796,0.07382342590400462,0.016442451420029897,Bernoulli; same mean in clean and online rewards,"clean log: max(0, empirical mean - 2 beta)",0.0,0.08773426112315677,389415,350198.96764450165,1.1119821472326779,0.6572653852573732,255949,9533.285714285714,2110510,389490,0,1,1.0,simulated,2158506358,"[3.0, 5.0, 4.0, 4.0, 4.0, 4.0, 5.0, 4.0, 5.0, 5.0, 3.0, 3.0, 4.0, 3.0, 0.0]","[9511, 9556, 9533, 9533, 9533, 9533, 9556, 9533, 9556, 9556, 9511, 9511, 9533, 9511, 255949]","[0, 0, 0, 0, 0, 0, 0, 0, 0, 0, 0, 0, 0, 0, 2110510]",0.12477887500062934
MovieLens-25M,near-boundary-fixed-k-v2,fixed,UCB,Ours,2,10000000,15,0.0016442451420029898,0.056863236048869684,0.016442451420029897,Bernoulli; same mean in clean and online rewards,"clean log: max(0, empirical mean - 2 beta)",0.0,0.04346283382625543,703466,699803.3520940593,1.0052338244665173,0.6459132353233845,454378,17792.0,9296459,703541,0,1,1.0,simulated,3475999416,"[3.0, 5.0, 4.0, 4.0, 4.0, 4.0, 5.0, 4.0, 5.0, 5.0, 3.0, 3.0, 4.0, 3.0, 0.0]","[17748, 17836, 17792, 17792, 17792, 17792, 17836, 17792, 17836, 17836, 17748, 17748, 17792, 17748, 454378]","[0, 0, 0, 0, 0, 0, 0, 0, 0, 0, 0, 0, 0, 0, 9296459]",0.21439854100026423
MovieLens-25M,near-boundary-fixed-k-v2,fixed,TS,Ours,2,10000000,15,0.0016442451420029898,0.056863236048869684,0.016442451420029897,Bernoulli; same mean in clean and online rewards,"clean log: max(0, empirical mean - 2 beta)",0.0,0.0579115999825857,973921,904329.9668195297,1.0769531429166475,0.6626358811443639,645355,23469.0,9026004,973996,0,1,1.0,simulated,4172350657,"[3.0, 5.0, 4.0, 4.0, 4.0, 4.0, 5.0, 4.0, 5.0, 5.0, 3.0, 3.0, 4.0, 3.0, 0.0]","[23435, 23503, 23469, 23469, 23469, 23469, 23503, 23469, 23503, 23503, 23435, 23435, 23469, 23435, 645355]","[0, 0, 0, 0, 0, 0, 0, 0, 0, 0, 0, 0, 0, 0, 9026004]",0.5364810829996713
MovieLens-25M,near-boundary-fixed-k-v2,fixed,UCB,Ours,2,100000,20,0.016442451420029897,0.12451681531599387,0.016442451420029897,Bernoulli; same mean in clean and online rewards,"clean log: max(0, empirical mean - 2 beta)",0.0,0.17414353409506617,35286,32147.104475194756,1.09764162514939,0.5976307884146687,21088,747.2631578947369,64614,35386,0,1,1.0,simulated,1210350966,"[5.0, 2.0, 4.0, 3.0, 3.0, 3.0, 4.0, 4.0, 4.0, 4.0, 3.0, 4.0, 4.0, 3.0, 4.0, 3.0, 5.0, 1.0, 3.0, 0.0]","[763, 732, 753, 742, 742, 742, 753, 753, 753, 753, 742, 753, 753, 742, 753, 742, 763, 722, 742, 21088]","[0, 0, 0, 0, 0, 0, 0, 0, 0, 0, 0, 0, 0, 0, 0, 0, 0, 0, 0, 64614]",0.0032590829996479442
MovieLens-25M,near-boundary-fixed-k-v2,fixed,TS,Ours,2,100000,20,0.016442451420029897,0.12451681531599387,0.016442451420029897,Bernoulli; same mean in clean and online rewards,"clean log: max(0, empirical mean - 2 beta)",0.0,0.23539338661589448,55706,42632.14931415255,1.3066664687606389,0.61961009586041,34516,1115.2631578947369,44194,55806,0,1,1.0,simulated,3747455579,"[5.0, 2.0, 4.0, 3.0, 3.0, 3.0, 4.0, 4.0, 4.0, 4.0, 3.0, 4.0, 4.0, 3.0, 4.0, 3.0, 5.0, 1.0, 3.0, 0.0]","[1128, 1103, 1120, 1111, 1111, 1111, 1120, 1120, 1120, 1120, 1111, 1120, 1120, 1111, 1120, 1111, 1128, 1094, 1111, 34516]","[0, 0, 0, 0, 0, 0, 0, 0, 0, 0, 0, 0, 0, 0, 0, 0, 0, 0, 0, 44194]",0.004048667000461137
MovieLens-25M,near-boundary-fixed-k-v2,fixed,UCB,Ours,2,250000,20,0.010399119360792878,0.1041882283684082,0.016442451420029897,Bernoulli; same mean in clean and online rewards,"clean log: max(0, empirical mean - 2 beta)",0.0,0.13713556788564996,64891,60746.49394546845,1.0682262594159266,0.6123191197546655,39734,1324.0526315789473,185009,64991,0,1,1.0,simulated,1816934373,"[5.0, 2.0, 4.0, 3.0, 3.0, 3.0, 4.0, 4.0, 4.0, 4.0, 3.0, 4.0, 4.0, 3.0, 4.0, 3.0, 5.0, 1.0, 3.0, 0.0]","[1344, 1304, 1331, 1318, 1318, 1318, 1331, 1331, 1331, 1331, 1318, 1331, 1331, 1318, 1331, 1318, 1344, 1291, 1318, 39734]","[0, 0, 0, 0, 0, 0, 0, 0, 0, 0, 0, 0, 0, 0, 0, 0, 0, 0, 0, 185009]",0.00838062499951775
MovieLens-25M,near-boundary-fixed-k-v2,fixed,TS,Ours,2,250000,20,0.010399119360792878,0.1041882283684082,0.016442451420029897,Bernoulli; same mean in clean and online rewards,"clean log: max(0, empirical mean - 2 beta)",0.0,0.18526876425279903,98436,80086.01082922542,1.2291285204591338,0.6333252062253647,62342,1899.6842105263158,151464,98536,0,1,1.0,simulated,3630410349,"[5.0, 2.0, 4.0, 3.0, 3.0, 3.0, 4.0, 4.0, 4.0, 4.0, 3.0, 4.0, 4.0, 3.0, 4.0, 3.0, 5.0, 1.0, 3.0, 0.0]","[1916, 1884, 1905, 1895, 1895, 1895, 1905, 1905, 1905, 1905, 1895, 1905, 1905, 1895, 1905, 1895, 1916, 1873, 1895, 62342]","[0, 0, 0, 0, 0, 0, 0, 0, 0, 0, 0, 0, 0, 0, 0, 0, 0, 0, 0, 151464]",0.01288295799986372
MovieLens-25M,near-boundary-fixed-k-v2,fixed,UCB,Ours,2,1000000,20,0.005199559680396439,0.07983026834705138,0.016442451420029897,Bernoulli; same mean in clean and online rewards,"clean log: max(0, empirical mean - 2 beta)",0.0,0.09378148109904103,164544,158563.15442297678,1.037719012331635,0.6289381563593932,103488,3213.4736842105262,835356,164644,0,1,1.0,simulated,744954038,"[5.0, 2.0, 4.0, 3.0, 3.0, 3.0, 4.0, 4.0, 4.0, 4.0, 3.0, 4.0, 4.0, 3.0, 4.0, 3.0, 5.0, 1.0, 3.0, 0.0]","[3244, 3184, 3224, 3204, 3204, 3204, 3224, 3224, 3224, 3224, 3204, 3224, 3224, 3204, 3224, 3204, 3244, 3164, 3204, 103488]","[0, 0, 0, 0, 0, 0, 0, 0, 0, 0, 0, 0, 0, 0, 0, 0, 0, 0, 0, 835356]",0.03630454199992528
MovieLens-25M,near-boundary-fixed-k-v2,fixed,TS,Ours,2,1000000,20,0.005199559680396439,0.07983026834705138,0.016442451420029897,Bernoulli; same mean in clean and online rewards,"clean log: max(0, empirical mean - 2 beta)",0.0,0.1261221564755141,238711,207464.75388734078,1.1506099013311284,0.6475864120212307,154586,4427.631578947368,761189,238811,0,1,1.0,simulated,1163263246,"[5.0, 2.0, 4.0, 3.0, 3.0, 3.0, 4.0, 4.0, 4.0, 4.0, 3.0, 4.0, 4.0, 3.0, 4.0, 3.0, 5.0, 1.0, 3.0, 0.0]","[4452, 4404, 4436, 4420, 4420, 4420, 4436, 4436, 4436, 4436, 4420, 4436, 4436, 4420, 4436, 4420, 4452, 4389, 4420, 154586]","[0, 0, 0, 0, 0, 0, 0, 0, 0, 0, 0, 0, 0, 0, 0, 0, 0, 0, 0, 761189]",0.06318370799999684
MovieLens-25M,near-boundary-fixed-k-v2,fixed,UCB,Ours,2,2500000,20,0.0032884902840059796,0.06707303372179221,0.016442451420029897,Bernoulli; same mean in clean and online rewards,"clean log: max(0, empirical mean - 2 beta)",0.0,0.0722505029771646,305681,298395.2602684533,1.0244164056928788,0.6369188794854767,194694,5841.421052631579,2194219,305781,0,1,1.0,simulated,2320293158,"[5.0, 2.0, 4.0, 3.0, 3.0, 3.0, 4.0, 4.0, 4.0, 4.0, 3.0, 4.0, 4.0, 3.0, 4.0, 3.0, 5.0, 1.0, 3.0, 0.0]","[5882, 5803, 5855, 5829, 5829, 5829, 5855, 5855, 5855, 5855, 5829, 5855, 5855, 5829, 5855, 5829, 5882, 5777, 5829, 194694]","[0, 0, 0, 0, 0, 0, 0, 0, 0, 0, 0, 0, 0, 0, 0, 0, 0, 0, 0, 2194219]",0.094404124999528
MovieLens-25M,near-boundary-fixed-k-v2,fixed,TS,Ours,2,2500000,20,0.0032884902840059796,0.06707303372179221,0.016442451420029897,Bernoulli; same mean in clean and online rewards,"clean log: max(0, empirical mean - 2 beta)",0.0,0.09673885829248996,433642,388744.55346659984,1.1154934419865967,0.6539103684606196,283563,7898.894736842105,2066258,433742,0,1,1.0,simulated,3841238550,"[5.0, 2.0, 4.0, 3.0, 3.0, 3.0, 4.0, 4.0, 4.0, 4.0, 3.0, 4.0, 4.0, 3.0, 4.0, 3.0, 5.0, 1.0, 3.0, 0.0]","[7930, 7868, 7910, 7889, 7889, 7889, 7910, 7910, 7910, 7910, 7889, 7910, 7910, 7889, 7910, 7889, 7930, 7848, 7889, 283563]","[0, 0, 0, 0, 0, 0, 0, 0, 0, 0, 0, 0, 0, 0, 0, 0, 0, 0, 0, 2066258]",0.1711112499997398
MovieLens-25M,near-boundary-fixed-k-v2,fixed,UCB,Ours,2,10000000,20,0.0016442451420029898,0.051663678599737986,0.016442451420029897,Bernoulli; same mean in clean and online rewards,"clean log: max(0, empirical mean - 2 beta)",0.0,0.04815626137717481,783423,774790.9516652355,1.0111411320901618,0.6457916093859895,505928,14605.0,9216477,783523,0,1,1.0,simulated,4188873917,"[5.0, 2.0, 4.0, 3.0, 3.0, 3.0, 4.0, 4.0, 4.0, 4.0, 3.0, 4.0, 4.0, 3.0, 4.0, 3.0, 5.0, 1.0, 3.0, 0.0]","[14666, 14546, 14626, 14586, 14586, 14586, 14626, 14626, 14626, 14626, 14586, 14626, 14626, 14586, 14626, 14586, 14666, 14507, 14586, 505928]","[0, 0, 0, 0, 0, 0, 0, 0, 0, 0, 0, 0, 0, 0, 0, 0, 0, 0, 0, 9216477]",0.39530337499945745
MovieLens-25M,near-boundary-fixed-k-v2,fixed,TS,Ours,2,10000000,20,0.0016442451420029898,0.051663678599737986,0.016442451420029897,Bernoulli; same mean in clean and online rewards,"clean log: max(0, empirical mean - 2 beta)",0.0,0.0639933371443639,1082486,1003681.3015450304,1.0785156586395108,0.6602736663568859,714737,19355.21052631579,8917414,1082586,0,1,1.0,simulated,831695144,"[5.0, 2.0, 4.0, 3.0, 3.0, 3.0, 4.0, 4.0, 4.0, 4.0, 3.0, 4.0, 4.0, 3.0, 4.0, 3.0, 5.0, 1.0, 3.0, 0.0]","[19403, 19309, 19372, 19340, 19340, 19340, 19372, 19372, 19372, 19372, 19340, 19372, 19372, 19340, 19372, 19340, 19403, 19278, 19340, 714737]","[0, 0, 0, 0, 0, 0, 0, 0, 0, 0, 0, 0, 0, 0, 0, 0, 0, 0, 0, 8917414]",0.7372844580004312
MovieLens-25M,near-boundary-fixed-k-v2,fixed,UCB,Ours,2,100000,25,0.016442451420029897,0.11559117191354834,0.016442451420029897,Bernoulli; same mean in clean and online rewards,"clean log: max(0, empirical mean - 2 beta)",0.0,0.18750122078801507,38804,34750.50140085435,1.1166457586435283,0.5947582723430574,23079,655.2083333333334,61071,38929,0,1,1.0,simulated,296014191,"[4.0, 4.0, 2.0, 5.0, 4.0, 3.0, 5.0, 4.0, 4.0, 4.0, 4.0, 4.0, 2.0, 4.0, 3.0, 5.0, 4.0, 3.0, 3.0, 2.0, 2.0, 3.0, 4.0, 4.0, 0.0]","[659, 659, 640, 669, 659, 650, 669, 659, 659, 659, 659, 659, 640, 659, 650, 669, 659, 650, 650, 640, 640, 650, 659, 659, 23079]","[0, 0, 0, 0, 0, 0, 0, 0, 0, 0, 0, 0, 0, 0, 0, 0, 0, 0, 0, 0, 0, 0, 0, 0, 61071]",0.004055291999975452
MovieLens-25M,near-boundary-fixed-k-v2,fixed,TS,Ours,2,100000,25,0.016442451420029897,0.11559117191354834,0.016442451420029897,Bernoulli; same mean in clean and online rewards,"clean log: max(0, empirical mean - 2 beta)",0.0,0.251533530162279,61129,46197.86118183885,1.3231997853621593,0.6130150992164112,37473,985.6666666666666,38746,61254,0,1,1.0,simulated,1684979908,"[4.0, 4.0, 2.0, 5.0, 4.0, 3.0, 5.0, 4.0, 4.0, 4.0, 4.0, 4.0, 2.0, 4.0, 3.0, 5.0, 4.0, 3.0, 3.0, 2.0, 2.0, 3.0, 4.0, 4.0, 0.0]","[989, 989, 973, 997, 989, 981, 997, 989, 989, 989, 989, 989, 973, 989, 981, 997, 989, 981, 981, 973, 973, 981, 989, 989, 37473]","[0, 0, 0, 0, 0, 0, 0, 0, 0, 0, 0, 0, 0, 0, 0, 0, 0, 0, 0, 0, 0, 0, 0, 0, 38746]",0.004715041000054043
MovieLens-25M,near-boundary-fixed-k-v2,fixed,UCB,Ours,2,250000,25,0.010399119360792878,0.09671978347774034,0.016442451420029897,Bernoulli; same mean in clean and online rewards,"clean log: max(0, empirical mean - 2 beta)",0.0,0.1478717504017189,71084,65665.98010647747,1.0825087798086195,0.6103342524337404,43385,1154.125,178791,71209,0,1,1.0,simulated,1611177384,"[4.0, 4.0, 2.0, 5.0, 4.0, 3.0, 5.0, 4.0, 4.0, 4.0, 4.0, 4.0, 2.0, 4.0, 3.0, 5.0, 4.0, 3.0, 3.0, 2.0, 2.0, 3.0, 4.0, 4.0, 0.0]","[1159, 1159, 1135, 1172, 1159, 1147, 1172, 1159, 1159, 1159, 1159, 1159, 1135, 1159, 1147, 1172, 1159, 1147, 1147, 1135, 1135, 1147, 1159, 1159, 43385]","[0, 0, 0, 0, 0, 0, 0, 0, 0, 0, 0, 0, 0, 0, 0, 0, 0, 0, 0, 0, 0, 0, 0, 0, 178791]",0.009817041000133031
MovieLens-25M,near-boundary-fixed-k-v2,fixed,TS,Ours,2,250000,25,0.010399119360792878,0.09671978347774034,0.016442451420029897,Bernoulli; same mean in clean and online rewards,"clean log: max(0, empirical mean - 2 beta)",0.0,0.19858665824589655,107627,86772.19353143856,1.2403397404147158,0.6280858892285394,67599,1667.8333333333333,142248,107752,0,1,1.0,simulated,1605823867,"[4.0, 4.0, 2.0, 5.0, 4.0, 3.0, 5.0, 4.0, 4.0, 4.0, 4.0, 4.0, 2.0, 4.0, 3.0, 5.0, 4.0, 3.0, 3.0, 2.0, 2.0, 3.0, 4.0, 4.0, 0.0]","[1672, 1672, 1652, 1682, 1672, 1662, 1682, 1672, 1672, 1672, 1672, 1672, 1652, 1672, 1662, 1682, 1672, 1662, 1662, 1652, 1652, 1662, 1672, 1672, 67599]","[0, 0, 0, 0, 0, 0, 0, 0, 0, 0, 0, 0, 0, 0, 0, 0, 0, 0, 0, 0, 0, 0, 0, 0, 142248]",0.016763291999268404
MovieLens-25M,near-boundary-fixed-k-v2,fixed,UCB,Ours,2,1000000,25,0.005199559680396439,0.07410785642879708,0.016442451420029897,Bernoulli; same mean in clean and online rewards,"clean log: max(0, empirical mean - 2 beta)",0.0,0.1012774287339473,179519,171404.2122876498,1.0473429888568433,0.6277441385034453,112692,2784.4583333333335,820356,179644,0,1,1.0,simulated,866014896,"[4.0, 4.0, 2.0, 5.0, 4.0, 3.0, 5.0, 4.0, 4.0, 4.0, 4.0, 4.0, 2.0, 4.0, 3.0, 5.0, 4.0, 3.0, 3.0, 2.0, 2.0, 3.0, 4.0, 4.0, 0.0]","[2792, 2792, 2755, 2811, 2792, 2774, 2811, 2792, 2792, 2792, 2792, 2792, 2755, 2792, 2774, 2811, 2792, 2774, 2774, 2755, 2755, 2774, 2792, 2792, 112692]","[0, 0, 0, 0, 0, 0, 0, 0, 0, 0, 0, 0, 0, 0, 0, 0, 0, 0, 0, 0, 0, 0, 0, 0, 820356]",0.03990650000014284
MovieLens-25M,near-boundary-fixed-k-v2,fixed,TS,Ours,2,1000000,25,0.005199559680396439,0.07410785642879708,0.016442451420029897,Bernoulli; same mean in clean and online rewards,"clean log: max(0, empirical mean - 2 beta)",0.0,0.13565495480986545,259953,224744.19289897382,1.1566616990048464,0.644004877804834,167411,3855.9166666666665,739922,260078,0,1,1.0,simulated,281365281,"[4.0, 4.0, 2.0, 5.0, 4.0, 3.0, 5.0, 4.0, 4.0, 4.0, 4.0, 4.0, 2.0, 4.0, 3.0, 5.0, 4.0, 3.0, 3.0, 2.0, 2.0, 3.0, 4.0, 4.0, 0.0]","[3862, 3862, 3833, 3877, 3862, 3847, 3877, 3862, 3862, 3862, 3862, 3862, 3833, 3862, 3847, 3877, 3862, 3847, 3847, 3833, 3833, 3847, 3862, 3862, 167411]","[0, 0, 0, 0, 0, 0, 0, 0, 0, 0, 0, 0, 0, 0, 0, 0, 0, 0, 0, 0, 0, 0, 0, 0, 739922]",0.07449416700001166
MovieLens-25M,near-boundary-fixed-k-v2,fixed,UCB,Ours,2,2500000,25,0.0032884902840059796,0.06226508887192082,0.016442451420029897,Bernoulli; same mean in clean and online rewards,"clean log: max(0, empirical mean - 2 beta)",0.0,0.07807648766568429,332842,322560.463197187,1.0318747583039267,0.6361066211595893,211723,5046.625,2167033,332967,0,1,1.0,simulated,1189100865,"[4.0, 4.0, 2.0, 5.0, 4.0, 3.0, 5.0, 4.0, 4.0, 4.0, 4.0, 4.0, 2.0, 4.0, 3.0, 5.0, 4.0, 3.0, 3.0, 2.0, 2.0, 3.0, 4.0, 4.0, 0.0]","[5057, 5057, 5008, 5081, 5057, 5032, 5081, 5057, 5057, 5057, 5057, 5057, 5008, 5057, 5032, 5081, 5057, 5032, 5032, 5008, 5008, 5032, 5057, 5057, 211723]","[0, 0, 0, 0, 0, 0, 0, 0, 0, 0, 0, 0, 0, 0, 0, 0, 0, 0, 0, 0, 0, 0, 0, 0, 2167033]",0.10427445799996349
MovieLens-25M,near-boundary-fixed-k-v2,fixed,TS,Ours,2,2500000,25,0.0032884902840059796,0.06226508887192082,0.016442451420029897,Bernoulli; same mean in clean and online rewards,"clean log: max(0, empirical mean - 2 beta)",0.0,0.1042200287065547,471400,421077.81143345765,1.1195080510066124,0.6510946117946542,306926,6853.083333333333,2028475,471525,0,1,1.0,simulated,4212672868,"[4.0, 4.0, 2.0, 5.0, 4.0, 3.0, 5.0, 4.0, 4.0, 4.0, 4.0, 4.0, 2.0, 4.0, 3.0, 5.0, 4.0, 3.0, 3.0, 2.0, 2.0, 3.0, 4.0, 4.0, 0.0]","[6861, 6861, 6823, 6880, 6861, 6842, 6880, 6861, 6861, 6861, 6861, 6861, 6823, 6861, 6842, 6880, 6861, 6842, 6842, 6823, 6823, 6842, 6861, 6861, 306926]","[0, 0, 0, 0, 0, 0, 0, 0, 0, 0, 0, 0, 0, 0, 0, 0, 0, 0, 0, 0, 0, 0, 0, 0, 2028475]",0.2008680839999215
MovieLens-25M,near-boundary-fixed-k-v2,fixed,UCB,Ours,2,10000000,25,0.0016442451420029898,0.04796031073838066,0.016442451420029897,Bernoulli; same mean in clean and online rewards,"clean log: max(0, empirical mean - 2 beta)",0.0,0.052071499585849584,851134,837536.5212747959,1.016235087521327,0.6453977869524657,549320,12575.583333333334,9148741,851259,0,1,1.0,simulated,281925937,"[4.0, 4.0, 2.0, 5.0, 4.0, 3.0, 5.0, 4.0, 4.0, 4.0, 4.0, 4.0, 2.0, 4.0, 3.0, 5.0, 4.0, 3.0, 3.0, 2.0, 2.0, 3.0, 4.0, 4.0, 0.0]","[12591, 12591, 12517, 12628, 12591, 12554, 12628, 12591, 12591, 12591, 12591, 12591, 12517, 12591, 12554, 12628, 12591, 12554, 12554, 12517, 12517, 12554, 12591, 12591, 549320]","[0, 0, 0, 0, 0, 0, 0, 0, 0, 0, 0, 0, 0, 0, 0, 0, 0, 0, 0, 0, 0, 0, 0, 0, 9148741]",0.43639675000031275
MovieLens-25M,near-boundary-fixed-k-v2,fixed,TS,Ours,2,10000000,25,0.0016442451420029898,0.04796031073838066,0.016442451420029897,Bernoulli; same mean in clean and online rewards,"clean log: max(0, empirical mean - 2 beta)",0.0,0.06906199037470961,1174575,1087006.7299986908,1.080559087248167,0.6583223719217589,773249,16721.916666666668,8825300,1174700,0,1,1.0,simulated,1528487936,"[4.0, 4.0, 2.0, 5.0, 4.0, 3.0, 5.0, 4.0, 4.0, 4.0, 4.0, 4.0, 2.0, 4.0, 3.0, 5.0, 4.0, 3.0, 3.0, 2.0, 2.0, 3.0, 4.0, 4.0, 0.0]","[16734, 16734, 16676, 16763, 16734, 16705, 16763, 16734, 16734, 16734, 16734, 16734, 16676, 16734, 16705, 16763, 16734, 16705, 16705, 16676, 16676, 16705, 16734, 16734, 773249]","[0, 0, 0, 0, 0, 0, 0, 0, 0, 0, 0, 0, 0, 0, 0, 0, 0, 0, 0, 0, 0, 0, 0, 0, 8825300]",0.868576750000102
MovieLens-25M,near-boundary-fixed-k-v2,fixed,UCB,Ours,3,100000,5,0.016442451420029897,0.19765812362033866,0.016442451420029897,Bernoulli; same mean in clean and online rewards,"clean log: max(0, empirical mean - 2 beta)",0.0,0.10323386778462243,19055,19123.93791470531,0.9963952029643277,0.6041983731304119,11513,1885.5,80920,19080,0,1,1.0,simulated,3770175720,"[5.0, 3.0, 4.0, 5.0, 0.0]","[1898, 1865, 1881, 1898, 11513]","[0, 0, 0, 0, 80920]",0.001809583000067505
MovieLens-25M,near-boundary-fixed-k-v2,fixed,TS,Ours,3,100000,5,0.016442451420029897,0.19765812362033866,0.016442451420029897,Bernoulli; same mean in clean and online rewards,"clean log: max(0, empirical mean - 2 beta)",0.0,0.14817777496081536,31203,24967.322128044878,1.2497535714873809,0.656699676313175,20491,2678.0,68772,31228,0,1,1.0,simulated,2277434976,"[5.0, 3.0, 4.0, 5.0, 0.0]","[2688, 2661, 2675, 2688, 20491]","[0, 0, 0, 0, 68772]",0.0018884999999499996
MovieLens-25M,near-boundary-fixed-k-v2,fixed,UCB,Ours,3,250000,5,0.010399119360792878,0.16538850331471416,0.016442451420029897,Bernoulli; same mean in clean and online rewards,"clean log: max(0, empirical mean - 2 beta)",0.0,0.0809375304854475,35726,36137.38150649174,0.9886161783355044,0.6163018529922185,22018,3427.0,214249,35751,0,1,1.0,simulated,2670388493,"[5.0, 3.0, 4.0, 5.0, 0.0]","[3443, 3400, 3422, 3443, 22018]","[0, 0, 0, 0, 214249]",0.003916499999832013
MovieLens-25M,near-boundary-fixed-k-v2,fixed,TS,Ours,3,250000,5,0.010399119360792878,0.16538850331471416,0.016442451420029897,Bernoulli; same mean in clean and online rewards,"clean log: max(0, empirical mean - 2 beta)",0.0,0.11476304224664499,56049,46944.97392466051,1.19392972908985,0.6628485789220147,37152,4724.25,193926,56074,0,1,1.0,simulated,2544785284,"[5.0, 3.0, 4.0, 5.0, 0.0]","[4737, 4703, 4720, 4737, 37152]","[0, 0, 0, 0, 193926]",0.0042645409994293
MovieLens-25M,near-boundary-fixed-k-v2,fixed,UCB,Ours,3,1000000,5,0.005199559680396439,0.12672265195301305,0.016442451420029897,Bernoulli; same mean in clean and online rewards,"clean log: max(0, empirical mean - 2 beta)",0.0,0.05514305261239258,92629,94327.37318798502,0.9819949063502453,0.6300726554318842,58363,8566.5,907346,92654,0,1,1.0,simulated,2410439112,"[5.0, 3.0, 4.0, 5.0, 0.0]","[8591, 8526, 8558, 8591, 58363]","[0, 0, 0, 0, 907346]",0.015484166999158333
MovieLens-25M,near-boundary-fixed-k-v2,fixed,TS,Ours,3,1000000,5,0.005199559680396439,0.12672265195301305,0.016442451420029897,Bernoulli; same mean in clean and online rewards,"clean log: max(0, empirical mean - 2 beta)",0.0,0.07676093357769362,138211,121757.92036280714,1.1351294403531773,0.6685502601095427,92401,11452.5,861764,138236,0,1,1.0,simulated,1432426891,"[5.0, 3.0, 4.0, 5.0, 0.0]","[11472, 11420, 11446, 11472, 92401]","[0, 0, 0, 0, 861764]",0.018400417000520974
MovieLens-25M,near-boundary-fixed-k-v2,fixed,UCB,Ours,3,2500000,5,0.0032884902840059796,0.10647180428867146,0.016442451420029897,Bernoulli; same mean in clean and online rewards,"clean log: max(0, empirical mean - 2 beta)",0.0,0.04243678166250754,173958,177511.8638078107,0.9799795702012435,0.6369066096414077,110795,15790.75,2326017,173983,0,1,1.0,simulated,2341235222,"[5.0, 3.0, 4.0, 5.0, 0.0]","[15823, 15737, 15780, 15823, 110795]","[0, 0, 0, 0, 2326017]",0.03940004200012481
MovieLens-25M,near-boundary-fixed-k-v2,fixed,TS,Ours,3,2500000,5,0.0032884902840059796,0.10647180428867146,0.016442451420029897,Bernoulli; same mean in clean and online rewards,"clean log: max(0, empirical mean - 2 beta)",0.0,0.05839629084863647,252899,228305.90053296532,1.10771994683284,0.670694625127027,169618,20820.25,2247076,252924,0,1,1.0,simulated,3005522664,"[5.0, 3.0, 4.0, 5.0, 0.0]","[20846, 20777, 20812, 20846, 169618]","[0, 0, 0, 0, 2247076]",0.047012458000608603
MovieLens-25M,near-boundary-fixed-k-v2,fixed,UCB,Ours,3,10000000,5,0.0016442451420029898,0.08201097775777105,0.016442451420029897,Bernoulli; same mean in clean and online rewards,"clean log: max(0, empirical mean - 2 beta)",0.0,0.02827673414041454,451355,460914.1102569438,0.9792605389068803,0.644718680417853,290997,40089.5,9548620,451380,0,1,1.0,simulated,803076421,"[5.0, 3.0, 4.0, 5.0, 0.0]","[40139, 40007, 40073, 40139, 290997]","[0, 0, 0, 0, 9548620]",0.160796209000182
MovieLens-25M,near-boundary-fixed-k-v2,fixed,TS,Ours,3,10000000,5,0.0016442451420029898,0.08201097775777105,0.016442451420029897,Bernoulli; same mean in clean and online rewards,"clean log: max(0, empirical mean - 2 beta)",0.0,0.03829573460859419,635825,589995.1435423779,1.0776783622021973,0.6723438052923367,427493,52083.0,9364150,635850,0,1,1.0,simulated,1525926989,"[5.0, 3.0, 4.0, 5.0, 0.0]","[52122, 52018, 52070, 52122, 427493]","[0, 0, 0, 0, 9364150]",0.19625599999926635
MovieLens-25M,near-boundary-fixed-k-v2,fixed,UCB,Ours,3,100000,10,0.016442451420029897,0.15688135668249298,0.016442451420029897,Bernoulli; same mean in clean and online rewards,"clean log: max(0, empirical mean - 2 beta)",0.0,0.13639342465744664,26170,25059.44785667459,1.0443167044093358,0.603553687428353,15795,1152.7777777777778,73780,26220,0,1,1.0,simulated,472963888,"[3.0, 4.0, 2.0, 4.0, 4.0, 4.0, 3.0, 4.0, 2.0, 0.0]","[1149, 1161, 1136, 1161, 1161, 1161, 1149, 1161, 1136, 15795]","[0, 0, 0, 0, 0, 0, 0, 0, 0, 73780]",0.001987625000765547
MovieLens-25M,near-boundary-fixed-k-v2,fixed,TS,Ours,3,100000,10,0.016442451420029897,0.15688135668249298,0.016442451420029897,Bernoulli; same mean in clean and online rewards,"clean log: max(0, empirical mean - 2 beta)",0.0,0.18926130814915726,41824,32976.642231990234,1.2682916503678185,0.6388437260902831,26719,1678.3333333333333,58126,41874,0,1,1.0,simulated,1538106070,"[3.0, 4.0, 2.0, 4.0, 4.0, 4.0, 3.0, 4.0, 2.0, 0.0]","[1675, 1685, 1665, 1685, 1685, 1685, 1675, 1685, 1665, 26719]","[0, 0, 0, 0, 0, 0, 0, 0, 0, 58126]",0.0029778750031255186
MovieLens-25M,near-boundary-fixed-k-v2,fixed,UCB,Ours,3,250000,10,0.010399119360792878,0.13126894207261167,0.016442451420029897,Bernoulli; same mean in clean and online rewards,"clean log: max(0, empirical mean - 2 beta)",0.0,0.107061882944982,48630,47353.36579619098,1.0269597352235458,0.6164096236890808,29976,2072.6666666666665,201320,48680,0,1,1.0,simulated,2150906203,"[3.0, 4.0, 2.0, 4.0, 4.0, 4.0, 3.0, 4.0, 2.0, 0.0]","[2067, 2084, 2050, 2084, 2084, 2084, 2067, 2084, 2050, 29976]","[0, 0, 0, 0, 0, 0, 0, 0, 0, 201320]",0.004518542002188042
MovieLens-25M,near-boundary-fixed-k-v2,fixed,TS,Ours,3,250000,10,0.010399119360792878,0.13126894207261167,0.016442451420029897,Bernoulli; same mean in clean and online rewards,"clean log: max(0, empirical mean - 2 beta)",0.0,0.14768460506285946,74629,61975.520735617014,1.2041689866287981,0.6484744536306262,48395,2914.8888888888887,175321,74679,0,1,1.0,simulated,2627555911,"[3.0, 4.0, 2.0, 4.0, 4.0, 4.0, 3.0, 4.0, 2.0, 0.0]","[2910, 2924, 2897, 2924, 2924, 2924, 2910, 2924, 2897, 48395]","[0, 0, 0, 0, 0, 0, 0, 0, 0, 175321]",0.008096333011053503
MovieLens-25M,near-boundary-fixed-k-v2,fixed,UCB,Ours,3,1000000,10,0.005199559680396439,0.10057983550920645,0.016442451420029897,Bernoulli; same mean in clean and online rewards,"clean log: max(0, empirical mean - 2 beta)",0.0,0.07298658552245693,124782,123603.82576037137,1.0095318590050177,0.6309804298696927,78735,5116.333333333333,875168,124832,0,1,1.0,simulated,3063570920,"[3.0, 4.0, 2.0, 4.0, 4.0, 4.0, 3.0, 4.0, 2.0, 0.0]","[5108, 5133, 5083, 5133, 5133, 5133, 5108, 5133, 5083, 78735]","[0, 0, 0, 0, 0, 0, 0, 0, 0, 875168]",0.017451709005399607
MovieLens-25M,near-boundary-fixed-k-v2,fixed,TS,Ours,3,1000000,10,0.005199559680396439,0.10057983550920645,0.016442451420029897,Bernoulli; same mean in clean and online rewards,"clean log: max(0, empirical mean - 2 beta)",0.0,0.09958912579188509,182800,160643.27736779582,1.1379249912928255,0.658183807439825,120316,6942.666666666667,817150,182850,0,1,1.0,simulated,2712956574,"[3.0, 4.0, 2.0, 4.0, 4.0, 4.0, 3.0, 4.0, 2.0, 0.0]","[6936, 6956, 6916, 6956, 6956, 6956, 6936, 6956, 6916, 120316]","[0, 0, 0, 0, 0, 0, 0, 0, 0, 817150]",0.03517020800791215
MovieLens-25M,near-boundary-fixed-k-v2,fixed,UCB,Ours,3,2500000,10,0.0032884902840059796,0.08450672706639467,0.016442451420029897,Bernoulli; same mean in clean and online rewards,"clean log: max(0, empirical mean - 2 beta)",0.0,0.056161805234620124,233134,232606.34472215077,1.0022684474857275,0.6380922559558022,148761,9374.777777777777,2266816,233184,0,1,1.0,simulated,927327200,"[3.0, 4.0, 2.0, 4.0, 4.0, 4.0, 3.0, 4.0, 2.0, 0.0]","[9364, 9397, 9330, 9397, 9397, 9397, 9364, 9397, 9330, 148761]","[0, 0, 0, 0, 0, 0, 0, 0, 0, 2266816]",0.04458895800053142
MovieLens-25M,near-boundary-fixed-k-v2,fixed,TS,Ours,3,2500000,10,0.0032884902840059796,0.08450672706639467,0.016442451420029897,Bernoulli; same mean in clean and online rewards,"clean log: max(0, empirical mean - 2 beta)",0.0,0.07604941984794256,333554,301113.0238807741,1.1077368746828797,0.6623005570312454,220913,12515.666666666666,2166396,333604,0,1,1.0,simulated,4041075752,"[3.0, 4.0, 2.0, 4.0, 4.0, 4.0, 3.0, 4.0, 2.0, 0.0]","[12507, 12533, 12481, 12533, 12533, 12533, 12507, 12533, 12481, 220913]","[0, 0, 0, 0, 0, 0, 0, 0, 0, 2166396]",0.09248712500266265
MovieLens-25M,near-boundary-fixed-k-v2,fixed,UCB,Ours,3,10000000,10,0.0016442451420029898,0.06509215618281318,0.016442451420029897,Bernoulli; same mean in clean and online rewards,"clean log: max(0, empirical mean - 2 beta)",0.0,0.03739719253667273,601293,603968.343962668,0.9955703904196123,0.6461109642054705,388502,23643.444444444445,9398657,601343,0,1,1.0,simulated,435873219,"[3.0, 4.0, 2.0, 4.0, 4.0, 4.0, 3.0, 4.0, 2.0, 0.0]","[23627, 23677, 23576, 23677, 23677, 23677, 23627, 23677, 23576, 388502]","[0, 0, 0, 0, 0, 0, 0, 0, 0, 9398657]",0.18536962498910725
MovieLens-25M,near-boundary-fixed-k-v2,fixed,TS,Ours,3,10000000,10,0.0016442451420029898,0.06509215618281318,0.016442451420029897,Bernoulli; same mean in clean and online rewards,"clean log: max(0, empirical mean - 2 beta)",0.0,0.05007087426758723,836397,777780.8263738758,1.07536335640903,0.6661967941061482,557205,31021.333333333332,9163553,836447,0,1,1.0,simulated,2050745623,"[3.0, 4.0, 2.0, 4.0, 4.0, 4.0, 3.0, 4.0, 2.0, 0.0]","[31008, 31048, 30968, 31048, 31048, 31048, 31008, 31048, 30968, 557205]","[0, 0, 0, 0, 0, 0, 0, 0, 0, 9163553]",0.3907600829988951
MovieLens-25M,near-boundary-fixed-k-v2,fixed,UCB,Ours,3,100000,15,0.016442451420029897,0.13704848847915332,0.016442451420029897,Bernoulli; same mean in clean and online rewards,"clean log: max(0, empirical mean - 2 beta)",0.0,0.1578202103354961,31201,29035.7694853145,1.0745711428719191,0.6006538251979103,18741,890.0,68724,31276,0,1,1.0,simulated,2077196883,"[3.0, 4.0, 4.0, 3.0, 4.0, 2.0, 5.0, 4.0, 3.0, 2.0, 3.0, 3.0, 3.0, 4.0, 0.0]","[886, 897, 897, 886, 897, 875, 909, 897, 886, 875, 886, 886, 886, 897, 18741]","[0, 0, 0, 0, 0, 0, 0, 0, 0, 0, 0, 0, 0, 0, 68724]",0.0023638749999008724
MovieLens-25M,near-boundary-fixed-k-v2,fixed,TS,Ours,3,100000,15,0.016442451420029897,0.13704848847915332,0.016442451420029897,Bernoulli; same mean in clean and online rewards,"clean log: max(0, empirical mean - 2 beta)",0.0,0.2155376596409082,49447,38383.40140857019,1.2882391394567638,0.627884401480373,31047,1314.2857142857142,50478,49522,0,1,1.0,simulated,1778177123,"[3.0, 4.0, 4.0, 3.0, 4.0, 2.0, 5.0, 4.0, 3.0, 2.0, 3.0, 3.0, 3.0, 4.0, 0.0]","[1311, 1320, 1320, 1311, 1320, 1302, 1330, 1320, 1311, 1302, 1311, 1311, 1311, 1320, 31047]","[0, 0, 0, 0, 0, 0, 0, 0, 0, 0, 0, 0, 0, 0, 50478]",0.0038696250003340538
MovieLens-25M,near-boundary-fixed-k-v2,fixed,UCB,Ours,3,250000,15,0.010399119360792878,0.11467398342123439,0.016442451420029897,Bernoulli; same mean in clean and online rewards,"clean log: max(0, empirical mean - 2 beta)",0.0,0.12408500588424778,57639,54867.18707753817,1.0505185898913445,0.6144624299519422,35417,1587.2857142857142,192286,57714,0,1,1.0,simulated,2285397324,"[3.0, 4.0, 4.0, 3.0, 4.0, 2.0, 5.0, 4.0, 3.0, 2.0, 3.0, 3.0, 3.0, 4.0, 0.0]","[1582, 1597, 1597, 1582, 1597, 1567, 1611, 1597, 1582, 1567, 1582, 1582, 1582, 1597, 35417]","[0, 0, 0, 0, 0, 0, 0, 0, 0, 0, 0, 0, 0, 0, 192286]",0.0050063329999829875
MovieLens-25M,near-boundary-fixed-k-v2,fixed,TS,Ours,3,250000,15,0.010399119360792878,0.11467398342123439,0.016442451420029897,Bernoulli; same mean in clean and online rewards,"clean log: max(0, empirical mean - 2 beta)",0.0,0.1690074323459249,87769,72117.80156339164,1.2170226781365616,0.6397816996889563,56153,2258.285714285714,162156,87844,0,1,1.0,simulated,2757855744,"[3.0, 4.0, 4.0, 3.0, 4.0, 2.0, 5.0, 4.0, 3.0, 2.0, 3.0, 3.0, 3.0, 4.0, 0.0]","[2254, 2266, 2266, 2254, 2266, 2242, 2278, 2266, 2254, 2242, 2254, 2254, 2254, 2266, 56153]","[0, 0, 0, 0, 0, 0, 0, 0, 0, 0, 0, 0, 0, 0, 162156]",0.01026054199974169
MovieLens-25M,near-boundary-fixed-k-v2,fixed,UCB,Ours,3,1000000,15,0.005199559680396439,0.08786457944723307,0.016442451420029897,Bernoulli; same mean in clean and online rewards,"clean log: max(0, empirical mean - 2 beta)",0.0,0.08472215167001731,146912,143216.7305843177,1.025801939484345,0.6300778697451536,92566,3881.8571428571427,853013,146987,0,1,1.0,simulated,1090275861,"[3.0, 4.0, 4.0, 3.0, 4.0, 2.0, 5.0, 4.0, 3.0, 2.0, 3.0, 3.0, 3.0, 4.0, 0.0]","[3874, 3896, 3896, 3874, 3896, 3852, 3918, 3896, 3874, 3852, 3874, 3874, 3874, 3896, 92566]","[0, 0, 0, 0, 0, 0, 0, 0, 0, 0, 0, 0, 0, 0, 853013]",0.01992862499992043
MovieLens-25M,near-boundary-fixed-k-v2,fixed,TS,Ours,3,1000000,15,0.005199559680396439,0.08786457944723307,0.016442451420029897,Bernoulli; same mean in clean and online rewards,"clean log: max(0, empirical mean - 2 beta)",0.0,0.11457724133766953,213818,186867.8377640692,1.1442204424174738,0.6520639048162455,139423,5313.928571428572,786107,213893,0,1,1.0,simulated,3965924764,"[3.0, 4.0, 4.0, 3.0, 4.0, 2.0, 5.0, 4.0, 3.0, 2.0, 3.0, 3.0, 3.0, 4.0, 0.0]","[5308, 5325, 5325, 5308, 5325, 5290, 5342, 5325, 5308, 5290, 5308, 5308, 5308, 5325, 139423]","[0, 0, 0, 0, 0, 0, 0, 0, 0, 0, 0, 0, 0, 0, 786107]",0.046830625000438886
MovieLens-25M,near-boundary-fixed-k-v2,fixed,UCB,Ours,3,2500000,15,0.0032884902840059796,0.07382342590400462,0.016442451420029897,Bernoulli; same mean in clean and online rewards,"clean log: max(0, empirical mean - 2 beta)",0.0,0.0652285330327145,273590,269515.28400794626,1.0151186824415257,0.6376402646295551,174452,7081.285714285715,2226335,273665,0,1,1.0,simulated,2009587609,"[3.0, 4.0, 4.0, 3.0, 4.0, 2.0, 5.0, 4.0, 3.0, 2.0, 3.0, 3.0, 3.0, 4.0, 0.0]","[7071, 7100, 7100, 7071, 7100, 7042, 7128, 7100, 7071, 7042, 7071, 7071, 7071, 7100, 174452]","[0, 0, 0, 0, 0, 0, 0, 0, 0, 0, 0, 0, 0, 0, 2226335]",0.050543999999717926
MovieLens-25M,near-boundary-fixed-k-v2,fixed,TS,Ours,3,2500000,15,0.0032884902840059796,0.07382342590400462,0.016442451420029897,Bernoulli; same mean in clean and online rewards,"clean log: max(0, empirical mean - 2 beta)",0.0,0.087713018561076,389212,350198.96764450165,1.1114024767631576,0.657443758157508,255885,9523.357142857143,2110713,389287,0,1,1.0,simulated,1565937934,"[3.0, 4.0, 4.0, 3.0, 4.0, 2.0, 5.0, 4.0, 3.0, 2.0, 3.0, 3.0, 3.0, 4.0, 0.0]","[9515, 9538, 9538, 9515, 9538, 9493, 9561, 9538, 9515, 9493, 9515, 9515, 9515, 9538, 255885]","[0, 0, 0, 0, 0, 0, 0, 0, 0, 0, 0, 0, 0, 0, 2110713]",0.12490120799975557
MovieLens-25M,near-boundary-fixed-k-v2,fixed,UCB,Ours,3,10000000,15,0.0016442451420029898,0.056863236048869684,0.016442451420029897,Bernoulli; same mean in clean and online rewards,"clean log: max(0, empirical mean - 2 beta)",0.0,0.043451086351838725,703068,699803.3520940593,1.0046650932668038,0.646096821360096,454250,17772.714285714286,9296857,703143,0,1,1.0,simulated,2573591028,"[3.0, 4.0, 4.0, 3.0, 4.0, 2.0, 5.0, 4.0, 3.0, 2.0, 3.0, 3.0, 3.0, 4.0, 0.0]","[17757, 17801, 17801, 17757, 17801, 17713, 17845, 17801, 17757, 17713, 17757, 17757, 17757, 17801, 454250]","[0, 0, 0, 0, 0, 0, 0, 0, 0, 0, 0, 0, 0, 0, 9296857]",0.2085619579993363
MovieLens-25M,near-boundary-fixed-k-v2,fixed,TS,Ours,3,10000000,15,0.0016442451420029898,0.056863236048869684,0.016442451420029897,Bernoulli; same mean in clean and online rewards,"clean log: max(0, empirical mean - 2 beta)",0.0,0.05790279746560509,973612,904329.9668195297,1.0766114534765787,0.6627434748133754,645255,23454.071428571428,9026313,973687,0,1,1.0,simulated,1095214960,"[3.0, 4.0, 4.0, 3.0, 4.0, 2.0, 5.0, 4.0, 3.0, 2.0, 3.0, 3.0, 3.0, 4.0, 0.0]","[23442, 23476, 23476, 23442, 23476, 23407, 23511, 23476, 23442, 23407, 23442, 23442, 23442, 23476, 645255]","[0, 0, 0, 0, 0, 0, 0, 0, 0, 0, 0, 0, 0, 0, 9026313]",0.5317425000002913
MovieLens-25M,near-boundary-fixed-k-v2,fixed,UCB,Ours,3,100000,20,0.016442451420029897,0.12451681531599387,0.016442451420029897,Bernoulli; same mean in clean and online rewards,"clean log: max(0, empirical mean - 2 beta)",0.0,0.17418522588434354,35304,32147.104475194756,1.0982015511611989,0.5974960344436892,21094,747.8947368421053,64596,35404,0,1,1.0,simulated,3928292125,"[5.0, 2.0, 4.0, 4.0, 4.0, 3.0, 3.0, 4.0, 3.0, 2.0, 4.0, 4.0, 4.0, 5.0, 3.0, 3.0, 4.0, 3.0, 4.0, 0.0]","[763, 732, 752, 752, 752, 742, 742, 752, 742, 732, 752, 752, 752, 763, 742, 742, 752, 742, 752, 21094]","[0, 0, 0, 0, 0, 0, 0, 0, 0, 0, 0, 0, 0, 0, 0, 0, 0, 0, 0, 64596]",0.0031652910001866985
MovieLens-25M,near-boundary-fixed-k-v2,fixed,TS,Ours,3,100000,20,0.016442451420029897,0.12451681531599387,0.016442451420029897,Bernoulli; same mean in clean and online rewards,"clean log: max(0, empirical mean - 2 beta)",0.0,0.23541977145720927,55720,42632.14931415255,1.306994859428837,0.6195441493180187,34521,1115.7368421052631,44180,55820,0,1,1.0,simulated,3085736990,"[5.0, 2.0, 4.0, 4.0, 4.0, 3.0, 3.0, 4.0, 3.0, 2.0, 4.0, 4.0, 4.0, 5.0, 3.0, 3.0, 4.0, 3.0, 4.0, 0.0]","[1128, 1103, 1119, 1119, 1119, 1111, 1111, 1119, 1111, 1103, 1119, 1119, 1119, 1128, 1111, 1111, 1119, 1111, 1119, 34521]","[0, 0, 0, 0, 0, 0, 0, 0, 0, 0, 0, 0, 0, 0, 0, 0, 0, 0, 0, 44180]",0.004006832999948529
MovieLens-25M,near-boundary-fixed-k-v2,fixed,UCB,Ours,3,250000,20,0.010399119360792878,0.1041882283684082,0.016442451420029897,Bernoulli; same mean in clean and online rewards,"clean log: max(0, empirical mean - 2 beta)",0.0,0.1371598123798729,64910,60746.49394546845,1.0685390346687182,0.6122631335695579,39742,1324.6315789473683,184990,65010,0,1,1.0,simulated,1007513721,"[5.0, 2.0, 4.0, 4.0, 4.0, 3.0, 3.0, 4.0, 3.0, 2.0, 4.0, 4.0, 4.0, 5.0, 3.0, 3.0, 4.0, 3.0, 4.0, 0.0]","[1344, 1304, 1330, 1330, 1330, 1317, 1317, 1330, 1317, 1304, 1330, 1330, 1330, 1344, 1317, 1317, 1330, 1317, 1330, 39742]","[0, 0, 0, 0, 0, 0, 0, 0, 0, 0, 0, 0, 0, 0, 0, 0, 0, 0, 0, 184990]",0.008506041999680747
MovieLens-25M,near-boundary-fixed-k-v2,fixed,TS,Ours,3,250000,20,0.010399119360792878,0.1041882283684082,0.016442451420029897,Bernoulli; same mean in clean and online rewards,"clean log: max(0, empirical mean - 2 beta)",0.0,0.18528495196667694,98458,80086.01082922542,1.2294032251144438,0.6332547888439741,62349,1900.4736842105262,151442,98558,0,1,1.0,simulated,585594571,"[5.0, 2.0, 4.0, 4.0, 4.0, 3.0, 3.0, 4.0, 3.0, 2.0, 4.0, 4.0, 4.0, 5.0, 3.0, 3.0, 4.0, 3.0, 4.0, 0.0]","[1916, 1884, 1905, 1905, 1905, 1894, 1894, 1905, 1894, 1884, 1905, 1905, 1905, 1916, 1894, 1894, 1905, 1894, 1905, 62349]","[0, 0, 0, 0, 0, 0, 0, 0, 0, 0, 0, 0, 0, 0, 0, 0, 0, 0, 0, 151442]",0.01341329200022301
MovieLens-25M,near-boundary-fixed-k-v2,fixed,UCB,Ours,3,1000000,20,0.005199559680396439,0.07983026834705138,0.016442451420029897,Bernoulli; same mean in clean and online rewards,"clean log: max(0, empirical mean - 2 beta)",0.0,0.0937917833757857,164597,158563.15442297678,1.0380532640068927,0.6288146199505459,103501,3215.5789473684213,835303,164697,0,1,1.0,simulated,2133606569,"[5.0, 2.0, 4.0, 4.0, 4.0, 3.0, 3.0, 4.0, 3.0, 2.0, 4.0, 4.0, 4.0, 5.0, 3.0, 3.0, 4.0, 3.0, 4.0, 0.0]","[3244, 3184, 3224, 3224, 3224, 3204, 3204, 3224, 3204, 3184, 3224, 3224, 3224, 3244, 3204, 3204, 3224, 3204, 3224, 103501]","[0, 0, 0, 0, 0, 0, 0, 0, 0, 0, 0, 0, 0, 0, 0, 0, 0, 0, 0, 835303]",0.03629537500000879
MovieLens-25M,near-boundary-fixed-k-v2,fixed,TS,Ours,3,1000000,20,0.005199559680396439,0.07983026834705138,0.016442451420029897,Bernoulli; same mean in clean and online rewards,"clean log: max(0, empirical mean - 2 beta)",0.0,0.12612943475264077,238741,207464.75388734078,1.150754504206739,0.6475469232348026,154596,4428.684210526316,761159,238841,0,1,1.0,simulated,2847411223,"[5.0, 2.0, 4.0, 4.0, 4.0, 3.0, 3.0, 4.0, 3.0, 2.0, 4.0, 4.0, 4.0, 5.0, 3.0, 3.0, 4.0, 3.0, 4.0, 0.0]","[4451, 4404, 4435, 4435, 4435, 4420, 4420, 4435, 4420, 4404, 4435, 4435, 4435, 4451, 4420, 4420, 4435, 4420, 4435, 154596]","[0, 0, 0, 0, 0, 0, 0, 0, 0, 0, 0, 0, 0, 0, 0, 0, 0, 0, 0, 761159]",0.06335779199980607
MovieLens-25M,near-boundary-fixed-k-v2,fixed,UCB,Ours,3,2500000,20,0.0032884902840059796,0.06707303372179221,0.016442451420029897,Bernoulli; same mean in clean and online rewards,"clean log: max(0, empirical mean - 2 beta)",0.0,0.07225625274569736,305740,298395.2602684533,1.0246141300131208,0.636851573232158,194711,5843.631578947368,2194160,305840,0,1,1.0,simulated,2404158944,"[5.0, 2.0, 4.0, 4.0, 4.0, 3.0, 3.0, 4.0, 3.0, 2.0, 4.0, 4.0, 4.0, 5.0, 3.0, 3.0, 4.0, 3.0, 4.0, 0.0]","[5881, 5802, 5855, 5855, 5855, 5828, 5828, 5855, 5828, 5802, 5855, 5855, 5855, 5881, 5828, 5828, 5855, 5828, 5855, 194711]","[0, 0, 0, 0, 0, 0, 0, 0, 0, 0, 0, 0, 0, 0, 0, 0, 0, 0, 0, 2194160]",0.09490183300022181
MovieLens-25M,near-boundary-fixed-k-v2,fixed,TS,Ours,3,2500000,20,0.0032884902840059796,0.06707303372179221,0.016442451420029897,Bernoulli; same mean in clean and online rewards,"clean log: max(0, empirical mean - 2 beta)",0.0,0.09674302835750215,433681,388744.55346659984,1.1155937649355672,0.653881539657029,283576,7900.263157894737,2066219,433781,0,1,1.0,simulated,2027522922,"[5.0, 2.0, 4.0, 4.0, 4.0, 3.0, 3.0, 4.0, 3.0, 2.0, 4.0, 4.0, 4.0, 5.0, 3.0, 3.0, 4.0, 3.0, 4.0, 0.0]","[7930, 7868, 7909, 7909, 7909, 7888, 7888, 7909, 7888, 7868, 7909, 7909, 7909, 7930, 7888, 7888, 7909, 7888, 7909, 283576]","[0, 0, 0, 0, 0, 0, 0, 0, 0, 0, 0, 0, 0, 0, 0, 0, 0, 0, 0, 2066219]",0.1710596249995433
MovieLens-25M,near-boundary-fixed-k-v2,fixed,UCB,Ours,3,10000000,20,0.0016442451420029898,0.051663678599737986,0.016442451420029897,Bernoulli; same mean in clean and online rewards,"clean log: max(0, empirical mean - 2 beta)",0.0,0.048158594265678006,783506,774790.9516652355,1.0112482577604107,0.6457551058958068,505953,14608.052631578947,9216394,783606,0,1,1.0,simulated,2369001690,"[5.0, 2.0, 4.0, 4.0, 4.0, 3.0, 3.0, 4.0, 3.0, 2.0, 4.0, 4.0, 4.0, 5.0, 3.0, 3.0, 4.0, 3.0, 4.0, 0.0]","[14664, 14545, 14625, 14625, 14625, 14585, 14585, 14625, 14585, 14545, 14625, 14625, 14625, 14664, 14585, 14585, 14625, 14585, 14625, 505953]","[0, 0, 0, 0, 0, 0, 0, 0, 0, 0, 0, 0, 0, 0, 0, 0, 0, 0, 0, 9216394]",0.39527470899975015
MovieLens-25M,near-boundary-fixed-k-v2,fixed,TS,Ours,3,10000000,20,0.0016442451420029898,0.051663678599737986,0.016442451420029897,Bernoulli; same mean in clean and online rewards,"clean log: max(0, empirical mean - 2 beta)",0.0,0.0639950758873365,1082550,1003681.3015450304,1.0785794239003577,0.6602531060920973,714757,19357.526315789473,8917350,1082650,0,1,1.0,simulated,1550801516,"[5.0, 2.0, 4.0, 4.0, 4.0, 3.0, 3.0, 4.0, 3.0, 2.0, 4.0, 4.0, 4.0, 5.0, 3.0, 3.0, 4.0, 3.0, 4.0, 0.0]","[19402, 19308, 19371, 19371, 19371, 19339, 19339, 19371, 19339, 19308, 19371, 19371, 19371, 19402, 19339, 19339, 19371, 19339, 19371, 714757]","[0, 0, 0, 0, 0, 0, 0, 0, 0, 0, 0, 0, 0, 0, 0, 0, 0, 0, 0, 8917350]",0.7394402080008149
MovieLens-25M,near-boundary-fixed-k-v2,fixed,UCB,Ours,3,100000,25,0.016442451420029897,0.11559117191354834,0.016442451420029897,Bernoulli; same mean in clean and online rewards,"clean log: max(0, empirical mean - 2 beta)",0.0,0.18755710156881106,38830,34750.50140085435,1.117393949286883,0.5945660571722895,23087,655.9583333333334,61045,38955,0,1,1.0,simulated,1205811953,"[3.0, 5.0, 4.0, 4.0, 4.0, 3.0, 5.0, 4.0, 3.0, 4.0, 5.0, 3.0, 3.0, 4.0, 5.0, 5.0, 4.0, 3.0, 4.0, 3.0, 3.0, 2.0, 2.0, 4.0, 0.0]","[649, 668, 659, 659, 659, 649, 668, 659, 649, 659, 668, 649, 649, 659, 668, 668, 659, 649, 659, 649, 649, 640, 640, 659, 23087]","[0, 0, 0, 0, 0, 0, 0, 0, 0, 0, 0, 0, 0, 0, 0, 0, 0, 0, 0, 0, 0, 0, 0, 0, 61045]",0.004416541999489709
MovieLens-25M,near-boundary-fixed-k-v2,fixed,TS,Ours,3,100000,25,0.016442451420029897,0.11559117191354834,0.016442451420029897,Bernoulli; same mean in clean and online rewards,"clean log: max(0, empirical mean - 2 beta)",0.0,0.25156844384034827,61159,46197.86118183885,1.3238491660744376,0.6128125051096323,37479,986.6666666666666,38716,61284,0,1,1.0,simulated,1061304656,"[3.0, 5.0, 4.0, 4.0, 4.0, 3.0, 5.0, 4.0, 3.0, 4.0, 5.0, 3.0, 3.0, 4.0, 5.0, 5.0, 4.0, 3.0, 4.0, 3.0, 3.0, 2.0, 2.0, 4.0, 0.0]","[981, 997, 989, 989, 989, 981, 997, 989, 981, 989, 997, 981, 981, 989, 997, 997, 989, 981, 989, 981, 981, 973, 973, 989, 37479]","[0, 0, 0, 0, 0, 0, 0, 0, 0, 0, 0, 0, 0, 0, 0, 0, 0, 0, 0, 0, 0, 0, 0, 0, 38716]",0.004776499999934458
MovieLens-25M,near-boundary-fixed-k-v2,fixed,UCB,Ours,3,250000,25,0.010399119360792878,0.09671978347774034,0.016442451420029897,Bernoulli; same mean in clean and online rewards,"clean log: max(0, empirical mean - 2 beta)",0.0,0.14790452222418776,71126,65665.98010647747,1.083148380404421,0.6101285043444029,43396,1155.4166666666667,178749,71251,0,1,1.0,simulated,3660895662,"[3.0, 5.0, 4.0, 4.0, 4.0, 3.0, 5.0, 4.0, 3.0, 4.0, 5.0, 3.0, 3.0, 4.0, 5.0, 5.0, 4.0, 3.0, 4.0, 3.0, 3.0, 2.0, 2.0, 4.0, 0.0]","[1147, 1171, 1159, 1159, 1159, 1147, 1171, 1159, 1147, 1159, 1171, 1147, 1147, 1159, 1171, 1171, 1159, 1147, 1159, 1147, 1147, 1134, 1134, 1159, 43396]","[0, 0, 0, 0, 0, 0, 0, 0, 0, 0, 0, 0, 0, 0, 0, 0, 0, 0, 0, 0, 0, 0, 0, 0, 178749]",0.009417375000339234
MovieLens-25M,near-boundary-fixed-k-v2,fixed,TS,Ours,3,250000,25,0.010399119360792878,0.09671978347774034,0.016442451420029897,Bernoulli; same mean in clean and online rewards,"clean log: max(0, empirical mean - 2 beta)",0.0,0.1986083122400133,107642,86772.19353143856,1.2405126068525636,0.6280819754370971,67608,1668.0833333333333,142233,107767,0,1,1.0,simulated,334704517,"[3.0, 5.0, 4.0, 4.0, 4.0, 3.0, 5.0, 4.0, 3.0, 4.0, 5.0, 3.0, 3.0, 4.0, 5.0, 5.0, 4.0, 3.0, 4.0, 3.0, 3.0, 2.0, 2.0, 4.0, 0.0]","[1661, 1681, 1671, 1671, 1671, 1661, 1681, 1671, 1661, 1671, 1681, 1661, 1661, 1671, 1681, 1681, 1671, 1661, 1671, 1661, 1661, 1651, 1651, 1671, 67608]","[0, 0, 0, 0, 0, 0, 0, 0, 0, 0, 0, 0, 0, 0, 0, 0, 0, 0, 0, 0, 0, 0, 0, 0, 142233]",0.014900791999934881
MovieLens-25M,near-boundary-fixed-k-v2,fixed,UCB,Ours,3,1000000,25,0.005199559680396439,0.07410785642879708,0.016442451420029897,Bernoulli; same mean in clean and online rewards,"clean log: max(0, empirical mean - 2 beta)",0.0,0.1012914830716278,179581,171404.2122876498,1.0477047069218342,0.6276220758320757,112709,2786.3333333333335,820294,179706,0,1,1.0,simulated,4261747886,"[3.0, 5.0, 4.0, 4.0, 4.0, 3.0, 5.0, 4.0, 3.0, 4.0, 5.0, 3.0, 3.0, 4.0, 5.0, 5.0, 4.0, 3.0, 4.0, 3.0, 3.0, 2.0, 2.0, 4.0, 0.0]","[2773, 2810, 2792, 2792, 2792, 2773, 2810, 2792, 2773, 2792, 2810, 2773, 2773, 2792, 2810, 2810, 2792, 2773, 2792, 2773, 2773, 2755, 2755, 2792, 112709]","[0, 0, 0, 0, 0, 0, 0, 0, 0, 0, 0, 0, 0, 0, 0, 0, 0, 0, 0, 0, 0, 0, 0, 0, 820294]",0.04016841700013174
MovieLens-25M,near-boundary-fixed-k-v2,fixed,TS,Ours,3,1000000,25,0.005199559680396439,0.07410785642879708,0.016442451420029897,Bernoulli; same mean in clean and online rewards,"clean log: max(0, empirical mean - 2 beta)",0.0,0.13566480779191553,260002,224744.19289897382,1.1568797246604505,0.643933508203783,167424,3857.4166666666665,739873,260127,0,1,1.0,simulated,3951011141,"[3.0, 5.0, 4.0, 4.0, 4.0, 3.0, 5.0, 4.0, 3.0, 4.0, 5.0, 3.0, 3.0, 4.0, 5.0, 5.0, 4.0, 3.0, 4.0, 3.0, 3.0, 2.0, 2.0, 4.0, 0.0]","[3847, 3876, 3862, 3862, 3862, 3847, 3876, 3862, 3847, 3862, 3876, 3847, 3847, 3862, 3876, 3876, 3862, 3847, 3862, 3847, 3847, 3832, 3832, 3862, 167424]","[0, 0, 0, 0, 0, 0, 0, 0, 0, 0, 0, 0, 0, 0, 0, 0, 0, 0, 0, 0, 0, 0, 0, 0, 739873]",0.07361241699982202
MovieLens-25M,near-boundary-fixed-k-v2,fixed,UCB,Ours,3,2500000,25,0.0032884902840059796,0.06226508887192082,0.016442451420029897,Bernoulli; same mean in clean and online rewards,"clean log: max(0, empirical mean - 2 beta)",0.0,0.07808436363788407,332912,322560.463197187,1.0320917718811835,0.6360419570336906,211746,5048.583333333333,2166963,333037,0,1,1.0,simulated,2609388146,"[3.0, 5.0, 4.0, 4.0, 4.0, 3.0, 5.0, 4.0, 3.0, 4.0, 5.0, 3.0, 3.0, 4.0, 5.0, 5.0, 4.0, 3.0, 4.0, 3.0, 3.0, 2.0, 2.0, 4.0, 0.0]","[5031, 5080, 5056, 5056, 5056, 5031, 5080, 5056, 5031, 5056, 5080, 5031, 5031, 5056, 5080, 5080, 5056, 5031, 5056, 5031, 5031, 5007, 5007, 5056, 211746]","[0, 0, 0, 0, 0, 0, 0, 0, 0, 0, 0, 0, 0, 0, 0, 0, 0, 0, 0, 0, 0, 0, 0, 0, 2166963]",0.10410862500066287
MovieLens-25M,near-boundary-fixed-k-v2,fixed,TS,Ours,3,2500000,25,0.0032884902840059796,0.06226508887192082,0.016442451420029897,Bernoulli; same mean in clean and online rewards,"clean log: max(0, empirical mean - 2 beta)",0.0,0.10422570335823711,471451,421077.81143345765,1.1196291687635096,0.6510623585483963,306944,6854.458333333333,2028424,471576,0,1,1.0,simulated,1379240249,"[3.0, 5.0, 4.0, 4.0, 4.0, 3.0, 5.0, 4.0, 3.0, 4.0, 5.0, 3.0, 3.0, 4.0, 5.0, 5.0, 4.0, 3.0, 4.0, 3.0, 3.0, 2.0, 2.0, 4.0, 0.0]","[6841, 6879, 6860, 6860, 6860, 6841, 6879, 6860, 6841, 6860, 6879, 6841, 6841, 6860, 6879, 6879, 6860, 6841, 6860, 6841, 6841, 6822, 6822, 6860, 306944]","[0, 0, 0, 0, 0, 0, 0, 0, 0, 0, 0, 0, 0, 0, 0, 0, 0, 0, 0, 0, 0, 0, 0, 0, 2028424]",0.200197374999334
MovieLens-25M,near-boundary-fixed-k-v2,fixed,UCB,Ours,3,10000000,25,0.0016442451420029898,0.04796031073838066,0.016442451420029897,Bernoulli; same mean in clean and online rewards,"clean log: max(0, empirical mean - 2 beta)",0.0,0.052074711807025637,851257,837536.5212747959,1.0163819467888044,0.6453468224049846,549356,12579.208333333334,9148618,851382,0,1,1.0,simulated,1298315986,"[3.0, 5.0, 4.0, 4.0, 4.0, 3.0, 5.0, 4.0, 3.0, 4.0, 5.0, 3.0, 3.0, 4.0, 5.0, 5.0, 4.0, 3.0, 4.0, 3.0, 3.0, 2.0, 2.0, 4.0, 0.0]","[12553, 12627, 12590, 12590, 12590, 12553, 12627, 12590, 12553, 12590, 12627, 12553, 12553, 12590, 12627, 12627, 12590, 12553, 12590, 12553, 12553, 12516, 12516, 12590, 549356]","[0, 0, 0, 0, 0, 0, 0, 0, 0, 0, 0, 0, 0, 0, 0, 0, 0, 0, 0, 0, 0, 0, 0, 0, 9148618]",0.43715195799995854
MovieLens-25M,near-boundary-fixed-k-v2,fixed,TS,Ours,3,10000000,25,0.0016442451420029898,0.04796031073838066,0.016442451420029897,Bernoulli; same mean in clean and online rewards,"clean log: max(0, empirical mean - 2 beta)",0.0,0.06906437316858524,1174666,1087006.7299986908,1.080642803381185,0.6582952090211175,773277,16724.541666666668,8825209,1174791,0,1,1.0,simulated,1598088619,"[3.0, 5.0, 4.0, 4.0, 4.0, 3.0, 5.0, 4.0, 3.0, 4.0, 5.0, 3.0, 3.0, 4.0, 5.0, 5.0, 4.0, 3.0, 4.0, 3.0, 3.0, 2.0, 2.0, 4.0, 0.0]","[16704, 16762, 16733, 16733, 16733, 16704, 16762, 16733, 16704, 16733, 16762, 16704, 16704, 16733, 16762, 16762, 16733, 16704, 16733, 16704, 16704, 16675, 16675, 16733, 773277]","[0, 0, 0, 0, 0, 0, 0, 0, 0, 0, 0, 0, 0, 0, 0, 0, 0, 0, 0, 0, 0, 0, 0, 0, 8825209]",0.8722938749997411
MovieLens-25M,near-boundary-fixed-k-v2,fixed,UCB,Ours,4,100000,5,0.016442451420029897,0.19765812362033866,0.016442451420029897,Bernoulli; same mean in clean and online rewards,"clean log: max(0, empirical mean - 2 beta)",0.0,0.10331680369886578,19088,19123.93791470531,0.9981207889888789,0.6037300922045264,11524,1891.0,80887,19113,0,1,1.0,simulated,483389367,"[5.0, 4.0, 5.0, 5.0, 0.0]","[1895, 1879, 1895, 1895, 11524]","[0, 0, 0, 0, 80887]",0.0017683329997453257
MovieLens-25M,near-boundary-fixed-k-v2,fixed,TS,Ours,4,100000,5,0.016442451420029897,0.19765812362033866,0.016442451420029897,Bernoulli; same mean in clean and online rewards,"clean log: max(0, empirical mean - 2 beta)",0.0,0.1482341478045508,31230,24967.322128044878,1.2508349850190976,0.656388088376561,20499,2682.75,68745,31255,0,1,1.0,simulated,3406377792,"[5.0, 4.0, 5.0, 5.0, 0.0]","[2686, 2673, 2686, 2686, 20499]","[0, 0, 0, 0, 68745]",0.00177366699972481
MovieLens-25M,near-boundary-fixed-k-v2,fixed,UCB,Ours,4,250000,5,0.010399119360792878,0.16538850331471416,0.016442451420029897,Bernoulli; same mean in clean and online rewards,"clean log: max(0, empirical mean - 2 beta)",0.0,0.08098386691933326,35770,36137.38150649174,0.9898337541023622,0.6159351411797596,22032,3434.5,214205,35795,0,1,1.0,simulated,2845889222,"[5.0, 4.0, 5.0, 5.0, 0.0]","[3440, 3418, 3440, 3440, 22032]","[0, 0, 0, 0, 214205]",0.0038988339993011323
MovieLens-25M,near-boundary-fixed-k-v2,fixed,TS,Ours,4,250000,5,0.010399119360792878,0.16538850331471416,0.016442451420029897,Bernoulli; same mean in clean and online rewards,"clean log: max(0, empirical mean - 2 beta)",0.0,0.11479579528453462,56084,46944.97392466051,1.1946752828110252,0.6626132230226089,37162,4730.5,193891,56109,0,1,1.0,simulated,2026837763,"[5.0, 4.0, 5.0, 5.0, 0.0]","[4735, 4717, 4735, 4735, 37162]","[0, 0, 0, 0, 193891]",0.00437262500054203
MovieLens-25M,near-boundary-fixed-k-v2,fixed,UCB,Ours,4,1000000,5,0.005199559680396439,0.12672265195301305,0.016442451420029897,Bernoulli; same mean in clean and online rewards,"clean log: max(0, empirical mean - 2 beta)",0.0,0.05516189762011954,92695,94327.37318798502,0.9826945972010493,0.6298505852527105,58384,8577.75,907280,92720,0,1,1.0,simulated,3875666212,"[5.0, 4.0, 5.0, 5.0, 0.0]","[8586, 8553, 8586, 8586, 58384]","[0, 0, 0, 0, 907280]",0.015464750000319327
MovieLens-25M,near-boundary-fixed-k-v2,fixed,TS,Ours,4,1000000,5,0.005199559680396439,0.12672265195301305,0.016442451420029897,Bernoulli; same mean in clean and online rewards,"clean log: max(0, empirical mean - 2 beta)",0.0,0.07677480219538915,138259,121757.92036280714,1.1355236652204959,0.668433881338647,92417,11460.5,861716,138284,0,1,1.0,simulated,3458157540,"[5.0, 4.0, 5.0, 5.0, 0.0]","[11467, 11441, 11467, 11467, 92417]","[0, 0, 0, 0, 861716]",0.018113291999725334
MovieLens-25M,near-boundary-fixed-k-v2,fixed,UCB,Ours,4,2500000,5,0.0032884902840059796,0.10647180428867146,0.016442451420029897,Bernoulli; same mean in clean and online rewards,"clean log: max(0, empirical mean - 2 beta)",0.0,0.04244708273375991,174044,177511.8638078107,0.9804640448620082,0.6367527751603043,110823,15805.25,2325931,174069,0,1,1.0,simulated,226007289,"[5.0, 4.0, 5.0, 5.0, 0.0]","[15816, 15773, 15816, 15816, 110823]","[0, 0, 0, 0, 2325931]",0.03934750000007625
MovieLens-25M,near-boundary-fixed-k-v2,fixed,TS,Ours,4,2500000,5,0.0032884902840059796,0.10647180428867146,0.016442451420029897,Bernoulli; same mean in clean and online rewards,"clean log: max(0, empirical mean - 2 beta)",0.0,0.05840400935238686,252966,228305.90053296532,1.108013412747841,0.6706039546816568,169640,20831.5,2247009,252991,0,1,1.0,simulated,1589893786,"[5.0, 4.0, 5.0, 5.0, 0.0]","[20840, 20806, 20840, 20840, 169640]","[0, 0, 0, 0, 2247009]",0.04750104199956695
MovieLens-25M,near-boundary-fixed-k-v2,fixed,UCB,Ours,4,10000000,5,0.0016442451420029898,0.08201097775777105,0.016442451420029897,Bernoulli; same mean in clean and online rewards,"clean log: max(0, empirical mean - 2 beta)",0.0,0.028280825954595086,451487,460914.1102569438,0.979546926320636,0.6446276415489262,291041,40111.5,9548488,451512,0,1,1.0,simulated,4239733994,"[5.0, 4.0, 5.0, 5.0, 0.0]","[40128, 40062, 40128, 40128, 291041]","[0, 0, 0, 0, 9548488]",0.16015100000004168
MovieLens-25M,near-boundary-fixed-k-v2,fixed,TS,Ours,4,10000000,5,0.0016442451420029898,0.08201097775777105,0.016442451420029897,Bernoulli; same mean in clean and online rewards,"clean log: max(0, empirical mean - 2 beta)",0.0,0.038298860386402775,635930,589995.1435423779,1.0778563297687938,0.6722862579214693,427527,52100.75,9364045,635955,0,1,1.0,simulated,2753290071,"[5.0, 4.0, 5.0, 5.0, 0.0]","[52114, 52061, 52114, 52114, 427527]","[0, 0, 0, 0, 9364045]",0.19578637500035256
MovieLens-25M,near-boundary-fixed-k-v2,fixed,UCB,Ours,4,100000,10,0.016442451420029897,0.15688135668249298,0.016442451420029897,Bernoulli; same mean in clean and online rewards,"clean log: max(0, empirical mean - 2 beta)",0.0,0.13656916082467235,26250,25059.44785667459,1.0475091131350809,0.6026285714285714,15819,1159.0,73700,26300,0,1,1.0,simulated,1522124697,"[5.0, 4.0, 5.0, 2.0, 3.0, 5.0, 5.0, 4.0, 3.0, 0.0]","[1172, 1159, 1172, 1133, 1146, 1172, 1172, 1159, 1146, 15819]","[0, 0, 0, 0, 0, 0, 0, 0, 0, 73700]",0.00205425001331605
MovieLens-25M,near-boundary-fixed-k-v2,fixed,TS,Ours,4,100000,10,0.016442451420029897,0.15688135668249298,0.016442451420029897,Bernoulli; same mean in clean and online rewards,"clean log: max(0, empirical mean - 2 beta)",0.0,0.1893768759436104,41889,32976.642231990234,1.270262742498507,0.6383059991883311,26738,1683.4444444444443,58061,41939,0,1,1.0,simulated,4086833766,"[5.0, 4.0, 5.0, 2.0, 3.0, 5.0, 5.0, 4.0, 3.0, 0.0]","[1694, 1683, 1694, 1663, 1673, 1694, 1694, 1683, 1673, 26738]","[0, 0, 0, 0, 0, 0, 0, 0, 0, 58061]",0.003120624998700805
MovieLens-25M,near-boundary-fixed-k-v2,fixed,UCB,Ours,4,250000,10,0.010399119360792878,0.13126894207261167,0.016442451420029897,Bernoulli; same mean in clean and online rewards,"clean log: max(0, empirical mean - 2 beta)",0.0,0.10716190421770483,48730,47353.36579619098,1.029071517529167,0.615780833162323,30007,2080.3333333333335,201220,48780,0,1,1.0,simulated,2136474042,"[5.0, 4.0, 5.0, 2.0, 3.0, 5.0, 5.0, 4.0, 3.0, 0.0]","[2097, 2080, 2097, 2047, 2064, 2097, 2097, 2080, 2064, 30007]","[0, 0, 0, 0, 0, 0, 0, 0, 0, 201220]",0.004572499994537793
MovieLens-25M,near-boundary-fixed-k-v2,fixed,TS,Ours,4,250000,10,0.010399119360792878,0.13126894207261167,0.016442451420029897,Bernoulli; same mean in clean and online rewards,"clean log: max(0, empirical mean - 2 beta)",0.0,0.14775345788712135,74711,61975.520735617014,1.2054920896705588,0.6480839501545957,48419,2921.3333333333335,175239,74761,0,1,1.0,simulated,165040194,"[5.0, 4.0, 5.0, 2.0, 3.0, 5.0, 5.0, 4.0, 3.0, 0.0]","[2935, 2921, 2935, 2894, 2908, 2935, 2935, 2921, 2908, 48419]","[0, 0, 0, 0, 0, 0, 0, 0, 0, 175239]",0.014803917001700029
MovieLens-25M,near-boundary-fixed-k-v2,fixed,UCB,Ours,4,1000000,10,0.005199559680396439,0.10057983550920645,0.016442451420029897,Bernoulli; same mean in clean and online rewards,"clean log: max(0, empirical mean - 2 beta)",0.0,0.07302809509547015,124934,123603.82576037137,1.0107615944041037,0.6305969551923416,78783,5127.888888888889,875016,124984,0,1,1.0,simulated,3121436698,"[5.0, 4.0, 5.0, 2.0, 3.0, 5.0, 5.0, 4.0, 3.0, 0.0]","[5153, 5128, 5153, 5077, 5103, 5153, 5153, 5128, 5103, 78783]","[0, 0, 0, 0, 0, 0, 0, 0, 0, 875016]",0.01760208301129751
MovieLens-25M,near-boundary-fixed-k-v2,fixed,TS,Ours,4,1000000,10,0.005199559680396439,0.10057983550920645,0.016442451420029897,Bernoulli; same mean in clean and online rewards,"clean log: max(0, empirical mean - 2 beta)",0.0,0.0996190940718078,182922,160643.27736779582,1.138684437950034,0.6579525699478467,120354,6952.0,817028,182972,0,1,1.0,simulated,2090146607,"[5.0, 4.0, 5.0, 2.0, 3.0, 5.0, 5.0, 4.0, 3.0, 0.0]","[6972, 6952, 6972, 6912, 6932, 6972, 6972, 6952, 6932, 120354]","[0, 0, 0, 0, 0, 0, 0, 0, 0, 817028]",0.03543754199927207
MovieLens-25M,near-boundary-fixed-k-v2,fixed,UCB,Ours,4,2500000,10,0.0032884902840059796,0.08450672706639467,0.016442451420029897,Bernoulli; same mean in clean and online rewards,"clean log: max(0, empirical mean - 2 beta)",0.0,0.05618471281001834,233334,232606.34472215077,1.0031282692598882,0.6378196062296965,148825,9389.888888888889,2266616,233384,0,1,1.0,simulated,761197574,"[5.0, 4.0, 5.0, 2.0, 3.0, 5.0, 5.0, 4.0, 3.0, 0.0]","[9423, 9390, 9423, 9323, 9357, 9423, 9423, 9390, 9357, 148825]","[0, 0, 0, 0, 0, 0, 0, 0, 0, 2266616]",0.045435291991452686
MovieLens-25M,near-boundary-fixed-k-v2,fixed,TS,Ours,4,2500000,10,0.0032884902840059796,0.08450672706639467,0.016442451420029897,Bernoulli; same mean in clean and online rewards,"clean log: max(0, empirical mean - 2 beta)",0.0,0.07606631876269027,333714,301113.0238807741,1.1082682366211243,0.6621328442918187,220963,12527.888888888889,2166236,333764,0,1,1.0,simulated,2642153829,"[5.0, 4.0, 5.0, 2.0, 3.0, 5.0, 5.0, 4.0, 3.0, 0.0]","[12554, 12528, 12554, 12475, 12502, 12554, 12554, 12528, 12502, 220963]","[0, 0, 0, 0, 0, 0, 0, 0, 0, 2166236]",0.0954642500000773
MovieLens-25M,near-boundary-fixed-k-v2,fixed,UCB,Ours,4,10000000,10,0.0016442451420029898,0.06509215618281318,0.016442451420029897,Bernoulli; same mean in clean and online rewards,"clean log: max(0, empirical mean - 2 beta)",0.0,0.03740638406486374,601598,603968.343962668,0.9960753837740633,0.6459479586035858,388601,23666.333333333332,9398352,601648,0,1,1.0,simulated,2523546176,"[5.0, 4.0, 5.0, 2.0, 3.0, 5.0, 5.0, 4.0, 3.0, 0.0]","[23717, 23666, 23717, 23565, 23616, 23717, 23717, 23666, 23616, 388601]","[0, 0, 0, 0, 0, 0, 0, 0, 0, 9398352]",0.19855295898742042
MovieLens-25M,near-boundary-fixed-k-v2,fixed,TS,Ours,4,10000000,10,0.0016442451420029898,0.06509215618281318,0.016442451420029897,Bernoulli; same mean in clean and online rewards,"clean log: max(0, empirical mean - 2 beta)",0.0,0.05007781189305202,836633,777780.8263738758,1.0756667837911373,0.6661009068492397,557282,31039.0,9163317,836683,0,1,1.0,simulated,3280140389,"[5.0, 4.0, 5.0, 2.0, 3.0, 5.0, 5.0, 4.0, 3.0, 0.0]","[31079, 31039, 31079, 30959, 30999, 31079, 31079, 31039, 30999, 557282]","[0, 0, 0, 0, 0, 0, 0, 0, 0, 9163317]",0.42094837500189897
MovieLens-25M,near-boundary-fixed-k-v2,fixed,UCB,Ours,4,100000,15,0.016442451420029897,0.13704848847915332,0.016442451420029897,Bernoulli; same mean in clean and online rewards,"clean log: max(0, empirical mean - 2 beta)",0.0,0.1578681917735864,31225,29035.7694853145,1.0753977095662215,0.6004163330664531,18748,891.2142857142857,68700,31300,0,1,1.0,simulated,75582652,"[4.0, 4.0, 4.0, 4.0, 5.0, 2.0, 4.0, 4.0, 2.0, 3.0, 4.0, 5.0, 2.0, 2.0, 0.0]","[897, 897, 897, 897, 908, 874, 897, 897, 874, 886, 897, 908, 874, 874, 18748]","[0, 0, 0, 0, 0, 0, 0, 0, 0, 0, 0, 0, 0, 0, 68700]",0.0023120420000850572
MovieLens-25M,near-boundary-fixed-k-v2,fixed,TS,Ours,4,100000,15,0.016442451420029897,0.13704848847915332,0.016442451420029897,Bernoulli; same mean in clean and online rewards,"clean log: max(0, empirical mean - 2 beta)",0.0,0.2155685602175787,49469,38383.40140857019,1.2888123038766082,0.6277062402716853,31052,1315.5,50456,49544,0,1,1.0,simulated,951783338,"[4.0, 4.0, 4.0, 4.0, 5.0, 2.0, 4.0, 4.0, 2.0, 3.0, 4.0, 5.0, 2.0, 2.0, 0.0]","[1320, 1320, 1320, 1320, 1329, 1302, 1320, 1320, 1302, 1311, 1320, 1329, 1302, 1302, 31052]","[0, 0, 0, 0, 0, 0, 0, 0, 0, 0, 0, 0, 0, 0, 50456]",0.0036847500005023903
MovieLens-25M,near-boundary-fixed-k-v2,fixed,UCB,Ours,4,250000,15,0.010399119360792878,0.11467398342123439,0.016442451420029897,Bernoulli; same mean in clean and online rewards,"clean log: max(0, empirical mean - 2 beta)",0.0,0.12411266195632822,57667,54867.18707753817,1.0510289131189674,0.6143201484384483,35426,1588.642857142857,192258,57742,0,1,1.0,simulated,1773697106,"[4.0, 4.0, 4.0, 4.0, 5.0, 2.0, 4.0, 4.0, 2.0, 3.0, 4.0, 5.0, 2.0, 2.0, 0.0]","[1596, 1596, 1596, 1596, 1610, 1567, 1596, 1596, 1567, 1581, 1596, 1610, 1567, 1567, 35426]","[0, 0, 0, 0, 0, 0, 0, 0, 0, 0, 0, 0, 0, 0, 192258]",0.004949416999806999
MovieLens-25M,near-boundary-fixed-k-v2,fixed,TS,Ours,4,250000,15,0.010399119360792878,0.11467398342123439,0.016442451420029897,Bernoulli; same mean in clean and online rewards,"clean log: max(0, empirical mean - 2 beta)",0.0,0.16902615186361947,87791,72117.80156339164,1.217327734579258,0.6397011083140641,56160,2259.3571428571427,162134,87866,0,1,1.0,simulated,1919863322,"[4.0, 4.0, 4.0, 4.0, 5.0, 2.0, 4.0, 4.0, 2.0, 3.0, 4.0, 5.0, 2.0, 2.0, 0.0]","[2265, 2265, 2265, 2265, 2277, 2242, 2265, 2265, 2242, 2254, 2265, 2277, 2242, 2242, 56160]","[0, 0, 0, 0, 0, 0, 0, 0, 0, 0, 0, 0, 0, 0, 162134]",0.010257458999149094
MovieLens-25M,near-boundary-fixed-k-v2,fixed,UCB,Ours,4,1000000,15,0.005199559680396439,0.08786457944723307,0.016442451420029897,Bernoulli; same mean in clean and online rewards,"clean log: max(0, empirical mean - 2 beta)",0.0,0.0847337869830336,146956,143216.7305843177,1.0261091661597515,0.6299844851520183,92580,3884.0,852969,147031,0,1,1.0,simulated,346187730,"[4.0, 4.0, 4.0, 4.0, 5.0, 2.0, 4.0, 4.0, 2.0, 3.0, 4.0, 5.0, 2.0, 2.0, 0.0]","[3895, 3895, 3895, 3895, 3917, 3851, 3895, 3895, 3851, 3873, 3895, 3917, 3851, 3851, 92580]","[0, 0, 0, 0, 0, 0, 0, 0, 0, 0, 0, 0, 0, 0, 852969]",0.01983041699986643
MovieLens-25M,near-boundary-fixed-k-v2,fixed,TS,Ours,4,1000000,15,0.005199559680396439,0.08786457944723307,0.016442451420029897,Bernoulli; same mean in clean and online rewards,"clean log: max(0, empirical mean - 2 beta)",0.0,0.11458553782284422,213849,186867.8377640692,1.1443863350631582,0.6520208184279562,139434,5315.357142857143,786076,213924,0,1,1.0,simulated,4063780832,"[4.0, 4.0, 4.0, 4.0, 5.0, 2.0, 4.0, 4.0, 2.0, 3.0, 4.0, 5.0, 2.0, 2.0, 0.0]","[5324, 5324, 5324, 5324, 5342, 5289, 5324, 5324, 5289, 5307, 5324, 5342, 5289, 5289, 139434]","[0, 0, 0, 0, 0, 0, 0, 0, 0, 0, 0, 0, 0, 0, 786076]",0.04691137500049081
MovieLens-25M,near-boundary-fixed-k-v2,fixed,UCB,Ours,4,2500000,15,0.0032884902840059796,0.07382342590400462,0.016442451420029897,Bernoulli; same mean in clean and online rewards,"clean log: max(0, empirical mean - 2 beta)",0.0,0.06523499329240517,273643,269515.28400794626,1.0153153317714332,0.6375825436791732,174470,7083.785714285715,2226282,273718,0,1,1.0,simulated,2371878987,"[4.0, 4.0, 4.0, 4.0, 5.0, 2.0, 4.0, 4.0, 2.0, 3.0, 4.0, 5.0, 2.0, 2.0, 0.0]","[7098, 7098, 7098, 7098, 7127, 7041, 7098, 7098, 7041, 7069, 7098, 7127, 7041, 7041, 174470]","[0, 0, 0, 0, 0, 0, 0, 0, 0, 0, 0, 0, 0, 0, 2226282]",0.05037766700024804
MovieLens-25M,near-boundary-fixed-k-v2,fixed,TS,Ours,4,2500000,15,0.0032884902840059796,0.07382342590400462,0.016442451420029897,Bernoulli; same mean in clean and online rewards,"clean log: max(0, empirical mean - 2 beta)",0.0,0.08771773945971306,389260,350198.96764450165,1.1115395417017633,0.6573986538560346,255899,9525.785714285714,2110665,389335,0,1,1.0,simulated,573725763,"[4.0, 4.0, 4.0, 4.0, 5.0, 2.0, 4.0, 4.0, 2.0, 3.0, 4.0, 5.0, 2.0, 2.0, 0.0]","[9537, 9537, 9537, 9537, 9560, 9492, 9537, 9537, 9492, 9514, 9537, 9560, 9492, 9492, 255899]","[0, 0, 0, 0, 0, 0, 0, 0, 0, 0, 0, 0, 0, 0, 2110665]",0.12473033300011593
MovieLens-25M,near-boundary-fixed-k-v2,fixed,UCB,Ours,4,10000000,15,0.0016442451420029898,0.056863236048869684,0.016442451420029897,Bernoulli; same mean in clean and online rewards,"clean log: max(0, empirical mean - 2 beta)",0.0,0.04345369702488773,703156,699803.3520940593,1.0047908428788006,0.6460557827850434,454278,17777.0,9296769,703231,0,1,1.0,simulated,140393166,"[4.0, 4.0, 4.0, 4.0, 5.0, 2.0, 4.0, 4.0, 2.0, 3.0, 4.0, 5.0, 2.0, 2.0, 0.0]","[17799, 17799, 17799, 17799, 17843, 17711, 17799, 17799, 17711, 17755, 17799, 17843, 17711, 17711, 454278]","[0, 0, 0, 0, 0, 0, 0, 0, 0, 0, 0, 0, 0, 0, 9296769]",0.2087481670005218
MovieLens-25M,near-boundary-fixed-k-v2,fixed,TS,Ours,4,10000000,15,0.0016442451420029898,0.056863236048869684,0.016442451420029897,Bernoulli; same mean in clean and online rewards,"clean log: max(0, empirical mean - 2 beta)",0.0,0.05790475358537814,973684,904329.9668195297,1.076691070433488,0.6627170622090945,645277,23457.64285714286,9026241,973759,0,1,1.0,simulated,779708984,"[4.0, 4.0, 4.0, 4.0, 5.0, 2.0, 4.0, 4.0, 2.0, 3.0, 4.0, 5.0, 2.0, 2.0, 0.0]","[23475, 23475, 23475, 23475, 23509, 23406, 23475, 23475, 23406, 23440, 23475, 23509, 23406, 23406, 645277]","[0, 0, 0, 0, 0, 0, 0, 0, 0, 0, 0, 0, 0, 0, 9026241]",0.5309840420004548
MovieLens-25M,near-boundary-fixed-k-v2,fixed,UCB,Ours,4,100000,20,0.016442451420029897,0.12451681531599387,0.016442451420029897,Bernoulli; same mean in clean and online rewards,"clean log: max(0, empirical mean - 2 beta)",0.0,0.1742476881733746,35340,32147.104475194756,1.0993214031848166,0.5971420486700623,21103,749.3157894736842,64560,35440,0,1,1.0,simulated,589604514,"[5.0, 5.0, 4.0, 4.0, 5.0, 4.0, 3.0, 3.0, 3.0, 4.0, 4.0, 4.0, 4.0, 5.0, 2.0, 3.0, 3.0, 3.0, 3.0, 1.0]","[762, 762, 752, 752, 762, 752, 742, 742, 742, 752, 752, 752, 752, 762, 731, 742, 742, 742, 742, 21103]","[0, 0, 0, 0, 0, 0, 0, 0, 0, 0, 0, 0, 0, 0, 0, 0, 0, 0, 0, 64560]",0.0033246659995711525
MovieLens-25M,near-boundary-fixed-k-v2,fixed,TS,Ours,4,100000,20,0.016442451420029897,0.12451681531599387,0.016442451420029897,Bernoulli; same mean in clean and online rewards,"clean log: max(0, empirical mean - 2 beta)",0.0,0.235459329792371,55748,42632.14931415255,1.3076516407652334,0.6193585420104757,34528,1116.842105263158,44152,55848,0,1,1.0,simulated,709688741,"[5.0, 5.0, 4.0, 4.0, 5.0, 4.0, 3.0, 3.0, 3.0, 4.0, 4.0, 4.0, 4.0, 5.0, 2.0, 3.0, 3.0, 3.0, 3.0, 1.0]","[1127, 1127, 1119, 1119, 1127, 1119, 1111, 1111, 1111, 1119, 1119, 1119, 1119, 1127, 1102, 1111, 1111, 1111, 1111, 34528]","[0, 0, 0, 0, 0, 0, 0, 0, 0, 0, 0, 0, 0, 0, 0, 0, 0, 0, 0, 44152]",0.0041409580007893965
MovieLens-25M,near-boundary-fixed-k-v2,fixed,UCB,Ours,4,250000,20,0.010399119360792878,0.1041882283684082,0.016442451420029897,Bernoulli; same mean in clean and online rewards,"clean log: max(0, empirical mean - 2 beta)",0.0,0.13719615560301657,64951,60746.49394546845,1.069213970740532,0.6120614001324075,39754,1326.157894736842,184949,65051,0,1,1.0,simulated,1714026688,"[5.0, 5.0, 4.0, 4.0, 5.0, 4.0, 3.0, 3.0, 3.0, 4.0, 4.0, 4.0, 4.0, 5.0, 2.0, 3.0, 3.0, 3.0, 3.0, 0.0]","[1343, 1343, 1330, 1330, 1343, 1330, 1316, 1316, 1316, 1330, 1330, 1330, 1330, 1343, 1303, 1316, 1316, 1316, 1316, 39754]","[0, 0, 0, 0, 0, 0, 0, 0, 0, 0, 0, 0, 0, 0, 0, 0, 0, 0, 0, 184949]",0.008311999999932596
MovieLens-25M,near-boundary-fixed-k-v2,fixed,TS,Ours,4,250000,20,0.010399119360792878,0.1041882283684082,0.016442451420029897,Bernoulli; same mean in clean and online rewards,"clean log: max(0, empirical mean - 2 beta)",0.0,0.18530922539089023,98494,80086.01082922542,1.229852741823133,0.6331147074948728,62358,1901.8947368421052,151406,98594,0,1,1.0,simulated,1416707396,"[5.0, 5.0, 4.0, 4.0, 5.0, 4.0, 3.0, 3.0, 3.0, 4.0, 4.0, 4.0, 4.0, 5.0, 2.0, 3.0, 3.0, 3.0, 3.0, 0.0]","[1915, 1915, 1905, 1905, 1915, 1905, 1894, 1894, 1894, 1905, 1905, 1905, 1905, 1915, 1883, 1894, 1894, 1894, 1894, 62358]","[0, 0, 0, 0, 0, 0, 0, 0, 0, 0, 0, 0, 0, 0, 0, 0, 0, 0, 0, 151406]",0.013100459000270348
MovieLens-25M,near-boundary-fixed-k-v2,fixed,UCB,Ours,4,1000000,20,0.005199559680396439,0.07983026834705138,0.016442451420029897,Bernoulli; same mean in clean and online rewards,"clean log: max(0, empirical mean - 2 beta)",0.0,0.09380723410961506,164656,158563.15442297678,1.0384253554944436,0.6286986201535322,103519,3217.7368421052633,835244,164756,0,1,1.0,simulated,3033111995,"[5.0, 5.0, 4.0, 4.0, 5.0, 4.0, 3.0, 3.0, 3.0, 4.0, 4.0, 4.0, 4.0, 5.0, 2.0, 3.0, 3.0, 3.0, 3.0, 0.0]","[3243, 3243, 3223, 3223, 3243, 3223, 3203, 3203, 3203, 3223, 3223, 3223, 3223, 3243, 3183, 3203, 3203, 3203, 3203, 103519]","[0, 0, 0, 0, 0, 0, 0, 0, 0, 0, 0, 0, 0, 0, 0, 0, 0, 0, 0, 835244]",0.03617374999976164
MovieLens-25M,near-boundary-fixed-k-v2,fixed,TS,Ours,4,1000000,20,0.005199559680396439,0.07983026834705138,0.016442451420029897,Bernoulli; same mean in clean and online rewards,"clean log: max(0, empirical mean - 2 beta)",0.0,0.12614034860312184,238791,207464.75388734078,1.150995508999424,0.6474699632733227,154610,4430.578947368421,761109,238891,0,1,1.0,simulated,2915607740,"[5.0, 5.0, 4.0, 4.0, 5.0, 4.0, 3.0, 3.0, 3.0, 4.0, 4.0, 4.0, 4.0, 5.0, 2.0, 3.0, 3.0, 3.0, 3.0, 0.0]","[4450, 4450, 4435, 4435, 4450, 4435, 4419, 4419, 4419, 4435, 4435, 4435, 4435, 4450, 4403, 4419, 4419, 4419, 4419, 154610]","[0, 0, 0, 0, 0, 0, 0, 0, 0, 0, 0, 0, 0, 0, 0, 0, 0, 0, 0, 761109]",0.06330608300049789
MovieLens-25M,near-boundary-fixed-k-v2,fixed,UCB,Ours,4,2500000,20,0.0032884902840059796,0.06707303372179221,0.016442451420029897,Bernoulli; same mean in clean and online rewards,"clean log: max(0, empirical mean - 2 beta)",0.0,0.07226487490845143,305813,298395.2602684533,1.0248587719686744,0.6367813009911286,194736,5846.1578947368425,2194087,305913,0,1,1.0,simulated,3338993680,"[5.0, 5.0, 4.0, 4.0, 5.0, 4.0, 3.0, 3.0, 3.0, 4.0, 4.0, 4.0, 4.0, 5.0, 2.0, 3.0, 3.0, 3.0, 3.0, 0.0]","[5879, 5879, 5853, 5853, 5879, 5853, 5827, 5827, 5827, 5853, 5853, 5853, 5853, 5879, 5801, 5827, 5827, 5827, 5827, 194736]","[0, 0, 0, 0, 0, 0, 0, 0, 0, 0, 0, 0, 0, 0, 0, 0, 0, 0, 0, 2194087]",0.09432841699981509
MovieLens-25M,near-boundary-fixed-k-v2,fixed,TS,Ours,4,2500000,20,0.0032884902840059796,0.06707303372179221,0.016442451420029897,Bernoulli; same mean in clean and online rewards,"clean log: max(0, empirical mean - 2 beta)",0.0,0.09674927778268949,433740,388744.55346659984,1.1157455355506765,0.6538387052151058,283596,7902.315789473684,2066160,433840,0,1,1.0,simulated,3726578996,"[5.0, 5.0, 4.0, 4.0, 5.0, 4.0, 3.0, 3.0, 3.0, 4.0, 4.0, 4.0, 4.0, 5.0, 2.0, 3.0, 3.0, 3.0, 3.0, 0.0]","[7928, 7928, 7908, 7908, 7928, 7908, 7887, 7887, 7887, 7908, 7908, 7908, 7908, 7928, 7867, 7887, 7887, 7887, 7887, 283596]","[0, 0, 0, 0, 0, 0, 0, 0, 0, 0, 0, 0, 0, 0, 0, 0, 0, 0, 0, 2066160]",0.17104979200030357
MovieLens-25M,near-boundary-fixed-k-v2,fixed,UCB,Ours,4,10000000,20,0.0016442451420029898,0.051663678599737986,0.016442451420029897,Bernoulli; same mean in clean and online rewards,"clean log: max(0, empirical mean - 2 beta)",0.0,0.048162097106373106,783625,774790.9516652355,1.0114018475767919,0.6457068112936672,505992,14612.263157894737,9216275,783725,0,1,1.0,simulated,1562528519,"[5.0, 5.0, 4.0, 4.0, 5.0, 4.0, 3.0, 3.0, 3.0, 4.0, 4.0, 4.0, 4.0, 5.0, 2.0, 3.0, 3.0, 3.0, 3.0, 0.0]","[14662, 14662, 14623, 14623, 14662, 14623, 14583, 14583, 14583, 14623, 14623, 14623, 14623, 14662, 14543, 14583, 14583, 14583, 14583, 505992]","[0, 0, 0, 0, 0, 0, 0, 0, 0, 0, 0, 0, 0, 0, 0, 0, 0, 0, 0, 9216275]",0.39591325000037614
MovieLens-25M,near-boundary-fixed-k-v2,fixed,TS,Ours,4,10000000,20,0.0016442451420029898,0.051663678599737986,0.016442451420029897,Bernoulli; same mean in clean and online rewards,"clean log: max(0, empirical mean - 2 beta)",0.0,0.0639976855730178,1082643,1003681.3015450304,1.0786720827950256,0.6602240997263179,714787,19360.842105263157,8917257,1082743,0,1,1.0,simulated,2171022901,"[5.0, 5.0, 4.0, 4.0, 5.0, 4.0, 3.0, 3.0, 3.0, 4.0, 4.0, 4.0, 4.0, 5.0, 2.0, 3.0, 3.0, 3.0, 3.0, 0.0]","[19400, 19400, 19369, 19369, 19400, 19369, 19338, 19338, 19338, 19369, 19369, 19369, 19369, 19400, 19307, 19338, 19338, 19338, 19338, 714787]","[0, 0, 0, 0, 0, 0, 0, 0, 0, 0, 0, 0, 0, 0, 0, 0, 0, 0, 0, 8917257]",0.7378099170000496
MovieLens-25M,near-boundary-fixed-k-v2,fixed,UCB,Ours,4,100000,25,0.016442451420029897,0.11559117191354834,0.016442451420029897,Bernoulli; same mean in clean and online rewards,"clean log: max(0, empirical mean - 2 beta)",0.0,0.18759432394525577,38854,34750.50140085435,1.1180845868038256,0.5943532197457148,23093,656.7083333333334,61021,38979,0,1,1.0,simulated,221527984,"[5.0, 4.0, 3.0, 3.0, 5.0, 4.0, 3.0, 4.0, 3.0, 4.0, 5.0, 5.0, 4.0, 3.0, 3.0, 1.0, 4.0, 5.0, 4.0, 3.0, 3.0, 5.0, 4.0, 4.0, 0.0]","[668, 659, 649, 649, 668, 659, 649, 659, 649, 659, 668, 668, 659, 649, 649, 630, 659, 668, 659, 649, 649, 668, 659, 659, 23093]","[0, 0, 0, 0, 0, 0, 0, 0, 0, 0, 0, 0, 0, 0, 0, 0, 0, 0, 0, 0, 0, 0, 0, 0, 61021]",0.004055749999679392
MovieLens-25M,near-boundary-fixed-k-v2,fixed,TS,Ours,4,100000,25,0.016442451420029897,0.11559117191354834,0.016442451420029897,Bernoulli; same mean in clean and online rewards,"clean log: max(0, empirical mean - 2 beta)",0.0,0.2515917166819728,61173,46197.86118183885,1.3241522104068342,0.6127376456933614,37483,987.0833333333334,38702,61298,0,1,1.0,simulated,2318118235,"[5.0, 4.0, 3.0, 3.0, 5.0, 4.0, 3.0, 4.0, 3.0, 4.0, 5.0, 5.0, 4.0, 3.0, 3.0, 1.0, 4.0, 5.0, 4.0, 3.0, 3.0, 5.0, 4.0, 4.0, 0.0]","[996, 989, 981, 981, 996, 989, 981, 989, 981, 989, 996, 996, 989, 981, 981, 965, 989, 996, 989, 981, 981, 996, 989, 989, 37483]","[0, 0, 0, 0, 0, 0, 0, 0, 0, 0, 0, 0, 0, 0, 0, 0, 0, 0, 0, 0, 0, 0, 0, 0, 38702]",0.004956042000230809
MovieLens-25M,near-boundary-fixed-k-v2,fixed,UCB,Ours,4,250000,25,0.010399119360792878,0.09671978347774034,0.016442451420029897,Bernoulli; same mean in clean and online rewards,"clean log: max(0, empirical mean - 2 beta)",0.0,0.1479263598561394,71149,65665.98010647747,1.0834986378735505,0.6100296560738732,43403,1156.0833333333333,178726,71274,0,1,1.0,simulated,616288967,"[5.0, 4.0, 3.0, 3.0, 5.0, 4.0, 3.0, 4.0, 3.0, 4.0, 5.0, 5.0, 4.0, 3.0, 3.0, 1.0, 4.0, 5.0, 4.0, 3.0, 3.0, 5.0, 4.0, 4.0, 0.0]","[1171, 1159, 1146, 1146, 1171, 1159, 1146, 1159, 1146, 1159, 1171, 1171, 1159, 1146, 1146, 1121, 1159, 1171, 1159, 1146, 1146, 1171, 1159, 1159, 43403]","[0, 0, 0, 0, 0, 0, 0, 0, 0, 0, 0, 0, 0, 0, 0, 0, 0, 0, 0, 0, 0, 0, 0, 0, 178726]",0.009547958999974071
MovieLens-25M,near-boundary-fixed-k-v2,fixed,TS,Ours,4,250000,25,0.010399119360792878,0.09671978347774034,0.016442451420029897,Bernoulli; same mean in clean and online rewards,"clean log: max(0, empirical mean - 2 beta)",0.0,0.1986227462172362,107668,86772.19353143856,1.2408122420114993,0.6279860311327414,67614,1668.9166666666667,142207,107793,0,1,1.0,simulated,2282664947,"[5.0, 4.0, 3.0, 3.0, 5.0, 4.0, 3.0, 4.0, 3.0, 4.0, 5.0, 5.0, 4.0, 3.0, 3.0, 1.0, 4.0, 5.0, 4.0, 3.0, 3.0, 5.0, 4.0, 4.0, 0.0]","[1681, 1671, 1661, 1661, 1681, 1671, 1661, 1671, 1661, 1671, 1681, 1681, 1671, 1661, 1661, 1641, 1671, 1681, 1671, 1661, 1661, 1681, 1671, 1671, 67614]","[0, 0, 0, 0, 0, 0, 0, 0, 0, 0, 0, 0, 0, 0, 0, 0, 0, 0, 0, 0, 0, 0, 0, 0, 142207]",0.014930791000551835
MovieLens-25M,near-boundary-fixed-k-v2,fixed,UCB,Ours,4,1000000,25,0.005199559680396439,0.07410785642879708,0.016442451420029897,Bernoulli; same mean in clean and online rewards,"clean log: max(0, empirical mean - 2 beta)",0.0,0.10130085024780919,179620,171404.2122876498,1.0479322392530384,0.6275526110678098,112721,2787.4583333333335,820255,179745,0,1,1.0,simulated,1876780864,"[5.0, 4.0, 3.0, 3.0, 5.0, 4.0, 3.0, 4.0, 3.0, 4.0, 5.0, 5.0, 4.0, 3.0, 3.0, 1.0, 4.0, 5.0, 4.0, 3.0, 3.0, 5.0, 4.0, 4.0, 0.0]","[2810, 2791, 2773, 2773, 2810, 2791, 2773, 2791, 2773, 2791, 2810, 2810, 2791, 2773, 2773, 2736, 2791, 2810, 2791, 2773, 2773, 2810, 2791, 2791, 112721]","[0, 0, 0, 0, 0, 0, 0, 0, 0, 0, 0, 0, 0, 0, 0, 0, 0, 0, 0, 0, 0, 0, 0, 0, 820255]",0.04020158299954346
MovieLens-25M,near-boundary-fixed-k-v2,fixed,TS,Ours,4,1000000,25,0.005199559680396439,0.07410785642879708,0.016442451420029897,Bernoulli; same mean in clean and online rewards,"clean log: max(0, empirical mean - 2 beta)",0.0,0.13567137619614217,260031,224744.19289897382,1.1570087602525427,0.6438963046713662,167433,3858.25,739844,260156,0,1,1.0,simulated,3568291487,"[5.0, 4.0, 3.0, 3.0, 5.0, 4.0, 3.0, 4.0, 3.0, 4.0, 5.0, 5.0, 4.0, 3.0, 3.0, 1.0, 4.0, 5.0, 4.0, 3.0, 3.0, 5.0, 4.0, 4.0, 0.0]","[3876, 3861, 3847, 3847, 3876, 3861, 3847, 3861, 3847, 3861, 3876, 3876, 3861, 3847, 3847, 3817, 3861, 3876, 3861, 3847, 3847, 3876, 3861, 3861, 167433]","[0, 0, 0, 0, 0, 0, 0, 0, 0, 0, 0, 0, 0, 0, 0, 0, 0, 0, 0, 0, 0, 0, 0, 0, 739844]",0.07391749999987951
MovieLens-25M,near-boundary-fixed-k-v2,fixed,UCB,Ours,4,2500000,25,0.0032884902840059796,0.06226508887192082,0.016442451420029897,Bernoulli; same mean in clean and online rewards,"clean log: max(0, empirical mean - 2 beta)",0.0,0.07808961276344331,332961,322560.463197187,1.0322436813852631,0.6359964079877223,211762,5049.958333333333,2166914,333086,0,1,1.0,simulated,1851131134,"[5.0, 4.0, 3.0, 3.0, 5.0, 4.0, 3.0, 4.0, 3.0, 4.0, 5.0, 5.0, 4.0, 3.0, 3.0, 1.0, 4.0, 5.0, 4.0, 3.0, 3.0, 5.0, 4.0, 4.0, 0.0]","[5079, 5055, 5031, 5031, 5079, 5055, 5031, 5055, 5031, 5055, 5079, 5079, 5055, 5031, 5031, 4982, 5055, 5079, 5055, 5031, 5031, 5079, 5055, 5055, 211762]","[0, 0, 0, 0, 0, 0, 0, 0, 0, 0, 0, 0, 0, 0, 0, 0, 0, 0, 0, 0, 0, 0, 0, 0, 2166914]",0.10453483399942343
MovieLens-25M,near-boundary-fixed-k-v2,fixed,TS,Ours,4,2500000,25,0.0032884902840059796,0.06226508887192082,0.016442451420029897,Bernoulli; same mean in clean and online rewards,"clean log: max(0, empirical mean - 2 beta)",0.0,0.10422948543692262,471492,421077.81143345765,1.119726537940623,0.6510311945907884,306956,6855.666666666667,2028383,471617,0,1,1.0,simulated,869432376,"[5.0, 4.0, 3.0, 3.0, 5.0, 4.0, 3.0, 4.0, 3.0, 4.0, 5.0, 5.0, 4.0, 3.0, 3.0, 1.0, 4.0, 5.0, 4.0, 3.0, 3.0, 5.0, 4.0, 4.0, 0.0]","[6879, 6860, 6840, 6840, 6879, 6860, 6840, 6860, 6840, 6860, 6879, 6879, 6860, 6840, 6840, 6802, 6860, 6879, 6860, 6840, 6840, 6879, 6860, 6860, 306956]","[0, 0, 0, 0, 0, 0, 0, 0, 0, 0, 0, 0, 0, 0, 0, 0, 0, 0, 0, 0, 0, 0, 0, 0, 2028383]",0.20110779100014042
MovieLens-25M,near-boundary-fixed-k-v2,fixed,UCB,Ours,4,10000000,25,0.0016442451420029898,0.04796031073838066,0.016442451420029897,Bernoulli; same mean in clean and online rewards,"clean log: max(0, empirical mean - 2 beta)",0.0,0.052076854637885944,851331,837536.5212747959,1.0164703011448477,0.6453189182585857,549380,12581.291666666666,9148544,851456,0,1,1.0,simulated,3965856339,"[5.0, 4.0, 3.0, 3.0, 5.0, 4.0, 3.0, 4.0, 3.0, 4.0, 5.0, 5.0, 4.0, 3.0, 3.0, 1.0, 4.0, 5.0, 4.0, 3.0, 3.0, 5.0, 4.0, 4.0, 0.0]","[12626, 12589, 12552, 12552, 12626, 12589, 12552, 12589, 12552, 12589, 12626, 12626, 12589, 12552, 12552, 12478, 12589, 12626, 12589, 12552, 12552, 12626, 12589, 12589, 549380]","[0, 0, 0, 0, 0, 0, 0, 0, 0, 0, 0, 0, 0, 0, 0, 0, 0, 0, 0, 0, 0, 0, 0, 0, 9148544]",0.4369305419995726
MovieLens-25M,near-boundary-fixed-k-v2,fixed,TS,Ours,4,10000000,25,0.0016442451420029898,0.04796031073838066,0.016442451420029897,Bernoulli; same mean in clean and online rewards,"clean log: max(0, empirical mean - 2 beta)",0.0,0.06906596212819635,1174718,1087006.7299986908,1.080690641171481,0.6582813917893486,773295,16725.958333333332,8825157,1174843,0,1,1.0,simulated,2961600025,"[5.0, 4.0, 3.0, 3.0, 5.0, 4.0, 3.0, 4.0, 3.0, 4.0, 5.0, 5.0, 4.0, 3.0, 3.0, 1.0, 4.0, 5.0, 4.0, 3.0, 3.0, 5.0, 4.0, 4.0, 0.0]","[16761, 16732, 16703, 16703, 16761, 16732, 16703, 16732, 16703, 16732, 16761, 16761, 16732, 16703, 16703, 16645, 16732, 16761, 16732, 16703, 16703, 16761, 16732, 16732, 773295]","[0, 0, 0, 0, 0, 0, 0, 0, 0, 0, 0, 0, 0, 0, 0, 0, 0, 0, 0, 0, 0, 0, 0, 0, 8825157]",0.8694166670002232
MovieLens-25M,near-boundary-fixed-k-v2,fixed,UCB,Ours,5,100000,5,0.016442451420029897,0.19765812362033866,0.016442451420029897,Bernoulli; same mean in clean and online rewards,"clean log: max(0, empirical mean - 2 beta)",0.0,0.10323386778462243,19055,19123.93791470531,0.9963952029643277,0.6041983731304119,11513,1885.5,80920,19080,0,1,1.0,simulated,3308489656,"[4.0, 3.0, 5.0, 5.0, 0.0]","[1881, 1865, 1898, 1898, 11513]","[0, 0, 0, 0, 80920]",0.0017988750005315524
MovieLens-25M,near-boundary-fixed-k-v2,fixed,TS,Ours,5,100000,5,0.016442451420029897,0.19765812362033866,0.016442451420029897,Bernoulli; same mean in clean and online rewards,"clean log: max(0, empirical mean - 2 beta)",0.0,0.14817777496081536,31203,24967.322128044878,1.2497535714873809,0.656699676313175,20491,2678.0,68772,31228,0,1,1.0,simulated,1343573482,"[4.0, 3.0, 5.0, 5.0, 0.0]","[2675, 2661, 2688, 2688, 20491]","[0, 0, 0, 0, 68772]",0.0018529159997342504
MovieLens-25M,near-boundary-fixed-k-v2,fixed,UCB,Ours,5,250000,5,0.010399119360792878,0.16538850331471416,0.016442451420029897,Bernoulli; same mean in clean and online rewards,"clean log: max(0, empirical mean - 2 beta)",0.0,0.0809375304854475,35726,36137.38150649174,0.9886161783355044,0.6163018529922185,22018,3427.0,214249,35751,0,1,1.0,simulated,996702105,"[4.0, 3.0, 5.0, 5.0, 0.0]","[3422, 3400, 3443, 3443, 22018]","[0, 0, 0, 0, 214249]",0.003882834000251023
MovieLens-25M,near-boundary-fixed-k-v2,fixed,TS,Ours,5,250000,5,0.010399119360792878,0.16538850331471416,0.016442451420029897,Bernoulli; same mean in clean and online rewards,"clean log: max(0, empirical mean - 2 beta)",0.0,0.11476304225777262,56049,46944.97392466051,1.19392972908985,0.6628485789220147,37152,4724.25,193926,56074,0,1,1.0,simulated,1893751475,"[4.0, 3.0, 5.0, 5.0, 0.0]","[4720, 4703, 4737, 4737, 37152]","[0, 0, 0, 0, 193926]",0.004291041000215046
MovieLens-25M,near-boundary-fixed-k-v2,fixed,UCB,Ours,5,1000000,5,0.005199559680396439,0.12672265195301305,0.016442451420029897,Bernoulli; same mean in clean and online rewards,"clean log: max(0, empirical mean - 2 beta)",0.0,0.05514305228928956,92629,94327.37318798502,0.9819949063502453,0.6300726554318842,58363,8566.5,907346,92654,0,1,1.0,simulated,370284962,"[4.0, 3.0, 5.0, 5.0, 0.0]","[8558, 8526, 8591, 8591, 58363]","[0, 0, 0, 0, 907346]",0.015737541999442328
MovieLens-25M,near-boundary-fixed-k-v2,fixed,TS,Ours,5,1000000,5,0.005199559680396439,0.12672265195301305,0.016442451420029897,Bernoulli; same mean in clean and online rewards,"clean log: max(0, empirical mean - 2 beta)",0.0,0.07676093357769362,138211,121757.92036280714,1.1351294403531773,0.6685502601095427,92401,11452.5,861764,138236,0,1,1.0,simulated,318214899,"[4.0, 3.0, 5.0, 5.0, 0.0]","[11446, 11420, 11472, 11472, 92401]","[0, 0, 0, 0, 861764]",0.018156082999666978
MovieLens-25M,near-boundary-fixed-k-v2,fixed,UCB,Ours,5,2500000,5,0.0032884902840059796,0.10647180428867146,0.016442451420029897,Bernoulli; same mean in clean and online rewards,"clean log: max(0, empirical mean - 2 beta)",0.0,0.042436781663648726,173958,177511.8638078107,0.9799795702012435,0.6369066096414077,110795,15790.75,2326017,173983,0,1,1.0,simulated,2756544247,"[4.0, 3.0, 5.0, 5.0, 0.0]","[15780, 15737, 15823, 15823, 110795]","[0, 0, 0, 0, 2326017]",0.03927366700008861
MovieLens-25M,near-boundary-fixed-k-v2,fixed,TS,Ours,5,2500000,5,0.0032884902840059796,0.10647180428867146,0.016442451420029897,Bernoulli; same mean in clean and online rewards,"clean log: max(0, empirical mean - 2 beta)",0.0,0.05839629084863647,252899,228305.90053296532,1.10771994683284,0.670694625127027,169618,20820.25,2247076,252924,0,1,1.0,simulated,1332538001,"[4.0, 3.0, 5.0, 5.0, 0.0]","[20812, 20777, 20846, 20846, 169618]","[0, 0, 0, 0, 2247076]",0.04692733299998508
MovieLens-25M,near-boundary-fixed-k-v2,fixed,UCB,Ours,5,10000000,5,0.0016442451420029898,0.08201097775777105,0.016442451420029897,Bernoulli; same mean in clean and online rewards,"clean log: max(0, empirical mean - 2 beta)",0.0,0.02827673414041454,451355,460914.1102569438,0.9792605389068803,0.644718680417853,290997,40089.5,9548620,451380,0,1,1.0,simulated,2513056287,"[4.0, 3.0, 5.0, 5.0, 0.0]","[40073, 40007, 40139, 40139, 290997]","[0, 0, 0, 0, 9548620]",0.15983295899968653
MovieLens-25M,near-boundary-fixed-k-v2,fixed,TS,Ours,5,10000000,5,0.0016442451420029898,0.08201097775777105,0.016442451420029897,Bernoulli; same mean in clean and online rewards,"clean log: max(0, empirical mean - 2 beta)",0.0,0.03829573460859419,635825,589995.1435423779,1.0776783622021973,0.6723438052923367,427493,52083.0,9364150,635850,0,1,1.0,simulated,1338635328,"[4.0, 3.0, 5.0, 5.0, 0.0]","[52070, 52018, 52122, 52122, 427493]","[0, 0, 0, 0, 9364150]",0.1956884169994737
MovieLens-25M,near-boundary-fixed-k-v2,fixed,UCB,Ours,5,100000,10,0.016442451420029897,0.15688135668249298,0.016442451420029897,Bernoulli; same mean in clean and online rewards,"clean log: max(0, empirical mean - 2 beta)",0.0,0.13662777193485193,26274,25059.44785667459,1.0484668357528042,0.602344523102687,15826,1160.888888888889,73676,26324,0,1,1.0,simulated,3437108178,"[4.0, 4.0, 3.0, 5.0, 4.0, 5.0, 5.0, 4.0, 4.0, 0.0]","[1158, 1158, 1145, 1171, 1158, 1171, 1171, 1158, 1158, 15826]","[0, 0, 0, 0, 0, 0, 0, 0, 0, 73676]",0.0020326250087236986
MovieLens-25M,near-boundary-fixed-k-v2,fixed,TS,Ours,5,100000,10,0.016442451420029897,0.15688135668249298,0.016442451420029897,Bernoulli; same mean in clean and online rewards,"clean log: max(0, empirical mean - 2 beta)",0.0,0.18941540281747093,41910,32976.642231990234,1.2708995568791908,0.6381293247434979,26744,1685.111111111111,58040,41960,0,1,1.0,simulated,2345028836,"[4.0, 4.0, 3.0, 5.0, 4.0, 5.0, 5.0, 4.0, 4.0, 0.0]","[1683, 1683, 1672, 1693, 1683, 1693, 1693, 1683, 1683, 26744]","[0, 0, 0, 0, 0, 0, 0, 0, 0, 58040]",0.0029913750040577725
MovieLens-25M,near-boundary-fixed-k-v2,fixed,UCB,Ours,5,250000,10,0.010399119360792878,0.13126894207261167,0.016442451420029897,Bernoulli; same mean in clean and online rewards,"clean log: max(0, empirical mean - 2 beta)",0.0,0.10719525390959006,48763,47353.36579619098,1.029768405690022,0.6155896889034719,30018,2082.777777777778,201187,48813,0,1,1.0,simulated,207445215,"[4.0, 4.0, 3.0, 5.0, 4.0, 5.0, 5.0, 4.0, 4.0, 0.0]","[2079, 2079, 2062, 2096, 2079, 2096, 2096, 2079, 2079, 30018]","[0, 0, 0, 0, 0, 0, 0, 0, 0, 201187]",0.004501667004660703
MovieLens-25M,near-boundary-fixed-k-v2,fixed,TS,Ours,5,250000,10,0.010399119360792878,0.13126894207261167,0.016442451420029897,Bernoulli; same mean in clean and online rewards,"clean log: max(0, empirical mean - 2 beta)",0.0,0.14777640802457342,74736,61975.520735617014,1.2058954747442663,0.6479742025262256,48427,2923.222222222222,175214,74786,0,1,1.0,simulated,1673995791,"[4.0, 4.0, 3.0, 5.0, 4.0, 5.0, 5.0, 4.0, 4.0, 0.0]","[2920, 2920, 2907, 2934, 2920, 2934, 2934, 2920, 2920, 48427]","[0, 0, 0, 0, 0, 0, 0, 0, 0, 175214]",0.00806670798920095
MovieLens-25M,near-boundary-fixed-k-v2,fixed,UCB,Ours,5,1000000,10,0.005199559680396439,0.10057983550920645,0.016442451420029897,Bernoulli; same mean in clean and online rewards,"clean log: max(0, empirical mean - 2 beta)",0.0,0.0730419331545504,124983,123603.82576037137,1.0111580222630197,0.6304777449733163,78799,5131.555555555556,874967,125033,0,1,1.0,simulated,2621975684,"[4.0, 4.0, 3.0, 5.0, 4.0, 5.0, 5.0, 4.0, 4.0, 0.0]","[5126, 5126, 5101, 5151, 5126, 5151, 5151, 5126, 5126, 78799]","[0, 0, 0, 0, 0, 0, 0, 0, 0, 874967]",0.01749195899174083
MovieLens-25M,near-boundary-fixed-k-v2,fixed,TS,Ours,5,1000000,10,0.005199559680396439,0.10057983550920645,0.016442451420029897,Bernoulli; same mean in clean and online rewards,"clean log: max(0, empirical mean - 2 beta)",0.0,0.09962908312893154,182962,160643.27736779582,1.138933436854037,0.6578743126988118,120366,6955.111111111111,816988,183012,0,1,1.0,simulated,4250494759,"[4.0, 4.0, 3.0, 5.0, 4.0, 5.0, 5.0, 4.0, 4.0, 0.0]","[6951, 6951, 6931, 6970, 6951, 6970, 6970, 6951, 6951, 120366]","[0, 0, 0, 0, 0, 0, 0, 0, 0, 816988]",0.035426709000603296
MovieLens-25M,near-boundary-fixed-k-v2,fixed,UCB,Ours,5,2500000,10,0.0032884902840059796,0.08450672706639467,0.016442451420029897,Bernoulli; same mean in clean and online rewards,"clean log: max(0, empirical mean - 2 beta)",0.0,0.05619234940010574,233398,232606.34472215077,1.0034034122276194,0.63773468495874,148846,9394.666666666666,2266552,233448,0,1,1.0,simulated,2705709592,"[4.0, 4.0, 3.0, 5.0, 4.0, 5.0, 5.0, 4.0, 4.0, 0.0]","[9387, 9387, 9354, 9421, 9387, 9421, 9421, 9387, 9387, 148846]","[0, 0, 0, 0, 0, 0, 0, 0, 0, 2266552]",0.044383166008628905
MovieLens-25M,near-boundary-fixed-k-v2,fixed,TS,Ours,5,2500000,10,0.0032884902840059796,0.08450672706639467,0.016442451420029897,Bernoulli; same mean in clean and online rewards,"clean log: max(0, empirical mean - 2 beta)",0.0,0.07607195200747938,333765,301113.0238807741,1.1084376082389398,0.6620796069090528,220979,12531.777777777777,2166185,333815,0,1,1.0,simulated,2154196833,"[4.0, 4.0, 3.0, 5.0, 4.0, 5.0, 5.0, 4.0, 4.0, 0.0]","[12526, 12526, 12500, 12552, 12526, 12552, 12552, 12526, 12526, 220979]","[0, 0, 0, 0, 0, 0, 0, 0, 0, 2166185]",0.09518570799264126
MovieLens-25M,near-boundary-fixed-k-v2,fixed,UCB,Ours,5,10000000,10,0.0016442451420029898,0.06509215618281318,0.016442451420029897,Bernoulli; same mean in clean and online rewards,"clean log: max(0, empirical mean - 2 beta)",0.0,0.03740944668174592,601701,603968.343962668,0.9962459225134354,0.6458938908195266,388635,23674.0,9398249,601751,0,1,1.0,simulated,3382233238,"[4.0, 4.0, 3.0, 5.0, 4.0, 5.0, 5.0, 4.0, 4.0, 0.0]","[23663, 23663, 23612, 23713, 23663, 23713, 23713, 23663, 23663, 388635]","[0, 0, 0, 0, 0, 0, 0, 0, 0, 9398249]",0.19727537500148173
MovieLens-25M,near-boundary-fixed-k-v2,fixed,TS,Ours,5,10000000,10,0.0016442451420029898,0.06509215618281318,0.016442451420029897,Bernoulli; same mean in clean and online rewards,"clean log: max(0, empirical mean - 2 beta)",0.0,0.050080125600628786,836712,777780.8263738758,1.0757683548215886,0.6660690894835977,557308,31044.88888888889,9163238,836762,0,1,1.0,simulated,687012320,"[4.0, 4.0, 3.0, 5.0, 4.0, 5.0, 5.0, 4.0, 4.0, 0.0]","[31036, 31036, 30996, 31076, 31036, 31076, 31076, 31036, 31036, 557308]","[0, 0, 0, 0, 0, 0, 0, 0, 0, 9163238]",0.40049920899036806
MovieLens-25M,near-boundary-fixed-k-v2,fixed,UCB,Ours,5,100000,15,0.016442451420029897,0.13704848847915332,0.016442451420029897,Bernoulli; same mean in clean and online rewards,"clean log: max(0, empirical mean - 2 beta)",0.0,0.15789220226027778,31237,29035.7694853145,1.0758109929133726,0.6002817171943529,18751,891.8571428571429,68688,31312,0,1,1.0,simulated,3119115717,"[5.0, 5.0, 4.0, 4.0, 3.0, 4.0, 5.0, 3.0, 4.0, 4.0, 2.0, 3.0, 2.0, 2.0, 0.0]","[908, 908, 897, 897, 885, 897, 908, 885, 897, 897, 874, 885, 874, 874, 18751]","[0, 0, 0, 0, 0, 0, 0, 0, 0, 0, 0, 0, 0, 0, 68688]",0.002450832999784325
MovieLens-25M,near-boundary-fixed-k-v2,fixed,TS,Ours,5,100000,15,0.016442451420029897,0.13704848847915332,0.016442451420029897,Bernoulli; same mean in clean and online rewards,"clean log: max(0, empirical mean - 2 beta)",0.0,0.21558401200351396,49481,38383.40140857019,1.2891249390147053,0.627614639962814,31055,1316.142857142857,50444,49556,0,1,1.0,simulated,1887806301,"[5.0, 5.0, 4.0, 4.0, 3.0, 4.0, 5.0, 3.0, 4.0, 4.0, 2.0, 3.0, 2.0, 2.0, 0.0]","[1329, 1329, 1320, 1320, 1311, 1320, 1329, 1311, 1320, 1320, 1302, 1311, 1302, 1302, 31055]","[0, 0, 0, 0, 0, 0, 0, 0, 0, 0, 0, 0, 0, 0, 50444]",0.003735249999408552
MovieLens-25M,near-boundary-fixed-k-v2,fixed,UCB,Ours,5,250000,15,0.010399119360792878,0.11467398342123439,0.016442451420029897,Bernoulli; same mean in clean and online rewards,"clean log: max(0, empirical mean - 2 beta)",0.0,0.12412649478585888,57682,54867.18707753817,1.051302300562337,0.6142470788114143,35431,1589.357142857143,192243,57757,0,1,1.0,simulated,1163577994,"[5.0, 5.0, 4.0, 4.0, 3.0, 4.0, 5.0, 3.0, 4.0, 4.0, 2.0, 3.0, 2.0, 2.0, 0.0]","[1610, 1610, 1596, 1596, 1581, 1596, 1610, 1581, 1596, 1596, 1566, 1581, 1566, 1566, 35431]","[0, 0, 0, 0, 0, 0, 0, 0, 0, 0, 0, 0, 0, 0, 192243]",0.004997250000087661
MovieLens-25M,near-boundary-fixed-k-v2,fixed,TS,Ours,5,250000,15,0.010399119360792878,0.11467398342123439,0.016442451420029897,Bernoulli; same mean in clean and online rewards,"clean log: max(0, empirical mean - 2 beta)",0.0,0.16903551231620734,87804,72117.80156339164,1.2175079952044874,0.6396405630722974,56163,2260.0714285714284,162121,87879,0,1,1.0,simulated,379420435,"[5.0, 5.0, 4.0, 4.0, 3.0, 4.0, 5.0, 3.0, 4.0, 4.0, 2.0, 3.0, 2.0, 2.0, 0.0]","[2277, 2277, 2265, 2265, 2253, 2265, 2277, 2253, 2265, 2265, 2242, 2253, 2242, 2242, 56163]","[0, 0, 0, 0, 0, 0, 0, 0, 0, 0, 0, 0, 0, 0, 162121]",0.010413291999611829
MovieLens-25M,near-boundary-fixed-k-v2,fixed,UCB,Ours,5,1000000,15,0.005199559680396439,0.08786457944723307,0.016442451420029897,Bernoulli; same mean in clean and online rewards,"clean log: max(0, empirical mean - 2 beta)",0.0,0.08473960575272316,146977,143216.7305843177,1.0262557970730135,0.62994209978432,92587,3885.0,852948,147052,0,1,1.0,simulated,579390882,"[5.0, 5.0, 4.0, 4.0, 3.0, 4.0, 5.0, 3.0, 4.0, 4.0, 2.0, 3.0, 2.0, 2.0, 0.0]","[3916, 3916, 3894, 3894, 3873, 3894, 3916, 3873, 3894, 3894, 3851, 3873, 3851, 3851, 92587]","[0, 0, 0, 0, 0, 0, 0, 0, 0, 0, 0, 0, 0, 0, 852948]",0.01967849999982718
MovieLens-25M,near-boundary-fixed-k-v2,fixed,TS,Ours,5,1000000,15,0.005199559680396439,0.08786457944723307,0.016442451420029897,Bernoulli; same mean in clean and online rewards,"clean log: max(0, empirical mean - 2 beta)",0.0,0.11458968678734416,213868,186867.8377640692,1.1444880112008358,0.6519909476873585,139440,5316.285714285715,786057,213943,0,1,1.0,simulated,76695415,"[5.0, 5.0, 4.0, 4.0, 3.0, 4.0, 5.0, 3.0, 4.0, 4.0, 2.0, 3.0, 2.0, 2.0, 0.0]","[5341, 5341, 5324, 5324, 5306, 5324, 5341, 5306, 5324, 5324, 5289, 5306, 5289, 5289, 139440]","[0, 0, 0, 0, 0, 0, 0, 0, 0, 0, 0, 0, 0, 0, 786057]",0.04715091599973675
MovieLens-25M,near-boundary-fixed-k-v2,fixed,UCB,Ours,5,2500000,15,0.0032884902840059796,0.07382342590400462,0.016442451420029897,Bernoulli; same mean in clean and online rewards,"clean log: max(0, empirical mean - 2 beta)",0.0,0.06523822565990145,273675,269515.28400794626,1.0154340634423207,0.6375445327486983,174480,7085.357142857143,2226250,273750,0,1,1.0,simulated,2925744168,"[5.0, 5.0, 4.0, 4.0, 3.0, 4.0, 5.0, 3.0, 4.0, 4.0, 2.0, 3.0, 2.0, 2.0, 0.0]","[7126, 7126, 7098, 7098, 7069, 7098, 7126, 7069, 7098, 7098, 7040, 7069, 7040, 7040, 174480]","[0, 0, 0, 0, 0, 0, 0, 0, 0, 0, 0, 0, 0, 0, 2226250]",0.05059245800021017
MovieLens-25M,near-boundary-fixed-k-v2,fixed,TS,Ours,5,2500000,15,0.0032884902840059796,0.07382342590400462,0.016442451420029897,Bernoulli; same mean in clean and online rewards,"clean log: max(0, empirical mean - 2 beta)",0.0,0.08772010000512698,389283,350198.96764450165,1.111605218651512,0.6573777945607694,255906,9526.92857142857,2110642,389358,0,1,1.0,simulated,2283667025,"[5.0, 5.0, 4.0, 4.0, 3.0, 4.0, 5.0, 3.0, 4.0, 4.0, 2.0, 3.0, 2.0, 2.0, 0.0]","[9559, 9559, 9537, 9537, 9514, 9537, 9559, 9514, 9537, 9537, 9491, 9514, 9491, 9491, 255906]","[0, 0, 0, 0, 0, 0, 0, 0, 0, 0, 0, 0, 0, 0, 2110642]",0.1249394160004158
MovieLens-25M,near-boundary-fixed-k-v2,fixed,UCB,Ours,5,10000000,15,0.0016442451420029898,0.056863236048869684,0.016442451420029897,Bernoulli; same mean in clean and online rewards,"clean log: max(0, empirical mean - 2 beta)",0.0,0.04345500210420587,703201,699803.3520940593,1.0048551466576627,0.6460357707113613,454293,17779.14285714286,9296724,703276,0,1,1.0,simulated,44010669,"[5.0, 5.0, 4.0, 4.0, 3.0, 4.0, 5.0, 3.0, 4.0, 4.0, 2.0, 3.0, 2.0, 2.0, 0.0]","[17842, 17842, 17798, 17798, 17754, 17798, 17842, 17754, 17798, 17798, 17710, 17754, 17710, 17710, 454293]","[0, 0, 0, 0, 0, 0, 0, 0, 0, 0, 0, 0, 0, 0, 9296724]",0.20867579199966713
MovieLens-25M,near-boundary-fixed-k-v2,fixed,TS,Ours,5,10000000,15,0.0016442451420029898,0.056863236048869684,0.016442451420029897,Bernoulli; same mean in clean and online rewards,"clean log: max(0, empirical mean - 2 beta)",0.0,0.05790573165472293,973714,904329.9668195297,1.0767242441655334,0.6627079409354287,645288,23459.0,9026211,973789,0,1,1.0,simulated,1569738454,"[5.0, 5.0, 4.0, 4.0, 3.0, 4.0, 5.0, 3.0, 4.0, 4.0, 2.0, 3.0, 2.0, 2.0, 0.0]","[23508, 23508, 23474, 23474, 23439, 23474, 23508, 23439, 23474, 23474, 23405, 23439, 23405, 23405, 645288]","[0, 0, 0, 0, 0, 0, 0, 0, 0, 0, 0, 0, 0, 0, 9026211]",0.5305872910003018
MovieLens-25M,near-boundary-fixed-k-v2,fixed,UCB,Ours,5,100000,20,0.016442451420029897,0.12451681531599387,0.016442451420029897,Bernoulli; same mean in clean and online rewards,"clean log: max(0, empirical mean - 2 beta)",0.0,0.17418512415336979,35305,32147.104475194756,1.098232658161855,0.5974791106075626,21094,747.9473684210526,64595,35405,0,1,1.0,simulated,3421097772,"[4.0, 5.0, 5.0, 5.0, 3.0, 4.0, 4.0, 4.0, 5.0, 4.0, 4.0, 2.0, 2.0, 1.0, 4.0, 3.0, 3.0, 4.0, 2.0, 0.0]","[752, 763, 763, 763, 742, 752, 752, 752, 763, 752, 752, 732, 732, 721, 752, 742, 742, 752, 732, 21094]","[0, 0, 0, 0, 0, 0, 0, 0, 0, 0, 0, 0, 0, 0, 0, 0, 0, 0, 0, 64595]",0.003134541999315843
MovieLens-25M,near-boundary-fixed-k-v2,fixed,TS,Ours,5,100000,20,0.016442451420029897,0.12451681531599387,0.016442451420029897,Bernoulli; same mean in clean and online rewards,"clean log: max(0, empirical mean - 2 beta)",0.0,0.235419749599179,55721,42632.14931415255,1.3070183159051367,0.6195330306347696,34521,1115.7894736842106,44179,55821,0,1,1.0,simulated,4159471415,"[4.0, 5.0, 5.0, 5.0, 3.0, 4.0, 4.0, 4.0, 5.0, 4.0, 4.0, 2.0, 2.0, 1.0, 4.0, 3.0, 3.0, 4.0, 2.0, 0.0]","[1119, 1128, 1128, 1128, 1111, 1119, 1119, 1119, 1128, 1119, 1119, 1103, 1103, 1094, 1119, 1111, 1111, 1119, 1103, 34521]","[0, 0, 0, 0, 0, 0, 0, 0, 0, 0, 0, 0, 0, 0, 0, 0, 0, 0, 0, 44179]",0.003998625000349421
MovieLens-25M,near-boundary-fixed-k-v2,fixed,UCB,Ours,5,250000,20,0.010399119360792878,0.1041882283684082,0.016442451420029897,Bernoulli; same mean in clean and online rewards,"clean log: max(0, empirical mean - 2 beta)",0.0,0.13715977928617124,64911,60746.49394546845,1.0685554965241284,0.6122537012216728,39742,1324.6842105263158,184989,65011,0,1,1.0,simulated,3888628087,"[4.0, 5.0, 5.0, 5.0, 3.0, 4.0, 4.0, 4.0, 5.0, 4.0, 4.0, 2.0, 2.0, 1.0, 4.0, 3.0, 3.0, 4.0, 2.0, 0.0]","[1330, 1344, 1344, 1344, 1317, 1330, 1330, 1330, 1344, 1330, 1330, 1304, 1304, 1290, 1330, 1317, 1317, 1330, 1304, 39742]","[0, 0, 0, 0, 0, 0, 0, 0, 0, 0, 0, 0, 0, 0, 0, 0, 0, 0, 0, 184989]",0.008354083000085666
MovieLens-25M,near-boundary-fixed-k-v2,fixed,TS,Ours,5,250000,20,0.010399119360792878,0.1041882283684082,0.016442451420029897,Bernoulli; same mean in clean and online rewards,"clean log: max(0, empirical mean - 2 beta)",0.0,0.18528494387572353,98460,80086.01082922542,1.2294281982649267,0.6332419256550884,62349,1900.578947368421,151440,98560,0,1,1.0,simulated,1785901258,"[4.0, 5.0, 5.0, 5.0, 3.0, 4.0, 4.0, 4.0, 5.0, 4.0, 4.0, 2.0, 2.0, 1.0, 4.0, 3.0, 3.0, 4.0, 2.0, 0.0]","[1905, 1916, 1916, 1916, 1894, 1905, 1905, 1905, 1916, 1905, 1905, 1884, 1884, 1873, 1905, 1894, 1894, 1905, 1884, 62349]","[0, 0, 0, 0, 0, 0, 0, 0, 0, 0, 0, 0, 0, 0, 0, 0, 0, 0, 0, 151440]",0.012789291999979469
MovieLens-25M,near-boundary-fixed-k-v2,fixed,UCB,Ours,5,1000000,20,0.005199559680396439,0.07983026834705138,0.016442451420029897,Bernoulli; same mean in clean and online rewards,"clean log: max(0, empirical mean - 2 beta)",0.0,0.09379177886748213,164597,158563.15442297678,1.0380532640068927,0.6288146199505459,103501,3215.5789473684213,835303,164697,0,1,1.0,simulated,2125177057,"[4.0, 5.0, 5.0, 5.0, 3.0, 4.0, 4.0, 4.0, 5.0, 4.0, 4.0, 2.0, 2.0, 1.0, 4.0, 3.0, 3.0, 4.0, 2.0, 0.0]","[3224, 3244, 3244, 3244, 3204, 3224, 3224, 3224, 3244, 3224, 3224, 3184, 3184, 3164, 3224, 3204, 3204, 3224, 3184, 103501]","[0, 0, 0, 0, 0, 0, 0, 0, 0, 0, 0, 0, 0, 0, 0, 0, 0, 0, 0, 835303]",0.03608204200008913
MovieLens-25M,near-boundary-fixed-k-v2,fixed,TS,Ours,5,1000000,20,0.005199559680396439,0.07983026834705138,0.016442451420029897,Bernoulli; same mean in clean and online rewards,"clean log: max(0, empirical mean - 2 beta)",0.0,0.12612943123446269,238740,207464.75388734078,1.1507496841108855,0.6475496355868309,154596,4428.631578947368,761160,238840,0,1,1.0,simulated,3603044813,"[4.0, 5.0, 5.0, 5.0, 3.0, 4.0, 4.0, 4.0, 5.0, 4.0, 4.0, 2.0, 2.0, 1.0, 4.0, 3.0, 3.0, 4.0, 2.0, 0.0]","[4435, 4451, 4451, 4451, 4420, 4435, 4435, 4435, 4451, 4435, 4435, 4404, 4404, 4388, 4435, 4420, 4420, 4435, 4404, 154596]","[0, 0, 0, 0, 0, 0, 0, 0, 0, 0, 0, 0, 0, 0, 0, 0, 0, 0, 0, 761160]",0.06488054100009322
MovieLens-25M,near-boundary-fixed-k-v2,fixed,UCB,Ours,5,2500000,20,0.0032884902840059796,0.06707303372179221,0.016442451420029897,Bernoulli; same mean in clean and online rewards,"clean log: max(0, empirical mean - 2 beta)",0.0,0.07225625132986993,305741,298395.2602684533,1.024617481272786,0.6368494902548235,194711,5843.684210526316,2194159,305841,0,1,1.0,simulated,2687868276,"[4.0, 5.0, 5.0, 5.0, 3.0, 4.0, 4.0, 4.0, 5.0, 4.0, 4.0, 2.0, 2.0, 1.0, 4.0, 3.0, 3.0, 4.0, 2.0, 0.0]","[5855, 5881, 5881, 5881, 5828, 5855, 5855, 5855, 5881, 5855, 5855, 5802, 5802, 5776, 5855, 5828, 5828, 5855, 5802, 194711]","[0, 0, 0, 0, 0, 0, 0, 0, 0, 0, 0, 0, 0, 0, 0, 0, 0, 0, 0, 2194159]",0.0947341660003076
MovieLens-25M,near-boundary-fixed-k-v2,fixed,TS,Ours,5,2500000,20,0.0032884902840059796,0.06707303372179221,0.016442451420029897,Bernoulli; same mean in clean and online rewards,"clean log: max(0, empirical mean - 2 beta)",0.0,0.09674302606402013,433683,388744.55346659984,1.115598909702181,0.6538785241754922,283576,7900.368421052632,2066217,433783,0,1,1.0,simulated,3763189393,"[4.0, 5.0, 5.0, 5.0, 3.0, 4.0, 4.0, 4.0, 5.0, 4.0, 4.0, 2.0, 2.0, 1.0, 4.0, 3.0, 3.0, 4.0, 2.0, 0.0]","[7909, 7930, 7930, 7930, 7888, 7909, 7909, 7909, 7930, 7909, 7909, 7868, 7868, 7847, 7909, 7888, 7888, 7909, 7868, 283576]","[0, 0, 0, 0, 0, 0, 0, 0, 0, 0, 0, 0, 0, 0, 0, 0, 0, 0, 0, 2066217]",0.17112037500010047
MovieLens-25M,near-boundary-fixed-k-v2,fixed,UCB,Ours,5,10000000,20,0.0016442451420029898,0.051663678599737986,0.016442451420029897,Bernoulli; same mean in clean and online rewards,"clean log: max(0, empirical mean - 2 beta)",0.0,0.04815859469703061,783504,774790.9516652355,1.011245676418959,0.6457567542731115,505953,14607.947368421053,9216396,783604,0,1,1.0,simulated,1683281707,"[4.0, 5.0, 5.0, 5.0, 3.0, 4.0, 4.0, 4.0, 5.0, 4.0, 4.0, 2.0, 2.0, 1.0, 4.0, 3.0, 3.0, 4.0, 2.0, 0.0]","[14625, 14664, 14664, 14664, 14585, 14625, 14625, 14625, 14664, 14625, 14625, 14545, 14545, 14505, 14625, 14585, 14585, 14625, 14545, 505953]","[0, 0, 0, 0, 0, 0, 0, 0, 0, 0, 0, 0, 0, 0, 0, 0, 0, 0, 0, 9216396]",0.3954002919999766
MovieLens-25M,near-boundary-fixed-k-v2,fixed,TS,Ours,5,10000000,20,0.0016442451420029898,0.051663678599737986,0.016442451420029897,Bernoulli; same mean in clean and online rewards,"clean log: max(0, empirical mean - 2 beta)",0.0,0.06399507628771894,1082551,1003681.3015450304,1.0785804202325584,0.6602524961872466,714757,19357.57894736842,8917349,1082651,0,1,1.0,simulated,3349360289,"[4.0, 5.0, 5.0, 5.0, 3.0, 4.0, 4.0, 4.0, 5.0, 4.0, 4.0, 2.0, 2.0, 1.0, 4.0, 3.0, 3.0, 4.0, 2.0, 0.0]","[19371, 19402, 19402, 19402, 19339, 19371, 19371, 19371, 19402, 19371, 19371, 19308, 19308, 19277, 19371, 19339, 19339, 19371, 19308, 714757]","[0, 0, 0, 0, 0, 0, 0, 0, 0, 0, 0, 0, 0, 0, 0, 0, 0, 0, 0, 8917349]",0.7362094579993936
MovieLens-25M,near-boundary-fixed-k-v2,fixed,UCB,Ours,5,100000,25,0.016442451420029897,0.11559117191354834,0.016442451420029897,Bernoulli; same mean in clean and online rewards,"clean log: max(0, empirical mean - 2 beta)",0.0,0.18748253713957785,38792,34750.50140085435,1.116300439885057,0.594864920602186,23076,654.8333333333334,61083,38917,0,1,1.0,simulated,2263197122,"[4.0, 5.0, 4.0, 4.0, 5.0, 5.0, 4.0, 4.0, 4.0, 3.0, 4.0, 2.0, 3.0, 4.0, 4.0, 3.0, 2.0, 2.0, 3.0, 4.0, 3.0, 5.0, 3.0, 1.0, 0.0]","[659, 669, 659, 659, 669, 669, 659, 659, 659, 650, 659, 640, 650, 659, 659, 650, 640, 640, 650, 659, 650, 669, 650, 630, 23076]","[0, 0, 0, 0, 0, 0, 0, 0, 0, 0, 0, 0, 0, 0, 0, 0, 0, 0, 0, 0, 0, 0, 0, 0, 61083]",0.003922750000128872
MovieLens-25M,near-boundary-fixed-k-v2,fixed,TS,Ours,5,100000,25,0.016442451420029897,0.11559117191354834,0.016442451420029897,Bernoulli; same mean in clean and online rewards,"clean log: max(0, empirical mean - 2 beta)",0.0,0.25152187904792644,61118,46197.86118183885,1.3229616791009906,0.6130763441212081,37470,985.3333333333334,38757,61243,0,1,1.0,simulated,3737103798,"[4.0, 5.0, 4.0, 4.0, 5.0, 5.0, 4.0, 4.0, 4.0, 3.0, 4.0, 2.0, 3.0, 4.0, 4.0, 3.0, 2.0, 2.0, 3.0, 4.0, 3.0, 5.0, 3.0, 1.0, 0.0]","[989, 997, 989, 989, 997, 997, 989, 989, 989, 981, 989, 973, 981, 989, 989, 981, 973, 973, 981, 989, 981, 997, 981, 965, 37470]","[0, 0, 0, 0, 0, 0, 0, 0, 0, 0, 0, 0, 0, 0, 0, 0, 0, 0, 0, 0, 0, 0, 0, 0, 38757]",0.005342292000023008
MovieLens-25M,near-boundary-fixed-k-v2,fixed,UCB,Ours,5,250000,25,0.010399119360792878,0.09671978347774034,0.016442451420029897,Bernoulli; same mean in clean and online rewards,"clean log: max(0, empirical mean - 2 beta)",0.0,0.14786080505866767,71078,65665.98010647747,1.0824174082949336,0.6103294971721208,43381,1154.0416666666667,178797,71203,0,1,1.0,simulated,3534560356,"[4.0, 5.0, 4.0, 4.0, 5.0, 5.0, 4.0, 4.0, 4.0, 3.0, 4.0, 2.0, 3.0, 4.0, 4.0, 3.0, 2.0, 2.0, 3.0, 4.0, 3.0, 5.0, 3.0, 1.0, 0.0]","[1160, 1172, 1160, 1160, 1172, 1172, 1160, 1160, 1160, 1147, 1160, 1135, 1147, 1160, 1160, 1147, 1135, 1135, 1147, 1160, 1147, 1172, 1147, 1122, 43381]","[0, 0, 0, 0, 0, 0, 0, 0, 0, 0, 0, 0, 0, 0, 0, 0, 0, 0, 0, 0, 0, 0, 0, 0, 178797]",0.009463708000112092
MovieLens-25M,near-boundary-fixed-k-v2,fixed,TS,Ours,5,250000,25,0.010399119360792878,0.09671978347774034,0.016442451420029897,Bernoulli; same mean in clean and online rewards,"clean log: max(0, empirical mean - 2 beta)",0.0,0.19857943547919094,107614,86772.19353143856,1.240189922835248,0.628133885925623,67596,1667.4166666666667,142261,107739,0,1,1.0,simulated,1142850720,"[4.0, 5.0, 4.0, 4.0, 5.0, 5.0, 4.0, 4.0, 4.0, 3.0, 4.0, 2.0, 3.0, 4.0, 4.0, 3.0, 2.0, 2.0, 3.0, 4.0, 3.0, 5.0, 3.0, 1.0, 0.0]","[1672, 1682, 1672, 1672, 1682, 1682, 1672, 1672, 1672, 1662, 1672, 1652, 1662, 1672, 1672, 1662, 1652, 1652, 1662, 1672, 1662, 1682, 1662, 1642, 67596]","[0, 0, 0, 0, 0, 0, 0, 0, 0, 0, 0, 0, 0, 0, 0, 0, 0, 0, 0, 0, 0, 0, 0, 0, 142261]",0.015225416999783192
MovieLens-25M,near-boundary-fixed-k-v2,fixed,UCB,Ours,5,1000000,25,0.005199559680396439,0.07410785642879708,0.016442451420029897,Bernoulli; same mean in clean and online rewards,"clean log: max(0, empirical mean - 2 beta)",0.0,0.10127273985290361,179509,171404.2122876498,1.0472846472334576,0.6277456840604092,112686,2784.2916666666665,820366,179634,0,1,1.0,simulated,2645409890,"[4.0, 5.0, 4.0, 4.0, 5.0, 5.0, 4.0, 4.0, 4.0, 3.0, 4.0, 2.0, 3.0, 4.0, 4.0, 3.0, 2.0, 2.0, 3.0, 4.0, 3.0, 5.0, 3.0, 1.0, 0.0]","[2793, 2811, 2793, 2793, 2811, 2811, 2793, 2793, 2793, 2774, 2793, 2756, 2774, 2793, 2793, 2774, 2756, 2756, 2774, 2793, 2774, 2811, 2774, 2737, 112686]","[0, 0, 0, 0, 0, 0, 0, 0, 0, 0, 0, 0, 0, 0, 0, 0, 0, 0, 0, 0, 0, 0, 0, 0, 820366]",0.04042116700020415
MovieLens-25M,near-boundary-fixed-k-v2,fixed,TS,Ours,5,1000000,25,0.005199559680396439,0.07410785642879708,0.016442451420029897,Bernoulli; same mean in clean and online rewards,"clean log: max(0, empirical mean - 2 beta)",0.0,0.13565166978426307,259939,224744.19289897382,1.1565994059603881,0.6440203278461485,167406,3855.5416666666665,739936,260064,0,1,1.0,simulated,3765040492,"[4.0, 5.0, 4.0, 4.0, 5.0, 5.0, 4.0, 4.0, 4.0, 3.0, 4.0, 2.0, 3.0, 4.0, 4.0, 3.0, 2.0, 2.0, 3.0, 4.0, 3.0, 5.0, 3.0, 1.0, 0.0]","[3862, 3877, 3862, 3862, 3877, 3877, 3862, 3862, 3862, 3848, 3862, 3833, 3848, 3862, 3862, 3848, 3833, 3833, 3848, 3862, 3848, 3877, 3848, 3818, 167406]","[0, 0, 0, 0, 0, 0, 0, 0, 0, 0, 0, 0, 0, 0, 0, 0, 0, 0, 0, 0, 0, 0, 0, 0, 739936]",0.07426962499994261
MovieLens-25M,near-boundary-fixed-k-v2,fixed,UCB,Ours,5,2500000,25,0.0032884902840059796,0.06226508887192082,0.016442451420029897,Bernoulli; same mean in clean and online rewards,"clean log: max(0, empirical mean - 2 beta)",0.0,0.07807386074840664,332815,322560.463197187,1.031791053066985,0.6361341886633716,211715,5045.833333333333,2167060,332940,0,1,1.0,simulated,2255028021,"[4.0, 5.0, 4.0, 4.0, 5.0, 5.0, 4.0, 4.0, 4.0, 3.0, 4.0, 2.0, 3.0, 4.0, 4.0, 3.0, 2.0, 2.0, 3.0, 4.0, 3.0, 5.0, 3.0, 1.0, 0.0]","[5057, 5081, 5057, 5057, 5081, 5081, 5057, 5057, 5057, 5033, 5057, 5008, 5033, 5057, 5057, 5033, 5008, 5008, 5033, 5057, 5033, 5081, 5033, 4984, 211715]","[0, 0, 0, 0, 0, 0, 0, 0, 0, 0, 0, 0, 0, 0, 0, 0, 0, 0, 0, 0, 0, 0, 0, 0, 2167060]",0.10422304199983046
MovieLens-25M,near-boundary-fixed-k-v2,fixed,TS,Ours,5,2500000,25,0.0032884902840059796,0.06226508887192082,0.016442451420029897,Bernoulli; same mean in clean and online rewards,"clean log: max(0, empirical mean - 2 beta)",0.0,0.10421813817793474,471375,421077.81143345765,1.119448679557153,0.6511164147440998,306920,6852.291666666667,2028500,471500,0,1,1.0,simulated,84075715,"[4.0, 5.0, 4.0, 4.0, 5.0, 5.0, 4.0, 4.0, 4.0, 3.0, 4.0, 2.0, 3.0, 4.0, 4.0, 3.0, 2.0, 2.0, 3.0, 4.0, 3.0, 5.0, 3.0, 1.0, 0.0]","[6861, 6880, 6861, 6861, 6880, 6880, 6861, 6861, 6861, 6842, 6861, 6823, 6842, 6861, 6861, 6842, 6823, 6823, 6842, 6861, 6842, 6880, 6842, 6804, 306920]","[0, 0, 0, 0, 0, 0, 0, 0, 0, 0, 0, 0, 0, 0, 0, 0, 0, 0, 0, 0, 0, 0, 0, 0, 2028500]",0.20077595800012205
MovieLens-25M,near-boundary-fixed-k-v2,fixed,UCB,Ours,5,10000000,25,0.0016442451420029898,0.04796031073838066,0.016442451420029897,Bernoulli; same mean in clean and online rewards,"clean log: max(0, empirical mean - 2 beta)",0.0,0.05207042852660182,851109,837536.5212747959,1.016205238076718,0.6454026452546031,549308,12575.041666666666,9148766,851234,0,1,1.0,simulated,2460717463,"[4.0, 5.0, 4.0, 4.0, 5.0, 5.0, 4.0, 4.0, 4.0, 3.0, 4.0, 2.0, 3.0, 4.0, 4.0, 3.0, 2.0, 2.0, 3.0, 4.0, 3.0, 5.0, 3.0, 1.0, 0.0]","[12592, 12629, 12592, 12592, 12629, 12629, 12592, 12592, 12592, 12555, 12592, 12518, 12555, 12592, 12592, 12555, 12518, 12518, 12555, 12592, 12555, 12629, 12555, 12481, 549308]","[0, 0, 0, 0, 0, 0, 0, 0, 0, 0, 0, 0, 0, 0, 0, 0, 0, 0, 0, 0, 0, 0, 0, 0, 9148766]",0.43880579200049397
MovieLens-25M,near-boundary-fixed-k-v2,fixed,TS,Ours,5,10000000,25,0.0016442451420029898,0.04796031073838066,0.016442451420029897,Bernoulli; same mean in clean and online rewards,"clean log: max(0, empirical mean - 2 beta)",0.0,0.06906119551634954,1174541,1087006.7299986908,1.0805278086929735,0.6583337661265124,773240,16720.875,8825334,1174666,0,1,1.0,simulated,3136356209,"[4.0, 5.0, 4.0, 4.0, 5.0, 5.0, 4.0, 4.0, 4.0, 3.0, 4.0, 2.0, 3.0, 4.0, 4.0, 3.0, 2.0, 2.0, 3.0, 4.0, 3.0, 5.0, 3.0, 1.0, 0.0]","[16734, 16763, 16734, 16734, 16763, 16763, 16734, 16734, 16734, 16705, 16734, 16677, 16705, 16734, 16734, 16705, 16677, 16677, 16705, 16734, 16705, 16763, 16705, 16648, 773240]","[0, 0, 0, 0, 0, 0, 0, 0, 0, 0, 0, 0, 0, 0, 0, 0, 0, 0, 0, 0, 0, 0, 0, 0, 8825334]",0.8706070419993921
MovieLens-25M,near-boundary-fixed-k-v2,fixed,UCB,Ours,6,100000,5,0.016442451420029897,0.19765812362033866,0.016442451420029897,Bernoulli; same mean in clean and online rewards,"clean log: max(0, empirical mean - 2 beta)",0.0,0.10323388708106176,19054,19123.93791470531,0.9963429124787352,0.604230082922221,11513,1885.25,80921,19079,0,1,1.0,simulated,1094859844,"[5.0, 4.0, 4.0, 4.0, 0.0]","[1898, 1881, 1881, 1881, 11513]","[0, 0, 0, 0, 80921]",0.001811874999475549
MovieLens-25M,near-boundary-fixed-k-v2,fixed,TS,Ours,6,100000,5,0.016442451420029897,0.19765812362033866,0.016442451420029897,Bernoulli; same mean in clean and online rewards,"clean log: max(0, empirical mean - 2 beta)",0.0,0.1481777784969452,31204,24967.322128044878,1.2497936238404075,0.6566786309447507,20491,2678.25,68771,31229,0,1,1.0,simulated,2897044300,"[5.0, 4.0, 4.0, 4.0, 0.0]","[2688, 2675, 2675, 2675, 20491]","[0, 0, 0, 0, 68771]",0.0016650830002618022
MovieLens-25M,near-boundary-fixed-k-v2,fixed,UCB,Ours,6,250000,5,0.010399119360792878,0.16538850331471416,0.016442451420029897,Bernoulli; same mean in clean and online rewards,"clean log: max(0, empirical mean - 2 beta)",0.0,0.08093753671756615,35727,36137.38150649174,0.9886438505120239,0.6162846026814454,22018,3427.25,214248,35752,0,1,1.0,simulated,4055264581,"[5.0, 4.0, 4.0, 4.0, 0.0]","[3443, 3422, 3422, 3422, 22018]","[0, 0, 0, 0, 214248]",0.003996207999989565
MovieLens-25M,near-boundary-fixed-k-v2,fixed,TS,Ours,6,250000,5,0.010399119360792878,0.16538850331471416,0.016442451420029897,Bernoulli; same mean in clean and online rewards,"clean log: max(0, empirical mean - 2 beta)",0.0,0.11476304465389292,56049,46944.97392466051,1.19392972908985,0.6628485789220147,37152,4724.25,193926,56074,0,1,1.0,simulated,2130559304,"[5.0, 4.0, 4.0, 4.0, 0.0]","[4737, 4720, 4720, 4720, 37152]","[0, 0, 0, 0, 193926]",0.004377375000331085
MovieLens-25M,near-boundary-fixed-k-v2,fixed,UCB,Ours,6,1000000,5,0.005199559680396439,0.12672265195301305,0.016442451420029897,Bernoulli; same mean in clean and online rewards,"clean log: max(0, empirical mean - 2 beta)",0.0,0.05514305345828811,92628,94327.37318798502,0.981984304973718,0.6300794576154078,58363,8566.25,907347,92653,0,1,1.0,simulated,3233226600,"[5.0, 4.0, 4.0, 4.0, 0.0]","[8591, 8558, 8558, 8558, 58363]","[0, 0, 0, 0, 907347]",0.01568349999979546
MovieLens-25M,near-boundary-fixed-k-v2,fixed,TS,Ours,6,1000000,5,0.005199559680396439,0.12672265195301305,0.016442451420029897,Bernoulli; same mean in clean and online rewards,"clean log: max(0, empirical mean - 2 beta)",0.0,0.07676093380652985,138211,121757.92036280714,1.1351294403531773,0.6685502601095427,92401,11452.5,861764,138236,0,1,1.0,simulated,2070064331,"[5.0, 4.0, 4.0, 4.0, 0.0]","[11472, 11446, 11446, 11446, 92401]","[0, 0, 0, 0, 861764]",0.018286832999365288
MovieLens-25M,near-boundary-fixed-k-v2,fixed,UCB,Ours,6,2500000,5,0.0032884902840059796,0.10647180428867146,0.016442451420029897,Bernoulli; same mean in clean and online rewards,"clean log: max(0, empirical mean - 2 beta)",0.0,0.042436782520195906,173958,177511.8638078107,0.9799795702012435,0.6369066096414077,110795,15790.75,2326017,173983,0,1,1.0,simulated,1653151672,"[5.0, 4.0, 4.0, 4.0, 0.0]","[15823, 15780, 15780, 15780, 110795]","[0, 0, 0, 0, 2326017]",0.03928387500036479
MovieLens-25M,near-boundary-fixed-k-v2,fixed,TS,Ours,6,2500000,5,0.0032884902840059796,0.10647180428867146,0.016442451420029897,Bernoulli; same mean in clean and online rewards,"clean log: max(0, empirical mean - 2 beta)",0.0,0.05839629104808851,252900,228305.90053296532,1.1077243269211237,0.670691973111902,169618,20820.5,2247075,252925,0,1,1.0,simulated,2633070977,"[5.0, 4.0, 4.0, 4.0, 0.0]","[20846, 20812, 20812, 20812, 169618]","[0, 0, 0, 0, 2247075]",0.046988332999717386
MovieLens-25M,near-boundary-fixed-k-v2,fixed,UCB,Ours,6,10000000,5,0.0016442451420029898,0.08201097775777105,0.016442451420029897,Bernoulli; same mean in clean and online rewards,"clean log: max(0, empirical mean - 2 beta)",0.0,0.02827673458698763,451355,460914.1102569438,0.9792605389068803,0.644718680417853,290997,40089.5,9548620,451380,0,1,1.0,simulated,2857538969,"[5.0, 4.0, 4.0, 4.0, 0.0]","[40139, 40073, 40073, 40073, 290997]","[0, 0, 0, 0, 9548620]",0.1599620410006537
MovieLens-25M,near-boundary-fixed-k-v2,fixed,TS,Ours,6,10000000,5,0.0016442451420029898,0.08201097775777105,0.016442451420029897,Bernoulli; same mean in clean and online rewards,"clean log: max(0, empirical mean - 2 beta)",0.0,0.038295734808283965,635825,589995.1435423779,1.0776783622021973,0.6723438052923367,427493,52083.0,9364150,635850,0,1,1.0,simulated,1565899411,"[5.0, 4.0, 4.0, 4.0, 0.0]","[52122, 52070, 52070, 52070, 427493]","[0, 0, 0, 0, 9364150]",0.1954329999998663
MovieLens-25M,near-boundary-fixed-k-v2,fixed,UCB,Ours,6,100000,10,0.016442451420029897,0.15688135668249298,0.016442451420029897,Bernoulli; same mean in clean and online rewards,"clean log: max(0, empirical mean - 2 beta)",0.0,0.13645198688875004,26198,25059.44785667459,1.0454340474633466,0.6032139858004428,15803,1155.0,73752,26248,0,1,1.0,simulated,3445155921,"[4.0, 4.0, 5.0, 3.0, 5.0, 4.0, 3.0, 3.0, 1.0, 0.0]","[1161, 1161, 1173, 1148, 1173, 1161, 1148, 1148, 1122, 15803]","[0, 0, 0, 0, 0, 0, 0, 0, 0, 73752]",0.002046458001132123
MovieLens-25M,near-boundary-fixed-k-v2,fixed,TS,Ours,6,100000,10,0.016442451420029897,0.15688135668249298,0.016442451420029897,Bernoulli; same mean in clean and online rewards,"clean log: max(0, empirical mean - 2 beta)",0.0,0.18929983063229433,41845,32976.642231990234,1.2689284647485026,0.6386665073485482,26725,1680.0,58105,41895,0,1,1.0,simulated,1100250951,"[4.0, 4.0, 5.0, 3.0, 5.0, 4.0, 3.0, 3.0, 1.0, 0.0]","[1685, 1685, 1695, 1674, 1695, 1685, 1674, 1674, 1653, 26725]","[0, 0, 0, 0, 0, 0, 0, 0, 0, 58105]",0.0030707089899806306
MovieLens-25M,near-boundary-fixed-k-v2,fixed,UCB,Ours,6,250000,10,0.010399119360792878,0.13126894207261167,0.016442451420029897,Bernoulli; same mean in clean and online rewards,"clean log: max(0, empirical mean - 2 beta)",0.0,0.10709521739481032,48664,47353.36579619098,1.0276777412074571,0.6162049975341115,29987,2075.222222222222,201286,48714,0,1,1.0,simulated,3809409041,"[4.0, 4.0, 5.0, 3.0, 5.0, 4.0, 3.0, 3.0, 1.0, 0.0]","[2083, 2083, 2099, 2066, 2099, 2083, 2066, 2066, 2032, 29987]","[0, 0, 0, 0, 0, 0, 0, 0, 0, 201286]",0.004437209005118348
MovieLens-25M,near-boundary-fixed-k-v2,fixed,TS,Ours,6,250000,10,0.010399119360792878,0.13126894207261167,0.016442451420029897,Bernoulli; same mean in clean and online rewards,"clean log: max(0, empirical mean - 2 beta)",0.0,0.1477075563302705,74657,61975.520735617014,1.2046207779113505,0.6483384009536949,48403,2917.1111111111113,175293,74707,0,1,1.0,simulated,2481490353,"[4.0, 4.0, 5.0, 3.0, 5.0, 4.0, 3.0, 3.0, 1.0, 0.0]","[2923, 2923, 2936, 2910, 2936, 2923, 2910, 2910, 2883, 48403]","[0, 0, 0, 0, 0, 0, 0, 0, 0, 175293]",0.00808837499062065
MovieLens-25M,near-boundary-fixed-k-v2,fixed,UCB,Ours,6,1000000,10,0.005199559680396439,0.10057983550920645,0.016442451420029897,Bernoulli; same mean in clean and online rewards,"clean log: max(0, empirical mean - 2 beta)",0.0,0.07300042124880182,124832,123603.82576037137,1.0099363772284011,0.6308558702896693,78751,5120.111111111111,875118,124882,0,1,1.0,simulated,2863965979,"[4.0, 4.0, 5.0, 3.0, 5.0, 4.0, 3.0, 3.0, 1.0, 0.0]","[5131, 5131, 5157, 5106, 5157, 5131, 5106, 5106, 5056, 78751]","[0, 0, 0, 0, 0, 0, 0, 0, 0, 875118]",0.017431708009098656
MovieLens-25M,near-boundary-fixed-k-v2,fixed,TS,Ours,6,1000000,10,0.005199559680396439,0.10057983550920645,0.016442451420029897,Bernoulli; same mean in clean and online rewards,"clean log: max(0, empirical mean - 2 beta)",0.0,0.09959911549786407,182844,160643.27736779582,1.1381988900872286,0.6580965194373346,120329,6946.111111111111,817106,182894,0,1,1.0,simulated,3580848340,"[4.0, 4.0, 5.0, 3.0, 5.0, 4.0, 3.0, 3.0, 1.0, 0.0]","[6955, 6955, 6975, 6935, 6975, 6955, 6935, 6935, 6895, 120329]","[0, 0, 0, 0, 0, 0, 0, 0, 0, 817106]",0.035386125004151836
MovieLens-25M,near-boundary-fixed-k-v2,fixed,UCB,Ours,6,2500000,10,0.0032884902840059796,0.08450672706639467,0.016442451420029897,Bernoulli; same mean in clean and online rewards,"clean log: max(0, empirical mean - 2 beta)",0.0,0.05616944046938453,233201,232606.34472215077,1.0025564877800712,0.637998979421186,148782,9379.888888888889,2266749,233251,0,1,1.0,simulated,2513205522,"[4.0, 4.0, 5.0, 3.0, 5.0, 4.0, 3.0, 3.0, 1.0, 0.0]","[9395, 9395, 9428, 9361, 9428, 9395, 9361, 9361, 9295, 148782]","[0, 0, 0, 0, 0, 0, 0, 0, 0, 2266749]",0.04537420799897518
MovieLens-25M,near-boundary-fixed-k-v2,fixed,TS,Ours,6,2500000,10,0.0032884902840059796,0.08450672706639467,0.016442451420029897,Bernoulli; same mean in clean and online rewards,"clean log: max(0, empirical mean - 2 beta)",0.0,0.0760550520756404,333606,301113.0238807741,1.1079095673128092,0.662245283358213,220929,12519.666666666666,2166344,333656,0,1,1.0,simulated,2931309609,"[4.0, 4.0, 5.0, 3.0, 5.0, 4.0, 3.0, 3.0, 1.0, 0.0]","[12531, 12531, 12558, 12505, 12558, 12531, 12505, 12505, 12453, 220929]","[0, 0, 0, 0, 0, 0, 0, 0, 0, 2166344]",0.09449754199886229
MovieLens-25M,near-boundary-fixed-k-v2,fixed,UCB,Ours,6,10000000,10,0.0016442451420029898,0.06509215618281318,0.016442451420029897,Bernoulli; same mean in clean and online rewards,"clean log: max(0, empirical mean - 2 beta)",0.0,0.03740025623509301,601396,603968.343962668,0.9957409291589843,0.6460551782851898,388535,23651.222222222223,9398554,601446,0,1,1.0,simulated,1477254749,"[4.0, 4.0, 5.0, 3.0, 5.0, 4.0, 3.0, 3.0, 1.0, 0.0]","[23674, 23674, 23724, 23623, 23724, 23674, 23623, 23623, 23522, 388535]","[0, 0, 0, 0, 0, 0, 0, 0, 0, 9398554]",0.18435245800355915
MovieLens-25M,near-boundary-fixed-k-v2,fixed,TS,Ours,6,10000000,10,0.0016442451420029898,0.06509215618281318,0.016442451420029897,Bernoulli; same mean in clean and online rewards,"clean log: max(0, empirical mean - 2 beta)",0.0,0.05007318684110189,836475,777780.8263738758,1.0754636417302348,0.6661645596102693,557230,31027.222222222223,9163475,836525,0,1,1.0,simulated,3748203088,"[4.0, 4.0, 5.0, 3.0, 5.0, 4.0, 3.0, 3.0, 1.0, 0.0]","[31045, 31045, 31085, 31005, 31085, 31045, 31005, 31005, 30925, 557230]","[0, 0, 0, 0, 0, 0, 0, 0, 0, 9163475]",0.396078582998598
MovieLens-25M,near-boundary-fixed-k-v2,fixed,UCB,Ours,6,100000,15,0.016442451420029897,0.13704848847915332,0.016442451420029897,Bernoulli; same mean in clean and online rewards,"clean log: max(0, empirical mean - 2 beta)",0.0,0.15796420767757824,31270,29035.7694853145,1.0769475221180382,0.5999680204669012,18761,893.5,68655,31345,0,1,1.0,simulated,4219999732,"[5.0, 2.0, 4.0, 2.0, 5.0, 5.0, 3.0, 5.0, 5.0, 3.0, 3.0, 4.0, 4.0, 3.0, 0.0]","[907, 873, 896, 873, 907, 907, 885, 907, 907, 885, 885, 896, 896, 885, 18761]","[0, 0, 0, 0, 0, 0, 0, 0, 0, 0, 0, 0, 0, 0, 68655]",0.0023169999994934187
MovieLens-25M,near-boundary-fixed-k-v2,fixed,TS,Ours,6,100000,15,0.016442451420029897,0.13704848847915332,0.016442451420029897,Bernoulli; same mean in clean and online rewards,"clean log: max(0, empirical mean - 2 beta)",0.0,0.21563036683744874,49502,38383.40140857019,1.289672050506375,0.6275099995959759,31063,1317.0714285714287,50423,49577,0,1,1.0,simulated,2375855156,"[5.0, 2.0, 4.0, 2.0, 5.0, 5.0, 3.0, 5.0, 5.0, 3.0, 3.0, 4.0, 4.0, 3.0, 0.0]","[1328, 1301, 1319, 1301, 1328, 1328, 1310, 1328, 1328, 1310, 1310, 1319, 1319, 1310, 31063]","[0, 0, 0, 0, 0, 0, 0, 0, 0, 0, 0, 0, 0, 0, 50423]",0.0036792499995499384
MovieLens-25M,near-boundary-fixed-k-v2,fixed,UCB,Ours,6,250000,15,0.010399119360792878,0.11467398342123439,0.016442451420029897,Bernoulli; same mean in clean and online rewards,"clean log: max(0, empirical mean - 2 beta)",0.0,0.12416798947971922,57724,54867.18707753817,1.0520677854037712,0.6140253620677708,35444,1591.4285714285713,192201,57799,0,1,1.0,simulated,1059396080,"[5.0, 2.0, 4.0, 2.0, 5.0, 5.0, 3.0, 5.0, 5.0, 3.0, 3.0, 4.0, 4.0, 3.0, 0.0]","[1609, 1565, 1595, 1565, 1609, 1609, 1580, 1609, 1609, 1580, 1580, 1595, 1595, 1580, 35444]","[0, 0, 0, 0, 0, 0, 0, 0, 0, 0, 0, 0, 0, 0, 192201]",0.0053609999995387625
MovieLens-25M,near-boundary-fixed-k-v2,fixed,TS,Ours,6,250000,15,0.010399119360792878,0.11467398342123439,0.016442451420029897,Bernoulli; same mean in clean and online rewards,"clean log: max(0, empirical mean - 2 beta)",0.0,0.16906359189762032,87840,72117.80156339164,1.218007178474354,0.6395036429872496,56174,2261.8571428571427,162085,87915,0,1,1.0,simulated,474044596,"[5.0, 2.0, 4.0, 2.0, 5.0, 5.0, 3.0, 5.0, 5.0, 3.0, 3.0, 4.0, 4.0, 3.0, 0.0]","[2276, 2241, 2264, 2241, 2276, 2276, 2253, 2276, 2276, 2253, 2253, 2264, 2264, 2253, 56174]","[0, 0, 0, 0, 0, 0, 0, 0, 0, 0, 0, 0, 0, 0, 162085]",0.015051499999572115
MovieLens-25M,near-boundary-fixed-k-v2,fixed,UCB,Ours,6,1000000,15,0.005199559680396439,0.08786457944723307,0.016442451420029897,Bernoulli; same mean in clean and online rewards,"clean log: max(0, empirical mean - 2 beta)",0.0,0.0847570603223789,147044,143216.7305843177,1.0267236195105642,0.6297978836266696,92608,3888.285714285714,852881,147119,0,1,1.0,simulated,1070711201,"[5.0, 2.0, 4.0, 2.0, 5.0, 5.0, 3.0, 5.0, 5.0, 3.0, 3.0, 4.0, 4.0, 3.0, 0.0]","[3915, 3849, 3893, 3849, 3915, 3915, 3871, 3915, 3915, 3871, 3871, 3893, 3893, 3871, 92608]","[0, 0, 0, 0, 0, 0, 0, 0, 0, 0, 0, 0, 0, 0, 852881]",0.019827291999718
MovieLens-25M,near-boundary-fixed-k-v2,fixed,TS,Ours,6,1000000,15,0.005199559680396439,0.08786457944723307,0.016442451420029897,Bernoulli; same mean in clean and online rewards,"clean log: max(0, empirical mean - 2 beta)",0.0,0.11460213525025215,213921,186867.8377640692,1.1447716341111993,0.6519042076280496,139456,5318.928571428572,786004,213996,0,1,1.0,simulated,3785129775,"[5.0, 2.0, 4.0, 2.0, 5.0, 5.0, 3.0, 5.0, 5.0, 3.0, 3.0, 4.0, 4.0, 3.0, 0.0]","[5340, 5288, 5323, 5288, 5340, 5340, 5305, 5340, 5340, 5305, 5305, 5323, 5323, 5305, 139456]","[0, 0, 0, 0, 0, 0, 0, 0, 0, 0, 0, 0, 0, 0, 786004]",0.04689550000057352
MovieLens-25M,near-boundary-fixed-k-v2,fixed,UCB,Ours,6,2500000,15,0.0032884902840059796,0.07382342590400462,0.016442451420029897,Bernoulli; same mean in clean and online rewards,"clean log: max(0, empirical mean - 2 beta)",0.0,0.06524791957687442,273759,269515.28400794626,1.0157457340784006,0.6374475359714201,174507,7089.428571428572,2226166,273834,0,1,1.0,simulated,3558958699,"[5.0, 2.0, 4.0, 2.0, 5.0, 5.0, 3.0, 5.0, 5.0, 3.0, 3.0, 4.0, 4.0, 3.0, 0.0]","[7124, 7038, 7096, 7038, 7124, 7124, 7067, 7124, 7124, 7067, 7067, 7096, 7096, 7067, 174507]","[0, 0, 0, 0, 0, 0, 0, 0, 0, 0, 0, 0, 0, 0, 2226166]",0.05066787500072678
MovieLens-25M,near-boundary-fixed-k-v2,fixed,TS,Ours,6,2500000,15,0.0032884902840059796,0.07382342590400462,0.016442451420029897,Bernoulli; same mean in clean and online rewards,"clean log: max(0, empirical mean - 2 beta)",0.0,0.08772718020213577,389350,350198.96764450165,1.111796538461649,0.6573186079363041,255927,9530.214285714286,2110575,389425,0,1,1.0,simulated,1330299697,"[5.0, 2.0, 4.0, 2.0, 5.0, 5.0, 3.0, 5.0, 5.0, 3.0, 3.0, 4.0, 4.0, 3.0, 0.0]","[9558, 9490, 9535, 9490, 9558, 9558, 9512, 9558, 9558, 9512, 9512, 9535, 9535, 9512, 255927]","[0, 0, 0, 0, 0, 0, 0, 0, 0, 0, 0, 0, 0, 0, 2110575]",0.12455641599990486
MovieLens-25M,near-boundary-fixed-k-v2,fixed,UCB,Ours,6,10000000,15,0.0016442451420029898,0.056863236048869684,0.016442451420029897,Bernoulli; same mean in clean and online rewards,"clean log: max(0, empirical mean - 2 beta)",0.0,0.04345891869316765,703334,699803.3520940593,1.0050452000485217,0.6459747431519022,454336,17785.571428571428,9296591,703409,0,1,1.0,simulated,483735070,"[5.0, 2.0, 4.0, 2.0, 5.0, 5.0, 3.0, 5.0, 5.0, 3.0, 3.0, 4.0, 4.0, 3.0, 0.0]","[17839, 17707, 17795, 17707, 17839, 17839, 17751, 17839, 17839, 17751, 17751, 17795, 17795, 17751, 454336]","[0, 0, 0, 0, 0, 0, 0, 0, 0, 0, 0, 0, 0, 0, 9296591]",0.20864420799989603
MovieLens-25M,near-boundary-fixed-k-v2,fixed,TS,Ours,6,10000000,15,0.0016442451420029898,0.056863236048869684,0.016442451420029897,Bernoulli; same mean in clean and online rewards,"clean log: max(0, empirical mean - 2 beta)",0.0,0.05790866650284117,973817,904329.9668195297,1.0768381406455563,0.6626727608986083,645322,23463.928571428572,9026108,973892,0,1,1.0,simulated,1566202334,"[5.0, 2.0, 4.0, 2.0, 5.0, 5.0, 3.0, 5.0, 5.0, 3.0, 3.0, 4.0, 4.0, 3.0, 0.0]","[23506, 23402, 23471, 23402, 23506, 23506, 23437, 23506, 23506, 23437, 23437, 23471, 23471, 23437, 645322]","[0, 0, 0, 0, 0, 0, 0, 0, 0, 0, 0, 0, 0, 0, 9026108]",0.5307793749998382
MovieLens-25M,near-boundary-fixed-k-v2,fixed,UCB,Ours,6,100000,20,0.016442451420029897,0.12451681531599387,0.016442451420029897,Bernoulli; same mean in clean and online rewards,"clean log: max(0, empirical mean - 2 beta)",0.0,0.17418507128362248,35306,32147.104475194756,1.0982637651625111,0.5974621877301308,21094,748.0,64594,35406,0,1,1.0,simulated,2146533269,"[4.0, 1.0, 2.0, 5.0, 4.0, 3.0, 3.0, 5.0, 3.0, 4.0, 4.0, 3.0, 5.0, 5.0, 5.0, 3.0, 5.0, 3.0, 1.0, 0.0]","[752, 721, 732, 763, 752, 742, 742, 763, 742, 752, 752, 742, 763, 763, 763, 742, 763, 742, 721, 21094]","[0, 0, 0, 0, 0, 0, 0, 0, 0, 0, 0, 0, 0, 0, 0, 0, 0, 0, 0, 64594]",0.0033375840002918267
MovieLens-25M,near-boundary-fixed-k-v2,fixed,TS,Ours,6,100000,20,0.016442451420029897,0.12451681531599387,0.016442451420029897,Bernoulli; same mean in clean and online rewards,"clean log: max(0, empirical mean - 2 beta)",0.0,0.235419740512037,55722,42632.14931415255,1.3070417723814367,0.6195219123505976,34521,1115.842105263158,44178,55822,0,1,1.0,simulated,3675070359,"[4.0, 1.0, 2.0, 5.0, 4.0, 3.0, 3.0, 5.0, 3.0, 4.0, 4.0, 3.0, 5.0, 5.0, 5.0, 3.0, 5.0, 3.0, 1.0, 0.0]","[1119, 1094, 1103, 1128, 1119, 1111, 1111, 1128, 1111, 1119, 1119, 1111, 1128, 1128, 1128, 1111, 1128, 1111, 1094, 34521]","[0, 0, 0, 0, 0, 0, 0, 0, 0, 0, 0, 0, 0, 0, 0, 0, 0, 0, 0, 44178]",0.003995082999608712
MovieLens-25M,near-boundary-fixed-k-v2,fixed,UCB,Ours,6,250000,20,0.010399119360792878,0.1041882283684082,0.016442451420029897,Bernoulli; same mean in clean and online rewards,"clean log: max(0, empirical mean - 2 beta)",0.0,0.1371597615591818,64912,60746.49394546845,1.0685719583795386,0.6122442691644072,39742,1324.7368421052631,184988,65012,0,1,1.0,simulated,3603868858,"[4.0, 1.0, 2.0, 5.0, 4.0, 3.0, 3.0, 5.0, 3.0, 4.0, 4.0, 3.0, 5.0, 5.0, 5.0, 3.0, 5.0, 3.0, 1.0, 0.0]","[1330, 1290, 1304, 1344, 1330, 1317, 1317, 1344, 1317, 1330, 1330, 1317, 1344, 1344, 1344, 1317, 1344, 1317, 1290, 39742]","[0, 0, 0, 0, 0, 0, 0, 0, 0, 0, 0, 0, 0, 0, 0, 0, 0, 0, 0, 184988]",0.008556624999982887
MovieLens-25M,near-boundary-fixed-k-v2,fixed,TS,Ours,6,250000,20,0.010399119360792878,0.1041882283684082,0.016442451420029897,Bernoulli; same mean in clean and online rewards,"clean log: max(0, empirical mean - 2 beta)",0.0,0.1852849403522357,98459,80086.01082922542,1.229415711689685,0.6332483571842087,62349,1900.5263157894738,151441,98559,0,1,1.0,simulated,50818616,"[4.0, 1.0, 2.0, 5.0, 4.0, 3.0, 3.0, 5.0, 3.0, 4.0, 4.0, 3.0, 5.0, 5.0, 5.0, 3.0, 5.0, 3.0, 1.0, 0.0]","[1905, 1873, 1884, 1916, 1905, 1894, 1894, 1916, 1894, 1905, 1905, 1894, 1916, 1916, 1916, 1894, 1916, 1894, 1873, 62349]","[0, 0, 0, 0, 0, 0, 0, 0, 0, 0, 0, 0, 0, 0, 0, 0, 0, 0, 0, 151441]",0.012910958999782451
MovieLens-25M,near-boundary-fixed-k-v2,fixed,UCB,Ours,6,1000000,20,0.005199559680396439,0.07983026834705138,0.016442451420029897,Bernoulli; same mean in clean and online rewards,"clean log: max(0, empirical mean - 2 beta)",0.0,0.09379177444088241,164597,158563.15442297678,1.0380532640068927,0.6288146199505459,103501,3215.5789473684213,835303,164697,0,1,1.0,simulated,2508939057,"[4.0, 1.0, 2.0, 5.0, 4.0, 3.0, 3.0, 5.0, 3.0, 4.0, 4.0, 3.0, 5.0, 5.0, 5.0, 3.0, 5.0, 3.0, 1.0, 0.0]","[3224, 3164, 3184, 3244, 3224, 3204, 3204, 3244, 3204, 3224, 3224, 3204, 3244, 3244, 3244, 3204, 3244, 3204, 3164, 103501]","[0, 0, 0, 0, 0, 0, 0, 0, 0, 0, 0, 0, 0, 0, 0, 0, 0, 0, 0, 835303]",0.03630470799998875
MovieLens-25M,near-boundary-fixed-k-v2,fixed,TS,Ours,6,1000000,20,0.005199559680396439,0.07983026834705138,0.016442451420029897,Bernoulli; same mean in clean and online rewards,"clean log: max(0, empirical mean - 2 beta)",0.0,0.12612943141445826,238742,207464.75388734078,1.1507593243025929,0.6475442109054963,154596,4428.736842105263,761158,238842,0,1,1.0,simulated,3779644157,"[4.0, 1.0, 2.0, 5.0, 4.0, 3.0, 3.0, 5.0, 3.0, 4.0, 4.0, 3.0, 5.0, 5.0, 5.0, 3.0, 5.0, 3.0, 1.0, 0.0]","[4435, 4388, 4404, 4451, 4435, 4420, 4420, 4451, 4420, 4435, 4435, 4420, 4451, 4451, 4451, 4420, 4451, 4420, 4388, 154596]","[0, 0, 0, 0, 0, 0, 0, 0, 0, 0, 0, 0, 0, 0, 0, 0, 0, 0, 0, 761158]",0.0631886660003147
MovieLens-25M,near-boundary-fixed-k-v2,fixed,UCB,Ours,6,2500000,20,0.0032884902840059796,0.06707303372179221,0.016442451420029897,Bernoulli; same mean in clean and online rewards,"clean log: max(0, empirical mean - 2 beta)",0.0,0.07225625128110622,305739,298395.2602684533,1.0246107787534557,0.6368536562231184,194711,5843.578947368421,2194161,305839,0,1,1.0,simulated,3489428534,"[4.0, 1.0, 2.0, 5.0, 4.0, 3.0, 3.0, 5.0, 3.0, 4.0, 4.0, 3.0, 5.0, 5.0, 5.0, 3.0, 5.0, 3.0, 1.0, 0.0]","[5855, 5776, 5802, 5881, 5855, 5828, 5828, 5881, 5828, 5855, 5855, 5828, 5881, 5881, 5881, 5828, 5881, 5828, 5776, 194711]","[0, 0, 0, 0, 0, 0, 0, 0, 0, 0, 0, 0, 0, 0, 0, 0, 0, 0, 0, 2194161]",0.09425299999929848
MovieLens-25M,near-boundary-fixed-k-v2,fixed,TS,Ours,6,2500000,20,0.0032884902840059796,0.06707303372179221,0.016442451420029897,Bernoulli; same mean in clean and online rewards,"clean log: max(0, empirical mean - 2 beta)",0.0,0.09674302560132195,433682,388744.55346659984,1.115596337318874,0.653880031912784,283576,7900.315789473684,2066218,433782,0,1,1.0,simulated,1225627791,"[4.0, 1.0, 2.0, 5.0, 4.0, 3.0, 3.0, 5.0, 3.0, 4.0, 4.0, 3.0, 5.0, 5.0, 5.0, 3.0, 5.0, 3.0, 1.0, 0.0]","[7909, 7847, 7868, 7930, 7909, 7888, 7888, 7930, 7888, 7909, 7909, 7888, 7930, 7930, 7930, 7888, 7930, 7888, 7847, 283576]","[0, 0, 0, 0, 0, 0, 0, 0, 0, 0, 0, 0, 0, 0, 0, 0, 0, 0, 0, 2066218]",0.17127987499952724
MovieLens-25M,near-boundary-fixed-k-v2,fixed,UCB,Ours,6,10000000,20,0.0016442451420029898,0.051663678599737986,0.016442451420029897,Bernoulli; same mean in clean and online rewards,"clean log: max(0, empirical mean - 2 beta)",0.0,0.04815859439313887,783502,774790.9516652355,1.0112430950775073,0.6457584026588318,505953,14607.842105263158,9216398,783602,0,1,1.0,simulated,3289625043,"[4.0, 1.0, 2.0, 5.0, 4.0, 3.0, 3.0, 5.0, 3.0, 4.0, 4.0, 3.0, 5.0, 5.0, 5.0, 3.0, 5.0, 3.0, 1.0, 0.0]","[14625, 14505, 14545, 14664, 14625, 14585, 14585, 14664, 14585, 14625, 14625, 14585, 14664, 14664, 14664, 14585, 14664, 14585, 14505, 505953]","[0, 0, 0, 0, 0, 0, 0, 0, 0, 0, 0, 0, 0, 0, 0, 0, 0, 0, 0, 9216398]",0.3950634170005287
MovieLens-25M,near-boundary-fixed-k-v2,fixed,TS,Ours,6,10000000,20,0.0016442451420029898,0.051663678599737986,0.016442451420029897,Bernoulli; same mean in clean and online rewards,"clean log: max(0, empirical mean - 2 beta)",0.0,0.06399507607613555,1082549,1003681.3015450304,1.078578427568157,0.6602537159980749,714757,19357.473684210527,8917351,1082649,0,1,1.0,simulated,3069260072,"[4.0, 1.0, 2.0, 5.0, 4.0, 3.0, 3.0, 5.0, 3.0, 4.0, 4.0, 3.0, 5.0, 5.0, 5.0, 3.0, 5.0, 3.0, 1.0, 0.0]","[19371, 19277, 19308, 19402, 19371, 19339, 19339, 19402, 19339, 19371, 19371, 19339, 19402, 19402, 19402, 19339, 19402, 19339, 19277, 714757]","[0, 0, 0, 0, 0, 0, 0, 0, 0, 0, 0, 0, 0, 0, 0, 0, 0, 0, 0, 8917351]",0.7382043340003293
MovieLens-25M,near-boundary-fixed-k-v2,fixed,UCB,Ours,6,100000,25,0.016442451420029897,0.11559117191354834,0.016442451420029897,Bernoulli; same mean in clean and online rewards,"clean log: max(0, empirical mean - 2 beta)",0.0,0.1875571586945728,38829,34750.50140085435,1.1173651727236769,0.5945813695948904,23087,655.9166666666666,61046,38954,0,1,1.0,simulated,2650238707,"[4.0, 5.0, 4.0, 4.0, 5.0, 3.0, 4.0, 4.0, 3.0, 3.0, 4.0, 3.0, 4.0, 4.0, 5.0, 3.0, 3.0, 4.0, 3.0, 5.0, 3.0, 3.0, 3.0, 3.0, 0.0]","[659, 668, 659, 659, 668, 649, 659, 659, 649, 649, 659, 649, 659, 659, 668, 649, 649, 659, 649, 668, 649, 649, 649, 649, 23087]","[0, 0, 0, 0, 0, 0, 0, 0, 0, 0, 0, 0, 0, 0, 0, 0, 0, 0, 0, 0, 0, 0, 0, 0, 61046]",0.003980749999755062
MovieLens-25M,near-boundary-fixed-k-v2,fixed,TS,Ours,6,100000,25,0.016442451420029897,0.11559117191354834,0.016442451420029897,Bernoulli; same mean in clean and online rewards,"clean log: max(0, empirical mean - 2 beta)",0.0,0.25156845717722875,61159,46197.86118183885,1.3238491660744376,0.6128125051096323,37479,986.6666666666666,38716,61284,0,1,1.0,simulated,4016160521,"[4.0, 5.0, 4.0, 4.0, 5.0, 3.0, 4.0, 4.0, 3.0, 3.0, 4.0, 3.0, 4.0, 4.0, 5.0, 3.0, 3.0, 4.0, 3.0, 5.0, 3.0, 3.0, 3.0, 3.0, 0.0]","[989, 997, 989, 989, 997, 981, 989, 989, 981, 981, 989, 981, 989, 989, 997, 981, 981, 989, 981, 997, 981, 981, 981, 981, 37479]","[0, 0, 0, 0, 0, 0, 0, 0, 0, 0, 0, 0, 0, 0, 0, 0, 0, 0, 0, 0, 0, 0, 0, 0, 38716]",0.004808583999874827
MovieLens-25M,near-boundary-fixed-k-v2,fixed,UCB,Ours,6,250000,25,0.010399119360792878,0.09671978347774034,0.016442451420029897,Bernoulli; same mean in clean and online rewards,"clean log: max(0, empirical mean - 2 beta)",0.0,0.14790453956799798,71128,65665.98010647747,1.0831788375756497,0.6101113485547183,43396,1155.5,178747,71253,0,1,1.0,simulated,1331979057,"[4.0, 5.0, 4.0, 4.0, 5.0, 3.0, 4.0, 4.0, 3.0, 3.0, 4.0, 3.0, 4.0, 4.0, 5.0, 3.0, 3.0, 4.0, 3.0, 5.0, 3.0, 3.0, 3.0, 3.0, 0.0]","[1159, 1171, 1159, 1159, 1171, 1147, 1159, 1159, 1147, 1147, 1159, 1147, 1159, 1159, 1171, 1147, 1147, 1159, 1147, 1171, 1147, 1147, 1147, 1147, 43396]","[0, 0, 0, 0, 0, 0, 0, 0, 0, 0, 0, 0, 0, 0, 0, 0, 0, 0, 0, 0, 0, 0, 0, 0, 178747]",0.009593333000339044
MovieLens-25M,near-boundary-fixed-k-v2,fixed,TS,Ours,6,250000,25,0.010399119360792878,0.09671978347774034,0.016442451420029897,Bernoulli; same mean in clean and online rewards,"clean log: max(0, empirical mean - 2 beta)",0.0,0.19860831636192544,107642,86772.19353143856,1.2405126068525636,0.6280819754370971,67608,1668.0833333333333,142233,107767,0,1,1.0,simulated,1412886743,"[4.0, 5.0, 4.0, 4.0, 5.0, 3.0, 4.0, 4.0, 3.0, 3.0, 4.0, 3.0, 4.0, 4.0, 5.0, 3.0, 3.0, 4.0, 3.0, 5.0, 3.0, 3.0, 3.0, 3.0, 0.0]","[1671, 1681, 1671, 1671, 1681, 1661, 1671, 1671, 1661, 1661, 1671, 1661, 1671, 1671, 1681, 1661, 1661, 1671, 1661, 1681, 1661, 1661, 1661, 1661, 67608]","[0, 0, 0, 0, 0, 0, 0, 0, 0, 0, 0, 0, 0, 0, 0, 0, 0, 0, 0, 0, 0, 0, 0, 0, 142233]",0.015183249999608961
MovieLens-25M,near-boundary-fixed-k-v2,fixed,UCB,Ours,6,1000000,25,0.005199559680396439,0.07410785642879708,0.016442451420029897,Bernoulli; same mean in clean and online rewards,"clean log: max(0, empirical mean - 2 beta)",0.0,0.10129148380070116,179580,171404.2122876498,1.0476988727594958,0.6276255707762557,112709,2786.2916666666665,820295,179705,0,1,1.0,simulated,1166220776,"[4.0, 5.0, 4.0, 4.0, 5.0, 3.0, 4.0, 4.0, 3.0, 3.0, 4.0, 3.0, 4.0, 4.0, 5.0, 3.0, 3.0, 4.0, 3.0, 5.0, 3.0, 3.0, 3.0, 3.0, 0.0]","[2792, 2810, 2792, 2792, 2810, 2773, 2792, 2792, 2773, 2773, 2792, 2773, 2792, 2792, 2810, 2773, 2773, 2792, 2773, 2810, 2773, 2773, 2773, 2773, 112709]","[0, 0, 0, 0, 0, 0, 0, 0, 0, 0, 0, 0, 0, 0, 0, 0, 0, 0, 0, 0, 0, 0, 0, 0, 820295]",0.040106540999659046
MovieLens-25M,near-boundary-fixed-k-v2,fixed,TS,Ours,6,1000000,25,0.005199559680396439,0.07410785642879708,0.016442451420029897,Bernoulli; same mean in clean and online rewards,"clean log: max(0, empirical mean - 2 beta)",0.0,0.13566480792608315,260003,224744.19289897382,1.156884174163626,0.6439310315650204,167424,3857.4583333333335,739872,260128,0,1,1.0,simulated,1867516136,"[4.0, 5.0, 4.0, 4.0, 5.0, 3.0, 4.0, 4.0, 3.0, 3.0, 4.0, 3.0, 4.0, 4.0, 5.0, 3.0, 3.0, 4.0, 3.0, 5.0, 3.0, 3.0, 3.0, 3.0, 0.0]","[3862, 3876, 3862, 3862, 3876, 3847, 3862, 3862, 3847, 3847, 3862, 3847, 3862, 3862, 3876, 3847, 3847, 3862, 3847, 3876, 3847, 3847, 3847, 3847, 167424]","[0, 0, 0, 0, 0, 0, 0, 0, 0, 0, 0, 0, 0, 0, 0, 0, 0, 0, 0, 0, 0, 0, 0, 0, 739872]",0.07367891700050677
MovieLens-25M,near-boundary-fixed-k-v2,fixed,UCB,Ours,6,2500000,25,0.0032884902840059796,0.06226508887192082,0.016442451420029897,Bernoulli; same mean in clean and online rewards,"clean log: max(0, empirical mean - 2 beta)",0.0,0.07808436363788407,332911,322560.463197187,1.0320886716872226,0.6360438675802241,211746,5048.541666666667,2166964,333036,0,1,1.0,simulated,2185344988,"[4.0, 5.0, 4.0, 4.0, 5.0, 3.0, 4.0, 4.0, 3.0, 3.0, 4.0, 3.0, 4.0, 4.0, 5.0, 3.0, 3.0, 4.0, 3.0, 5.0, 3.0, 3.0, 3.0, 3.0, 0.0]","[5056, 5080, 5056, 5056, 5080, 5031, 5056, 5056, 5031, 5031, 5056, 5031, 5056, 5056, 5080, 5031, 5031, 5056, 5031, 5080, 5031, 5031, 5031, 5031, 211746]","[0, 0, 0, 0, 0, 0, 0, 0, 0, 0, 0, 0, 0, 0, 0, 0, 0, 0, 0, 0, 0, 0, 0, 0, 2166964]",0.1039638330003072
MovieLens-25M,near-boundary-fixed-k-v2,fixed,TS,Ours,6,2500000,25,0.0032884902840059796,0.06226508887192082,0.016442451420029897,Bernoulli; same mean in clean and online rewards,"clean log: max(0, empirical mean - 2 beta)",0.0,0.10422570405687237,471451,421077.81143345765,1.1196291687635096,0.6510623585483963,306944,6854.458333333333,2028424,471576,0,1,1.0,simulated,3366340960,"[4.0, 5.0, 4.0, 4.0, 5.0, 3.0, 4.0, 4.0, 3.0, 3.0, 4.0, 3.0, 4.0, 4.0, 5.0, 3.0, 3.0, 4.0, 3.0, 5.0, 3.0, 3.0, 3.0, 3.0, 0.0]","[6860, 6879, 6860, 6860, 6879, 6841, 6860, 6860, 6841, 6841, 6860, 6841, 6860, 6860, 6879, 6841, 6841, 6860, 6841, 6879, 6841, 6841, 6841, 6841, 306944]","[0, 0, 0, 0, 0, 0, 0, 0, 0, 0, 0, 0, 0, 0, 0, 0, 0, 0, 0, 0, 0, 0, 0, 0, 2028424]",0.20048295900051016
MovieLens-25M,near-boundary-fixed-k-v2,fixed,UCB,Ours,6,10000000,25,0.0016442451420029898,0.04796031073838066,0.016442451420029897,Bernoulli; same mean in clean and online rewards,"clean log: max(0, empirical mean - 2 beta)",0.0,0.0520747118071198,851257,837536.5212747959,1.0163819467888044,0.6453468224049846,549356,12579.208333333334,9148618,851382,0,1,1.0,simulated,2488771219,"[4.0, 5.0, 4.0, 4.0, 5.0, 3.0, 4.0, 4.0, 3.0, 3.0, 4.0, 3.0, 4.0, 4.0, 5.0, 3.0, 3.0, 4.0, 3.0, 5.0, 3.0, 3.0, 3.0, 3.0, 0.0]","[12590, 12627, 12590, 12590, 12627, 12553, 12590, 12590, 12553, 12553, 12590, 12553, 12590, 12590, 12627, 12553, 12553, 12590, 12553, 12627, 12553, 12553, 12553, 12553, 549356]","[0, 0, 0, 0, 0, 0, 0, 0, 0, 0, 0, 0, 0, 0, 0, 0, 0, 0, 0, 0, 0, 0, 0, 0, 9148618]",0.43864100000064354
MovieLens-25M,near-boundary-fixed-k-v2,fixed,TS,Ours,6,10000000,25,0.0016442451420029898,0.04796031073838066,0.016442451420029897,Bernoulli; same mean in clean and online rewards,"clean log: max(0, empirical mean - 2 beta)",0.0,0.06906437316858524,1174666,1087006.7299986908,1.080642803381185,0.6582952090211175,773277,16724.541666666668,8825209,1174791,0,1,1.0,simulated,1805370542,"[4.0, 5.0, 4.0, 4.0, 5.0, 3.0, 4.0, 4.0, 3.0, 3.0, 4.0, 3.0, 4.0, 4.0, 5.0, 3.0, 3.0, 4.0, 3.0, 5.0, 3.0, 3.0, 3.0, 3.0, 0.0]","[16733, 16762, 16733, 16733, 16762, 16704, 16733, 16733, 16704, 16704, 16733, 16704, 16733, 16733, 16762, 16704, 16704, 16733, 16704, 16762, 16704, 16704, 16704, 16704, 773277]","[0, 0, 0, 0, 0, 0, 0, 0, 0, 0, 0, 0, 0, 0, 0, 0, 0, 0, 0, 0, 0, 0, 0, 0, 8825209]",0.8704324999998789
MovieLens-25M,near-boundary-fixed-k-v2,fixed,UCB,Ours,7,100000,5,0.016442451420029897,0.19765812362033866,0.016442451420029897,Bernoulli; same mean in clean and online rewards,"clean log: max(0, empirical mean - 2 beta)",0.0,0.10319241951249594,19036,19123.93791470531,0.9954016837380709,0.6045387686488758,11508,1882.0,80939,19061,0,1,1.0,simulated,2202738483,"[4.0, 4.0, 4.0, 4.0, 0.0]","[1882, 1882, 1882, 1882, 11508]","[0, 0, 0, 0, 80939]",0.0018512090000513126
MovieLens-25M,near-boundary-fixed-k-v2,fixed,TS,Ours,7,100000,5,0.016442451420029897,0.19765812362033866,0.016442451420029897,Bernoulli; same mean in clean and online rewards,"clean log: max(0, empirical mean - 2 beta)",0.0,0.14814958859103122,31191,24967.322128044878,1.2492729432510623,0.6568240838703472,20487,2676.0,68784,31216,0,1,1.0,simulated,3604221680,"[4.0, 4.0, 4.0, 4.0, 0.0]","[2676, 2676, 2676, 2676, 20487]","[0, 0, 0, 0, 68784]",0.001840249999986554
MovieLens-25M,near-boundary-fixed-k-v2,fixed,UCB,Ours,7,250000,5,0.010399119360792878,0.16538850331471416,0.016442451420029897,Bernoulli; same mean in clean and online rewards,"clean log: max(0, empirical mean - 2 beta)",0.0,0.08091436917322012,35703,36137.38150649174,0.987979718275556,0.6165028148895051,22011,3423.0,214272,35728,0,1,1.0,simulated,4184740558,"[4.0, 4.0, 4.0, 4.0, 0.0]","[3423, 3423, 3423, 3423, 22011]","[0, 0, 0, 0, 214272]",0.0038441249998868443
MovieLens-25M,near-boundary-fixed-k-v2,fixed,TS,Ours,7,250000,5,0.010399119360792878,0.16538850331471416,0.016442451420029897,Bernoulli; same mean in clean and online rewards,"clean log: max(0, empirical mean - 2 beta)",0.0,0.11474666797616934,56030,46944.97392466051,1.1935249999269264,0.6629662680706764,37146,4721.0,193945,56055,0,1,1.0,simulated,3974615359,"[4.0, 4.0, 4.0, 4.0, 0.0]","[4721, 4721, 4721, 4721, 37146]","[0, 0, 0, 0, 193945]",0.004487582999900042
MovieLens-25M,near-boundary-fixed-k-v2,fixed,UCB,Ours,7,1000000,5,0.005199559680396439,0.12672265195301305,0.016442451420029897,Bernoulli; same mean in clean and online rewards,"clean log: max(0, empirical mean - 2 beta)",0.0,0.0551336323607195,92596,94327.37318798502,0.9816450609248434,0.6301784094345328,58352,8561.0,907379,92621,0,1,1.0,simulated,3855231300,"[4.0, 4.0, 4.0, 4.0, 0.0]","[8561, 8561, 8561, 8561, 58352]","[0, 0, 0, 0, 907379]",0.015395041999909154
MovieLens-25M,near-boundary-fixed-k-v2,fixed,TS,Ours,7,1000000,5,0.005199559680396439,0.12672265195301305,0.016442451420029897,Bernoulli; same mean in clean and online rewards,"clean log: max(0, empirical mean - 2 beta)",0.0,0.07675400066747926,138185,121757.92036280714,1.1349159018833799,0.6686181568187575,92393,11448.0,861790,138210,0,1,1.0,simulated,89586591,"[4.0, 4.0, 4.0, 4.0, 0.0]","[11448, 11448, 11448, 11448, 92393]","[0, 0, 0, 0, 861790]",0.018240166999930807
MovieLens-25M,near-boundary-fixed-k-v2,fixed,UCB,Ours,7,2500000,5,0.0032884902840059796,0.10647180428867146,0.016442451420029897,Bernoulli; same mean in clean and online rewards,"clean log: max(0, empirical mean - 2 beta)",0.0,0.0424316310957108,173917,177511.8638078107,0.9797485997234371,0.6369762587901125,110781,15784.0,2326058,173942,0,1,1.0,simulated,724696008,"[4.0, 4.0, 4.0, 4.0, 0.0]","[15784, 15784, 15784, 15784, 110781]","[0, 0, 0, 0, 2326058]",0.03931233399998746
MovieLens-25M,near-boundary-fixed-k-v2,fixed,TS,Ours,7,2500000,5,0.0032884902840059796,0.10647180428867146,0.016442451420029897,Bernoulli; same mean in clean and online rewards,"clean log: max(0, empirical mean - 2 beta)",0.0,0.058392428659151105,252863,228305.90053296532,1.1075622636546305,0.6707466098242922,169607,20814.0,2247112,252888,0,1,1.0,simulated,557028292,"[4.0, 4.0, 4.0, 4.0, 0.0]","[20814, 20814, 20814, 20814, 169607]","[0, 0, 0, 0, 2247112]",0.04710820800028159
MovieLens-25M,near-boundary-fixed-k-v2,fixed,UCB,Ours,7,10000000,5,0.0016442451420029898,0.08201097775777105,0.016442451420029897,Bernoulli; same mean in clean and online rewards,"clean log: max(0, empirical mean - 2 beta)",0.0,0.028274688362327383,451292,460914.1102569438,0.9791238540048605,0.6447621495617029,290976,40079.0,9548683,451317,0,1,1.0,simulated,1180878995,"[4.0, 4.0, 4.0, 4.0, 0.0]","[40079, 40079, 40079, 40079, 290976]","[0, 0, 0, 0, 9548683]",0.15986508400055754
MovieLens-25M,near-boundary-fixed-k-v2,fixed,TS,Ours,7,10000000,5,0.0016442451420029898,0.08201097775777105,0.016442451420029897,Bernoulli; same mean in clean and online rewards,"clean log: max(0, empirical mean - 2 beta)",0.0,0.03829417314189293,635772,589995.1435423779,1.077588530954296,0.6723731148902437,427476,52074.0,9364203,635797,0,1,1.0,simulated,3609760069,"[4.0, 4.0, 4.0, 4.0, 0.0]","[52074, 52074, 52074, 52074, 427476]","[0, 0, 0, 0, 9364203]",0.1956230420000793
MovieLens-25M,near-boundary-fixed-k-v2,fixed,UCB,Ours,7,100000,10,0.016442451420029897,0.15688135668249298,0.016442451420029897,Bernoulli; same mean in clean and online rewards,"clean log: max(0, empirical mean - 2 beta)",0.0,0.1364227289734934,26183,25059.44785667459,1.0448354708272694,0.6034067906656991,15799,1153.7777777777778,73767,26233,0,1,1.0,simulated,247588266,"[5.0, 3.0, 4.0, 4.0, 4.0, 3.0, 3.0, 3.0, 2.0, 0.0]","[1174, 1148, 1161, 1161, 1161, 1148, 1148, 1148, 1135, 15799]","[0, 0, 0, 0, 0, 0, 0, 0, 0, 73767]",0.002036959005636163
MovieLens-25M,near-boundary-fixed-k-v2,fixed,TS,Ours,7,100000,10,0.016442451420029897,0.15688135668249298,0.016442451420029897,Bernoulli; same mean in clean and online rewards,"clean log: max(0, empirical mean - 2 beta)",0.0,0.18928057310818291,41837,32976.642231990234,1.2686858687939564,0.6387169252097425,26722,1679.4444444444443,58113,41887,0,1,1.0,simulated,1573998498,"[5.0, 3.0, 4.0, 4.0, 4.0, 3.0, 3.0, 3.0, 2.0, 0.0]","[1696, 1675, 1685, 1685, 1685, 1675, 1675, 1675, 1664, 26722]","[0, 0, 0, 0, 0, 0, 0, 0, 0, 58113]",0.0031324580049840733
MovieLens-25M,near-boundary-fixed-k-v2,fixed,UCB,Ours,7,250000,10,0.010399119360792878,0.13126894207261167,0.016442451420029897,Bernoulli; same mean in clean and online rewards,"clean log: max(0, empirical mean - 2 beta)",0.0,0.10707855746541617,48644,47353.36579619098,1.0272553847463328,0.6163350053449552,29981,2073.6666666666665,201306,48694,0,1,1.0,simulated,3969117035,"[5.0, 3.0, 4.0, 4.0, 4.0, 3.0, 3.0, 3.0, 2.0, 0.0]","[2100, 2066, 2083, 2083, 2083, 2066, 2066, 2066, 2050, 29981]","[0, 0, 0, 0, 0, 0, 0, 0, 0, 201306]",0.0044360000028973445
MovieLens-25M,near-boundary-fixed-k-v2,fixed,TS,Ours,7,250000,10,0.010399119360792878,0.13126894207261167,0.016442451420029897,Bernoulli; same mean in clean and online rewards,"clean log: max(0, empirical mean - 2 beta)",0.0,0.1476960825072971,74642,61975.520735617014,1.2043787468671259,0.6484151014174325,48399,2915.8888888888887,175308,74692,0,1,1.0,simulated,3237648552,"[5.0, 3.0, 4.0, 4.0, 4.0, 3.0, 3.0, 3.0, 2.0, 0.0]","[2937, 2910, 2923, 2923, 2923, 2910, 2910, 2910, 2897, 48399]","[0, 0, 0, 0, 0, 0, 0, 0, 0, 175308]",0.008053333003772423
MovieLens-25M,near-boundary-fixed-k-v2,fixed,UCB,Ours,7,1000000,10,0.005199559680396439,0.10057983550920645,0.016442451420029897,Bernoulli; same mean in clean and online rewards,"clean log: max(0, empirical mean - 2 beta)",0.0,0.07299350474319913,124807,123603.82576037137,1.0097341181167094,0.6309181376044612,78743,5118.222222222223,875143,124857,0,1,1.0,simulated,2253781552,"[5.0, 3.0, 4.0, 4.0, 4.0, 3.0, 3.0, 3.0, 2.0, 0.0]","[5158, 5107, 5132, 5132, 5132, 5107, 5107, 5107, 5082, 78743]","[0, 0, 0, 0, 0, 0, 0, 0, 0, 875143]",0.017564624999067746
MovieLens-25M,near-boundary-fixed-k-v2,fixed,TS,Ours,7,1000000,10,0.005199559680396439,0.10057983550920645,0.016442451420029897,Bernoulli; same mean in clean and online rewards,"clean log: max(0, empirical mean - 2 beta)",0.0,0.099594120230909,182818,160643.27736779582,1.1380370407996268,0.6581572930455426,120323,6943.888888888889,817132,182868,0,1,1.0,simulated,3172572290,"[5.0, 3.0, 4.0, 4.0, 4.0, 3.0, 3.0, 3.0, 2.0, 0.0]","[6975, 6935, 6955, 6955, 6955, 6935, 6935, 6935, 6915, 120323]","[0, 0, 0, 0, 0, 0, 0, 0, 0, 817132]",0.03556837499490939
MovieLens-25M,near-boundary-fixed-k-v2,fixed,UCB,Ours,7,2500000,10,0.0032884902840059796,0.08450672706639467,0.016442451420029897,Bernoulli; same mean in clean and online rewards,"clean log: max(0, empirical mean - 2 beta)",0.0,0.05616562238647935,233165,232606.34472215077,1.0024017198607225,0.6380503077219994,148771,9377.111111111111,2266785,233215,0,1,1.0,simulated,2254544109,"[5.0, 3.0, 4.0, 4.0, 4.0, 3.0, 3.0, 3.0, 2.0, 0.0]","[9429, 9362, 9396, 9396, 9396, 9362, 9362, 9362, 9329, 148771]","[0, 0, 0, 0, 0, 0, 0, 0, 0, 2266785]",0.04462962500110734
MovieLens-25M,near-boundary-fixed-k-v2,fixed,TS,Ours,7,2500000,10,0.0032884902840059796,0.08450672706639467,0.016442451420029897,Bernoulli; same mean in clean and online rewards,"clean log: max(0, empirical mean - 2 beta)",0.0,0.0760522358765299,333580,301113.0238807741,1.1078232209978445,0.6622729180406499,220921,12517.666666666666,2166370,333630,0,1,1.0,simulated,100198972,"[5.0, 3.0, 4.0, 4.0, 4.0, 3.0, 3.0, 3.0, 2.0, 0.0]","[12559, 12506, 12532, 12532, 12532, 12506, 12506, 12506, 12480, 220921]","[0, 0, 0, 0, 0, 0, 0, 0, 0, 2166370]",0.09273579200089443
MovieLens-25M,near-boundary-fixed-k-v2,fixed,UCB,Ours,7,10000000,10,0.0016442451420029898,0.06509215618281318,0.016442451420029897,Bernoulli; same mean in clean and online rewards,"clean log: max(0, empirical mean - 2 beta)",0.0,0.03739872377571804,601347,603968.343962668,0.9956597990790889,0.6460812143404723,388519,23647.555555555555,9398603,601397,0,1,1.0,simulated,2588277045,"[5.0, 3.0, 4.0, 4.0, 4.0, 3.0, 3.0, 3.0, 2.0, 0.0]","[23726, 23625, 23676, 23676, 23676, 23625, 23625, 23625, 23574, 388519]","[0, 0, 0, 0, 0, 0, 0, 0, 0, 9398603]",0.2018762920051813
MovieLens-25M,near-boundary-fixed-k-v2,fixed,TS,Ours,7,10000000,10,0.0016442451420029898,0.06509215618281318,0.016442451420029897,Bernoulli; same mean in clean and online rewards,"clean log: max(0, empirical mean - 2 beta)",0.0,0.05007203037811386,836433,777780.8263738758,1.0754096419418937,0.6661836632461895,557218,31023.88888888889,9163517,836483,0,1,1.0,simulated,524667573,"[5.0, 3.0, 4.0, 4.0, 4.0, 3.0, 3.0, 3.0, 2.0, 0.0]","[31086, 31006, 31046, 31046, 31046, 31006, 31006, 31006, 30967, 557218]","[0, 0, 0, 0, 0, 0, 0, 0, 0, 9163517]",0.41126291699765716
MovieLens-25M,near-boundary-fixed-k-v2,fixed,UCB,Ours,7,100000,15,0.016442451420029897,0.13704848847915332,0.016442451420029897,Bernoulli; same mean in clean and online rewards,"clean log: max(0, empirical mean - 2 beta)",0.0,0.15789220898135992,31238,29035.7694853145,1.075845433192302,0.6002625008003073,18751,891.9285714285714,68687,31313,0,1,1.0,simulated,190954575,"[3.0, 4.0, 4.0, 3.0, 4.0, 4.0, 4.0, 1.0, 4.0, 3.0, 4.0, 5.0, 2.0, 5.0, 0.0]","[885, 897, 897, 885, 897, 897, 897, 863, 897, 885, 897, 908, 874, 908, 18751]","[0, 0, 0, 0, 0, 0, 0, 0, 0, 0, 0, 0, 0, 0, 68687]",0.0022945000000618165
MovieLens-25M,near-boundary-fixed-k-v2,fixed,TS,Ours,7,100000,15,0.016442451420029897,0.13704848847915332,0.016442451420029897,Bernoulli; same mean in clean and online rewards,"clean log: max(0, empirical mean - 2 beta)",0.0,0.21558401481515876,49480,38383.40140857019,1.2890988860865304,0.6276273241713823,31055,1316.0714285714287,50445,49555,0,1,1.0,simulated,2065176121,"[3.0, 4.0, 4.0, 3.0, 4.0, 4.0, 4.0, 1.0, 4.0, 3.0, 4.0, 5.0, 2.0, 5.0, 0.0]","[1311, 1320, 1320, 1311, 1320, 1320, 1320, 1292, 1320, 1311, 1320, 1329, 1302, 1329, 31055]","[0, 0, 0, 0, 0, 0, 0, 0, 0, 0, 0, 0, 0, 0, 50445]",0.003733375000592787
MovieLens-25M,near-boundary-fixed-k-v2,fixed,UCB,Ours,7,250000,15,0.010399119360792878,0.11467398342123439,0.016442451420029897,Bernoulli; same mean in clean and online rewards,"clean log: max(0, empirical mean - 2 beta)",0.0,0.12412650060171823,57684,54867.18707753817,1.0513387522214528,0.6142257818459191,35431,1589.5,192241,57759,0,1,1.0,simulated,2148851758,"[3.0, 4.0, 4.0, 3.0, 4.0, 4.0, 4.0, 1.0, 4.0, 3.0, 4.0, 5.0, 2.0, 5.0, 0.0]","[1581, 1596, 1596, 1581, 1596, 1596, 1596, 1552, 1596, 1581, 1596, 1610, 1566, 1610, 35431]","[0, 0, 0, 0, 0, 0, 0, 0, 0, 0, 0, 0, 0, 0, 192241]",0.005063666999376437
MovieLens-25M,near-boundary-fixed-k-v2,fixed,TS,Ours,7,250000,15,0.010399119360792878,0.11467398342123439,0.016442451420029897,Bernoulli; same mean in clean and online rewards,"clean log: max(0, empirical mean - 2 beta)",0.0,0.1690355123198366,87803,72117.80156339164,1.2174941290025467,0.639647848023416,56163,2260.0,162122,87878,0,1,1.0,simulated,3367083475,"[3.0, 4.0, 4.0, 3.0, 4.0, 4.0, 4.0, 1.0, 4.0, 3.0, 4.0, 5.0, 2.0, 5.0, 0.0]","[2253, 2265, 2265, 2253, 2265, 2265, 2265, 2230, 2265, 2253, 2265, 2277, 2242, 2277, 56163]","[0, 0, 0, 0, 0, 0, 0, 0, 0, 0, 0, 0, 0, 0, 162122]",0.010278833000484155
MovieLens-25M,near-boundary-fixed-k-v2,fixed,UCB,Ours,7,1000000,15,0.005199559680396439,0.08786457944723307,0.016442451420029897,Bernoulli; same mean in clean and online rewards,"clean log: max(0, empirical mean - 2 beta)",0.0,0.08473960734882377,146976,143216.7305843177,1.0262488146485724,0.629946385804485,92587,3884.9285714285716,852949,147051,0,1,1.0,simulated,1577234768,"[3.0, 4.0, 4.0, 3.0, 4.0, 4.0, 4.0, 1.0, 4.0, 3.0, 4.0, 5.0, 2.0, 5.0, 0.0]","[3873, 3894, 3894, 3873, 3894, 3894, 3894, 3829, 3894, 3873, 3894, 3916, 3851, 3916, 92587]","[0, 0, 0, 0, 0, 0, 0, 0, 0, 0, 0, 0, 0, 0, 852949]",0.01979212500009453
MovieLens-25M,near-boundary-fixed-k-v2,fixed,TS,Ours,7,1000000,15,0.005199559680396439,0.08786457944723307,0.016442451420029897,Bernoulli; same mean in clean and online rewards,"clean log: max(0, empirical mean - 2 beta)",0.0,0.11458968680560591,213869,186867.8377640692,1.144493362576503,0.6519878991345169,139440,5316.357142857143,786056,213944,0,1,1.0,simulated,2537027238,"[3.0, 4.0, 4.0, 3.0, 4.0, 4.0, 4.0, 1.0, 4.0, 3.0, 4.0, 5.0, 2.0, 5.0, 0.0]","[5306, 5324, 5324, 5306, 5324, 5324, 5324, 5272, 5324, 5306, 5324, 5341, 5289, 5341, 139440]","[0, 0, 0, 0, 0, 0, 0, 0, 0, 0, 0, 0, 0, 0, 786056]",0.04730924999967101
MovieLens-25M,near-boundary-fixed-k-v2,fixed,UCB,Ours,7,2500000,15,0.0032884902840059796,0.07382342590400462,0.016442451420029897,Bernoulli; same mean in clean and online rewards,"clean log: max(0, empirical mean - 2 beta)",0.0,0.06523822565990142,273676,269515.28400794626,1.015437773807036,0.6375422031891727,174480,7085.428571428572,2226249,273751,0,1,1.0,simulated,2613628402,"[3.0, 4.0, 4.0, 3.0, 4.0, 4.0, 4.0, 1.0, 4.0, 3.0, 4.0, 5.0, 2.0, 5.0, 0.0]","[7069, 7098, 7098, 7069, 7098, 7098, 7098, 7011, 7098, 7069, 7098, 7126, 7040, 7126, 174480]","[0, 0, 0, 0, 0, 0, 0, 0, 0, 0, 0, 0, 0, 0, 2226249]",0.050599041000168654
MovieLens-25M,near-boundary-fixed-k-v2,fixed,TS,Ours,7,2500000,15,0.0032884902840059796,0.07382342590400462,0.016442451420029897,Bernoulli; same mean in clean and online rewards,"clean log: max(0, empirical mean - 2 beta)",0.0,0.08772009927985014,389284,350198.96764450165,1.111608074171066,0.6573761058764296,255906,9527.0,2110641,389359,0,1,1.0,simulated,3221678713,"[3.0, 4.0, 4.0, 3.0, 4.0, 4.0, 4.0, 1.0, 4.0, 3.0, 4.0, 5.0, 2.0, 5.0, 0.0]","[9514, 9537, 9537, 9514, 9537, 9537, 9537, 9468, 9537, 9514, 9537, 9559, 9491, 9559, 255906]","[0, 0, 0, 0, 0, 0, 0, 0, 0, 0, 0, 0, 0, 0, 2110641]",0.12458587499986606
MovieLens-25M,near-boundary-fixed-k-v2,fixed,UCB,Ours,7,10000000,15,0.0016442451420029898,0.056863236048869684,0.016442451420029897,Bernoulli; same mean in clean and online rewards,"clean log: max(0, empirical mean - 2 beta)",0.0,0.04345500209169059,703201,699803.3520940593,1.0048551466576627,0.6460357707113613,454293,17779.14285714286,9296724,703276,0,1,1.0,simulated,1373531494,"[3.0, 4.0, 4.0, 3.0, 4.0, 4.0, 4.0, 1.0, 4.0, 3.0, 4.0, 5.0, 2.0, 5.0, 0.0]","[17754, 17798, 17798, 17754, 17798, 17798, 17798, 17666, 17798, 17754, 17798, 17842, 17710, 17842, 454293]","[0, 0, 0, 0, 0, 0, 0, 0, 0, 0, 0, 0, 0, 0, 9296724]",0.20887304099960602
MovieLens-25M,near-boundary-fixed-k-v2,fixed,TS,Ours,7,10000000,15,0.0016442451420029898,0.056863236048869684,0.016442451420029897,Bernoulli; same mean in clean and online rewards,"clean log: max(0, empirical mean - 2 beta)",0.0,0.05790573223313189,973714,904329.9668195297,1.0767242441655334,0.6627079409354287,645288,23459.0,9026211,973789,0,1,1.0,simulated,1404365805,"[3.0, 4.0, 4.0, 3.0, 4.0, 4.0, 4.0, 1.0, 4.0, 3.0, 4.0, 5.0, 2.0, 5.0, 0.0]","[23439, 23474, 23474, 23439, 23474, 23474, 23474, 23370, 23474, 23439, 23474, 23508, 23405, 23508, 645288]","[0, 0, 0, 0, 0, 0, 0, 0, 0, 0, 0, 0, 0, 0, 9026211]",0.5317835000005289
MovieLens-25M,near-boundary-fixed-k-v2,fixed,UCB,Ours,7,100000,20,0.016442451420029897,0.12451681531599387,0.016442451420029897,Bernoulli; same mean in clean and online rewards,"clean log: max(0, empirical mean - 2 beta)",0.0,0.1741851678682131,35306,32147.104475194756,1.0982637651625111,0.5974621877301308,21094,748.0,64594,35406,0,1,1.0,simulated,3399671809,"[5.0, 5.0, 3.0, 4.0, 4.0, 5.0, 3.0, 3.0, 3.0, 4.0, 4.0, 2.0, 2.0, 4.0, 3.0, 4.0, 5.0, 3.0, 2.0, 0.0]","[763, 763, 742, 752, 752, 763, 742, 742, 742, 752, 752, 732, 732, 752, 742, 752, 763, 742, 732, 21094]","[0, 0, 0, 0, 0, 0, 0, 0, 0, 0, 0, 0, 0, 0, 0, 0, 0, 0, 0, 64594]",0.003380500000275788
MovieLens-25M,near-boundary-fixed-k-v2,fixed,TS,Ours,7,100000,20,0.016442451420029897,0.12451681531599387,0.016442451420029897,Bernoulli; same mean in clean and online rewards,"clean log: max(0, empirical mean - 2 beta)",0.0,0.23541976131829262,55722,42632.14931415255,1.3070417723814367,0.6195219123505976,34521,1115.842105263158,44178,55822,0,1,1.0,simulated,3583525460,"[5.0, 5.0, 3.0, 4.0, 4.0, 5.0, 3.0, 3.0, 3.0, 4.0, 4.0, 2.0, 2.0, 4.0, 3.0, 4.0, 5.0, 3.0, 2.0, 0.0]","[1128, 1128, 1111, 1119, 1119, 1128, 1111, 1111, 1111, 1119, 1119, 1103, 1103, 1119, 1111, 1119, 1128, 1111, 1103, 34521]","[0, 0, 0, 0, 0, 0, 0, 0, 0, 0, 0, 0, 0, 0, 0, 0, 0, 0, 0, 44178]",0.004171542000221962
MovieLens-25M,near-boundary-fixed-k-v2,fixed,UCB,Ours,7,250000,20,0.010399119360792878,0.1041882283684082,0.016442451420029897,Bernoulli; same mean in clean and online rewards,"clean log: max(0, empirical mean - 2 beta)",0.0,0.13715979277173235,64912,60746.49394546845,1.0685719583795386,0.6122442691644072,39742,1324.7368421052631,184988,65012,0,1,1.0,simulated,1962613615,"[5.0, 5.0, 3.0, 4.0, 4.0, 5.0, 3.0, 3.0, 3.0, 4.0, 4.0, 2.0, 2.0, 4.0, 3.0, 4.0, 5.0, 3.0, 2.0, 0.0]","[1344, 1344, 1317, 1330, 1330, 1344, 1317, 1317, 1317, 1330, 1330, 1304, 1304, 1330, 1317, 1330, 1344, 1317, 1304, 39742]","[0, 0, 0, 0, 0, 0, 0, 0, 0, 0, 0, 0, 0, 0, 0, 0, 0, 0, 0, 184988]",0.00847658299971954
MovieLens-25M,near-boundary-fixed-k-v2,fixed,TS,Ours,7,250000,20,0.010399119360792878,0.1041882283684082,0.016442451420029897,Bernoulli; same mean in clean and online rewards,"clean log: max(0, empirical mean - 2 beta)",0.0,0.18528494805796947,98459,80086.01082922542,1.229415711689685,0.6332483571842087,62349,1900.5263157894738,151441,98559,0,1,1.0,simulated,4210981857,"[5.0, 5.0, 3.0, 4.0, 4.0, 5.0, 3.0, 3.0, 3.0, 4.0, 4.0, 2.0, 2.0, 4.0, 3.0, 4.0, 5.0, 3.0, 2.0, 0.0]","[1916, 1916, 1894, 1905, 1905, 1916, 1894, 1894, 1894, 1905, 1905, 1884, 1884, 1905, 1894, 1905, 1916, 1894, 1884, 62349]","[0, 0, 0, 0, 0, 0, 0, 0, 0, 0, 0, 0, 0, 0, 0, 0, 0, 0, 0, 151441]",0.012890125000012631
MovieLens-25M,near-boundary-fixed-k-v2,fixed,UCB,Ours,7,1000000,20,0.005199559680396439,0.07983026834705138,0.016442451420029897,Bernoulli; same mean in clean and online rewards,"clean log: max(0, empirical mean - 2 beta)",0.0,0.09379178051490605,164597,158563.15442297678,1.0380532640068927,0.6288146199505459,103501,3215.5789473684213,835303,164697,0,1,1.0,simulated,1325349915,"[5.0, 5.0, 3.0, 4.0, 4.0, 5.0, 3.0, 3.0, 3.0, 4.0, 4.0, 2.0, 2.0, 4.0, 3.0, 4.0, 5.0, 3.0, 2.0, 0.0]","[3244, 3244, 3204, 3224, 3224, 3244, 3204, 3204, 3204, 3224, 3224, 3184, 3184, 3224, 3204, 3224, 3244, 3204, 3184, 103501]","[0, 0, 0, 0, 0, 0, 0, 0, 0, 0, 0, 0, 0, 0, 0, 0, 0, 0, 0, 835303]",0.03634420800062799
MovieLens-25M,near-boundary-fixed-k-v2,fixed,TS,Ours,7,1000000,20,0.005199559680396439,0.07983026834705138,0.016442451420029897,Bernoulli; same mean in clean and online rewards,"clean log: max(0, empirical mean - 2 beta)",0.0,0.12612943123446213,238742,207464.75388734078,1.1507593243025929,0.6475442109054963,154596,4428.736842105263,761158,238842,0,1,1.0,simulated,1269419879,"[5.0, 5.0, 3.0, 4.0, 4.0, 5.0, 3.0, 3.0, 3.0, 4.0, 4.0, 2.0, 2.0, 4.0, 3.0, 4.0, 5.0, 3.0, 2.0, 0.0]","[4451, 4451, 4420, 4435, 4435, 4451, 4420, 4420, 4420, 4435, 4435, 4404, 4404, 4435, 4420, 4435, 4451, 4420, 4404, 154596]","[0, 0, 0, 0, 0, 0, 0, 0, 0, 0, 0, 0, 0, 0, 0, 0, 0, 0, 0, 761158]",0.06328516699977627
MovieLens-25M,near-boundary-fixed-k-v2,fixed,UCB,Ours,7,2500000,20,0.0032884902840059796,0.06707303372179221,0.016442451420029897,Bernoulli; same mean in clean and online rewards,"clean log: max(0, empirical mean - 2 beta)",0.0,0.07225625127846974,305739,298395.2602684533,1.0246107787534557,0.6368536562231184,194711,5843.578947368421,2194161,305839,0,1,1.0,simulated,1567214458,"[5.0, 5.0, 3.0, 4.0, 4.0, 5.0, 3.0, 3.0, 3.0, 4.0, 4.0, 2.0, 2.0, 4.0, 3.0, 4.0, 5.0, 3.0, 2.0, 0.0]","[5881, 5881, 5828, 5855, 5855, 5881, 5828, 5828, 5828, 5855, 5855, 5802, 5802, 5855, 5828, 5855, 5881, 5828, 5802, 194711]","[0, 0, 0, 0, 0, 0, 0, 0, 0, 0, 0, 0, 0, 0, 0, 0, 0, 0, 0, 2194161]",0.09470750000036787
MovieLens-25M,near-boundary-fixed-k-v2,fixed,TS,Ours,7,2500000,20,0.0032884902840059796,0.06707303372179221,0.016442451420029897,Bernoulli; same mean in clean and online rewards,"clean log: max(0, empirical mean - 2 beta)",0.0,0.09674302645914706,433682,388744.55346659984,1.115596337318874,0.653880031912784,283576,7900.315789473684,2066218,433782,0,1,1.0,simulated,4032262061,"[5.0, 5.0, 3.0, 4.0, 4.0, 5.0, 3.0, 3.0, 3.0, 4.0, 4.0, 2.0, 2.0, 4.0, 3.0, 4.0, 5.0, 3.0, 2.0, 0.0]","[7930, 7930, 7888, 7909, 7909, 7930, 7888, 7888, 7888, 7909, 7909, 7868, 7868, 7909, 7888, 7909, 7930, 7888, 7868, 283576]","[0, 0, 0, 0, 0, 0, 0, 0, 0, 0, 0, 0, 0, 0, 0, 0, 0, 0, 0, 2066218]",0.1711422919997858
MovieLens-25M,near-boundary-fixed-k-v2,fixed,UCB,Ours,7,10000000,20,0.0016442451420029898,0.051663678599737986,0.016442451420029897,Bernoulli; same mean in clean and online rewards,"clean log: max(0, empirical mean - 2 beta)",0.0,0.04815859445742787,783504,774790.9516652355,1.011245676418959,0.6457567542731115,505953,14607.947368421053,9216396,783604,0,1,1.0,simulated,1998157713,"[5.0, 5.0, 3.0, 4.0, 4.0, 5.0, 3.0, 3.0, 3.0, 4.0, 4.0, 2.0, 2.0, 4.0, 3.0, 4.0, 5.0, 3.0, 2.0, 0.0]","[14664, 14664, 14585, 14625, 14625, 14664, 14585, 14585, 14585, 14625, 14625, 14545, 14545, 14625, 14585, 14625, 14664, 14585, 14545, 505953]","[0, 0, 0, 0, 0, 0, 0, 0, 0, 0, 0, 0, 0, 0, 0, 0, 0, 0, 0, 9216396]",0.3961311660004867
MovieLens-25M,near-boundary-fixed-k-v2,fixed,TS,Ours,7,10000000,20,0.0016442451420029898,0.051663678599737986,0.016442451420029897,Bernoulli; same mean in clean and online rewards,"clean log: max(0, empirical mean - 2 beta)",0.0,0.06399507607462293,1082549,1003681.3015450304,1.078578427568157,0.6602537159980749,714757,19357.473684210527,8917351,1082649,0,1,1.0,simulated,3058230689,"[5.0, 5.0, 3.0, 4.0, 4.0, 5.0, 3.0, 3.0, 3.0, 4.0, 4.0, 2.0, 2.0, 4.0, 3.0, 4.0, 5.0, 3.0, 2.0, 0.0]","[19402, 19402, 19339, 19371, 19371, 19402, 19339, 19339, 19339, 19371, 19371, 19308, 19308, 19371, 19339, 19371, 19402, 19339, 19308, 714757]","[0, 0, 0, 0, 0, 0, 0, 0, 0, 0, 0, 0, 0, 0, 0, 0, 0, 0, 0, 8917351]",0.7380595419999736
MovieLens-25M,near-boundary-fixed-k-v2,fixed,UCB,Ours,7,100000,25,0.016442451420029897,0.11559117191354834,0.016442451420029897,Bernoulli; same mean in clean and online rewards,"clean log: max(0, empirical mean - 2 beta)",0.0,0.18755702566103633,38829,34750.50140085435,1.1173651727236769,0.5945813695948904,23087,655.9166666666666,61046,38954,0,1,1.0,simulated,3021420508,"[3.0, 4.0, 4.0, 4.0, 5.0, 4.0, 1.0, 5.0, 5.0, 4.0, 4.0, 3.0, 4.0, 5.0, 4.0, 3.0, 3.0, 5.0, 1.0, 3.0, 5.0, 3.0, 4.0, 3.0, 0.0]","[649, 659, 659, 659, 668, 659, 630, 668, 668, 659, 659, 649, 659, 668, 659, 649, 649, 668, 630, 649, 668, 649, 659, 649, 23087]","[0, 0, 0, 0, 0, 0, 0, 0, 0, 0, 0, 0, 0, 0, 0, 0, 0, 0, 0, 0, 0, 0, 0, 0, 61046]",0.004243584000505507
MovieLens-25M,near-boundary-fixed-k-v2,fixed,TS,Ours,7,100000,25,0.016442451420029897,0.11559117191354834,0.016442451420029897,Bernoulli; same mean in clean and online rewards,"clean log: max(0, empirical mean - 2 beta)",0.0,0.2515684294581221,61159,46197.86118183885,1.3238491660744376,0.6128125051096323,37479,986.6666666666666,38716,61284,0,1,1.0,simulated,4244856294,"[3.0, 4.0, 4.0, 4.0, 5.0, 4.0, 1.0, 5.0, 5.0, 4.0, 4.0, 3.0, 4.0, 5.0, 4.0, 3.0, 3.0, 5.0, 1.0, 3.0, 5.0, 3.0, 4.0, 3.0, 0.0]","[981, 989, 989, 989, 997, 989, 965, 997, 997, 989, 989, 981, 989, 997, 989, 981, 981, 997, 965, 981, 997, 981, 989, 981, 37479]","[0, 0, 0, 0, 0, 0, 0, 0, 0, 0, 0, 0, 0, 0, 0, 0, 0, 0, 0, 0, 0, 0, 0, 0, 38716]",0.0049694999997882405
MovieLens-25M,near-boundary-fixed-k-v2,fixed,UCB,Ours,7,250000,25,0.010399119360792878,0.09671978347774034,0.016442451420029897,Bernoulli; same mean in clean and online rewards,"clean log: max(0, empirical mean - 2 beta)",0.0,0.14790449688497542,71126,65665.98010647747,1.083148380404421,0.6101285043444029,43396,1155.4166666666667,178749,71251,0,1,1.0,simulated,3228362325,"[3.0, 4.0, 4.0, 4.0, 5.0, 4.0, 1.0, 5.0, 5.0, 4.0, 4.0, 3.0, 4.0, 5.0, 4.0, 3.0, 3.0, 5.0, 1.0, 3.0, 5.0, 3.0, 4.0, 3.0, 0.0]","[1147, 1159, 1159, 1159, 1171, 1159, 1122, 1171, 1171, 1159, 1159, 1147, 1159, 1171, 1159, 1147, 1147, 1171, 1122, 1147, 1171, 1147, 1159, 1147, 43396]","[0, 0, 0, 0, 0, 0, 0, 0, 0, 0, 0, 0, 0, 0, 0, 0, 0, 0, 0, 0, 0, 0, 0, 0, 178749]",0.00943474999985483
MovieLens-25M,near-boundary-fixed-k-v2,fixed,TS,Ours,7,250000,25,0.010399119360792878,0.09671978347774034,0.016442451420029897,Bernoulli; same mean in clean and online rewards,"clean log: max(0, empirical mean - 2 beta)",0.0,0.19860830624934617,107642,86772.19353143856,1.2405126068525636,0.6280819754370971,67608,1668.0833333333333,142233,107767,0,1,1.0,simulated,3189574557,"[3.0, 4.0, 4.0, 4.0, 5.0, 4.0, 1.0, 5.0, 5.0, 4.0, 4.0, 3.0, 4.0, 5.0, 4.0, 3.0, 3.0, 5.0, 1.0, 3.0, 5.0, 3.0, 4.0, 3.0, 0.0]","[1661, 1671, 1671, 1671, 1681, 1671, 1641, 1681, 1681, 1671, 1671, 1661, 1671, 1681, 1671, 1661, 1661, 1681, 1641, 1661, 1681, 1661, 1671, 1661, 67608]","[0, 0, 0, 0, 0, 0, 0, 0, 0, 0, 0, 0, 0, 0, 0, 0, 0, 0, 0, 0, 0, 0, 0, 0, 142233]",0.015055666999614914
MovieLens-25M,near-boundary-fixed-k-v2,fixed,UCB,Ours,7,1000000,25,0.005199559680396439,0.07410785642879708,0.016442451420029897,Bernoulli; same mean in clean and online rewards,"clean log: max(0, empirical mean - 2 beta)",0.0,0.10129147830633978,179580,171404.2122876498,1.0476988727594958,0.6276255707762557,112709,2786.2916666666665,820295,179705,0,1,1.0,simulated,2412996813,"[3.0, 4.0, 4.0, 4.0, 5.0, 4.0, 1.0, 5.0, 5.0, 4.0, 4.0, 3.0, 4.0, 5.0, 4.0, 3.0, 3.0, 5.0, 1.0, 3.0, 5.0, 3.0, 4.0, 3.0, 0.0]","[2773, 2792, 2792, 2792, 2810, 2792, 2736, 2810, 2810, 2792, 2792, 2773, 2792, 2810, 2792, 2773, 2773, 2810, 2736, 2773, 2810, 2773, 2792, 2773, 112709]","[0, 0, 0, 0, 0, 0, 0, 0, 0, 0, 0, 0, 0, 0, 0, 0, 0, 0, 0, 0, 0, 0, 0, 0, 820295]",0.04060662499978207
MovieLens-25M,near-boundary-fixed-k-v2,fixed,TS,Ours,7,1000000,25,0.005199559680396439,0.07410785642879708,0.016442451420029897,Bernoulli; same mean in clean and online rewards,"clean log: max(0, empirical mean - 2 beta)",0.0,0.1356648064097178,260003,224744.19289897382,1.156884174163626,0.6439310315650204,167424,3857.4583333333335,739872,260128,0,1,1.0,simulated,3634283746,"[3.0, 4.0, 4.0, 4.0, 5.0, 4.0, 1.0, 5.0, 5.0, 4.0, 4.0, 3.0, 4.0, 5.0, 4.0, 3.0, 3.0, 5.0, 1.0, 3.0, 5.0, 3.0, 4.0, 3.0, 0.0]","[3847, 3862, 3862, 3862, 3876, 3862, 3818, 3876, 3876, 3862, 3862, 3847, 3862, 3876, 3862, 3847, 3847, 3876, 3818, 3847, 3876, 3847, 3862, 3847, 167424]","[0, 0, 0, 0, 0, 0, 0, 0, 0, 0, 0, 0, 0, 0, 0, 0, 0, 0, 0, 0, 0, 0, 0, 0, 739872]",0.07367929199972423
MovieLens-25M,near-boundary-fixed-k-v2,fixed,UCB,Ours,7,2500000,25,0.0032884902840059796,0.06226508887192082,0.016442451420029897,Bernoulli; same mean in clean and online rewards,"clean log: max(0, empirical mean - 2 beta)",0.0,0.07808436077708669,332913,322560.463197187,1.0320948720751444,0.6360400464986348,211746,5048.625,2166962,333038,0,1,1.0,simulated,3167699499,"[3.0, 4.0, 4.0, 4.0, 5.0, 4.0, 1.0, 5.0, 5.0, 4.0, 4.0, 3.0, 4.0, 5.0, 4.0, 3.0, 3.0, 5.0, 1.0, 3.0, 5.0, 3.0, 4.0, 3.0, 0.0]","[5031, 5056, 5056, 5056, 5080, 5056, 4983, 5080, 5080, 5056, 5056, 5031, 5056, 5080, 5056, 5031, 5031, 5080, 4983, 5031, 5080, 5031, 5056, 5031, 211746]","[0, 0, 0, 0, 0, 0, 0, 0, 0, 0, 0, 0, 0, 0, 0, 0, 0, 0, 0, 0, 0, 0, 0, 0, 2166962]",0.10435595900071348
MovieLens-25M,near-boundary-fixed-k-v2,fixed,TS,Ours,7,2500000,25,0.0032884902840059796,0.06226508887192082,0.016442451420029897,Bernoulli; same mean in clean and online rewards,"clean log: max(0, empirical mean - 2 beta)",0.0,0.10422570357005762,471451,421077.81143345765,1.1196291687635096,0.6510623585483963,306944,6854.458333333333,2028424,471576,0,1,1.0,simulated,1081860075,"[3.0, 4.0, 4.0, 4.0, 5.0, 4.0, 1.0, 5.0, 5.0, 4.0, 4.0, 3.0, 4.0, 5.0, 4.0, 3.0, 3.0, 5.0, 1.0, 3.0, 5.0, 3.0, 4.0, 3.0, 0.0]","[6841, 6860, 6860, 6860, 6879, 6860, 6803, 6879, 6879, 6860, 6860, 6841, 6860, 6879, 6860, 6841, 6841, 6879, 6803, 6841, 6879, 6841, 6860, 6841, 306944]","[0, 0, 0, 0, 0, 0, 0, 0, 0, 0, 0, 0, 0, 0, 0, 0, 0, 0, 0, 0, 0, 0, 0, 0, 2028424]",0.20076224999957049
MovieLens-25M,near-boundary-fixed-k-v2,fixed,UCB,Ours,7,10000000,25,0.0016442451420029898,0.04796031073838066,0.016442451420029897,Bernoulli; same mean in clean and online rewards,"clean log: max(0, empirical mean - 2 beta)",0.0,0.05207471195949227,851257,837536.5212747959,1.0163819467888044,0.6453468224049846,549356,12579.208333333334,9148618,851382,0,1,1.0,simulated,1256818551,"[3.0, 4.0, 4.0, 4.0, 5.0, 4.0, 1.0, 5.0, 5.0, 4.0, 4.0, 3.0, 4.0, 5.0, 4.0, 3.0, 3.0, 5.0, 1.0, 3.0, 5.0, 3.0, 4.0, 3.0, 0.0]","[12553, 12590, 12590, 12590, 12627, 12590, 12479, 12627, 12627, 12590, 12590, 12553, 12590, 12627, 12590, 12553, 12553, 12627, 12479, 12553, 12627, 12553, 12590, 12553, 549356]","[0, 0, 0, 0, 0, 0, 0, 0, 0, 0, 0, 0, 0, 0, 0, 0, 0, 0, 0, 0, 0, 0, 0, 0, 9148618]",0.43534537499999715
MovieLens-25M,near-boundary-fixed-k-v2,fixed,TS,Ours,7,10000000,25,0.0016442451420029898,0.04796031073838066,0.016442451420029897,Bernoulli; same mean in clean and online rewards,"clean log: max(0, empirical mean - 2 beta)",0.0,0.06906437316858524,1174666,1087006.7299986908,1.080642803381185,0.6582952090211175,773277,16724.541666666668,8825209,1174791,0,1,1.0,simulated,1865660916,"[3.0, 4.0, 4.0, 4.0, 5.0, 4.0, 1.0, 5.0, 5.0, 4.0, 4.0, 3.0, 4.0, 5.0, 4.0, 3.0, 3.0, 5.0, 1.0, 3.0, 5.0, 3.0, 4.0, 3.0, 0.0]","[16704, 16733, 16733, 16733, 16762, 16733, 16646, 16762, 16762, 16733, 16733, 16704, 16733, 16762, 16733, 16704, 16704, 16762, 16646, 16704, 16762, 16704, 16733, 16704, 773277]","[0, 0, 0, 0, 0, 0, 0, 0, 0, 0, 0, 0, 0, 0, 0, 0, 0, 0, 0, 0, 0, 0, 0, 0, 8825209]",0.8716972089996489
MovieLens-25M,near-boundary-fixed-k-v2,fixed,UCB,Ours,8,100000,5,0.016442451420029897,0.19765812362033866,0.016442451420029897,Bernoulli; same mean in clean and online rewards,"clean log: max(0, empirical mean - 2 beta)",0.0,0.10315091019321021,19021,19123.93791470531,0.994617326454184,0.6047526418169392,11503,1879.5,80954,19046,0,1,1.0,simulated,2152450053,"[5.0, 3.0, 4.0, 3.0, 0.0]","[1900, 1867, 1884, 1867, 11503]","[0, 0, 0, 0, 80954]",0.0018118329999197158
MovieLens-25M,near-boundary-fixed-k-v2,fixed,TS,Ours,8,100000,5,0.016442451420029897,0.19765812362033866,0.016442451420029897,Bernoulli; same mean in clean and online rewards,"clean log: max(0, empirical mean - 2 beta)",0.0,0.14812138964501387,31176,24967.322128044878,1.248672157955664,0.6570118039517577,20483,2673.25,68799,31201,0,1,1.0,simulated,1886273427,"[5.0, 3.0, 4.0, 3.0, 0.0]","[2690, 2663, 2677, 2663, 20483]","[0, 0, 0, 0, 68799]",0.0016552910001337295
MovieLens-25M,near-boundary-fixed-k-v2,fixed,UCB,Ours,8,250000,5,0.010399119360792878,0.16538850331471416,0.016442451420029897,Bernoulli; same mean in clean and online rewards,"clean log: max(0, empirical mean - 2 beta)",0.0,0.08089118891018682,35682,36137.38150649174,0.9873986025686465,0.616669469200157,22004,3419.5,214293,35707,0,1,1.0,simulated,72510207,"[5.0, 3.0, 4.0, 3.0, 0.0]","[3447, 3403, 3425, 3403, 22004]","[0, 0, 0, 0, 214293]",0.003968332999647828
MovieLens-25M,near-boundary-fixed-k-v2,fixed,TS,Ours,8,250000,5,0.010399119360792878,0.16538850331471416,0.016442451420029897,Bernoulli; same mean in clean and online rewards,"clean log: max(0, empirical mean - 2 beta)",0.0,0.11473028653652687,56014,46944.97392466051,1.193184175368675,0.6630663762630771,37141,4718.25,193961,56039,0,1,1.0,simulated,937888728,"[5.0, 3.0, 4.0, 3.0, 0.0]","[4740, 4705, 4723, 4705, 37141]","[0, 0, 0, 0, 193961]",0.004231875000186847
MovieLens-25M,near-boundary-fixed-k-v2,fixed,UCB,Ours,8,1000000,5,0.005199559680396439,0.12672265195301305,0.016442451420029897,Bernoulli; same mean in clean and online rewards,"clean log: max(0, empirical mean - 2 beta)",0.0,0.05512420871887981,92564,94327.37318798502,0.9813058168759687,0.6302882330063524,58342,8555.5,907411,92589,0,1,1.0,simulated,3037255252,"[5.0, 3.0, 4.0, 3.0, 0.0]","[8596, 8531, 8564, 8531, 58342]","[0, 0, 0, 0, 907411]",0.01544599999942875
MovieLens-25M,near-boundary-fixed-k-v2,fixed,TS,Ours,8,1000000,5,0.005199559680396439,0.12672265195301305,0.016442451420029897,Bernoulli; same mean in clean and online rewards,"clean log: max(0, empirical mean - 2 beta)",0.0,0.07674706570860285,138158,121757.92036280714,1.1346941503955132,0.6686836810029098,92384,11443.5,861817,138183,0,1,1.0,simulated,832510019,"[5.0, 3.0, 4.0, 3.0, 0.0]","[11476, 11424, 11450, 11424, 92384]","[0, 0, 0, 0, 861817]",0.018445333000272512
MovieLens-25M,near-boundary-fixed-k-v2,fixed,UCB,Ours,8,2500000,5,0.0032884902840059796,0.10647180428867146,0.016442451420029897,Bernoulli; same mean in clean and online rewards,"clean log: max(0, empirical mean - 2 beta)",0.0,0.04242647999647904,173873,177511.8638078107,0.9795007289667668,0.6370569323586756,110767,15776.5,2326102,173898,0,1,1.0,simulated,3774534797,"[5.0, 3.0, 4.0, 3.0, 0.0]","[15831, 15744, 15787, 15744, 110767]","[0, 0, 0, 0, 2326102]",0.03925941699981195
MovieLens-25M,near-boundary-fixed-k-v2,fixed,TS,Ours,8,2500000,5,0.0032884902840059796,0.10647180428867146,0.016442451420029897,Bernoulli; same mean in clean and online rewards,"clean log: max(0, empirical mean - 2 beta)",0.0,0.058388569349780026,252830,228305.90053296532,1.1074177207412719,0.6707906498437686,169596,20808.5,2247145,252855,0,1,1.0,simulated,675378345,"[5.0, 3.0, 4.0, 3.0, 0.0]","[20851, 20783, 20817, 20783, 169596]","[0, 0, 0, 0, 2247145]",0.04713970800003153
MovieLens-25M,near-boundary-fixed-k-v2,fixed,UCB,Ours,8,10000000,5,0.0016442451420029898,0.08201097775777105,0.016442451420029897,Bernoulli; same mean in clean and online rewards,"clean log: max(0, empirical mean - 2 beta)",0.0,0.02827264305433385,451224,460914.1102569438,0.9789763210947439,0.6448105597220006,290954,40067.5,9548751,451249,0,1,1.0,simulated,3551264741,"[5.0, 3.0, 4.0, 3.0, 0.0]","[40150, 40018, 40084, 40018, 290954]","[0, 0, 0, 0, 9548751]",0.15988662499967177
MovieLens-25M,near-boundary-fixed-k-v2,fixed,TS,Ours,8,10000000,5,0.0016442451420029898,0.08201097775777105,0.016442451420029897,Bernoulli; same mean in clean and online rewards,"clean log: max(0, empirical mean - 2 beta)",0.0,0.03829260966978085,635720,589995.1435423779,1.0775003946356005,0.6724013716730636,427459,52065.25,9364255,635745,0,1,1.0,simulated,3335479841,"[5.0, 3.0, 4.0, 3.0, 0.0]","[52131, 52026, 52078, 52026, 427459]","[0, 0, 0, 0, 9364255]",0.19538133399964863
MovieLens-25M,near-boundary-fixed-k-v2,fixed,UCB,Ours,8,100000,10,0.016442451420029897,0.15688135668249298,0.016442451420029897,Bernoulli; same mean in clean and online rewards,"clean log: max(0, empirical mean - 2 beta)",0.0,0.13651062702045857,26223,25059.44785667459,1.046431675190142,0.6029439804751554,15811,1156.888888888889,73727,26273,0,1,1.0,simulated,782835201,"[4.0, 5.0, 5.0, 3.0, 4.0, 4.0, 3.0, 3.0, 3.0, 0.0]","[1160, 1172, 1172, 1147, 1160, 1160, 1147, 1147, 1147, 15811]","[0, 0, 0, 0, 0, 0, 0, 0, 0, 73727]",0.0020092499908059835
MovieLens-25M,near-boundary-fixed-k-v2,fixed,TS,Ours,8,100000,10,0.016442451420029897,0.15688135668249298,0.016442451420029897,Bernoulli; same mean in clean and online rewards,"clean log: max(0, empirical mean - 2 beta)",0.0,0.18933836726043712,41869,32976.642231990234,1.2696562526121413,0.6384437173087487,26731,1682.0,58081,41919,0,1,1.0,simulated,3881220726,"[4.0, 5.0, 5.0, 3.0, 4.0, 4.0, 3.0, 3.0, 3.0, 0.0]","[1684, 1695, 1695, 1674, 1684, 1684, 1674, 1674, 1674, 26731]","[0, 0, 0, 0, 0, 0, 0, 0, 0, 58081]",0.0030052920046728104
MovieLens-25M,near-boundary-fixed-k-v2,fixed,UCB,Ours,8,250000,10,0.010399119360792878,0.13126894207261167,0.016442451420029897,Bernoulli; same mean in clean and online rewards,"clean log: max(0, empirical mean - 2 beta)",0.0,0.10712857803888576,48696,47353.36579619098,1.0283535115452558,0.6160054213898473,29997,2077.6666666666665,201254,48746,0,1,1.0,simulated,3021261137,"[4.0, 5.0, 5.0, 3.0, 4.0, 4.0, 3.0, 3.0, 3.0, 0.0]","[2081, 2098, 2098, 2065, 2081, 2081, 2065, 2065, 2065, 29997]","[0, 0, 0, 0, 0, 0, 0, 0, 0, 201254]",0.004435499999090098
MovieLens-25M,near-boundary-fixed-k-v2,fixed,TS,Ours,8,250000,10,0.010399119360792878,0.13126894207261167,0.016442451420029897,Bernoulli; same mean in clean and online rewards,"clean log: max(0, empirical mean - 2 beta)",0.0,0.1477305107363488,74685,61975.520735617014,1.2050725691939028,0.6482024502912231,48411,2919.3333333333335,175265,74735,0,1,1.0,simulated,4246124129,"[4.0, 5.0, 5.0, 3.0, 4.0, 4.0, 3.0, 3.0, 3.0, 0.0]","[2922, 2936, 2936, 2909, 2922, 2922, 2909, 2909, 2909, 48411]","[0, 0, 0, 0, 0, 0, 0, 0, 0, 175265]",0.00815324998984579
MovieLens-25M,near-boundary-fixed-k-v2,fixed,UCB,Ours,8,1000000,10,0.005199559680396439,0.10057983550920645,0.016442451420029897,Bernoulli; same mean in clean and online rewards,"clean log: max(0, empirical mean - 2 beta)",0.0,0.07301425986767573,124883,123603.82576037137,1.0103489858162524,0.630726359872841,78767,5124.0,875067,124933,0,1,1.0,simulated,190405584,"[4.0, 5.0, 5.0, 3.0, 4.0, 4.0, 3.0, 3.0, 3.0, 0.0]","[5130, 5155, 5155, 5104, 5130, 5130, 5104, 5104, 5104, 78767]","[0, 0, 0, 0, 0, 0, 0, 0, 0, 875067]",0.017510999998194166
MovieLens-25M,near-boundary-fixed-k-v2,fixed,TS,Ours,8,1000000,10,0.005199559680396439,0.10057983550920645,0.016442451420029897,Bernoulli; same mean in clean and online rewards,"clean log: max(0, empirical mean - 2 beta)",0.0,0.09960910549580018,182878,160643.27736779582,1.138410539155631,0.6580397860868995,120341,6948.555555555556,817072,182928,0,1,1.0,simulated,4215435651,"[4.0, 5.0, 5.0, 3.0, 4.0, 4.0, 3.0, 3.0, 3.0, 0.0]","[6953, 6973, 6973, 6933, 6953, 6953, 6933, 6933, 6933, 120341]","[0, 0, 0, 0, 0, 0, 0, 0, 0, 817072]",0.03546662500593811
MovieLens-25M,near-boundary-fixed-k-v2,fixed,UCB,Ours,8,2500000,10,0.0032884902840059796,0.08450672706639467,0.016442451420029897,Bernoulli; same mean in clean and online rewards,"clean log: max(0, empirical mean - 2 beta)",0.0,0.05617707733898232,233265,232606.34472215077,1.0028316307478027,0.6379139605170085,148803,9384.666666666666,2266685,233315,0,1,1.0,simulated,862841247,"[4.0, 5.0, 5.0, 3.0, 4.0, 4.0, 3.0, 3.0, 3.0, 0.0]","[9392, 9425, 9425, 9359, 9392, 9392, 9359, 9359, 9359, 148803]","[0, 0, 0, 0, 0, 0, 0, 0, 0, 2266685]",0.0448287080071168
MovieLens-25M,near-boundary-fixed-k-v2,fixed,TS,Ours,8,2500000,10,0.0032884902840059796,0.08450672706639467,0.016442451420029897,Bernoulli; same mean in clean and online rewards,"clean log: max(0, empirical mean - 2 beta)",0.0,0.07606068519580123,333660,301113.0238807741,1.1080889019669666,0.6621890547263681,220946,12523.777777777777,2166290,333710,0,1,1.0,simulated,2681363378,"[4.0, 5.0, 5.0, 3.0, 4.0, 4.0, 3.0, 3.0, 3.0, 0.0]","[12530, 12556, 12556, 12503, 12530, 12530, 12503, 12503, 12503, 220946]","[0, 0, 0, 0, 0, 0, 0, 0, 0, 2166290]",0.09310562499740627
MovieLens-25M,near-boundary-fixed-k-v2,fixed,UCB,Ours,8,10000000,10,0.0016442451420029898,0.06509215618281318,0.016442451420029897,Bernoulli; same mean in clean and online rewards,"clean log: max(0, empirical mean - 2 beta)",0.0,0.03740332069636838,601496,603968.343962668,0.9959065007506076,0.6460026334339714,388568,23658.666666666668,9398454,601546,0,1,1.0,simulated,2425286505,"[4.0, 5.0, 5.0, 3.0, 4.0, 4.0, 3.0, 3.0, 3.0, 0.0]","[23670, 23721, 23721, 23619, 23670, 23670, 23619, 23619, 23619, 388568]","[0, 0, 0, 0, 0, 0, 0, 0, 0, 9398454]",0.18292529199970886
MovieLens-25M,near-boundary-fixed-k-v2,fixed,TS,Ours,8,10000000,10,0.0016442451420029898,0.06509215618281318,0.016442451420029897,Bernoulli; same mean in clean and online rewards,"clean log: max(0, empirical mean - 2 beta)",0.0,0.050075499273334365,836554,777780.8263738758,1.075565212760686,0.6661327302242294,557256,31033.11111111111,9163396,836604,0,1,1.0,simulated,3930489572,"[4.0, 5.0, 5.0, 3.0, 4.0, 4.0, 3.0, 3.0, 3.0, 0.0]","[31042, 31082, 31082, 31002, 31042, 31042, 31002, 31002, 31002, 557256]","[0, 0, 0, 0, 0, 0, 0, 0, 0, 9163396]",0.3927091660007136
MovieLens-25M,near-boundary-fixed-k-v2,fixed,UCB,Ours,8,100000,15,0.016442451420029897,0.13704848847915332,0.016442451420029897,Bernoulli; same mean in clean and online rewards,"clean log: max(0, empirical mean - 2 beta)",0.0,0.1578441937266642,31214,29035.7694853145,1.0750188664979996,0.6004997757416544,18744,890.7142857142857,68711,31289,0,1,1.0,simulated,253442851,"[5.0, 3.0, 4.0, 4.0, 4.0, 4.0, 3.0, 5.0, 3.0, 2.0, 3.0, 4.0, 2.0, 2.0, 0.0]","[908, 886, 897, 897, 897, 897, 886, 908, 886, 875, 886, 897, 875, 875, 18744]","[0, 0, 0, 0, 0, 0, 0, 0, 0, 0, 0, 0, 0, 0, 68711]",0.0024148749998857966
MovieLens-25M,near-boundary-fixed-k-v2,fixed,TS,Ours,8,100000,15,0.016442451420029897,0.13704848847915332,0.016442451420029897,Bernoulli; same mean in clean and online rewards,"clean log: max(0, empirical mean - 2 beta)",0.0,0.21555310880836775,49458,38383.40140857019,1.288525721666686,0.6278054106514619,31050,1314.857142857143,50467,49533,0,1,1.0,simulated,2859156388,"[5.0, 3.0, 4.0, 4.0, 4.0, 4.0, 3.0, 5.0, 3.0, 2.0, 3.0, 4.0, 2.0, 2.0, 0.0]","[1329, 1311, 1320, 1320, 1320, 1320, 1311, 1329, 1311, 1302, 1311, 1320, 1302, 1302, 31050]","[0, 0, 0, 0, 0, 0, 0, 0, 0, 0, 0, 0, 0, 0, 50467]",0.003763582999454229
MovieLens-25M,near-boundary-fixed-k-v2,fixed,UCB,Ours,8,250000,15,0.010399119360792878,0.11467398342123439,0.016442451420029897,Bernoulli; same mean in clean and online rewards,"clean log: max(0, empirical mean - 2 beta)",0.0,0.12409883179378844,57653,54867.18707753817,1.050773751505156,0.6143999444955163,35422,1587.9285714285713,192272,57728,0,1,1.0,simulated,3393577038,"[5.0, 3.0, 4.0, 4.0, 4.0, 4.0, 3.0, 5.0, 3.0, 2.0, 3.0, 4.0, 2.0, 2.0, 0.0]","[1611, 1582, 1596, 1596, 1596, 1596, 1582, 1611, 1582, 1567, 1582, 1596, 1567, 1567, 35422]","[0, 0, 0, 0, 0, 0, 0, 0, 0, 0, 0, 0, 0, 0, 192272]",0.004858708000028855
MovieLens-25M,near-boundary-fixed-k-v2,fixed,TS,Ours,8,250000,15,0.010399119360792878,0.11467398342123439,0.016442451420029897,Bernoulli; same mean in clean and online rewards,"clean log: max(0, empirical mean - 2 beta)",0.0,0.16901679184549456,87782,72117.80156339164,1.2172029387617913,0.6397211273381787,56156,2259.0,162143,87857,0,1,1.0,simulated,2134340557,"[5.0, 3.0, 4.0, 4.0, 4.0, 4.0, 3.0, 5.0, 3.0, 2.0, 3.0, 4.0, 2.0, 2.0, 0.0]","[2277, 2254, 2266, 2266, 2266, 2266, 2254, 2277, 2254, 2242, 2254, 2266, 2242, 2242, 56156]","[0, 0, 0, 0, 0, 0, 0, 0, 0, 0, 0, 0, 0, 0, 162143]",0.010471167000105197
MovieLens-25M,near-boundary-fixed-k-v2,fixed,UCB,Ours,8,1000000,15,0.005199559680396439,0.08786457944723307,0.016442451420029897,Bernoulli; same mean in clean and online rewards,"clean log: max(0, empirical mean - 2 beta)",0.0,0.08472796854959905,146934,143216.7305843177,1.025955552822048,0.6300311704574844,92573,3882.9285714285716,852991,147009,0,1,1.0,simulated,1618050177,"[5.0, 3.0, 4.0, 4.0, 4.0, 4.0, 3.0, 5.0, 3.0, 2.0, 3.0, 4.0, 2.0, 2.0, 0.0]","[3917, 3874, 3895, 3895, 3895, 3895, 3874, 3917, 3874, 3852, 3874, 3895, 3852, 3852, 92573]","[0, 0, 0, 0, 0, 0, 0, 0, 0, 0, 0, 0, 0, 0, 852991]",0.019805541999630805
MovieLens-25M,near-boundary-fixed-k-v2,fixed,TS,Ours,8,1000000,15,0.005199559680396439,0.08786457944723307,0.016442451420029897,Bernoulli; same mean in clean and online rewards,"clean log: max(0, empirical mean - 2 beta)",0.0,0.11458139035018797,213836,186867.8377640692,1.1443167671794843,0.6520370751416974,139429,5314.785714285715,786089,213911,0,1,1.0,simulated,1079618155,"[5.0, 3.0, 4.0, 4.0, 4.0, 4.0, 3.0, 5.0, 3.0, 2.0, 3.0, 4.0, 2.0, 2.0, 0.0]","[5342, 5307, 5325, 5325, 5325, 5325, 5307, 5342, 5307, 5290, 5307, 5325, 5290, 5290, 139429]","[0, 0, 0, 0, 0, 0, 0, 0, 0, 0, 0, 0, 0, 0, 786089]",0.04696633300045505
MovieLens-25M,near-boundary-fixed-k-v2,fixed,UCB,Ours,8,2500000,15,0.0032884902840059796,0.07382342590400462,0.016442451420029897,Bernoulli; same mean in clean and online rewards,"clean log: max(0, empirical mean - 2 beta)",0.0,0.06523176284714596,273615,269515.28400794626,1.0152114415594065,0.6376148968441058,174461,7082.428571428572,2226310,273690,0,1,1.0,simulated,606672782,"[5.0, 3.0, 4.0, 4.0, 4.0, 4.0, 3.0, 5.0, 3.0, 2.0, 3.0, 4.0, 2.0, 2.0, 0.0]","[7128, 7070, 7099, 7099, 7099, 7099, 7070, 7128, 7070, 7041, 7070, 7099, 7041, 7041, 174461]","[0, 0, 0, 0, 0, 0, 0, 0, 0, 0, 0, 0, 0, 0, 2226310]",0.05049004200009222
MovieLens-25M,near-boundary-fixed-k-v2,fixed,TS,Ours,8,2500000,15,0.0032884902840059796,0.07382342590400462,0.016442451420029897,Bernoulli; same mean in clean and online rewards,"clean log: max(0, empirical mean - 2 beta)",0.0,0.08771537931467963,389238,350198.96764450165,1.111476720271569,0.6574178266253552,255892,9524.714285714286,2110687,389313,0,1,1.0,simulated,1278129179,"[5.0, 3.0, 4.0, 4.0, 4.0, 4.0, 3.0, 5.0, 3.0, 2.0, 3.0, 4.0, 2.0, 2.0, 0.0]","[9560, 9515, 9538, 9538, 9538, 9538, 9515, 9560, 9515, 9492, 9515, 9538, 9492, 9492, 255892]","[0, 0, 0, 0, 0, 0, 0, 0, 0, 0, 0, 0, 0, 0, 2110687]",0.12478316699980496
MovieLens-25M,near-boundary-fixed-k-v2,fixed,UCB,Ours,8,10000000,15,0.0016442451420029898,0.056863236048869684,0.016442451420029897,Bernoulli; same mean in clean and online rewards,"clean log: max(0, empirical mean - 2 beta)",0.0,0.04345239143173432,703112,699803.3520940593,1.0047279680728023,0.6460763007884945,454264,17774.85714285714,9296813,703187,0,1,1.0,simulated,228209042,"[5.0, 3.0, 4.0, 4.0, 4.0, 4.0, 3.0, 5.0, 3.0, 2.0, 3.0, 4.0, 2.0, 2.0, 0.0]","[17844, 17756, 17800, 17800, 17800, 17800, 17756, 17844, 17756, 17712, 17756, 17800, 17712, 17712, 454264]","[0, 0, 0, 0, 0, 0, 0, 0, 0, 0, 0, 0, 0, 0, 9296813]",0.20780208300038794
MovieLens-25M,near-boundary-fixed-k-v2,fixed,TS,Ours,8,10000000,15,0.0016442451420029898,0.056863236048869684,0.016442451420029897,Bernoulli; same mean in clean and online rewards,"clean log: max(0, empirical mean - 2 beta)",0.0,0.05790377501194349,973643,904329.9668195297,1.0766457329996924,0.6627336713764697,645266,23455.5,9026282,973718,0,1,1.0,simulated,1951347658,"[5.0, 3.0, 4.0, 4.0, 4.0, 4.0, 3.0, 5.0, 3.0, 2.0, 3.0, 4.0, 2.0, 2.0, 0.0]","[23510, 23441, 23475, 23475, 23475, 23475, 23441, 23510, 23441, 23406, 23441, 23475, 23406, 23406, 645266]","[0, 0, 0, 0, 0, 0, 0, 0, 0, 0, 0, 0, 0, 0, 9026282]",0.5311317499999859
MovieLens-25M,near-boundary-fixed-k-v2,fixed,UCB,Ours,8,100000,20,0.016442451420029897,0.12451681531599387,0.016442451420029897,Bernoulli; same mean in clean and online rewards,"clean log: max(0, empirical mean - 2 beta)",0.0,0.1743517585422053,35387,32147.104475194756,1.1007834322156511,0.5967728261791053,21118,751.0,64513,35487,0,1,1.0,simulated,3609240901,"[5.0, 5.0, 3.0, 5.0, 3.0, 5.0, 4.0, 4.0, 5.0, 4.0, 4.0, 5.0, 3.0, 4.0, 4.0, 3.0, 4.0, 4.0, 2.0, 0.0]","[761, 761, 741, 761, 741, 761, 751, 751, 761, 751, 751, 761, 741, 751, 751, 741, 751, 751, 731, 21118]","[0, 0, 0, 0, 0, 0, 0, 0, 0, 0, 0, 0, 0, 0, 0, 0, 0, 0, 0, 64513]",0.003124458999991475
MovieLens-25M,near-boundary-fixed-k-v2,fixed,TS,Ours,8,100000,20,0.016442451420029897,0.12451681531599387,0.016442451420029897,Bernoulli; same mean in clean and online rewards,"clean log: max(0, empirical mean - 2 beta)",0.0,0.23552524928366908,55788,42632.14931415255,1.3085898998172283,0.6191295619129562,34540,1118.3157894736842,44112,55888,0,1,1.0,simulated,1739107502,"[5.0, 5.0, 3.0, 5.0, 3.0, 5.0, 4.0, 4.0, 5.0, 4.0, 4.0, 5.0, 3.0, 4.0, 4.0, 3.0, 4.0, 4.0, 2.0, 0.0]","[1127, 1127, 1110, 1127, 1110, 1127, 1118, 1118, 1127, 1118, 1118, 1127, 1110, 1118, 1118, 1110, 1118, 1118, 1102, 34540]","[0, 0, 0, 0, 0, 0, 0, 0, 0, 0, 0, 0, 0, 0, 0, 0, 0, 0, 0, 44112]",0.004323375000240048
MovieLens-25M,near-boundary-fixed-k-v2,fixed,UCB,Ours,8,250000,20,0.010399119360792878,0.1041882283684082,0.016442451420029897,Bernoulli; same mean in clean and online rewards,"clean log: max(0, empirical mean - 2 beta)",0.0,0.13725671896833125,65021,60746.49394546845,1.0703663006192379,0.6117254425493303,39775,1328.7368421052631,184879,65121,0,1,1.0,simulated,69613567,"[5.0, 5.0, 3.0, 5.0, 3.0, 5.0, 4.0, 4.0, 5.0, 4.0, 4.0, 5.0, 3.0, 4.0, 4.0, 3.0, 4.0, 4.0, 2.0, 0.0]","[1342, 1342, 1315, 1342, 1315, 1342, 1329, 1329, 1342, 1329, 1329, 1342, 1315, 1329, 1329, 1315, 1329, 1329, 1302, 39775]","[0, 0, 0, 0, 0, 0, 0, 0, 0, 0, 0, 0, 0, 0, 0, 0, 0, 0, 0, 184879]",0.008321875000547152
MovieLens-25M,near-boundary-fixed-k-v2,fixed,TS,Ours,8,250000,20,0.010399119360792878,0.1041882283684082,0.016442451420029897,Bernoulli; same mean in clean and online rewards,"clean log: max(0, empirical mean - 2 beta)",0.0,0.18534967869478086,98544,80086.01082922542,1.2304770705852013,0.6329558369865238,62374,1903.6842105263158,151356,98644,0,1,1.0,simulated,2689845023,"[5.0, 5.0, 3.0, 5.0, 3.0, 5.0, 4.0, 4.0, 5.0, 4.0, 4.0, 5.0, 3.0, 4.0, 4.0, 3.0, 4.0, 4.0, 2.0, 0.0]","[1914, 1914, 1893, 1914, 1893, 1914, 1904, 1904, 1914, 1904, 1904, 1914, 1893, 1904, 1904, 1893, 1904, 1904, 1882, 62374]","[0, 0, 0, 0, 0, 0, 0, 0, 0, 0, 0, 0, 0, 0, 0, 0, 0, 0, 0, 151356]",0.012824416999137611
MovieLens-25M,near-boundary-fixed-k-v2,fixed,UCB,Ours,8,1000000,20,0.005199559680396439,0.07983026834705138,0.016442451420029897,Bernoulli; same mean in clean and online rewards,"clean log: max(0, empirical mean - 2 beta)",0.0,0.09383298293532424,164750,158563.15442297678,1.0390181792203719,0.6285341426403642,103551,3221.0,835150,164850,0,1,1.0,simulated,3279580652,"[5.0, 5.0, 3.0, 5.0, 3.0, 5.0, 4.0, 4.0, 5.0, 4.0, 4.0, 5.0, 3.0, 4.0, 4.0, 3.0, 4.0, 4.0, 2.0, 0.0]","[3241, 3241, 3201, 3241, 3201, 3241, 3221, 3221, 3241, 3221, 3221, 3241, 3201, 3221, 3221, 3201, 3221, 3221, 3181, 103551]","[0, 0, 0, 0, 0, 0, 0, 0, 0, 0, 0, 0, 0, 0, 0, 0, 0, 0, 0, 835150]",0.03628008299983776
MovieLens-25M,near-boundary-fixed-k-v2,fixed,TS,Ours,8,1000000,20,0.005199559680396439,0.07983026834705138,0.016442451420029897,Bernoulli; same mean in clean and online rewards,"clean log: max(0, empirical mean - 2 beta)",0.0,0.12615854168258478,238867,207464.75388734078,1.1513618362843046,0.6473686193572156,154635,4433.263157894737,761033,238967,0,1,1.0,simulated,490424233,"[5.0, 5.0, 3.0, 5.0, 3.0, 5.0, 4.0, 4.0, 5.0, 4.0, 4.0, 5.0, 3.0, 4.0, 4.0, 3.0, 4.0, 4.0, 2.0, 0.0]","[4449, 4449, 4418, 4449, 4418, 4449, 4433, 4433, 4449, 4433, 4433, 4449, 4418, 4433, 4433, 4418, 4433, 4433, 4402, 154635]","[0, 0, 0, 0, 0, 0, 0, 0, 0, 0, 0, 0, 0, 0, 0, 0, 0, 0, 0, 761033]",0.0633830830001898
MovieLens-25M,near-boundary-fixed-k-v2,fixed,UCB,Ours,8,2500000,20,0.0032884902840059796,0.06707303372179221,0.016442451420029897,Bernoulli; same mean in clean and online rewards,"clean log: max(0, empirical mean - 2 beta)",0.0,0.07227924667429361,305947,298395.2602684533,1.0253078407638,0.6366396794215992,194778,5851.0,2193953,306047,0,1,1.0,simulated,2166498998,"[5.0, 5.0, 3.0, 5.0, 3.0, 5.0, 4.0, 4.0, 5.0, 4.0, 4.0, 5.0, 3.0, 4.0, 4.0, 3.0, 4.0, 4.0, 2.0, 0.0]","[5877, 5877, 5825, 5877, 5825, 5877, 5851, 5851, 5877, 5851, 5851, 5877, 5825, 5851, 5851, 5825, 5851, 5851, 5799, 194778]","[0, 0, 0, 0, 0, 0, 0, 0, 0, 0, 0, 0, 0, 0, 0, 0, 0, 0, 0, 2193953]",0.09432804199968814
MovieLens-25M,near-boundary-fixed-k-v2,fixed,TS,Ours,8,2500000,20,0.0032884902840059796,0.06707303372179221,0.016442451420029897,Bernoulli; same mean in clean and online rewards,"clean log: max(0, empirical mean - 2 beta)",0.0,0.09675969679297788,433847,388744.55346659984,1.1160207805645186,0.6537512072228228,283628,7906.263157894737,2066053,433947,0,1,1.0,simulated,2889554243,"[5.0, 5.0, 3.0, 5.0, 3.0, 5.0, 4.0, 4.0, 5.0, 4.0, 4.0, 5.0, 3.0, 4.0, 4.0, 3.0, 4.0, 4.0, 2.0, 0.0]","[7927, 7927, 7886, 7927, 7886, 7927, 7906, 7906, 7927, 7906, 7906, 7927, 7886, 7906, 7906, 7886, 7906, 7906, 7865, 283628]","[0, 0, 0, 0, 0, 0, 0, 0, 0, 0, 0, 0, 0, 0, 0, 0, 0, 0, 0, 2066053]",0.1716933749994496
MovieLens-25M,near-boundary-fixed-k-v2,fixed,UCB,Ours,8,10000000,20,0.0016442451420029898,0.051663678599737986,0.016442451420029897,Bernoulli; same mean in clean and online rewards,"clean log: max(0, empirical mean - 2 beta)",0.0,0.04816793411290578,783822,774790.9516652355,1.0116561097097925,0.6456261753306235,506056,14619.263157894737,9216078,783922,0,1,1.0,simulated,1159741991,"[5.0, 5.0, 3.0, 5.0, 3.0, 5.0, 4.0, 4.0, 5.0, 4.0, 4.0, 5.0, 3.0, 4.0, 4.0, 3.0, 4.0, 4.0, 2.0, 0.0]","[14659, 14659, 14580, 14659, 14580, 14659, 14619, 14619, 14659, 14619, 14619, 14659, 14580, 14619, 14619, 14580, 14619, 14619, 14540, 506056]","[0, 0, 0, 0, 0, 0, 0, 0, 0, 0, 0, 0, 0, 0, 0, 0, 0, 0, 0, 9216078]",0.3952711249994536
MovieLens-25M,near-boundary-fixed-k-v2,fixed,TS,Ours,8,10000000,20,0.0016442451420029898,0.051663678599737986,0.016442451420029897,Bernoulli; same mean in clean and online rewards,"clean log: max(0, empirical mean - 2 beta)",0.0,0.06400203518391495,1082797,1003681.3015450304,1.0788255179539379,0.6601763765507292,714837,19366.315789473683,8917103,1082897,0,1,1.0,simulated,3798748326,"[5.0, 5.0, 3.0, 5.0, 3.0, 5.0, 4.0, 4.0, 5.0, 4.0, 4.0, 5.0, 3.0, 4.0, 4.0, 3.0, 4.0, 4.0, 2.0, 0.0]","[19398, 19398, 19335, 19398, 19335, 19398, 19366, 19366, 19398, 19366, 19366, 19398, 19335, 19366, 19366, 19335, 19366, 19366, 19304, 714837]","[0, 0, 0, 0, 0, 0, 0, 0, 0, 0, 0, 0, 0, 0, 0, 0, 0, 0, 0, 8917103]",0.7362630420002461
MovieLens-25M,near-boundary-fixed-k-v2,fixed,UCB,Ours,8,100000,25,0.016442451420029897,0.11559117191354834,0.016442451420029897,Bernoulli; same mean in clean and online rewards,"clean log: max(0, empirical mean - 2 beta)",0.0,0.1875944144672722,38856,34750.50140085435,1.1181421399302376,0.5943226271360922,23093,656.7916666666666,61019,38981,0,1,1.0,simulated,2009629923,"[4.0, 5.0, 4.0, 4.0, 4.0, 4.0, 4.0, 3.0, 4.0, 4.0, 4.0, 3.0, 3.0, 2.0, 4.0, 5.0, 3.0, 3.0, 4.0, 4.0, 4.0, 4.0, 5.0, 3.0, 0.0]","[659, 668, 659, 659, 659, 659, 659, 649, 659, 659, 659, 649, 649, 639, 659, 668, 649, 649, 659, 659, 659, 659, 668, 649, 23093]","[0, 0, 0, 0, 0, 0, 0, 0, 0, 0, 0, 0, 0, 0, 0, 0, 0, 0, 0, 0, 0, 0, 0, 0, 61019]",0.004125041999941459
MovieLens-25M,near-boundary-fixed-k-v2,fixed,TS,Ours,8,100000,25,0.016442451420029897,0.11559117191354834,0.016442451420029897,Bernoulli; same mean in clean and online rewards,"clean log: max(0, empirical mean - 2 beta)",0.0,0.2515917317853853,61176,46197.86118183885,1.324217148478062,0.6127075977507519,37483,987.2083333333334,38699,61301,0,1,1.0,simulated,1595304449,"[4.0, 5.0, 4.0, 4.0, 4.0, 4.0, 4.0, 3.0, 4.0, 4.0, 4.0, 3.0, 3.0, 2.0, 4.0, 5.0, 3.0, 3.0, 4.0, 4.0, 4.0, 4.0, 5.0, 3.0, 0.0]","[989, 996, 989, 989, 989, 989, 989, 981, 989, 989, 989, 981, 981, 973, 989, 996, 981, 981, 989, 989, 989, 989, 996, 981, 37483]","[0, 0, 0, 0, 0, 0, 0, 0, 0, 0, 0, 0, 0, 0, 0, 0, 0, 0, 0, 0, 0, 0, 0, 0, 38699]",0.005113917000016954
MovieLens-25M,near-boundary-fixed-k-v2,fixed,UCB,Ours,8,250000,25,0.010399119360792878,0.09671978347774034,0.016442451420029897,Bernoulli; same mean in clean and online rewards,"clean log: max(0, empirical mean - 2 beta)",0.0,0.14792638908879557,71152,65665.98010647747,1.0835443236303934,0.6100039352372386,43403,1156.2083333333333,178723,71277,0,1,1.0,simulated,2480330661,"[4.0, 5.0, 4.0, 4.0, 4.0, 4.0, 4.0, 3.0, 4.0, 4.0, 4.0, 3.0, 3.0, 2.0, 4.0, 5.0, 3.0, 3.0, 4.0, 4.0, 4.0, 4.0, 5.0, 3.0, 0.0]","[1159, 1171, 1159, 1159, 1159, 1159, 1159, 1146, 1159, 1159, 1159, 1146, 1146, 1134, 1159, 1171, 1146, 1146, 1159, 1159, 1159, 1159, 1171, 1146, 43403]","[0, 0, 0, 0, 0, 0, 0, 0, 0, 0, 0, 0, 0, 0, 0, 0, 0, 0, 0, 0, 0, 0, 0, 0, 178723]",0.009864457999356091
MovieLens-25M,near-boundary-fixed-k-v2,fixed,TS,Ours,8,250000,25,0.010399119360792878,0.09671978347774034,0.016442451420029897,Bernoulli; same mean in clean and online rewards,"clean log: max(0, empirical mean - 2 beta)",0.0,0.19862275247373856,107668,86772.19353143856,1.2408122420114993,0.6279860311327414,67614,1668.9166666666667,142207,107793,0,1,1.0,simulated,875175203,"[4.0, 5.0, 4.0, 4.0, 4.0, 4.0, 4.0, 3.0, 4.0, 4.0, 4.0, 3.0, 3.0, 2.0, 4.0, 5.0, 3.0, 3.0, 4.0, 4.0, 4.0, 4.0, 5.0, 3.0, 0.0]","[1671, 1681, 1671, 1671, 1671, 1671, 1671, 1661, 1671, 1671, 1671, 1661, 1661, 1651, 1671, 1681, 1661, 1661, 1671, 1671, 1671, 1671, 1681, 1661, 67614]","[0, 0, 0, 0, 0, 0, 0, 0, 0, 0, 0, 0, 0, 0, 0, 0, 0, 0, 0, 0, 0, 0, 0, 0, 142207]",0.015245208999658644
MovieLens-25M,near-boundary-fixed-k-v2,fixed,UCB,Ours,8,1000000,25,0.005199559680396439,0.07410785642879708,0.016442451420029897,Bernoulli; same mean in clean and online rewards,"clean log: max(0, empirical mean - 2 beta)",0.0,0.10130085460932664,179617,171404.2122876498,1.0479147367660226,0.6275630925803237,112721,2787.3333333333335,820258,179742,0,1,1.0,simulated,2053549142,"[4.0, 5.0, 4.0, 4.0, 4.0, 4.0, 4.0, 3.0, 4.0, 4.0, 4.0, 3.0, 3.0, 2.0, 4.0, 5.0, 3.0, 3.0, 4.0, 4.0, 4.0, 4.0, 5.0, 3.0, 0.0]","[2791, 2810, 2791, 2791, 2791, 2791, 2791, 2773, 2791, 2791, 2791, 2773, 2773, 2754, 2791, 2810, 2773, 2773, 2791, 2791, 2791, 2791, 2810, 2773, 112721]","[0, 0, 0, 0, 0, 0, 0, 0, 0, 0, 0, 0, 0, 0, 0, 0, 0, 0, 0, 0, 0, 0, 0, 0, 820258]",0.04065129199989315
MovieLens-25M,near-boundary-fixed-k-v2,fixed,TS,Ours,8,1000000,25,0.005199559680396439,0.07410785642879708,0.016442451420029897,Bernoulli; same mean in clean and online rewards,"clean log: max(0, empirical mean - 2 beta)",0.0,0.1356713768551126,260029,224744.19289897382,1.1569998612461914,0.6439012571674698,167433,3858.1666666666665,739846,260154,0,1,1.0,simulated,104473799,"[4.0, 5.0, 4.0, 4.0, 4.0, 4.0, 4.0, 3.0, 4.0, 4.0, 4.0, 3.0, 3.0, 2.0, 4.0, 5.0, 3.0, 3.0, 4.0, 4.0, 4.0, 4.0, 5.0, 3.0, 0.0]","[3861, 3876, 3861, 3861, 3861, 3861, 3861, 3847, 3861, 3861, 3861, 3847, 3847, 3832, 3861, 3876, 3847, 3847, 3861, 3861, 3861, 3861, 3876, 3847, 167433]","[0, 0, 0, 0, 0, 0, 0, 0, 0, 0, 0, 0, 0, 0, 0, 0, 0, 0, 0, 0, 0, 0, 0, 0, 739846]",0.07390870800008997
MovieLens-25M,near-boundary-fixed-k-v2,fixed,UCB,Ours,8,2500000,25,0.0032884902840059796,0.06226508887192082,0.016442451420029897,Bernoulli; same mean in clean and online rewards,"clean log: max(0, empirical mean - 2 beta)",0.0,0.07808961566874675,332961,322560.463197187,1.0322436813852631,0.6359964079877223,211762,5049.958333333333,2166914,333086,0,1,1.0,simulated,2207589594,"[4.0, 5.0, 4.0, 4.0, 4.0, 4.0, 4.0, 3.0, 4.0, 4.0, 4.0, 3.0, 3.0, 2.0, 4.0, 5.0, 3.0, 3.0, 4.0, 4.0, 4.0, 4.0, 5.0, 3.0, 0.0]","[5055, 5079, 5055, 5055, 5055, 5055, 5055, 5031, 5055, 5055, 5055, 5031, 5031, 5006, 5055, 5079, 5031, 5031, 5055, 5055, 5055, 5055, 5079, 5031, 211762]","[0, 0, 0, 0, 0, 0, 0, 0, 0, 0, 0, 0, 0, 0, 0, 0, 0, 0, 0, 0, 0, 0, 0, 0, 2166914]",0.1046691670007931
MovieLens-25M,near-boundary-fixed-k-v2,fixed,TS,Ours,8,2500000,25,0.0032884902840059796,0.06226508887192082,0.016442451420029897,Bernoulli; same mean in clean and online rewards,"clean log: max(0, empirical mean - 2 beta)",0.0,0.10422948595971479,471494,421077.81143345765,1.1197312876565797,0.651028433023538,306956,6855.75,2028381,471619,0,1,1.0,simulated,1026533249,"[4.0, 5.0, 4.0, 4.0, 4.0, 4.0, 4.0, 3.0, 4.0, 4.0, 4.0, 3.0, 3.0, 2.0, 4.0, 5.0, 3.0, 3.0, 4.0, 4.0, 4.0, 4.0, 5.0, 3.0, 0.0]","[6860, 6879, 6860, 6860, 6860, 6860, 6860, 6840, 6860, 6860, 6860, 6840, 6840, 6821, 6860, 6879, 6840, 6840, 6860, 6860, 6860, 6860, 6879, 6840, 306956]","[0, 0, 0, 0, 0, 0, 0, 0, 0, 0, 0, 0, 0, 0, 0, 0, 0, 0, 0, 0, 0, 0, 0, 0, 2028381]",0.20036287499988248
MovieLens-25M,near-boundary-fixed-k-v2,fixed,UCB,Ours,8,10000000,25,0.0016442451420029898,0.04796031073838066,0.016442451420029897,Bernoulli; same mean in clean and online rewards,"clean log: max(0, empirical mean - 2 beta)",0.0,0.0520768546386436,851331,837536.5212747959,1.0164703011448477,0.6453189182585857,549380,12581.291666666666,9148544,851456,0,1,1.0,simulated,1169502415,"[4.0, 5.0, 4.0, 4.0, 4.0, 4.0, 4.0, 3.0, 4.0, 4.0, 4.0, 3.0, 3.0, 2.0, 4.0, 5.0, 3.0, 3.0, 4.0, 4.0, 4.0, 4.0, 5.0, 3.0, 0.0]","[12589, 12626, 12589, 12589, 12589, 12589, 12589, 12552, 12589, 12589, 12589, 12552, 12552, 12515, 12589, 12626, 12552, 12552, 12589, 12589, 12589, 12589, 12626, 12552, 549380]","[0, 0, 0, 0, 0, 0, 0, 0, 0, 0, 0, 0, 0, 0, 0, 0, 0, 0, 0, 0, 0, 0, 0, 0, 9148544]",0.4368304999998145
MovieLens-25M,near-boundary-fixed-k-v2,fixed,TS,Ours,8,10000000,25,0.0016442451420029898,0.04796031073838066,0.016442451420029897,Bernoulli; same mean in clean and online rewards,"clean log: max(0, empirical mean - 2 beta)",0.0,0.06906596083897437,1174718,1087006.7299986908,1.080690641171481,0.6582813917893486,773295,16725.958333333332,8825157,1174843,0,1,1.0,simulated,728194689,"[4.0, 5.0, 4.0, 4.0, 4.0, 4.0, 4.0, 3.0, 4.0, 4.0, 4.0, 3.0, 3.0, 2.0, 4.0, 5.0, 3.0, 3.0, 4.0, 4.0, 4.0, 4.0, 5.0, 3.0, 0.0]","[16732, 16761, 16732, 16732, 16732, 16732, 16732, 16703, 16732, 16732, 16732, 16703, 16703, 16674, 16732, 16761, 16703, 16703, 16732, 16732, 16732, 16732, 16761, 16703, 773295]","[0, 0, 0, 0, 0, 0, 0, 0, 0, 0, 0, 0, 0, 0, 0, 0, 0, 0, 0, 0, 0, 0, 0, 0, 8825157]",0.8703855000003387
MovieLens-25M,near-boundary-fixed-k-v2,fixed,UCB,Ours,9,100000,5,0.016442451420029897,0.19765812362033866,0.016442451420029897,Bernoulli; same mean in clean and online rewards,"clean log: max(0, empirical mean - 2 beta)",0.0,0.10327534712497549,19070,19123.93791470531,0.9971795602482145,0.6039853172522286,11518,1888.0,80905,19095,0,1,1.0,simulated,2591338883,"[4.0, 5.0, 4.0, 5.0, 0.0]","[1880, 1896, 1880, 1896, 11518]","[0, 0, 0, 0, 80905]",0.0017678340000202297
MovieLens-25M,near-boundary-fixed-k-v2,fixed,TS,Ours,9,100000,5,0.016442451420029897,0.19765812362033866,0.016442451420029897,Bernoulli; same mean in clean and online rewards,"clean log: max(0, empirical mean - 2 beta)",0.0,0.14820596404996794,31217,24967.322128044878,1.2503143044297524,0.6565332991639171,20495,2680.5,68758,31242,0,1,1.0,simulated,3242699976,"[4.0, 5.0, 4.0, 5.0, 0.0]","[2674, 2687, 2674, 2687, 20495]","[0, 0, 0, 0, 68758]",0.0018137090000891476
MovieLens-25M,near-boundary-fixed-k-v2,fixed,UCB,Ours,9,250000,5,0.010399119360792878,0.16538850331471416,0.016442451420029897,Bernoulli; same mean in clean and online rewards,"clean log: max(0, empirical mean - 2 beta)",0.0,0.08096070326571517,35747,36137.38150649174,0.9891972940424139,0.6161356197722886,22025,3430.5,214228,35772,0,1,1.0,simulated,3171848902,"[4.0, 5.0, 4.0, 5.0, 0.0]","[3420, 3441, 3420, 3441, 22025]","[0, 0, 0, 0, 214228]",0.0038628330003120936
MovieLens-25M,near-boundary-fixed-k-v2,fixed,TS,Ours,9,250000,5,0.010399119360792878,0.16538850331471416,0.016442451420029897,Bernoulli; same mean in clean and online rewards,"clean log: max(0, empirical mean - 2 beta)",0.0,0.11477942077162717,56067,46944.97392466051,1.194313156717883,0.6627249540728057,37157,4727.5,193908,56092,0,1,1.0,simulated,2864869482,"[4.0, 5.0, 4.0, 5.0, 0.0]","[4719, 4736, 4719, 4736, 37157]","[0, 0, 0, 0, 193908]",0.0043150410001544515
MovieLens-25M,near-boundary-fixed-k-v2,fixed,UCB,Ours,9,1000000,5,0.005199559680396439,0.12672265195301305,0.016442451420029897,Bernoulli; same mean in clean and online rewards,"clean log: max(0, empirical mean - 2 beta)",0.0,0.0551524761240806,92661,94327.37318798502,0.98233415039912,0.6299629833479026,58373,8572.0,907314,92686,0,1,1.0,simulated,326338225,"[4.0, 5.0, 4.0, 5.0, 0.0]","[8556, 8588, 8556, 8588, 58373]","[0, 0, 0, 0, 907314]",0.015591082999890205
MovieLens-25M,near-boundary-fixed-k-v2,fixed,TS,Ours,9,1000000,5,0.005199559680396439,0.12672265195301305,0.016442451420029897,Bernoulli; same mean in clean and online rewards,"clean log: max(0, empirical mean - 2 beta)",0.0,0.07676786746834613,138235,121757.92036280714,1.1353265527868366,0.6684920606214055,92409,11456.5,861740,138260,0,1,1.0,simulated,874997236,"[4.0, 5.0, 4.0, 5.0, 0.0]","[11444, 11469, 11444, 11469, 92409]","[0, 0, 0, 0, 861740]",0.018300125000678236
MovieLens-25M,near-boundary-fixed-k-v2,fixed,UCB,Ours,9,2500000,5,0.0032884902840059796,0.10647180428867146,0.016442451420029897,Bernoulli; same mean in clean and online rewards,"clean log: max(0, empirical mean - 2 beta)",0.0,0.042441932516428346,174003,177511.8638078107,0.9802330743842017,0.636822353637581,110809,15798.5,2325972,174028,0,1,1.0,simulated,1105511598,"[4.0, 5.0, 4.0, 5.0, 0.0]","[15777, 15820, 15777, 15820, 110809]","[0, 0, 0, 0, 2325972]",0.039333042000180285
MovieLens-25M,near-boundary-fixed-k-v2,fixed,TS,Ours,9,2500000,5,0.0032884902840059796,0.10647180428867146,0.016442451420029897,Bernoulli; same mean in clean and online rewards,"clean log: max(0, empirical mean - 2 beta)",0.0,0.058400149711952315,252933,228305.90053296532,1.1078688698344823,0.6706479581549264,169629,20826.0,2247042,252958,0,1,1.0,simulated,2629232181,"[4.0, 5.0, 4.0, 5.0, 0.0]","[20809, 20843, 20809, 20843, 169629]","[0, 0, 0, 0, 2247042]",0.047140458000285435
MovieLens-25M,near-boundary-fixed-k-v2,fixed,UCB,Ours,9,10000000,5,0.0016442451420029898,0.08201097775777105,0.016442451420029897,Bernoulli; same mean in clean and online rewards,"clean log: max(0, empirical mean - 2 beta)",0.0,0.028278780916941845,451423,460914.1102569438,0.9794080718169969,0.6446702981460847,291019,40101.0,9548552,451448,0,1,1.0,simulated,4048279952,"[4.0, 5.0, 4.0, 5.0, 0.0]","[40068, 40134, 40068, 40134, 291019]","[0, 0, 0, 0, 9548552]",0.1600150409994967
MovieLens-25M,near-boundary-fixed-k-v2,fixed,TS,Ours,9,10000000,5,0.0016442451420029898,0.08201097775777105,0.016442451420029897,Bernoulli; same mean in clean and online rewards,"clean log: max(0, empirical mean - 2 beta)",0.0,0.03829729803880058,635878,589995.1435423779,1.0777681934500982,0.6723145005803,427510,52092.0,9364097,635903,0,1,1.0,simulated,2161247364,"[4.0, 5.0, 4.0, 5.0, 0.0]","[52066, 52118, 52066, 52118, 427510]","[0, 0, 0, 0, 9364097]",0.1954537089995938
MovieLens-25M,near-boundary-fixed-k-v2,fixed,UCB,Ours,9,100000,10,0.016442451420029897,0.15688135668249298,0.016442451420029897,Bernoulli; same mean in clean and online rewards,"clean log: max(0, empirical mean - 2 beta)",0.0,0.13636403570874245,26158,25059.44785667459,1.043837843100474,0.6036776511965747,15791,1151.888888888889,73792,26208,0,1,1.0,simulated,3710820309,"[3.0, 5.0, 5.0, 3.0, 3.0, 3.0, 3.0, 4.0, 0.0, 0.0]","[1149, 1175, 1175, 1149, 1149, 1149, 1149, 1162, 1110, 15791]","[0, 0, 0, 0, 0, 0, 0, 0, 0, 73792]",0.0020825409883400425
MovieLens-25M,near-boundary-fixed-k-v2,fixed,TS,Ours,9,100000,10,0.016442451420029897,0.15688135668249298,0.016442451420029897,Bernoulli; same mean in clean and online rewards,"clean log: max(0, empirical mean - 2 beta)",0.0,0.18924202132523654,41813,32976.642231990234,1.2679580809303175,0.6389400425704924,26716,1677.4444444444443,58137,41863,0,1,1.0,simulated,2280783728,"[3.0, 5.0, 5.0, 3.0, 3.0, 3.0, 3.0, 4.0, 0.0, 0.0]","[1675, 1696, 1696, 1675, 1675, 1675, 1675, 1686, 1644, 26716]","[0, 0, 0, 0, 0, 0, 0, 0, 0, 58137]",0.0030171249964041635
MovieLens-25M,near-boundary-fixed-k-v2,fixed,UCB,Ours,9,250000,10,0.010399119360792878,0.13126894207261167,0.016442451420029897,Bernoulli; same mean in clean and online rewards,"clean log: max(0, empirical mean - 2 beta)",0.0,0.10704518333477989,48614,47353.36579619098,1.0266218500546465,0.6165096474266673,29971,2071.4444444444443,201336,48664,0,1,1.0,simulated,3106928842,"[3.0, 5.0, 5.0, 3.0, 3.0, 3.0, 3.0, 4.0, 0.0, 0.0]","[2068, 2101, 2101, 2068, 2068, 2068, 2068, 2084, 2017, 29971]","[0, 0, 0, 0, 0, 0, 0, 0, 0, 201336]",0.0044859170011477545
MovieLens-25M,near-boundary-fixed-k-v2,fixed,TS,Ours,9,250000,10,0.010399119360792878,0.13126894207261167,0.016442451420029897,Bernoulli; same mean in clean and online rewards,"clean log: max(0, empirical mean - 2 beta)",0.0,0.14767312274011973,74616,61975.520735617014,1.2039592263904701,0.648533826525142,48391,2913.8888888888887,175334,74666,0,1,1.0,simulated,1865620279,"[3.0, 5.0, 5.0, 3.0, 3.0, 3.0, 3.0, 4.0, 0.0, 0.0]","[2911, 2938, 2938, 2911, 2911, 2911, 2911, 2924, 2870, 48391]","[0, 0, 0, 0, 0, 0, 0, 0, 0, 175334]",0.008096542005660012
MovieLens-25M,near-boundary-fixed-k-v2,fixed,UCB,Ours,9,1000000,10,0.005199559680396439,0.10057983550920645,0.016442451420029897,Bernoulli; same mean in clean and online rewards,"clean log: max(0, empirical mean - 2 beta)",0.0,0.07297966187421073,124756,123603.82576037137,1.0093215095288581,0.6310397896694347,78726,5114.444444444444,875194,124806,0,1,1.0,simulated,3015678687,"[3.0, 5.0, 5.0, 3.0, 3.0, 3.0, 3.0, 4.0, 0.0, 0.0]","[5109, 5159, 5159, 5109, 5109, 5109, 5109, 5134, 5033, 78726]","[0, 0, 0, 0, 0, 0, 0, 0, 0, 875194]",0.01761774999613408
MovieLens-25M,near-boundary-fixed-k-v2,fixed,TS,Ours,9,1000000,10,0.005199559680396439,0.10057983550920645,0.016442451420029897,Bernoulli; same mean in clean and online rewards,"clean log: max(0, empirical mean - 2 beta)",0.0,0.09958413010231332,182783,160643.27736779582,1.1378191667586242,0.6582121969767429,120310,6941.444444444444,817167,182833,0,1,1.0,simulated,188148682,"[3.0, 5.0, 5.0, 3.0, 3.0, 3.0, 3.0, 4.0, 0.0, 0.0]","[6937, 6977, 6977, 6937, 6937, 6937, 6937, 6957, 6877, 120310]","[0, 0, 0, 0, 0, 0, 0, 0, 0, 817167]",0.03528304101200774
MovieLens-25M,near-boundary-fixed-k-v2,fixed,UCB,Ours,9,2500000,10,0.0032884902840059796,0.08450672706639467,0.016442451420029897,Bernoulli; same mean in clean and online rewards,"clean log: max(0, empirical mean - 2 beta)",0.0,0.056157986330075835,233100,232606.34472215077,1.0021222777841203,0.6381381381381381,148750,9372.222222222223,2266850,233150,0,1,1.0,simulated,507644054,"[3.0, 5.0, 5.0, 3.0, 3.0, 3.0, 3.0, 4.0, 0.0, 0.0]","[9365, 9431, 9431, 9365, 9365, 9365, 9365, 9398, 9265, 148750]","[0, 0, 0, 0, 0, 0, 0, 0, 0, 2266850]",0.04643204199965112
MovieLens-25M,near-boundary-fixed-k-v2,fixed,TS,Ours,9,2500000,10,0.0032884902840059796,0.08450672706639467,0.016442451420029897,Bernoulli; same mean in clean and online rewards,"clean log: max(0, empirical mean - 2 beta)",0.0,0.07604660189022885,333527,301113.0238807741,1.1076472073558008,0.6623271879038278,220904,12513.666666666666,2166423,333577,0,1,1.0,simulated,1417171189,"[3.0, 5.0, 5.0, 3.0, 3.0, 3.0, 3.0, 4.0, 0.0, 0.0]","[12508, 12560, 12560, 12508, 12508, 12508, 12508, 12534, 12429, 220904]","[0, 0, 0, 0, 0, 0, 0, 0, 0, 2166423]",0.09337412499007769
MovieLens-25M,near-boundary-fixed-k-v2,fixed,UCB,Ours,9,10000000,10,0.0016442451420029898,0.06509215618281318,0.016442451420029897,Bernoulli; same mean in clean and online rewards,"clean log: max(0, empirical mean - 2 beta)",0.0,0.037395660465476085,601246,603968.343962668,0.9954925717715493,0.6461348599408562,388486,23640.0,9398704,601296,0,1,1.0,simulated,3356692730,"[3.0, 5.0, 5.0, 3.0, 3.0, 3.0, 3.0, 4.0, 0.0, 0.0]","[23629, 23730, 23730, 23629, 23629, 23629, 23629, 23679, 23476, 388486]","[0, 0, 0, 0, 0, 0, 0, 0, 0, 9398704]",0.1831536249956116
MovieLens-25M,near-boundary-fixed-k-v2,fixed,TS,Ours,9,10000000,10,0.0016442451420029898,0.06509215618281318,0.016442451420029897,Bernoulli; same mean in clean and online rewards,"clean log: max(0, empirical mean - 2 beta)",0.0,0.05006971761611416,836354,777780.8263738758,1.0753080709114424,0.6662155020481758,557192,31018.0,9163596,836404,0,1,1.0,simulated,3824243328,"[3.0, 5.0, 5.0, 3.0, 3.0, 3.0, 3.0, 4.0, 0.0, 0.0]","[31009, 31089, 31089, 31009, 31009, 31009, 31009, 31049, 30890, 557192]","[0, 0, 0, 0, 0, 0, 0, 0, 0, 9163596]",0.4037336249893997
MovieLens-25M,near-boundary-fixed-k-v2,fixed,UCB,Ours,9,100000,15,0.016442451420029897,0.13704848847915332,0.016442451420029897,Bernoulli; same mean in clean and online rewards,"clean log: max(0, empirical mean - 2 beta)",0.0,0.15798820140110043,31282,29035.7694853145,1.0773608054651895,0.5998657374848155,18765,894.0714285714286,68643,31357,0,1,1.0,simulated,4233583186,"[5.0, 4.0, 5.0, 3.0, 5.0, 4.0, 5.0, 4.0, 5.0, 3.0, 4.0, 3.0, 3.0, 1.0, 0.0]","[907, 896, 907, 884, 907, 896, 907, 896, 907, 884, 896, 884, 884, 862, 18765]","[0, 0, 0, 0, 0, 0, 0, 0, 0, 0, 0, 0, 0, 0, 68643]",0.0023901660006231396
MovieLens-25M,near-boundary-fixed-k-v2,fixed,TS,Ours,9,100000,15,0.016442451420029897,0.13704848847915332,0.016442451420029897,Bernoulli; same mean in clean and online rewards,"clean log: max(0, empirical mean - 2 beta)",0.0,0.21564581394519688,49513,38383.40140857019,1.289958632716297,0.6274109829741684,31065,1317.7142857142858,50412,49588,0,1,1.0,simulated,2099117682,"[5.0, 4.0, 5.0, 3.0, 5.0, 4.0, 5.0, 4.0, 5.0, 3.0, 4.0, 3.0, 3.0, 1.0, 0.0]","[1328, 1319, 1328, 1310, 1328, 1319, 1328, 1319, 1328, 1310, 1319, 1310, 1310, 1292, 31065]","[0, 0, 0, 0, 0, 0, 0, 0, 0, 0, 0, 0, 0, 0, 50412]",0.003771499999857042
MovieLens-25M,near-boundary-fixed-k-v2,fixed,UCB,Ours,9,250000,15,0.010399119360792878,0.11467398342123439,0.016442451420029897,Bernoulli; same mean in clean and online rewards,"clean log: max(0, empirical mean - 2 beta)",0.0,0.12418181730789232,57740,54867.18707753817,1.0523593986766986,0.6139418081052996,35449,1592.2142857142858,192185,57815,0,1,1.0,simulated,2687946260,"[5.0, 4.0, 5.0, 3.0, 5.0, 4.0, 5.0, 4.0, 5.0, 3.0, 4.0, 3.0, 3.0, 1.0, 0.0]","[1609, 1594, 1609, 1580, 1609, 1594, 1609, 1594, 1609, 1580, 1594, 1580, 1580, 1550, 35449]","[0, 0, 0, 0, 0, 0, 0, 0, 0, 0, 0, 0, 0, 0, 192185]",0.005242207999799575
MovieLens-25M,near-boundary-fixed-k-v2,fixed,TS,Ours,9,250000,15,0.010399119360792878,0.11467398342123439,0.016442451420029897,Bernoulli; same mean in clean and online rewards,"clean log: max(0, empirical mean - 2 beta)",0.0,0.16907295049139293,87850,72117.80156339164,1.2181458404937613,0.6394649971542402,56177,2262.3571428571427,162075,87925,0,1,1.0,simulated,3131237304,"[5.0, 4.0, 5.0, 3.0, 5.0, 4.0, 5.0, 4.0, 5.0, 3.0, 4.0, 3.0, 3.0, 1.0, 0.0]","[2276, 2264, 2276, 2252, 2276, 2264, 2276, 2264, 2276, 2252, 2264, 2252, 2252, 2229, 56177]","[0, 0, 0, 0, 0, 0, 0, 0, 0, 0, 0, 0, 0, 0, 162075]",0.010282332999850041
MovieLens-25M,near-boundary-fixed-k-v2,fixed,UCB,Ours,9,1000000,15,0.005199559680396439,0.08786457944723307,0.016442451420029897,Bernoulli; same mean in clean and online rewards,"clean log: max(0, empirical mean - 2 beta)",0.0,0.0847628791417312,147068,143216.7305843177,1.0268911976971495,0.629742704055267,92615,3889.5,852857,147143,0,1,1.0,simulated,2174504030,"[5.0, 4.0, 5.0, 3.0, 5.0, 4.0, 5.0, 4.0, 5.0, 3.0, 4.0, 3.0, 3.0, 1.0, 0.0]","[3914, 3893, 3914, 3871, 3914, 3893, 3914, 3893, 3914, 3871, 3893, 3871, 3871, 3827, 92615]","[0, 0, 0, 0, 0, 0, 0, 0, 0, 0, 0, 0, 0, 0, 852857]",0.019954166999923473
MovieLens-25M,near-boundary-fixed-k-v2,fixed,TS,Ours,9,1000000,15,0.005199559680396439,0.08786457944723307,0.016442451420029897,Bernoulli; same mean in clean and online rewards,"clean log: max(0, empirical mean - 2 beta)",0.0,0.11460628477379356,213939,186867.8377640692,1.1448679588732096,0.651872730077265,139461,5319.857142857143,785986,214014,0,1,1.0,simulated,2290331969,"[5.0, 4.0, 5.0, 3.0, 5.0, 4.0, 5.0, 4.0, 5.0, 3.0, 4.0, 3.0, 3.0, 1.0, 0.0]","[5340, 5322, 5340, 5305, 5340, 5322, 5340, 5322, 5340, 5305, 5322, 5305, 5305, 5270, 139461]","[0, 0, 0, 0, 0, 0, 0, 0, 0, 0, 0, 0, 0, 0, 785986]",0.04669537500012666
MovieLens-25M,near-boundary-fixed-k-v2,fixed,UCB,Ours,9,2500000,15,0.0032884902840059796,0.07382342590400462,0.016442451420029897,Bernoulli; same mean in clean and online rewards,"clean log: max(0, empirical mean - 2 beta)",0.0,0.06525115122652395,273789,269515.28400794626,1.0158570450198576,0.6374142131349324,174517,7090.857142857143,2226136,273864,0,1,1.0,simulated,368266010,"[5.0, 4.0, 5.0, 3.0, 5.0, 4.0, 5.0, 4.0, 5.0, 3.0, 4.0, 3.0, 3.0, 1.0, 0.0]","[7124, 7095, 7124, 7066, 7124, 7095, 7124, 7095, 7124, 7066, 7095, 7066, 7066, 7008, 174517]","[0, 0, 0, 0, 0, 0, 0, 0, 0, 0, 0, 0, 0, 0, 2226136]",0.05057866700008162
MovieLens-25M,near-boundary-fixed-k-v2,fixed,TS,Ours,9,2500000,15,0.0032884902840059796,0.07382342590400462,0.016442451420029897,Bernoulli; same mean in clean and online rewards,"clean log: max(0, empirical mean - 2 beta)",0.0,0.08772954095650559,389370,350198.96764450165,1.1118536488527349,0.657305390759432,255935,9531.07142857143,2110555,389445,0,1,1.0,simulated,2710130686,"[5.0, 4.0, 5.0, 3.0, 5.0, 4.0, 5.0, 4.0, 5.0, 3.0, 4.0, 3.0, 3.0, 1.0, 0.0]","[9557, 9534, 9557, 9512, 9557, 9534, 9557, 9534, 9557, 9512, 9534, 9512, 9512, 9466, 255935]","[0, 0, 0, 0, 0, 0, 0, 0, 0, 0, 0, 0, 0, 0, 2110555]",0.12461679199986975
MovieLens-25M,near-boundary-fixed-k-v2,fixed,UCB,Ours,9,10000000,15,0.0016442451420029898,0.056863236048869684,0.016442451420029897,Bernoulli; same mean in clean and online rewards,"clean log: max(0, empirical mean - 2 beta)",0.0,0.043460223288936645,703378,699803.3520940593,1.0051080748545203,0.6459542379773038,454350,17787.714285714286,9296547,703453,0,1,1.0,simulated,1287223023,"[5.0, 4.0, 5.0, 3.0, 5.0, 4.0, 5.0, 4.0, 5.0, 3.0, 4.0, 3.0, 3.0, 1.0, 0.0]","[17838, 17794, 17838, 17750, 17838, 17794, 17838, 17794, 17838, 17750, 17794, 17750, 17750, 17662, 454350]","[0, 0, 0, 0, 0, 0, 0, 0, 0, 0, 0, 0, 0, 0, 9296547]",0.20906974999979866
MovieLens-25M,near-boundary-fixed-k-v2,fixed,TS,Ours,9,10000000,15,0.0016442451420029898,0.056863236048869684,0.016442451420029897,Bernoulli; same mean in clean and online rewards,"clean log: max(0, empirical mean - 2 beta)",0.0,0.05790964400456708,973853,904329.9668195297,1.076877949124011,0.6626595595023068,645333,23465.714285714286,9026072,973928,0,1,1.0,simulated,3905088374,"[5.0, 4.0, 5.0, 3.0, 5.0, 4.0, 5.0, 4.0, 5.0, 3.0, 4.0, 3.0, 3.0, 1.0, 0.0]","[23505, 23471, 23505, 23436, 23505, 23471, 23505, 23471, 23505, 23436, 23471, 23436, 23436, 23367, 645333]","[0, 0, 0, 0, 0, 0, 0, 0, 0, 0, 0, 0, 0, 0, 9026072]",0.5324950419999368
MovieLens-25M,near-boundary-fixed-k-v2,fixed,UCB,Ours,9,100000,20,0.016442451420029897,0.12451681531599387,0.016442451420029897,Bernoulli; same mean in clean and online rewards,"clean log: max(0, empirical mean - 2 beta)",0.0,0.17422674473935995,35327,32147.104475194756,1.0989170121762881,0.597276870382427,21100,748.7894736842105,64573,35427,0,1,1.0,simulated,3536324536,"[5.0, 1.0, 4.0, 4.0, 5.0, 4.0, 5.0, 3.0, 5.0, 5.0, 4.0, 3.0, 2.0, 5.0, 2.0, 4.0, 4.0, 3.0, 2.0, 0.0]","[762, 721, 752, 752, 762, 752, 762, 742, 762, 762, 752, 742, 732, 762, 732, 752, 752, 742, 732, 21100]","[0, 0, 0, 0, 0, 0, 0, 0, 0, 0, 0, 0, 0, 0, 0, 0, 0, 0, 0, 64573]",0.003160250000291853
MovieLens-25M,near-boundary-fixed-k-v2,fixed,TS,Ours,9,100000,20,0.016442451420029897,0.12451681531599387,0.016442451420029897,Bernoulli; same mean in clean and online rewards,"clean log: max(0, empirical mean - 2 beta)",0.0,0.23544611850372477,55735,42632.14931415255,1.307346706573335,0.6194671211985288,34526,1116.2631578947369,44165,55835,0,1,1.0,simulated,1401026450,"[5.0, 1.0, 4.0, 4.0, 5.0, 4.0, 5.0, 3.0, 5.0, 5.0, 4.0, 3.0, 2.0, 5.0, 2.0, 4.0, 4.0, 3.0, 2.0, 0.0]","[1127, 1094, 1119, 1119, 1127, 1119, 1127, 1111, 1127, 1127, 1119, 1111, 1102, 1127, 1102, 1119, 1119, 1111, 1102, 34526]","[0, 0, 0, 0, 0, 0, 0, 0, 0, 0, 0, 0, 0, 0, 0, 0, 0, 0, 0, 44165]",0.0040743750005276524
MovieLens-25M,near-boundary-fixed-k-v2,fixed,UCB,Ours,9,250000,20,0.010399119360792878,0.1041882283684082,0.016442451420029897,Bernoulli; same mean in clean and online rewards,"clean log: max(0, empirical mean - 2 beta)",0.0,0.1371840030297622,64938,60746.49394546845,1.0689999666202008,0.6121223320705904,39750,1325.6842105263158,184962,65038,0,1,1.0,simulated,1802418942,"[5.0, 1.0, 4.0, 4.0, 5.0, 4.0, 5.0, 3.0, 5.0, 5.0, 4.0, 3.0, 2.0, 5.0, 2.0, 4.0, 4.0, 3.0, 2.0, 0.0]","[1343, 1290, 1330, 1330, 1343, 1330, 1343, 1317, 1343, 1343, 1330, 1317, 1303, 1343, 1303, 1330, 1330, 1317, 1303, 39750]","[0, 0, 0, 0, 0, 0, 0, 0, 0, 0, 0, 0, 0, 0, 0, 0, 0, 0, 0, 184962]",0.008456374999695981
MovieLens-25M,near-boundary-fixed-k-v2,fixed,TS,Ours,9,250000,20,0.010399119360792878,0.1041882283684082,0.016442451420029897,Bernoulli; same mean in clean and online rewards,"clean log: max(0, empirical mean - 2 beta)",0.0,0.18530112564375678,98479,80086.01082922542,1.2296654431945124,0.6331806781141157,62355,1901.2631578947369,151421,98579,0,1,1.0,simulated,375564524,"[5.0, 1.0, 4.0, 4.0, 5.0, 4.0, 5.0, 3.0, 5.0, 5.0, 4.0, 3.0, 2.0, 5.0, 2.0, 4.0, 4.0, 3.0, 2.0, 0.0]","[1915, 1873, 1905, 1905, 1915, 1905, 1915, 1894, 1915, 1915, 1905, 1894, 1883, 1915, 1883, 1905, 1905, 1894, 1883, 62355]","[0, 0, 0, 0, 0, 0, 0, 0, 0, 0, 0, 0, 0, 0, 0, 0, 0, 0, 0, 151421]",0.012698208000074374
MovieLens-25M,near-boundary-fixed-k-v2,fixed,UCB,Ours,9,1000000,20,0.005199559680396439,0.07983026834705138,0.016442451420029897,Bernoulli; same mean in clean and online rewards,"clean log: max(0, empirical mean - 2 beta)",0.0,0.09380207696050372,164630,158563.15442297678,1.0382613829745058,0.6287614651035656,103513,3216.684210526316,835270,164730,0,1,1.0,simulated,2453427574,"[5.0, 1.0, 4.0, 4.0, 5.0, 4.0, 5.0, 3.0, 5.0, 5.0, 4.0, 3.0, 2.0, 5.0, 2.0, 4.0, 4.0, 3.0, 2.0, 0.0]","[3243, 3163, 3223, 3223, 3243, 3223, 3243, 3203, 3243, 3243, 3223, 3203, 3183, 3243, 3183, 3223, 3223, 3203, 3183, 103513]","[0, 0, 0, 0, 0, 0, 0, 0, 0, 0, 0, 0, 0, 0, 0, 0, 0, 0, 0, 835270]",0.03624683300040488
MovieLens-25M,near-boundary-fixed-k-v2,fixed,TS,Ours,9,1000000,20,0.005199559680396439,0.07983026834705138,0.016442451420029897,Bernoulli; same mean in clean and online rewards,"clean log: max(0, empirical mean - 2 beta)",0.0,0.12613670836006796,238775,207464.75388734078,1.1509183874657647,0.6474965972149513,154606,4429.9473684210525,761125,238875,0,1,1.0,simulated,1419250178,"[5.0, 1.0, 4.0, 4.0, 5.0, 4.0, 5.0, 3.0, 5.0, 5.0, 4.0, 3.0, 2.0, 5.0, 2.0, 4.0, 4.0, 3.0, 2.0, 0.0]","[4451, 4387, 4435, 4435, 4451, 4435, 4451, 4419, 4451, 4451, 4435, 4419, 4403, 4451, 4403, 4435, 4435, 4419, 4403, 154606]","[0, 0, 0, 0, 0, 0, 0, 0, 0, 0, 0, 0, 0, 0, 0, 0, 0, 0, 0, 761125]",0.06320775000040157
MovieLens-25M,near-boundary-fixed-k-v2,fixed,UCB,Ours,9,2500000,20,0.0032884902840059796,0.06707303372179221,0.016442451420029897,Bernoulli; same mean in clean and online rewards,"clean log: max(0, empirical mean - 2 beta)",0.0,0.07226199936186217,305794,298395.2602684533,1.024795098035037,0.6367947049320785,194728,5845.578947368421,2194106,305894,0,1,1.0,simulated,2647900666,"[5.0, 1.0, 4.0, 4.0, 5.0, 4.0, 5.0, 3.0, 5.0, 5.0, 4.0, 3.0, 2.0, 5.0, 2.0, 4.0, 4.0, 3.0, 2.0, 0.0]","[5880, 5775, 5854, 5854, 5880, 5854, 5880, 5828, 5880, 5880, 5854, 5828, 5801, 5880, 5801, 5854, 5854, 5828, 5801, 194728]","[0, 0, 0, 0, 0, 0, 0, 0, 0, 0, 0, 0, 0, 0, 0, 0, 0, 0, 0, 2194106]",0.09424250000029133
MovieLens-25M,near-boundary-fixed-k-v2,fixed,TS,Ours,9,2500000,20,0.0032884902840059796,0.06707303372179221,0.016442451420029897,Bernoulli; same mean in clean and online rewards,"clean log: max(0, empirical mean - 2 beta)",0.0,0.09674719379427071,433722,388744.55346659984,1.1156992326511515,0.6538497009605231,283589,7901.736842105263,2066178,433822,0,1,1.0,simulated,1244121676,"[5.0, 1.0, 4.0, 4.0, 5.0, 4.0, 5.0, 3.0, 5.0, 5.0, 4.0, 3.0, 2.0, 5.0, 2.0, 4.0, 4.0, 3.0, 2.0, 0.0]","[7929, 7846, 7908, 7908, 7929, 7908, 7929, 7888, 7929, 7929, 7908, 7888, 7867, 7929, 7867, 7908, 7908, 7888, 7867, 283589]","[0, 0, 0, 0, 0, 0, 0, 0, 0, 0, 0, 0, 0, 0, 0, 0, 0, 0, 0, 2066178]",0.17091804099982255
MovieLens-25M,near-boundary-fixed-k-v2,fixed,UCB,Ours,9,10000000,20,0.0016442451420029898,0.051663678599737986,0.016442451420029897,Bernoulli; same mean in clean and online rewards,"clean log: max(0, empirical mean - 2 beta)",0.0,0.04816092865103813,783583,774790.9516652355,1.0113476394063043,0.6457248306816253,505979,14610.736842105263,9216317,783683,0,1,1.0,simulated,2293265188,"[5.0, 1.0, 4.0, 4.0, 5.0, 4.0, 5.0, 3.0, 5.0, 5.0, 4.0, 3.0, 2.0, 5.0, 2.0, 4.0, 4.0, 3.0, 2.0, 0.0]","[14663, 14504, 14623, 14623, 14663, 14623, 14663, 14584, 14663, 14663, 14623, 14584, 14544, 14663, 14544, 14623, 14623, 14584, 14544, 505979]","[0, 0, 0, 0, 0, 0, 0, 0, 0, 0, 0, 0, 0, 0, 0, 0, 0, 0, 0, 9216317]",0.3950852079997276
MovieLens-25M,near-boundary-fixed-k-v2,fixed,TS,Ours,9,10000000,20,0.0016442451420029898,0.051663678599737986,0.016442451420029897,Bernoulli; same mean in clean and online rewards,"clean log: max(0, empirical mean - 2 beta)",0.0,0.06399681569977403,1082614,1003681.3015450304,1.0786431891612043,0.6602325482581973,714777,19359.842105263157,8917286,1082714,0,1,1.0,simulated,3659799826,"[5.0, 1.0, 4.0, 4.0, 5.0, 4.0, 5.0, 3.0, 5.0, 5.0, 4.0, 3.0, 2.0, 5.0, 2.0, 4.0, 4.0, 3.0, 2.0, 0.0]","[19401, 19276, 19370, 19370, 19401, 19370, 19401, 19338, 19401, 19401, 19370, 19338, 19307, 19401, 19307, 19370, 19370, 19338, 19307, 714777]","[0, 0, 0, 0, 0, 0, 0, 0, 0, 0, 0, 0, 0, 0, 0, 0, 0, 0, 0, 8917286]",0.7371005409995632
MovieLens-25M,near-boundary-fixed-k-v2,fixed,UCB,Ours,9,100000,25,0.016442451420029897,0.11559117191354834,0.016442451420029897,Bernoulli; same mean in clean and online rewards,"clean log: max(0, empirical mean - 2 beta)",0.0,0.1876315117726729,38867,34750.50140085435,1.118458682125503,0.5942830678982169,23098,657.0416666666666,61008,38992,0,1,1.0,simulated,3436356692,"[5.0, 5.0, 4.0, 4.0, 3.0, 5.0, 5.0, 3.0, 4.0, 2.0, 5.0, 2.0, 5.0, 5.0, 5.0, 4.0, 4.0, 2.0, 3.0, 4.0, 2.0, 4.0, 4.0, 4.0, 0.0]","[668, 668, 658, 658, 649, 668, 668, 649, 658, 639, 668, 639, 668, 668, 668, 658, 658, 639, 649, 658, 639, 658, 658, 658, 23098]","[0, 0, 0, 0, 0, 0, 0, 0, 0, 0, 0, 0, 0, 0, 0, 0, 0, 0, 0, 0, 0, 0, 0, 0, 61008]",0.0038727920000383165
MovieLens-25M,near-boundary-fixed-k-v2,fixed,TS,Ours,9,100000,25,0.016442451420029897,0.11559117191354834,0.016442451420029897,Bernoulli; same mean in clean and online rewards,"clean log: max(0, empirical mean - 2 beta)",0.0,0.2516149752368366,61183,46197.86118183885,1.3243686706442603,0.6127192193910073,37488,987.2916666666666,38692,61308,0,1,1.0,simulated,161873820,"[5.0, 5.0, 4.0, 4.0, 3.0, 5.0, 5.0, 3.0, 4.0, 2.0, 5.0, 2.0, 5.0, 5.0, 5.0, 4.0, 4.0, 2.0, 3.0, 4.0, 2.0, 4.0, 4.0, 4.0, 0.0]","[996, 996, 988, 988, 981, 996, 996, 981, 988, 973, 996, 973, 996, 996, 996, 988, 988, 973, 981, 988, 973, 988, 988, 988, 37488]","[0, 0, 0, 0, 0, 0, 0, 0, 0, 0, 0, 0, 0, 0, 0, 0, 0, 0, 0, 0, 0, 0, 0, 0, 38692]",0.00472462500056281
MovieLens-25M,near-boundary-fixed-k-v2,fixed,UCB,Ours,9,250000,25,0.010399119360792878,0.09671978347774034,0.016442451420029897,Bernoulli; same mean in clean and online rewards,"clean log: max(0, empirical mean - 2 beta)",0.0,0.14794818904814183,71171,65665.98010647747,1.0838336667570656,0.6099534922932093,43411,1156.6666666666667,178704,71296,0,1,1.0,simulated,3534553881,"[5.0, 5.0, 4.0, 4.0, 3.0, 5.0, 5.0, 3.0, 4.0, 2.0, 5.0, 2.0, 5.0, 5.0, 5.0, 4.0, 4.0, 2.0, 3.0, 4.0, 2.0, 4.0, 4.0, 4.0, 0.0]","[1171, 1171, 1158, 1158, 1146, 1171, 1171, 1146, 1158, 1133, 1171, 1133, 1171, 1171, 1171, 1158, 1158, 1133, 1146, 1158, 1133, 1158, 1158, 1158, 43411]","[0, 0, 0, 0, 0, 0, 0, 0, 0, 0, 0, 0, 0, 0, 0, 0, 0, 0, 0, 0, 0, 0, 0, 0, 178704]",0.009776291999514797
MovieLens-25M,near-boundary-fixed-k-v2,fixed,TS,Ours,9,250000,25,0.010399119360792878,0.09671978347774034,0.016442451420029897,Bernoulli; same mean in clean and online rewards,"clean log: max(0, empirical mean - 2 beta)",0.0,0.19863717692254457,107693,86772.19353143856,1.2411003527412452,0.6278866778713565,67619,1669.75,142182,107818,0,1,1.0,simulated,3575801948,"[5.0, 5.0, 4.0, 4.0, 3.0, 5.0, 5.0, 3.0, 4.0, 2.0, 5.0, 2.0, 5.0, 5.0, 5.0, 4.0, 4.0, 2.0, 3.0, 4.0, 2.0, 4.0, 4.0, 4.0, 0.0]","[1681, 1681, 1671, 1671, 1661, 1681, 1681, 1661, 1671, 1651, 1681, 1651, 1681, 1681, 1681, 1671, 1671, 1651, 1661, 1671, 1651, 1671, 1671, 1671, 67619]","[0, 0, 0, 0, 0, 0, 0, 0, 0, 0, 0, 0, 0, 0, 0, 0, 0, 0, 0, 0, 0, 0, 0, 0, 142182]",0.01491287499993632
MovieLens-25M,near-boundary-fixed-k-v2,fixed,UCB,Ours,9,1000000,25,0.005199559680396439,0.07410785642879708,0.016442451420029897,Bernoulli; same mean in clean and online rewards,"clean log: max(0, empirical mean - 2 beta)",0.0,0.10131021588115699,179656,171404.2122876498,1.0481422690972266,0.6274936545397871,112733,2788.4583333333335,820219,179781,0,1,1.0,simulated,3747069748,"[5.0, 5.0, 4.0, 4.0, 3.0, 5.0, 5.0, 3.0, 4.0, 2.0, 5.0, 2.0, 5.0, 5.0, 5.0, 4.0, 4.0, 2.0, 3.0, 4.0, 2.0, 4.0, 4.0, 4.0, 0.0]","[2809, 2809, 2791, 2791, 2772, 2809, 2809, 2772, 2791, 2754, 2809, 2754, 2809, 2809, 2809, 2791, 2791, 2754, 2772, 2791, 2754, 2791, 2791, 2791, 112733]","[0, 0, 0, 0, 0, 0, 0, 0, 0, 0, 0, 0, 0, 0, 0, 0, 0, 0, 0, 0, 0, 0, 0, 0, 820219]",0.04014037500019185
MovieLens-25M,near-boundary-fixed-k-v2,fixed,TS,Ours,9,1000000,25,0.005199559680396439,0.07410785642879708,0.016442451420029897,Bernoulli; same mean in clean and online rewards,"clean log: max(0, empirical mean - 2 beta)",0.0,0.1356779432895815,260053,224744.19289897382,1.1571066493224056,0.6438764405717297,167442,3858.7916666666665,739822,260178,0,1,1.0,simulated,824171143,"[5.0, 5.0, 4.0, 4.0, 3.0, 5.0, 5.0, 3.0, 4.0, 2.0, 5.0, 2.0, 5.0, 5.0, 5.0, 4.0, 4.0, 2.0, 3.0, 4.0, 2.0, 4.0, 4.0, 4.0, 0.0]","[3875, 3875, 3861, 3861, 3846, 3875, 3875, 3846, 3861, 3831, 3875, 3831, 3875, 3875, 3875, 3861, 3861, 3831, 3846, 3861, 3831, 3861, 3861, 3861, 167442]","[0, 0, 0, 0, 0, 0, 0, 0, 0, 0, 0, 0, 0, 0, 0, 0, 0, 0, 0, 0, 0, 0, 0, 0, 739822]",0.07360412500020175
MovieLens-25M,near-boundary-fixed-k-v2,fixed,UCB,Ours,9,2500000,25,0.0032884902840059796,0.06226508887192082,0.016442451420029897,Bernoulli; same mean in clean and online rewards,"clean log: max(0, empirical mean - 2 beta)",0.0,0.07809486344037622,333009,322560.463197187,1.032392490695382,0.6359497791350984,211777,5051.333333333333,2166866,333134,0,1,1.0,simulated,3975860201,"[5.0, 5.0, 4.0, 4.0, 3.0, 5.0, 5.0, 3.0, 4.0, 2.0, 5.0, 2.0, 5.0, 5.0, 5.0, 4.0, 4.0, 2.0, 3.0, 4.0, 2.0, 4.0, 4.0, 4.0, 0.0]","[5079, 5079, 5054, 5054, 5030, 5079, 5079, 5030, 5054, 5006, 5079, 5006, 5079, 5079, 5079, 5054, 5054, 5006, 5030, 5054, 5006, 5054, 5054, 5054, 211777]","[0, 0, 0, 0, 0, 0, 0, 0, 0, 0, 0, 0, 0, 0, 0, 0, 0, 0, 0, 0, 0, 0, 0, 0, 2166866]",0.10402366600010282
MovieLens-25M,near-boundary-fixed-k-v2,fixed,TS,Ours,9,2500000,25,0.0032884902840059796,0.06226508887192082,0.016442451420029897,Bernoulli; same mean in clean and online rewards,"clean log: max(0, empirical mean - 2 beta)",0.0,0.10423326983030654,471527,421077.81143345765,1.1198096579698662,0.6510083197780827,306968,6856.625,2028348,471652,0,1,1.0,simulated,2249134866,"[5.0, 5.0, 4.0, 4.0, 3.0, 5.0, 5.0, 3.0, 4.0, 2.0, 5.0, 2.0, 5.0, 5.0, 5.0, 4.0, 4.0, 2.0, 3.0, 4.0, 2.0, 4.0, 4.0, 4.0, 0.0]","[6878, 6878, 6859, 6859, 6840, 6878, 6878, 6840, 6859, 6821, 6878, 6821, 6878, 6878, 6878, 6859, 6859, 6821, 6840, 6859, 6821, 6859, 6859, 6859, 306968]","[0, 0, 0, 0, 0, 0, 0, 0, 0, 0, 0, 0, 0, 0, 0, 0, 0, 0, 0, 0, 0, 0, 0, 0, 2028348]",0.20003537499997037
MovieLens-25M,near-boundary-fixed-k-v2,fixed,UCB,Ours,9,10000000,25,0.0016442451420029898,0.04796031073838066,0.016442451420029897,Bernoulli; same mean in clean and online rewards,"clean log: max(0, empirical mean - 2 beta)",0.0,0.05207899589038177,851405,837536.5212747959,1.0165586555008912,0.6452910189627733,549404,12583.375,9148470,851530,0,1,1.0,simulated,2584048525,"[5.0, 5.0, 4.0, 4.0, 3.0, 5.0, 5.0, 3.0, 4.0, 2.0, 5.0, 2.0, 5.0, 5.0, 5.0, 4.0, 4.0, 2.0, 3.0, 4.0, 2.0, 4.0, 4.0, 4.0, 0.0]","[12625, 12625, 12588, 12588, 12551, 12625, 12625, 12551, 12588, 12514, 12625, 12514, 12625, 12625, 12625, 12588, 12588, 12514, 12551, 12588, 12514, 12588, 12588, 12588, 549404]","[0, 0, 0, 0, 0, 0, 0, 0, 0, 0, 0, 0, 0, 0, 0, 0, 0, 0, 0, 0, 0, 0, 0, 0, 9148470]",0.4354625000005399
MovieLens-25M,near-boundary-fixed-k-v2,fixed,TS,Ours,9,10000000,25,0.0016442451420029898,0.04796031073838066,0.016442451420029897,Bernoulli; same mean in clean and online rewards,"clean log: max(0, empirical mean - 2 beta)",0.0,0.06906755060265093,1174771,1087006.7299986908,1.0807393989192826,0.65826786667359,773314,16727.375,8825104,1174896,0,1,1.0,simulated,67537204,"[5.0, 5.0, 4.0, 4.0, 3.0, 5.0, 5.0, 3.0, 4.0, 2.0, 5.0, 2.0, 5.0, 5.0, 5.0, 4.0, 4.0, 2.0, 3.0, 4.0, 2.0, 4.0, 4.0, 4.0, 0.0]","[16760, 16760, 16731, 16731, 16702, 16760, 16760, 16702, 16731, 16673, 16760, 16673, 16760, 16760, 16760, 16731, 16731, 16673, 16702, 16731, 16673, 16731, 16731, 16731, 773314]","[0, 0, 0, 0, 0, 0, 0, 0, 0, 0, 0, 0, 0, 0, 0, 0, 0, 0, 0, 0, 0, 0, 0, 0, 8825104]",0.8690974579994872
