algorithm,repeat,K,status,T,T0,H,Cost_n,target_cost,non_target_total_cost,non_target_avg_cost,S_T,normalized_cost,z_star,allocation_json,n_1,n_2,n_3,n_4,n_5,n_6,n_7,n_8,n_9,n_10,n_11,n_12,n_13,n_14,n_15,n_16,n_17,n_18,n_19,n_20,n_21,n_22,n_23,n_24,n_25,n_26,n_27,n_28,n_29,n_30,n_31,n_32,n_33,n_34,n_35,n_36,n_37,n_38,n_39,n_40,n_41,n_42,n_43,n_44,n_45,n_46,n_47,n_48,n_49,n_50
UCB appendix,0,5,ok,200000,30664,169336,30639,18802,11837,2959.25,13464.864334,2.2754778095,0.0859299926765,"{""n_1"": 2949, ""n_2"": 2965, ""n_3"": 2965, ""n_4"": 2958, ""n_5"": 18802}",2949,2965,2965,2958,18802,,,,,,,,,,,,,,,,,,,,,,,,,,,,,,,,,,,,,,,,,,,,,
UCB direct,0,5,ok,200000,27893,172107,27868,17097,10771,2692.75,13464.864334,2.06968293989,0.102405785513,"{""n_1"": 2683, ""n_2"": 2698, ""n_3"": 2698, ""n_4"": 2692, ""n_5"": 17097}",2683,2698,2698,2692,17097,,,,,,,,,,,,,,,,,,,,,,,,,,,,,,,,,,,,,,,,,,,,,
TS appendix,0,5,ok,200000,48567,151433,48542,32115,16427,4106.75,13464.864334,3.60508645285,0.122223527066,"{""n_1"": 4099, ""n_2"": 4111, ""n_3"": 4111, ""n_4"": 4106, ""n_5"": 32115}",4099,4111,4111,4106,32115,,,,,,,,,,,,,,,,,,,,,,,,,,,,,,,,,,,,,,,,,,,,,
TS direct,0,5,ok,200000,42007,157993,41982,27683,14299,3574.75,13464.864334,3.11789253561,0.131050000074,"{""n_1"": 3567, ""n_2"": 3579, ""n_3"": 3579, ""n_4"": 3574, ""n_5"": 27683}",3567,3579,3579,3574,27683,,,,,,,,,,,,,,,,,,,,,,,,,,,,,,,,,,,,,,,,,,,,,
UCB appendix,0,10,ok,200000,41941,158059,41891,25673,16218,1802,16964.6660084,2.4693088552,0.113761798984,"{""n_1"": 1795, ""n_10"": 25673, ""n_2"": 1809, ""n_3"": 1804, ""n_4"": 1806, ""n_5"": 1804, ""n_6"": 1804, ""n_7"": 1807, ""n_8"": 1792, ""n_9"": 1797}",1795,1809,1804,1806,1804,1804,1807,1792,1797,25673,,,,,,,,,,,,,,,,,,,,,,,,,,,,,,,,,,,,,,,,
UCB direct,0,10,ok,200000,36917,163083,36867,22346,14521,1613.44444444,16964.6660084,2.17316391503,0.132674085126,"{""n_1"": 1607, ""n_10"": 22346, ""n_2"": 1620, ""n_3"": 1615, ""n_4"": 1617, ""n_5"": 1615, ""n_6"": 1615, ""n_7"": 1619, ""n_8"": 1604, ""n_9"": 1609}",1607,1620,1615,1617,1615,1615,1619,1604,1609,22346,,,,,,,,,,,,,,,,,,,,,,,,,,,,,,,,,,,,,,,,
TS appendix,0,10,ok,200000,64860,135140,64810,41866,22944,2549.33333333,16964.6660084,3.82029330656,0.157108393103,"{""n_1"": 2544, ""n_10"": 41866, ""n_2"": 2555, ""n_3"": 2551, ""n_4"": 2552, ""n_5"": 2551, ""n_6"": 2551, ""n_7"": 2554, ""n_8"": 2541, ""n_9"": 2545}",2544,2555,2551,2552,2551,2551,2554,2541,2545,41866,,,,,,,,,,,,,,,,,,,,,,,,,,,,,,,,,,,,,,,,
TS direct,0,10,ok,200000,53652,146348,53602,34362,19240,2137.77777778,16964.6660084,3.1596260117,0.171650000066,"{""n_1"": 2133, ""n_10"": 34362, ""n_2"": 2143, ""n_3"": 2139, ""n_4"": 2141, ""n_5"": 2139, ""n_6"": 2139, ""n_7"": 2142, ""n_8"": 2130, ""n_9"": 2134}",2133,2143,2139,2141,2139,2139,2142,2130,2134,34362,,,,,,,,,,,,,,,,,,,,,,,,,,,,,,,,,,,,,,,,
UCB appendix,0,15,ok,200000,49816,150184,49741,30369,19372,1383.71428571,19419.6948,2.56136878114,0.131824373093,"{""n_1"": 1383, ""n_10"": 1372, ""n_11"": 1385, ""n_12"": 1380, ""n_13"": 1382, ""n_14"": 1372, ""n_15"": 30369, ""n_2"": 1394, ""n_3"": 1392, ""n_4"": 1392, ""n_5"": 1380, ""n_6"": 1388, ""n_7"": 1380, ""n_8"": 1386, ""n_9"": 1386}",1383,1394,1392,1392,1380,1388,1380,1386,1386,1372,1385,1380,1382,1372,30369,,,,,,,,,,,,,,,,,,,,,,,,,,,,,,,,,,,
UCB direct,0,15,ok,200000,42882,157118,42807,25902,16905,1207.5,19419.6948,2.20430858677,0.153771443204,"{""n_1"": 1207, ""n_10"": 1197, ""n_11"": 1208, ""n_12"": 1204, ""n_13"": 1206, ""n_14"": 1197, ""n_15"": 25902, ""n_2"": 1217, ""n_3"": 1215, ""n_4"": 1215, ""n_5"": 1204, ""n_6"": 1211, ""n_7"": 1204, ""n_8"": 1210, ""n_9"": 1210}",1207,1217,1215,1215,1204,1211,1204,1210,1210,1197,1208,1204,1206,1197,25902,,,,,,,,,,,,,,,,,,,,,,,,,,,,,,,,,,,
TS appendix,0,15,ok,200000,76406,123594,76331,48597,27734,1981,19419.6948,3.9305973027,0.179612009831,"{""n_1"": 1980, ""n_10"": 1972, ""n_11"": 1982, ""n_12"": 1978, ""n_13"": 1979, ""n_14"": 1972, ""n_15"": 48597, ""n_2"": 1989, ""n_3"": 1988, ""n_4"": 1988, ""n_5"": 1978, ""n_6"": 1984, ""n_7"": 1978, ""n_8"": 1983, ""n_9"": 1983}",1980,1989,1988,1988,1978,1984,1978,1983,1983,1972,1982,1978,1979,1972,48597,,,,,,,,,,,,,,,,,,,,,,,,,,,,,,,,,,,
TS direct,0,15,ok,200000,61314,138686,61239,38482,22757,1625.5,19419.6948,3.15344811701,0.19840000006,"{""n_1"": 1625, ""n_10"": 1617, ""n_11"": 1626, ""n_12"": 1623, ""n_13"": 1624, ""n_14"": 1617, ""n_15"": 38482, ""n_2"": 1633, ""n_3"": 1632, ""n_4"": 1632, ""n_5"": 1623, ""n_6"": 1628, ""n_7"": 1623, ""n_8"": 1627, ""n_9"": 1627}",1625,1633,1632,1632,1623,1628,1623,1627,1627,1617,1626,1623,1624,1617,38482,,,,,,,,,,,,,,,,,,,,,,,,,,,,,,,,,,,
UCB appendix,0,20,ok,200000,56144,143856,56044,34088,21956,1155.57894737,21374.1398084,2.62204703919,0.145620414725,"{""n_1"": 1169, ""n_10"": 1159, ""n_11"": 1144, ""n_12"": 1155, ""n_13"": 1159, ""n_14"": 1163, ""n_15"": 1162, ""n_16"": 1145, ""n_17"": 1162, ""n_18"": 1148, ""n_19"": 1135, ""n_2"": 1166, ""n_20"": 34088, ""n_3"": 1158, ""n_4"": 1160, ""n_5"": 1145, ""n_6"": 1151, ""n_7"": 1151, ""n_8"": 1158, ""n_9"": 1166}",1169,1166,1158,1160,1145,1151,1151,1158,1166,1159,1144,1155,1159,1163,1162,1145,1162,1148,1135,34088,,,,,,,,,,,,,,,,,,,,,,,,,,,,,,
UCB direct,0,20,ok,200000,47489,152511,47389,28603,18786,988.736842105,21374.1398084,2.217118463,0.1702372624,"{""n_1"": 1001, ""n_10"": 992, ""n_11"": 978, ""n_12"": 988, ""n_13"": 992, ""n_14"": 996, ""n_15"": 995, ""n_16"": 979, ""n_17"": 995, ""n_18"": 982, ""n_19"": 970, ""n_2"": 998, ""n_20"": 28603, ""n_3"": 991, ""n_4"": 993, ""n_5"": 979, ""n_6"": 984, ""n_7"": 984, ""n_8"": 991, ""n_9"": 998}",1001,998,991,993,979,984,984,991,998,992,978,988,992,996,995,979,995,982,970,28603,,,,,,,,,,,,,,,,,,,,,,,,,,,,,,
TS appendix,0,20,ok,200000,85781,114219,85681,53966,31715,1669.21052632,21374.1398084,4.00862915504,0.196717495042,"{""n_1"": 1680, ""n_10"": 1672, ""n_11"": 1660, ""n_12"": 1669, ""n_13"": 1672, ""n_14"": 1675, ""n_15"": 1674, ""n_16"": 1661, ""n_17"": 1674, ""n_18"": 1663, ""n_19"": 1653, ""n_2"": 1678, ""n_20"": 53966, ""n_3"": 1671, ""n_4"": 1673, ""n_5"": 1661, ""n_6"": 1665, ""n_7"": 1665, ""n_8"": 1671, ""n_9"": 1678}",1680,1678,1671,1673,1661,1665,1665,1671,1678,1672,1660,1669,1672,1675,1674,1661,1674,1663,1653,53966,,,,,,,,,,,,,,,,,,,,,,,,,,,,,,
TS direct,0,20,ok,200000,67203,132797,67103,41805,25298,1331.47368421,21374.1398084,3.13944797786,0.220400000056,"{""n_1"": 1341, ""n_10"": 1334, ""n_11"": 1323, ""n_12"": 1331, ""n_13"": 1334, ""n_14"": 1337, ""n_15"": 1336, ""n_16"": 1324, ""n_17"": 1336, ""n_18"": 1326, ""n_19"": 1317, ""n_2"": 1339, ""n_20"": 41805, ""n_3"": 1333, ""n_4"": 1335, ""n_5"": 1324, ""n_6"": 1328, ""n_7"": 1328, ""n_8"": 1333, ""n_9"": 1339}",1341,1339,1333,1335,1324,1328,1328,1333,1339,1334,1323,1331,1334,1337,1336,1324,1336,1326,1317,41805,,,,,,,,,,,,,,,,,,,,,,,,,,,,,,
UCB appendix,0,30,ok,200000,66292,133708,66142,39974,26168,902.344827586,24467.282261,2.70328348259,0.166575163611,"{""n_1"": 907, ""n_10"": 904, ""n_11"": 890, ""n_12"": 902, ""n_13"": 901, ""n_14"": 904, ""n_15"": 906, ""n_16"": 900, ""n_17"": 902, ""n_18"": 901, ""n_19"": 907, ""n_2"": 901, ""n_20"": 901, ""n_21"": 908, ""n_22"": 910, ""n_23"": 888, ""n_24"": 895, ""n_25"": 904, ""n_26"": 901, ""n_27"": 908, ""n_28"": 899, ""n_29"": 902, ""n_3"": 894, ""n_30"": 39974, ""n_4"": 907, ""n_5"": 910, ""n_6"": 907, ""n_7"": 905, ""n_8"": 900, ""n_9"": 904}",907,901,894,907,910,907,905,900,904,904,890,902,901,904,906,900,902,901,907,901,908,910,888,895,904,901,908,899,902,39974,,,,,,,,,,,,,,,,,,,,
UCB direct,0,30,ok,200000,54558,145442,54408,32592,21816,752.275862069,24467.282261,2.2237042684,0.195478339063,"{""n_1"": 757, ""n_10"": 753, ""n_11"": 741, ""n_12"": 752, ""n_13"": 751, ""n_14"": 753, ""n_15"": 756, ""n_16"": 750, ""n_17"": 752, ""n_18"": 751, ""n_19"": 757, ""n_2"": 751, ""n_20"": 751, ""n_21"": 758, ""n_22"": 759, ""n_23"": 739, ""n_24"": 746, ""n_25"": 753, ""n_26"": 751, ""n_27"": 758, ""n_28"": 749, ""n_29"": 752, ""n_3"": 745, ""n_30"": 32592, ""n_4"": 757, ""n_5"": 759, ""n_6"": 757, ""n_7"": 755, ""n_8"": 750, ""n_9"": 753}",757,751,745,757,759,757,755,750,753,753,741,752,751,753,756,750,752,751,757,751,758,759,739,746,753,751,758,749,752,32592,,,,,,,,,,,,,,,,,,,,
TS appendix,0,30,ok,200000,101018,98982,100868,62530,38338,1322,24467.282261,4.12256657376,0.222566144476,"{""n_1"": 1326, ""n_10"": 1323, ""n_11"": 1312, ""n_12"": 1322, ""n_13"": 1321, ""n_14"": 1323, ""n_15"": 1325, ""n_16"": 1320, ""n_17"": 1322, ""n_18"": 1321, ""n_19"": 1326, ""n_2"": 1321, ""n_20"": 1321, ""n_21"": 1327, ""n_22"": 1328, ""n_23"": 1310, ""n_24"": 1316, ""n_25"": 1323, ""n_26"": 1321, ""n_27"": 1327, ""n_28"": 1319, ""n_29"": 1322, ""n_3"": 1315, ""n_30"": 62530, ""n_4"": 1326, ""n_5"": 1328, ""n_6"": 1326, ""n_7"": 1324, ""n_8"": 1320, ""n_9"": 1323}",1326,1321,1315,1326,1328,1326,1324,1320,1323,1323,1312,1322,1321,1323,1325,1320,1322,1321,1326,1321,1327,1328,1310,1316,1323,1321,1327,1319,1322,62530,,,,,,,,,,,,,,,,,,,,
TS direct,0,30,ok,200000,76215,123785,76065,46401,29664,1022.89655172,24467.282261,3.10884548551,0.253250000049,"{""n_1"": 1026, ""n_10"": 1024, ""n_11"": 1014, ""n_12"": 1023, ""n_13"": 1022, ""n_14"": 1024, ""n_15"": 1026, ""n_16"": 1021, ""n_17"": 1023, ""n_18"": 1022, ""n_19"": 1026, ""n_2"": 1022, ""n_20"": 1022, ""n_21"": 1027, ""n_22"": 1028, ""n_23"": 1013, ""n_24"": 1018, ""n_25"": 1024, ""n_26"": 1022, ""n_27"": 1027, ""n_28"": 1020, ""n_29"": 1023, ""n_3"": 1017, ""n_30"": 46401, ""n_4"": 1026, ""n_5"": 1028, ""n_6"": 1026, ""n_7"": 1025, ""n_8"": 1021, ""n_9"": 1024}",1026,1022,1017,1026,1028,1026,1025,1021,1024,1024,1014,1023,1022,1024,1026,1021,1023,1022,1026,1022,1027,1028,1013,1018,1024,1022,1027,1020,1023,46401,,,,,,,,,,,,,,,,,,,,
UCB appendix,0,40,ok,200000,74641,125359,74441,44713,29728,762.256410256,26929.728668,2.7642684751,0.18271427372,"{""n_1"": 766, ""n_10"": 767, ""n_11"": 757, ""n_12"": 767, ""n_13"": 769, ""n_14"": 772, ""n_15"": 765, ""n_16"": 760, ""n_17"": 765, ""n_18"": 752, ""n_19"": 756, ""n_2"": 764, ""n_20"": 764, ""n_21"": 762, ""n_22"": 764, ""n_23"": 762, ""n_24"": 756, ""n_25"": 769, ""n_26"": 761, ""n_27"": 759, ""n_28"": 751, ""n_29"": 761, ""n_3"": 766, ""n_30"": 759, ""n_31"": 762, ""n_32"": 757, ""n_33"": 767, ""n_34"": 761, ""n_35"": 757, ""n_36"": 760, ""n_37"": 748, ""n_38"": 758, ""n_39"": 757, ""n_4"": 771, ""n_40"": 44713, ""n_5"": 764, ""n_6"": 772, ""n_7"": 765, ""n_8"": 766, ""n_9"": 769}",766,764,766,771,764,772,765,766,769,767,757,767,769,772,765,760,765,752,756,764,762,764,762,756,769,761,759,751,761,759,762,757,767,761,757,760,748,758,757,44713,,,,,,,,,,
UCB direct,0,40,ok,200000,60087,139913,59887,35596,24291,622.846153846,26929.728668,2.22382485684,0.215315739971,"{""n_1"": 626, ""n_10"": 627, ""n_11"": 618, ""n_12"": 627, ""n_13"": 629, ""n_14"": 632, ""n_15"": 625, ""n_16"": 621, ""n_17"": 625, ""n_18"": 614, ""n_19"": 617, ""n_2"": 624, ""n_20"": 624, ""n_21"": 623, ""n_22"": 624, ""n_23"": 623, ""n_24"": 617, ""n_25"": 629, ""n_26"": 622, ""n_27"": 620, ""n_28"": 613, ""n_29"": 622, ""n_3"": 626, ""n_30"": 620, ""n_31"": 623, ""n_32"": 618, ""n_33"": 627, ""n_34"": 622, ""n_35"": 618, ""n_36"": 621, ""n_37"": 610, ""n_38"": 619, ""n_39"": 618, ""n_4"": 631, ""n_40"": 35596, ""n_5"": 624, ""n_6"": 632, ""n_7"": 625, ""n_8"": 626, ""n_9"": 629}",626,624,626,631,624,632,625,626,629,627,618,627,629,632,625,621,625,614,617,624,623,624,623,617,629,622,620,613,622,620,623,618,627,622,618,621,610,619,618,35596,,,,,,,,,,
TS appendix,0,40,ok,200000,113661,86339,113461,69457,44004,1128.30769231,26929.728668,4.2132247747,0.242285119212,"{""n_1"": 1131, ""n_10"": 1132, ""n_11"": 1124, ""n_12"": 1132, ""n_13"": 1134, ""n_14"": 1137, ""n_15"": 1130, ""n_16"": 1127, ""n_17"": 1130, ""n_18"": 1120, ""n_19"": 1123, ""n_2"": 1129, ""n_20"": 1129, ""n_21"": 1128, ""n_22"": 1129, ""n_23"": 1128, ""n_24"": 1123, ""n_25"": 1134, ""n_26"": 1128, ""n_27"": 1126, ""n_28"": 1119, ""n_29"": 1128, ""n_3"": 1131, ""n_30"": 1126, ""n_31"": 1128, ""n_32"": 1124, ""n_33"": 1132, ""n_34"": 1128, ""n_35"": 1124, ""n_36"": 1127, ""n_37"": 1117, ""n_38"": 1125, ""n_39"": 1124, ""n_4"": 1136, ""n_40"": 69457, ""n_5"": 1129, ""n_6"": 1137, ""n_7"": 1130, ""n_8"": 1131, ""n_9"": 1134}",1131,1129,1131,1136,1129,1137,1130,1131,1134,1132,1124,1132,1134,1137,1130,1127,1130,1120,1123,1129,1128,1129,1128,1123,1134,1128,1126,1119,1128,1126,1128,1124,1132,1128,1124,1127,1117,1125,1124,69457,,,,,,,,,,
TS direct,0,40,ok,200000,83197,116803,82997,49772,33225,851.923076923,26929.728668,3.08198426442,0.279100000044,"{""n_1"": 854, ""n_10"": 855, ""n_11"": 848, ""n_12"": 855, ""n_13"": 857, ""n_14"": 859, ""n_15"": 854, ""n_16"": 851, ""n_17"": 854, ""n_18"": 845, ""n_19"": 847, ""n_2"": 853, ""n_20"": 853, ""n_21"": 852, ""n_22"": 853, ""n_23"": 852, ""n_24"": 847, ""n_25"": 857, ""n_26"": 851, ""n_27"": 850, ""n_28"": 844, ""n_29"": 851, ""n_3"": 854, ""n_30"": 850, ""n_31"": 852, ""n_32"": 848, ""n_33"": 855, ""n_34"": 851, ""n_35"": 848, ""n_36"": 851, ""n_37"": 842, ""n_38"": 849, ""n_39"": 848, ""n_4"": 858, ""n_40"": 49772, ""n_5"": 853, ""n_6"": 859, ""n_7"": 854, ""n_8"": 854, ""n_9"": 857}",854,853,854,858,853,859,854,854,857,855,848,855,857,859,854,851,854,845,847,853,852,853,852,847,857,851,850,844,851,850,852,848,855,851,848,851,842,849,848,49772,,,,,,,,,,
UCB appendix,0,50,ok,200000,81741,118259,81491,48712,32779,668.959183673,29009.1708178,2.80914613216,0.195856165583,"{""n_1"": 676, ""n_10"": 673, ""n_11"": 674, ""n_12"": 670, ""n_13"": 673, ""n_14"": 661, ""n_15"": 677, ""n_16"": 671, ""n_17"": 677, ""n_18"": 672, ""n_19"": 675, ""n_2"": 673, ""n_20"": 670, ""n_21"": 668, ""n_22"": 670, ""n_23"": 668, ""n_24"": 670, ""n_25"": 673, ""n_26"": 667, ""n_27"": 666, ""n_28"": 671, ""n_29"": 668, ""n_3"": 678, ""n_30"": 675, ""n_31"": 664, ""n_32"": 662, ""n_33"": 670, ""n_34"": 667, ""n_35"": 667, ""n_36"": 674, ""n_37"": 668, ""n_38"": 670, ""n_39"": 668, ""n_4"": 665, ""n_40"": 667, ""n_41"": 666, ""n_42"": 666, ""n_43"": 669, ""n_44"": 667, ""n_45"": 656, ""n_46"": 657, ""n_47"": 667, ""n_48"": 660, ""n_49"": 656, ""n_5"": 677, ""n_50"": 48712, ""n_6"": 667, ""n_7"": 677, ""n_8"": 674, ""n_9"": 662}",676,673,678,665,677,667,677,674,662,673,674,670,673,661,677,671,677,672,675,670,668,670,668,670,673,667,666,671,668,675,664,662,670,667,667,674,668,670,668,667,666,666,669,667,656,657,667,660,656,48712
UCB direct,0,50,ok,200000,64615,135385,64365,37790,26575,542.346938776,29009.1708178,2.21878110217,0.230805694227,"{""n_1"": 549, ""n_10"": 546, ""n_11"": 547, ""n_12"": 543, ""n_13"": 546, ""n_14"": 536, ""n_15"": 550, ""n_16"": 544, ""n_17"": 550, ""n_18"": 545, ""n_19"": 548, ""n_2"": 546, ""n_20"": 543, ""n_21"": 541, ""n_22"": 543, ""n_23"": 541, ""n_24"": 543, ""n_25"": 546, ""n_26"": 540, ""n_27"": 540, ""n_28"": 544, ""n_29"": 541, ""n_3"": 551, ""n_30"": 548, ""n_31"": 538, ""n_32"": 537, ""n_33"": 543, ""n_34"": 540, ""n_35"": 540, ""n_36"": 547, ""n_37"": 541, ""n_38"": 543, ""n_39"": 541, ""n_4"": 539, ""n_40"": 540, ""n_41"": 540, ""n_42"": 540, ""n_43"": 542, ""n_44"": 540, ""n_45"": 531, ""n_46"": 532, ""n_47"": 540, ""n_48"": 535, ""n_49"": 531, ""n_5"": 550, ""n_50"": 37790, ""n_6"": 540, ""n_7"": 550, ""n_8"": 547, ""n_9"": 537}",549,546,551,539,550,540,550,547,537,546,547,543,546,536,550,544,550,545,548,543,541,543,541,543,546,540,540,544,541,548,538,537,543,540,540,547,541,543,541,540,540,540,542,540,531,532,540,535,531,37790
TS appendix,0,50,ok,200000,124574,75426,124324,75357,48967,999.326530612,29009.1708178,4.28567920059,0.258303208371,"{""n_1"": 1005, ""n_10"": 1003, ""n_11"": 1003, ""n_12"": 1000, ""n_13"": 1003, ""n_14"": 993, ""n_15"": 1006, ""n_16"": 1001, ""n_17"": 1006, ""n_18"": 1002, ""n_19"": 1004, ""n_2"": 1003, ""n_20"": 1000, ""n_21"": 998, ""n_22"": 1000, ""n_23"": 998, ""n_24"": 1000, ""n_25"": 1003, ""n_26"": 998, ""n_27"": 997, ""n_28"": 1001, ""n_29"": 998, ""n_3"": 1007, ""n_30"": 1004, ""n_31"": 995, ""n_32"": 994, ""n_33"": 1000, ""n_34"": 998, ""n_35"": 998, ""n_36"": 1003, ""n_37"": 998, ""n_38"": 1000, ""n_39"": 998, ""n_4"": 996, ""n_40"": 998, ""n_41"": 997, ""n_42"": 997, ""n_43"": 999, ""n_44"": 998, ""n_45"": 989, ""n_46"": 990, ""n_47"": 998, ""n_48"": 992, ""n_49"": 989, ""n_5"": 1006, ""n_50"": 75357, ""n_6"": 998, ""n_7"": 1006, ""n_8"": 1003, ""n_9"": 994}",1005,1003,1007,996,1006,998,1006,1003,994,1003,1003,1000,1003,993,1006,1001,1006,1002,1004,1000,998,1000,998,1000,1003,998,997,1001,998,1004,995,994,1000,998,998,1003,998,1000,998,998,997,997,999,998,989,990,998,992,989,75357
TS direct,0,50,ok,200000,88891,111109,88641,52502,36139,737.530612245,29009.1708178,3.05561991264,0.30095000004,"{""n_1"": 743, ""n_10"": 740, ""n_11"": 741, ""n_12"": 738, ""n_13"": 740, ""n_14"": 732, ""n_15"": 743, ""n_16"": 739, ""n_17"": 743, ""n_18"": 740, ""n_19"": 742, ""n_2"": 740, ""n_20"": 738, ""n_21"": 737, ""n_22"": 738, ""n_23"": 737, ""n_24"": 738, ""n_25"": 740, ""n_26"": 736, ""n_27"": 735, ""n_28"": 739, ""n_29"": 737, ""n_3"": 744, ""n_30"": 742, ""n_31"": 734, ""n_32"": 733, ""n_33"": 738, ""n_34"": 736, ""n_35"": 736, ""n_36"": 741, ""n_37"": 737, ""n_38"": 738, ""n_39"": 737, ""n_4"": 735, ""n_40"": 736, ""n_41"": 735, ""n_42"": 735, ""n_43"": 738, ""n_44"": 736, ""n_45"": 729, ""n_46"": 730, ""n_47"": 736, ""n_48"": 732, ""n_49"": 729, ""n_5"": 743, ""n_50"": 52502, ""n_6"": 736, ""n_7"": 743, ""n_8"": 741, ""n_9"": 733}",743,740,744,735,743,736,743,741,733,740,741,738,740,732,743,739,743,740,742,738,737,738,737,738,740,736,735,739,737,742,734,733,738,736,736,741,737,738,737,736,735,735,738,736,729,730,736,732,729,52502
UCB appendix,1,5,ok,200000,30654,169346,30629,18799,11830,2957.5,13464.864334,2.27473513585,0.0859151430235,"{""n_1"": 2957, ""n_2"": 2966, ""n_3"": 2961, ""n_4"": 2946, ""n_5"": 18799}",2957,2966,2961,2946,18799,,,,,,,,,,,,,,,,,,,,,,,,,,,,,,,,,,,,,,,,,,,,,
UCB direct,1,5,ok,200000,27883,172117,27858,17012,10846,2711.5,13464.864334,2.06894026623,0.101996162371,"{""n_1"": 2711, ""n_2"": 2720, ""n_3"": 2715, ""n_4"": 2700, ""n_5"": 17012}",2711,2720,2715,2700,17012,,,,,,,,,,,,,,,,,,,,,,,,,,,,,,,,,,,,,,,,,,,,,
TS appendix,1,5,ok,200000,48559,151441,48534,32112,16422,4105.5,13464.864334,3.60449231392,0.122213117767,"{""n_1"": 4105, ""n_2"": 4112, ""n_3"": 4109, ""n_4"": 4096, ""n_5"": 32112}",4105,4112,4109,4096,32112,,,,,,,,,,,,,,,,,,,,,,,,,,,,,,,,,,,,,,,,,,,,,
TS direct,1,5,ok,200000,42000,158000,41975,27684,14291,3572.75,13464.864334,3.11737266405,0.131050000074,"{""n_1"": 3572, ""n_2"": 3579, ""n_3"": 3576, ""n_4"": 3564, ""n_5"": 27684}",3572,3579,3576,3564,27684,,,,,,,,,,,,,,,,,,,,,,,,,,,,,,,,,,,,,,,,,,,,,
UCB appendix,1,10,ok,200000,41942,158058,41892,25674,16218,1802,16964.6660084,2.46936780124,0.113763926205,"{""n_1"": 1809, ""n_10"": 25674, ""n_2"": 1802, ""n_3"": 1804, ""n_4"": 1804, ""n_5"": 1807, ""n_6"": 1792, ""n_7"": 1807, ""n_8"": 1800, ""n_9"": 1793}",1809,1802,1804,1804,1807,1792,1807,1800,1793,25674,,,,,,,,,,,,,,,,,,,,,,,,,,,,,,,,,,,,,,,,
UCB direct,1,10,ok,200000,36918,163082,36868,22401,14467,1607.44444444,16964.6660084,2.17322286108,0.132935254584,"{""n_1"": 1614, ""n_10"": 22401, ""n_2"": 1608, ""n_3"": 1609, ""n_4"": 1609, ""n_5"": 1612, ""n_6"": 1598, ""n_7"": 1612, ""n_8"": 1606, ""n_9"": 1599}",1614,1608,1609,1609,1612,1598,1612,1606,1599,22401,,,,,,,,,,,,,,,,,,,,,,,,,,,,,,,,,,,,,,,,
TS appendix,1,10,ok,200000,64863,135137,64813,41866,22947,2549.66666667,16964.6660084,3.8204701447,0.157109843985,"{""n_1"": 2555, ""n_10"": 41866, ""n_2"": 2550, ""n_3"": 2551, ""n_4"": 2551, ""n_5"": 2554, ""n_6"": 2541, ""n_7"": 2554, ""n_8"": 2548, ""n_9"": 2543}",2555,2550,2551,2551,2554,2541,2554,2548,2543,41866,,,,,,,,,,,,,,,,,,,,,,,,,,,,,,,,,,,,,,,,
TS direct,1,10,ok,200000,53654,146346,53604,34317,19287,2143,16964.6660084,3.1597439038,0.171450000066,"{""n_1"": 2148, ""n_10"": 34317, ""n_2"": 2143, ""n_3"": 2144, ""n_4"": 2144, ""n_5"": 2147, ""n_6"": 2135, ""n_7"": 2147, ""n_8"": 2142, ""n_9"": 2137}",2148,2143,2144,2144,2147,2135,2147,2142,2137,34317,,,,,,,,,,,,,,,,,,,,,,,,,,,,,,,,,,,,,,,,
UCB appendix,1,15,ok,200000,49844,150156,49769,30378,19391,1385.07142857,19419.6948,2.56281061637,0.131857816467,"{""n_1"": 1390, ""n_10"": 1388, ""n_11"": 1378, ""n_12"": 1367, ""n_13"": 1381, ""n_14"": 1390, ""n_15"": 30378, ""n_2"": 1393, ""n_3"": 1390, ""n_4"": 1392, ""n_5"": 1384, ""n_6"": 1385, ""n_7"": 1387, ""n_8"": 1378, ""n_9"": 1388}",1390,1393,1390,1392,1384,1385,1387,1378,1388,1388,1378,1367,1381,1390,30378,,,,,,,,,,,,,,,,,,,,,,,,,,,,,,,,,,,
UCB direct,1,15,ok,200000,42905,157095,42830,26002,16828,1202,19419.6948,2.20549295142,0.15425298217,"{""n_1"": 1207, ""n_10"": 1205, ""n_11"": 1195, ""n_12"": 1185, ""n_13"": 1198, ""n_14"": 1207, ""n_15"": 26002, ""n_2"": 1209, ""n_3"": 1207, ""n_4"": 1208, ""n_5"": 1201, ""n_6"": 1202, ""n_7"": 1204, ""n_8"": 1195, ""n_9"": 1205}",1207,1209,1207,1208,1201,1202,1204,1195,1205,1205,1195,1185,1198,1207,26002,,,,,,,,,,,,,,,,,,,,,,,,,,,,,,,,,,,
TS appendix,1,15,ok,200000,76429,123571,76354,48604,27750,1982.14285714,19419.6948,3.93178166734,0.179634398382,"{""n_1"": 1986, ""n_10"": 1985, ""n_11"": 1976, ""n_12"": 1968, ""n_13"": 1979, ""n_14"": 1986, ""n_15"": 48604, ""n_2"": 1989, ""n_3"": 1986, ""n_4"": 1987, ""n_5"": 1981, ""n_6"": 1982, ""n_7"": 1984, ""n_8"": 1976, ""n_9"": 1985}",1986,1989,1986,1987,1981,1982,1984,1976,1985,1985,1976,1968,1979,1986,48604,,,,,,,,,,,,,,,,,,,,,,,,,,,,,,,,,,,
TS direct,1,15,ok,200000,61330,138670,61255,38511,22744,1624.57142857,19419.6948,3.15427202286,0.19855000006,"{""n_1"": 1628, ""n_10"": 1627, ""n_11"": 1619, ""n_12"": 1612, ""n_13"": 1622, ""n_14"": 1628, ""n_15"": 38511, ""n_2"": 1630, ""n_3"": 1628, ""n_4"": 1629, ""n_5"": 1624, ""n_6"": 1625, ""n_7"": 1626, ""n_8"": 1619, ""n_9"": 1627}",1628,1630,1628,1629,1624,1625,1626,1619,1627,1627,1619,1612,1622,1628,38511,,,,,,,,,,,,,,,,,,,,,,,,,,,,,,,,,,,
UCB appendix,1,20,ok,200000,56127,143873,56027,34083,21944,1154.94736842,21374.1398084,2.62125168555,0.145600431936,"{""n_1"": 1155, ""n_10"": 1162, ""n_11"": 1158, ""n_12"": 1158, ""n_13"": 1143, ""n_14"": 1162, ""n_15"": 1154, ""n_16"": 1162, ""n_17"": 1158, ""n_18"": 1165, ""n_19"": 1148, ""n_2"": 1162, ""n_20"": 34083, ""n_3"": 1154, ""n_4"": 1154, ""n_5"": 1147, ""n_6"": 1155, ""n_7"": 1154, ""n_8"": 1143, ""n_9"": 1150}",1155,1162,1154,1154,1147,1155,1154,1143,1150,1162,1158,1158,1143,1162,1154,1162,1158,1165,1148,34083,,,,,,,,,,,,,,,,,,,,,,,,,,,,,,
UCB direct,1,20,ok,200000,47476,152524,47376,28655,18721,985.315789474,21374.1398084,2.21651025139,0.170465871078,"{""n_1"": 986, ""n_10"": 992, ""n_11"": 988, ""n_12"": 988, ""n_13"": 974, ""n_14"": 992, ""n_15"": 984, ""n_16"": 992, ""n_17"": 988, ""n_18"": 995, ""n_19"": 979, ""n_2"": 992, ""n_20"": 28655, ""n_3"": 984, ""n_4"": 984, ""n_5"": 978, ""n_6"": 986, ""n_7"": 984, ""n_8"": 974, ""n_9"": 981}",986,992,984,984,978,986,984,974,981,992,988,988,974,992,984,992,988,995,979,28655,,,,,,,,,,,,,,,,,,,,,,,,,,,,,,
TS appendix,1,20,ok,200000,85765,114235,85665,53962,31703,1668.57894737,21374.1398084,4.00788058691,0.196704290092,"{""n_1"": 1669, ""n_10"": 1674, ""n_11"": 1671, ""n_12"": 1671, ""n_13"": 1659, ""n_14"": 1674, ""n_15"": 1668, ""n_16"": 1674, ""n_17"": 1671, ""n_18"": 1677, ""n_19"": 1663, ""n_2"": 1674, ""n_20"": 53962, ""n_3"": 1668, ""n_4"": 1668, ""n_5"": 1662, ""n_6"": 1669, ""n_7"": 1668, ""n_8"": 1659, ""n_9"": 1664}",1669,1674,1668,1668,1662,1669,1668,1659,1664,1674,1671,1671,1659,1674,1668,1674,1671,1677,1663,53962,,,,,,,,,,,,,,,,,,,,,,,,,,,,,,
TS direct,1,20,ok,200000,67193,132807,67093,41808,25285,1330.78947368,21374.1398084,3.13898012277,0.220400000056,"{""n_1"": 1331, ""n_10"": 1336, ""n_11"": 1333, ""n_12"": 1333, ""n_13"": 1322, ""n_14"": 1336, ""n_15"": 1330, ""n_16"": 1336, ""n_17"": 1333, ""n_18"": 1338, ""n_19"": 1326, ""n_2"": 1336, ""n_20"": 41808, ""n_3"": 1330, ""n_4"": 1330, ""n_5"": 1325, ""n_6"": 1331, ""n_7"": 1330, ""n_8"": 1322, ""n_9"": 1327}",1331,1336,1330,1330,1325,1331,1330,1322,1327,1336,1333,1333,1322,1336,1330,1336,1333,1338,1326,41808,,,,,,,,,,,,,,,,,,,,,,,,,,,,,,
UCB appendix,1,30,ok,200000,66301,133699,66151,39976,26175,902.586206897,24467.282261,2.70365132074,0.166582775307,"{""n_1"": 911, ""n_10"": 894, ""n_11"": 905, ""n_12"": 907, ""n_13"": 894, ""n_14"": 905, ""n_15"": 905, ""n_16"": 906, ""n_17"": 908, ""n_18"": 899, ""n_19"": 897, ""n_2"": 913, ""n_20"": 896, ""n_21"": 905, ""n_22"": 902, ""n_23"": 895, ""n_24"": 900, ""n_25"": 895, ""n_26"": 900, ""n_27"": 894, ""n_28"": 900, ""n_29"": 899, ""n_3"": 912, ""n_30"": 39976, ""n_4"": 912, ""n_5"": 903, ""n_6"": 910, ""n_7"": 903, ""n_8"": 900, ""n_9"": 905}",911,913,912,912,903,910,903,900,905,894,905,907,894,905,905,906,908,899,897,896,905,902,895,900,895,900,894,900,899,39976,,,,,,,,,,,,,,,,,,,,
UCB direct,1,30,ok,200000,54563,145437,54413,32481,21932,756.275862069,24467.282261,2.22390862293,0.194978577057,"{""n_1"": 764, ""n_10"": 748, ""n_11"": 758, ""n_12"": 761, ""n_13"": 748, ""n_14"": 758, ""n_15"": 758, ""n_16"": 759, ""n_17"": 762, ""n_18"": 753, ""n_19"": 752, ""n_2"": 766, ""n_20"": 751, ""n_21"": 758, ""n_22"": 756, ""n_23"": 749, ""n_24"": 754, ""n_25"": 749, ""n_26"": 754, ""n_27"": 748, ""n_28"": 754, ""n_29"": 753, ""n_3"": 765, ""n_30"": 32481, ""n_4"": 765, ""n_5"": 757, ""n_6"": 763, ""n_7"": 757, ""n_8"": 754, ""n_9"": 758}",764,766,765,765,757,763,757,754,758,748,758,761,748,758,758,759,762,753,752,751,758,756,749,754,749,754,748,754,753,32481,,,,,,,,,,,,,,,,,,,,
TS appendix,1,30,ok,200000,101025,98975,100875,62531,38344,1322.20689655,24467.282261,4.1228526701,0.22257106925,"{""n_1"": 1329, ""n_10"": 1315, ""n_11"": 1324, ""n_12"": 1326, ""n_13"": 1315, ""n_14"": 1324, ""n_15"": 1324, ""n_16"": 1325, ""n_17"": 1327, ""n_18"": 1319, ""n_19"": 1318, ""n_2"": 1331, ""n_20"": 1317, ""n_21"": 1324, ""n_22"": 1322, ""n_23"": 1316, ""n_24"": 1320, ""n_25"": 1316, ""n_26"": 1320, ""n_27"": 1315, ""n_28"": 1320, ""n_29"": 1319, ""n_3"": 1330, ""n_30"": 62531, ""n_4"": 1330, ""n_5"": 1323, ""n_6"": 1328, ""n_7"": 1323, ""n_8"": 1320, ""n_9"": 1324}",1329,1331,1330,1330,1323,1328,1323,1320,1324,1315,1324,1326,1315,1324,1324,1325,1327,1319,1318,1317,1324,1322,1316,1320,1316,1320,1315,1320,1319,62531,,,,,,,,,,,,,,,,,,,,
TS direct,1,30,ok,200000,76220,123780,76070,46330,29740,1025.51724138,24467.282261,3.10904984005,0.252950000049,"{""n_1"": 1031, ""n_10"": 1019, ""n_11"": 1027, ""n_12"": 1029, ""n_13"": 1019, ""n_14"": 1027, ""n_15"": 1027, ""n_16"": 1028, ""n_17"": 1030, ""n_18"": 1023, ""n_19"": 1022, ""n_2"": 1033, ""n_20"": 1021, ""n_21"": 1027, ""n_22"": 1025, ""n_23"": 1020, ""n_24"": 1024, ""n_25"": 1020, ""n_26"": 1024, ""n_27"": 1019, ""n_28"": 1024, ""n_29"": 1023, ""n_3"": 1032, ""n_30"": 46330, ""n_4"": 1032, ""n_5"": 1026, ""n_6"": 1031, ""n_7"": 1026, ""n_8"": 1024, ""n_9"": 1027}",1031,1033,1032,1032,1026,1031,1026,1024,1027,1019,1027,1029,1019,1027,1027,1028,1030,1023,1022,1021,1027,1025,1020,1024,1020,1024,1019,1024,1023,46330,,,,,,,,,,,,,,,,,,,,
UCB appendix,1,40,ok,200000,74650,125350,74450,44715,29735,762.435897436,26929.728668,2.76460267824,0.182722009127,"{""n_1"": 755, ""n_10"": 770, ""n_11"": 764, ""n_12"": 761, ""n_13"": 765, ""n_14"": 770, ""n_15"": 764, ""n_16"": 772, ""n_17"": 764, ""n_18"": 769, ""n_19"": 750, ""n_2"": 761, ""n_20"": 760, ""n_21"": 751, ""n_22"": 752, ""n_23"": 761, ""n_24"": 755, ""n_25"": 766, ""n_26"": 762, ""n_27"": 767, ""n_28"": 762, ""n_29"": 765, ""n_3"": 762, ""n_30"": 766, ""n_31"": 764, ""n_32"": 761, ""n_33"": 765, ""n_34"": 766, ""n_35"": 762, ""n_36"": 764, ""n_37"": 759, ""n_38"": 752, ""n_39"": 760, ""n_4"": 756, ""n_40"": 44715, ""n_5"": 767, ""n_6"": 765, ""n_7"": 769, ""n_8"": 769, ""n_9"": 762}",755,761,762,756,767,765,769,769,762,770,764,761,765,770,764,772,764,769,750,760,751,752,761,755,766,762,767,762,765,766,764,761,765,766,762,764,759,752,760,44715,,,,,,,,,,
UCB direct,1,40,ok,200000,60092,139908,59892,35594,24298,623.025641026,26929.728668,2.22401052526,0.215315739971,"{""n_1"": 616, ""n_10"": 630, ""n_11"": 624, ""n_12"": 622, ""n_13"": 625, ""n_14"": 630, ""n_15"": 624, ""n_16"": 632, ""n_17"": 624, ""n_18"": 629, ""n_19"": 612, ""n_2"": 622, ""n_20"": 621, ""n_21"": 613, ""n_22"": 614, ""n_23"": 622, ""n_24"": 616, ""n_25"": 626, ""n_26"": 623, ""n_27"": 627, ""n_28"": 623, ""n_29"": 625, ""n_3"": 623, ""n_30"": 626, ""n_31"": 624, ""n_32"": 622, ""n_33"": 625, ""n_34"": 626, ""n_35"": 623, ""n_36"": 624, ""n_37"": 620, ""n_38"": 614, ""n_39"": 621, ""n_4"": 617, ""n_40"": 35594, ""n_5"": 627, ""n_6"": 625, ""n_7"": 629, ""n_8"": 629, ""n_9"": 623}",616,622,623,617,627,625,629,629,623,630,624,622,625,630,624,632,624,629,612,621,613,614,622,616,626,623,627,623,625,626,624,622,625,626,623,624,620,614,621,35594,,,,,,,,,,
TS appendix,1,40,ok,200000,113662,86338,113462,69459,44003,1128.28205128,26929.728668,4.21326190838,0.242290040997,"{""n_1"": 1122, ""n_10"": 1135, ""n_11"": 1129, ""n_12"": 1127, ""n_13"": 1130, ""n_14"": 1135, ""n_15"": 1129, ""n_16"": 1137, ""n_17"": 1129, ""n_18"": 1134, ""n_19"": 1118, ""n_2"": 1127, ""n_20"": 1127, ""n_21"": 1119, ""n_22"": 1120, ""n_23"": 1127, ""n_24"": 1122, ""n_25"": 1131, ""n_26"": 1128, ""n_27"": 1132, ""n_28"": 1128, ""n_29"": 1130, ""n_3"": 1128, ""n_30"": 1131, ""n_31"": 1129, ""n_32"": 1127, ""n_33"": 1130, ""n_34"": 1131, ""n_35"": 1128, ""n_36"": 1129, ""n_37"": 1126, ""n_38"": 1120, ""n_39"": 1127, ""n_4"": 1123, ""n_40"": 69459, ""n_5"": 1132, ""n_6"": 1130, ""n_7"": 1134, ""n_8"": 1134, ""n_9"": 1128}",1122,1127,1128,1123,1132,1130,1134,1134,1128,1135,1129,1127,1130,1135,1129,1137,1129,1134,1118,1127,1119,1120,1127,1122,1131,1128,1132,1128,1130,1131,1129,1127,1130,1131,1128,1129,1126,1120,1127,69459,,,,,,,,,,
TS direct,1,40,ok,200000,83201,116799,83001,49982,33019,846.641025641,26929.728668,3.08213279915,0.280000000044,"{""n_1"": 841, ""n_10"": 852, ""n_11"": 847, ""n_12"": 846, ""n_13"": 848, ""n_14"": 852, ""n_15"": 847, ""n_16"": 854, ""n_17"": 847, ""n_18"": 851, ""n_19"": 838, ""n_2"": 846, ""n_20"": 845, ""n_21"": 839, ""n_22"": 840, ""n_23"": 846, ""n_24"": 841, ""n_25"": 849, ""n_26"": 847, ""n_27"": 850, ""n_28"": 847, ""n_29"": 848, ""n_3"": 847, ""n_30"": 849, ""n_31"": 847, ""n_32"": 846, ""n_33"": 848, ""n_34"": 849, ""n_35"": 847, ""n_36"": 847, ""n_37"": 844, ""n_38"": 840, ""n_39"": 845, ""n_4"": 842, ""n_40"": 49982, ""n_5"": 850, ""n_6"": 848, ""n_7"": 851, ""n_8"": 851, ""n_9"": 847}",841,846,847,842,850,848,851,851,847,852,847,846,848,852,847,854,847,851,838,845,839,840,846,841,849,847,850,847,848,849,847,846,848,849,847,847,844,840,845,49982,,,,,,,,,,
UCB appendix,1,50,ok,200000,81797,118203,81547,48730,32817,669.734693878,29009.1708178,2.81107655618,0.195913590466,"{""n_1"": 673, ""n_10"": 667, ""n_11"": 674, ""n_12"": 668, ""n_13"": 667, ""n_14"": 672, ""n_15"": 678, ""n_16"": 677, ""n_17"": 668, ""n_18"": 670, ""n_19"": 676, ""n_2"": 674, ""n_20"": 672, ""n_21"": 680, ""n_22"": 672, ""n_23"": 668, ""n_24"": 675, ""n_25"": 676, ""n_26"": 672, ""n_27"": 664, ""n_28"": 666, ""n_29"": 667, ""n_3"": 673, ""n_30"": 674, ""n_31"": 670, ""n_32"": 667, ""n_33"": 672, ""n_34"": 668, ""n_35"": 663, ""n_36"": 660, ""n_37"": 675, ""n_38"": 669, ""n_39"": 664, ""n_4"": 679, ""n_40"": 660, ""n_41"": 664, ""n_42"": 674, ""n_43"": 667, ""n_44"": 670, ""n_45"": 663, ""n_46"": 668, ""n_47"": 667, ""n_48"": 662, ""n_49"": 660, ""n_5"": 664, ""n_50"": 48730, ""n_6"": 667, ""n_7"": 673, ""n_8"": 675, ""n_9"": 673}",673,674,673,679,664,667,673,675,673,667,674,668,667,672,678,677,668,670,676,672,680,672,668,675,676,672,664,666,667,674,670,667,672,668,663,660,675,669,664,660,664,674,667,670,663,668,667,662,660,48730
UCB direct,1,50,ok,200000,64658,135342,64408,37629,26779,546.510204082,29009.1708178,2.22026339204,0.230139972583,"{""n_1"": 549, ""n_10"": 544, ""n_11"": 550, ""n_12"": 545, ""n_13"": 544, ""n_14"": 548, ""n_15"": 554, ""n_16"": 553, ""n_17"": 545, ""n_18"": 547, ""n_19"": 552, ""n_2"": 550, ""n_20"": 548, ""n_21"": 556, ""n_22"": 548, ""n_23"": 545, ""n_24"": 551, ""n_25"": 552, ""n_26"": 548, ""n_27"": 542, ""n_28"": 544, ""n_29"": 544, ""n_3"": 549, ""n_30"": 550, ""n_31"": 547, ""n_32"": 544, ""n_33"": 548, ""n_34"": 545, ""n_35"": 541, ""n_36"": 538, ""n_37"": 551, ""n_38"": 546, ""n_39"": 542, ""n_4"": 555, ""n_40"": 538, ""n_41"": 542, ""n_42"": 550, ""n_43"": 544, ""n_44"": 547, ""n_45"": 541, ""n_46"": 545, ""n_47"": 544, ""n_48"": 540, ""n_49"": 538, ""n_5"": 542, ""n_50"": 37629, ""n_6"": 544, ""n_7"": 549, ""n_8"": 551, ""n_9"": 549}",549,550,549,555,542,544,549,551,549,544,550,545,544,548,554,553,545,547,552,548,556,548,545,551,552,548,542,544,544,550,547,544,548,545,541,538,551,546,542,538,542,550,544,547,541,545,544,540,538,37629
TS appendix,1,50,ok,200000,124621,75379,124371,75371,49000,1000,29009.1708178,4.28729937788,0.258339255394,"{""n_1"": 1002, ""n_10"": 998, ""n_11"": 1003, ""n_12"": 999, ""n_13"": 998, ""n_14"": 1001, ""n_15"": 1007, ""n_16"": 1006, ""n_17"": 999, ""n_18"": 1001, ""n_19"": 1005, ""n_2"": 1003, ""n_20"": 1001, ""n_21"": 1008, ""n_22"": 1001, ""n_23"": 999, ""n_24"": 1004, ""n_25"": 1005, ""n_26"": 1001, ""n_27"": 996, ""n_28"": 997, ""n_29"": 998, ""n_3"": 1002, ""n_30"": 1003, ""n_31"": 1001, ""n_32"": 998, ""n_33"": 1001, ""n_34"": 999, ""n_35"": 995, ""n_36"": 992, ""n_37"": 1004, ""n_38"": 1000, ""n_39"": 996, ""n_4"": 1007, ""n_40"": 992, ""n_41"": 996, ""n_42"": 1003, ""n_43"": 998, ""n_44"": 1001, ""n_45"": 995, ""n_46"": 999, ""n_47"": 998, ""n_48"": 994, ""n_49"": 992, ""n_5"": 996, ""n_50"": 75371, ""n_6"": 998, ""n_7"": 1002, ""n_8"": 1004, ""n_9"": 1002}",1002,1003,1002,1007,996,998,1002,1004,1002,998,1003,999,998,1001,1007,1006,999,1001,1005,1001,1008,1001,999,1004,1005,1001,996,997,998,1003,1001,998,1001,999,995,992,1004,1000,996,992,996,1003,998,1001,995,999,998,994,992,75371
TS direct,1,50,ok,200000,88920,111080,88670,52311,36359,742.020408163,29009.1708178,3.05661959651,0.30020000004,"{""n_1"": 744, ""n_10"": 740, ""n_11"": 745, ""n_12"": 741, ""n_13"": 740, ""n_14"": 743, ""n_15"": 748, ""n_16"": 747, ""n_17"": 741, ""n_18"": 743, ""n_19"": 746, ""n_2"": 745, ""n_20"": 743, ""n_21"": 749, ""n_22"": 743, ""n_23"": 741, ""n_24"": 746, ""n_25"": 746, ""n_26"": 743, ""n_27"": 738, ""n_28"": 740, ""n_29"": 740, ""n_3"": 744, ""n_30"": 745, ""n_31"": 743, ""n_32"": 740, ""n_33"": 743, ""n_34"": 741, ""n_35"": 738, ""n_36"": 735, ""n_37"": 746, ""n_38"": 742, ""n_39"": 738, ""n_4"": 748, ""n_40"": 735, ""n_41"": 738, ""n_42"": 745, ""n_43"": 740, ""n_44"": 743, ""n_45"": 738, ""n_46"": 741, ""n_47"": 740, ""n_48"": 737, ""n_49"": 735, ""n_5"": 738, ""n_50"": 52311, ""n_6"": 740, ""n_7"": 744, ""n_8"": 746, ""n_9"": 744}",744,745,744,748,738,740,744,746,744,740,745,741,740,743,748,747,741,743,746,743,749,743,741,746,746,743,738,740,740,745,743,740,743,741,738,735,746,742,738,735,738,745,740,743,738,741,740,737,735,52311
UCB appendix,2,5,ok,200000,30675,169325,30650,18806,11844,2961,13464.864334,2.27629475052,0.0859448421906,"{""n_1"": 2973, ""n_2"": 2959, ""n_3"": 2953, ""n_4"": 2959, ""n_5"": 18806}",2973,2959,2953,2959,18806,,,,,,,,,,,,,,,,,,,,,,,,,,,,,,,,,,,,,,,,,,,,,
UCB direct,2,5,ok,200000,27902,172098,27877,17010,10867,2716.75,13464.864334,2.07035134618,0.101996162371,"{""n_1"": 2728, ""n_2"": 2715, ""n_3"": 2709, ""n_4"": 2715, ""n_5"": 17010}",2728,2715,2709,2715,17010,,,,,,,,,,,,,,,,,,,,,,,,,,,,,,,,,,,,,,,,,,,,,
TS appendix,2,5,ok,200000,48577,151423,48552,32118,16434,4108.5,13464.864334,3.6058291265,0.122233934472,"{""n_1"": 4118, ""n_2"": 4107, ""n_3"": 4102, ""n_4"": 4107, ""n_5"": 32118}",4118,4107,4102,4107,32118,,,,,,,,,,,,,,,,,,,,,,,,,,,,,,,,,,,,,,,,,,,,,
TS direct,2,5,ok,200000,42014,157986,41989,27660,14329,3582.25,13464.864334,3.11841240717,0.130950000074,"{""n_1"": 3591, ""n_2"": 3581, ""n_3"": 3576, ""n_4"": 3581, ""n_5"": 27660}",3591,3581,3576,3581,27660,,,,,,,,,,,,,,,,,,,,,,,,,,,,,,,,,,,,,,,,,,,,,
UCB appendix,2,10,ok,200000,41964,158036,41914,25681,16233,1803.66666667,16964.6660084,2.47066461428,0.113789453027,"{""n_1"": 1815, ""n_10"": 25681, ""n_2"": 1808, ""n_3"": 1791, ""n_4"": 1812, ""n_5"": 1805, ""n_6"": 1810, ""n_7"": 1800, ""n_8"": 1805, ""n_9"": 1787}",1815,1808,1791,1812,1805,1810,1800,1805,1787,25681,,,,,,,,,,,,,,,,,,,,,,,,,,,,,,,,,,,,,,,,
UCB direct,2,10,ok,200000,36935,163065,36885,22510,14375,1597.22222222,16964.6660084,2.17422494388,0.133457593502,"{""n_1"": 1608, ""n_10"": 22510, ""n_2"": 1602, ""n_3"": 1585, ""n_4"": 1605, ""n_5"": 1598, ""n_6"": 1603, ""n_7"": 1594, ""n_8"": 1598, ""n_9"": 1582}",1608,1602,1585,1605,1598,1603,1594,1598,1582,22510,,,,,,,,,,,,,,,,,,,,,,,,,,,,,,,,,,,,,,,,
TS appendix,2,10,ok,200000,64880,135120,64830,41871,22959,2551,16964.6660084,3.8214722275,0.157127244283,"{""n_1"": 2560, ""n_10"": 41871, ""n_2"": 2555, ""n_3"": 2541, ""n_4"": 2557, ""n_5"": 2552, ""n_6"": 2556, ""n_7"": 2548, ""n_8"": 2552, ""n_9"": 2538}",2560,2555,2541,2557,2552,2556,2548,2552,2538,41871,,,,,,,,,,,,,,,,,,,,,,,,,,,,,,,,,,,,,,,,
TS direct,2,10,ok,200000,53666,146334,53616,34381,19235,2137.22222222,16964.6660084,3.16045125636,0.171750000066,"{""n_1"": 2146, ""n_10"": 34381, ""n_2"": 2141, ""n_3"": 2128, ""n_4"": 2143, ""n_5"": 2138, ""n_6"": 2142, ""n_7"": 2134, ""n_8"": 2138, ""n_9"": 2125}",2146,2141,2128,2143,2138,2142,2134,2138,2125,34381,,,,,,,,,,,,,,,,,,,,,,,,,,,,,,,,,,,,,,,,
UCB appendix,2,15,ok,200000,49805,150195,49730,30366,19364,1383.14285714,19419.6948,2.56080234588,0.131813811881,"{""n_1"": 1379, ""n_10"": 1383, ""n_11"": 1377, ""n_12"": 1380, ""n_13"": 1380, ""n_14"": 1380, ""n_15"": 30366, ""n_2"": 1392, ""n_3"": 1379, ""n_4"": 1377, ""n_5"": 1394, ""n_6"": 1386, ""n_7"": 1377, ""n_8"": 1389, ""n_9"": 1391}",1379,1392,1379,1377,1394,1386,1377,1389,1391,1383,1377,1380,1380,1380,30366,,,,,,,,,,,,,,,,,,,,,,,,,,,,,,,,,,,
UCB direct,2,15,ok,200000,42875,157125,42800,25955,16845,1203.21428571,19419.6948,2.20394812796,0.154012212687,"{""n_1"": 1199, ""n_10"": 1203, ""n_11"": 1198, ""n_12"": 1200, ""n_13"": 1200, ""n_14"": 1200, ""n_15"": 25955, ""n_2"": 1212, ""n_3"": 1199, ""n_4"": 1198, ""n_5"": 1213, ""n_6"": 1206, ""n_7"": 1198, ""n_8"": 1209, ""n_9"": 1210}",1199,1212,1199,1198,1213,1206,1198,1209,1210,1203,1198,1200,1200,1200,25955,,,,,,,,,,,,,,,,,,,,,,,,,,,,,,,,,,,
TS appendix,2,15,ok,200000,76399,123601,76324,48595,27729,1980.64285714,19419.6948,3.93023684389,0.179604938476,"{""n_1"": 1977, ""n_10"": 1981, ""n_11"": 1976, ""n_12"": 1978, ""n_13"": 1978, ""n_14"": 1978, ""n_15"": 48595, ""n_2"": 1988, ""n_3"": 1977, ""n_4"": 1976, ""n_5"": 1989, ""n_6"": 1983, ""n_7"": 1976, ""n_8"": 1985, ""n_9"": 1987}",1977,1988,1977,1976,1989,1983,1976,1985,1987,1981,1976,1978,1978,1978,48595,,,,,,,,,,,,,,,,,,,,,,,,,,,,,,,,,,,
TS direct,2,15,ok,200000,61307,138693,61232,38574,22658,1618.42857143,19419.6948,3.15308765821,0.19880000006,"{""n_1"": 1615, ""n_10"": 1619, ""n_11"": 1614, ""n_12"": 1616, ""n_13"": 1616, ""n_14"": 1616, ""n_15"": 38574, ""n_2"": 1625, ""n_3"": 1615, ""n_4"": 1614, ""n_5"": 1626, ""n_6"": 1621, ""n_7"": 1614, ""n_8"": 1623, ""n_9"": 1624}",1615,1625,1615,1614,1626,1621,1614,1623,1624,1619,1614,1616,1616,1616,38574,,,,,,,,,,,,,,,,,,,,,,,,,,,,,,,,,,,
UCB appendix,2,20,ok,200000,56144,143856,56044,34089,21955,1155.52631579,21374.1398084,2.62204703919,0.145623507668,"{""n_1"": 1163, ""n_10"": 1151, ""n_11"": 1152, ""n_12"": 1159, ""n_13"": 1149, ""n_14"": 1159, ""n_15"": 1152, ""n_16"": 1152, ""n_17"": 1152, ""n_18"": 1152, ""n_19"": 1142, ""n_2"": 1148, ""n_20"": 34089, ""n_3"": 1166, ""n_4"": 1167, ""n_5"": 1160, ""n_6"": 1159, ""n_7"": 1155, ""n_8"": 1153, ""n_9"": 1164}",1163,1148,1166,1167,1160,1159,1155,1153,1164,1151,1152,1159,1149,1159,1152,1152,1152,1152,1142,34089,,,,,,,,,,,,,,,,,,,,,,,,,,,,,,
UCB direct,2,20,ok,200000,47493,152507,47393,28437,18956,997.684210526,21374.1398084,2.21730560503,0.169475233473,"{""n_1"": 1005, ""n_10"": 993, ""n_11"": 994, ""n_12"": 1001, ""n_13"": 992, ""n_14"": 1001, ""n_15"": 994, ""n_16"": 994, ""n_17"": 994, ""n_18"": 994, ""n_19"": 985, ""n_2"": 991, ""n_20"": 28437, ""n_3"": 1007, ""n_4"": 1009, ""n_5"": 1002, ""n_6"": 1001, ""n_7"": 997, ""n_8"": 996, ""n_9"": 1006}",1005,991,1007,1009,1002,1001,997,996,1006,993,994,1001,992,1001,994,994,994,994,985,28437,,,,,,,,,,,,,,,,,,,,,,,,,,,,,,
TS appendix,2,20,ok,200000,85782,114218,85682,53967,31715,1669.21052632,21374.1398084,4.00867594055,0.196719528902,"{""n_1"": 1675, ""n_10"": 1665, ""n_11"": 1666, ""n_12"": 1672, ""n_13"": 1664, ""n_14"": 1672, ""n_15"": 1666, ""n_16"": 1666, ""n_17"": 1666, ""n_18"": 1666, ""n_19"": 1659, ""n_2"": 1663, ""n_20"": 53967, ""n_3"": 1678, ""n_4"": 1679, ""n_5"": 1673, ""n_6"": 1672, ""n_7"": 1669, ""n_8"": 1668, ""n_9"": 1676}",1675,1663,1678,1679,1673,1672,1669,1668,1676,1665,1666,1672,1664,1672,1666,1666,1666,1666,1659,53967,,,,,,,,,,,,,,,,,,,,,,,,,,,,,,
TS direct,2,20,ok,200000,67204,132796,67104,41918,25186,1325.57894737,21374.1398084,3.13949476337,0.220900000056,"{""n_1"": 1331, ""n_10"": 1322, ""n_11"": 1323, ""n_12"": 1328, ""n_13"": 1321, ""n_14"": 1328, ""n_15"": 1323, ""n_16"": 1323, ""n_17"": 1323, ""n_18"": 1323, ""n_19"": 1316, ""n_2"": 1320, ""n_20"": 41918, ""n_3"": 1333, ""n_4"": 1334, ""n_5"": 1329, ""n_6"": 1328, ""n_7"": 1325, ""n_8"": 1324, ""n_9"": 1332}",1331,1320,1333,1334,1329,1328,1325,1324,1332,1322,1323,1328,1321,1328,1323,1323,1323,1323,1316,41918,,,,,,,,,,,,,,,,,,,,,,,,,,,,,,
UCB appendix,2,30,ok,200000,66347,133653,66197,39991,26206,903.655172414,24467.282261,2.70553138243,0.166634834447,"{""n_1"": 905, ""n_10"": 910, ""n_11"": 905, ""n_12"": 896, ""n_13"": 908, ""n_14"": 909, ""n_15"": 905, ""n_16"": 903, ""n_17"": 905, ""n_18"": 904, ""n_19"": 902, ""n_2"": 905, ""n_20"": 909, ""n_21"": 908, ""n_22"": 901, ""n_23"": 904, ""n_24"": 905, ""n_25"": 908, ""n_26"": 896, ""n_27"": 896, ""n_28"": 898, ""n_29"": 892, ""n_3"": 901, ""n_30"": 39991, ""n_4"": 905, ""n_5"": 911, ""n_6"": 899, ""n_7"": 905, ""n_8"": 910, ""n_9"": 901}",905,905,901,905,911,899,905,910,901,910,905,896,908,909,905,903,905,904,902,909,908,901,904,905,908,896,896,898,892,39991,,,,,,,,,,,,,,,,,,,,
UCB direct,2,30,ok,200000,54600,145400,54450,32472,21978,757.862068966,24467.282261,2.22542084646,0.194978577057,"{""n_1"": 759, ""n_10"": 764, ""n_11"": 759, ""n_12"": 751, ""n_13"": 762, ""n_14"": 763, ""n_15"": 759, ""n_16"": 757, ""n_17"": 759, ""n_18"": 758, ""n_19"": 756, ""n_2"": 759, ""n_20"": 763, ""n_21"": 762, ""n_22"": 755, ""n_23"": 758, ""n_24"": 759, ""n_25"": 762, ""n_26"": 751, ""n_27"": 751, ""n_28"": 753, ""n_29"": 747, ""n_3"": 755, ""n_30"": 32472, ""n_4"": 759, ""n_5"": 765, ""n_6"": 754, ""n_7"": 759, ""n_8"": 764, ""n_9"": 755}",759,759,755,759,765,754,759,764,755,764,759,751,762,763,759,757,759,758,756,763,762,755,758,759,762,751,751,753,747,32472,,,,,,,,,,,,,,,,,,,,
TS appendix,2,30,ok,200000,101078,98922,100928,62543,38385,1323.62068966,24467.282261,4.12501882813,0.222604724432,"{""n_1"": 1325, ""n_10"": 1329, ""n_11"": 1325, ""n_12"": 1317, ""n_13"": 1327, ""n_14"": 1328, ""n_15"": 1325, ""n_16"": 1323, ""n_17"": 1325, ""n_18"": 1324, ""n_19"": 1322, ""n_2"": 1325, ""n_20"": 1328, ""n_21"": 1327, ""n_22"": 1321, ""n_23"": 1324, ""n_24"": 1325, ""n_25"": 1327, ""n_26"": 1317, ""n_27"": 1317, ""n_28"": 1319, ""n_29"": 1314, ""n_3"": 1321, ""n_30"": 62543, ""n_4"": 1325, ""n_5"": 1330, ""n_6"": 1320, ""n_7"": 1325, ""n_8"": 1329, ""n_9"": 1321}",1325,1325,1321,1325,1330,1320,1325,1329,1321,1329,1325,1317,1327,1328,1325,1323,1325,1324,1322,1328,1327,1321,1324,1325,1327,1317,1317,1319,1314,62543,,,,,,,,,,,,,,,,,,,,
TS direct,2,30,ok,200000,76245,123755,76095,46425,29670,1023.10344828,24467.282261,3.1100716127,0.253400000049,"{""n_1"": 1024, ""n_10"": 1028, ""n_11"": 1024, ""n_12"": 1017, ""n_13"": 1026, ""n_14"": 1027, ""n_15"": 1024, ""n_16"": 1023, ""n_17"": 1024, ""n_18"": 1024, ""n_19"": 1022, ""n_2"": 1024, ""n_20"": 1027, ""n_21"": 1026, ""n_22"": 1021, ""n_23"": 1024, ""n_24"": 1024, ""n_25"": 1026, ""n_26"": 1017, ""n_27"": 1017, ""n_28"": 1019, ""n_29"": 1015, ""n_3"": 1021, ""n_30"": 46425, ""n_4"": 1024, ""n_5"": 1029, ""n_6"": 1020, ""n_7"": 1024, ""n_8"": 1028, ""n_9"": 1021}",1024,1024,1021,1024,1029,1020,1024,1028,1021,1028,1024,1017,1026,1027,1024,1023,1024,1024,1022,1027,1026,1021,1024,1024,1026,1017,1017,1019,1015,46425,,,,,,,,,,,,,,,,,,,,
UCB appendix,2,40,ok,200000,74687,125313,74487,44727,29760,763.076923077,26929.728668,2.7659766245,0.182759559899,"{""n_1"": 770, ""n_10"": 767, ""n_11"": 768, ""n_12"": 753, ""n_13"": 765, ""n_14"": 770, ""n_15"": 771, ""n_16"": 765, ""n_17"": 755, ""n_18"": 768, ""n_19"": 762, ""n_2"": 764, ""n_20"": 762, ""n_21"": 767, ""n_22"": 763, ""n_23"": 764, ""n_24"": 763, ""n_25"": 759, ""n_26"": 764, ""n_27"": 760, ""n_28"": 754, ""n_29"": 767, ""n_3"": 772, ""n_30"": 764, ""n_31"": 754, ""n_32"": 757, ""n_33"": 767, ""n_34"": 760, ""n_35"": 755, ""n_36"": 754, ""n_37"": 757, ""n_38"": 762, ""n_39"": 755, ""n_4"": 765, ""n_40"": 44727, ""n_5"": 770, ""n_6"": 769, ""n_7"": 764, ""n_8"": 767, ""n_9"": 767}",770,764,772,765,770,769,764,767,767,767,768,753,765,770,771,765,755,768,762,762,767,763,764,763,759,764,760,754,767,764,754,757,767,760,755,754,757,762,755,44727,,,,,,,,,,
UCB direct,2,40,ok,200000,60119,139881,59919,35587,24332,623.897435897,26929.728668,2.22501313469,0.215315739971,"{""n_1"": 630, ""n_10"": 627, ""n_11"": 628, ""n_12"": 615, ""n_13"": 626, ""n_14"": 630, ""n_15"": 631, ""n_16"": 626, ""n_17"": 617, ""n_18"": 628, ""n_19"": 623, ""n_2"": 625, ""n_20"": 623, ""n_21"": 627, ""n_22"": 624, ""n_23"": 625, ""n_24"": 624, ""n_25"": 620, ""n_26"": 625, ""n_27"": 621, ""n_28"": 616, ""n_29"": 627, ""n_3"": 632, ""n_30"": 625, ""n_31"": 616, ""n_32"": 618, ""n_33"": 627, ""n_34"": 621, ""n_35"": 617, ""n_36"": 616, ""n_37"": 618, ""n_38"": 623, ""n_39"": 617, ""n_4"": 626, ""n_40"": 35587, ""n_5"": 630, ""n_6"": 629, ""n_7"": 625, ""n_8"": 627, ""n_9"": 627}",630,625,632,626,630,629,625,627,627,627,628,615,626,630,631,626,617,628,623,623,627,624,625,624,620,625,621,616,627,625,616,618,627,621,617,616,618,623,617,35587,,,,,,,,,,
TS appendix,2,40,ok,200000,113699,86301,113499,69468,44031,1129,26929.728668,4.21463585464,0.242313936351,"{""n_1"": 1134, ""n_10"": 1132, ""n_11"": 1133, ""n_12"": 1121, ""n_13"": 1131, ""n_14"": 1134, ""n_15"": 1135, ""n_16"": 1131, ""n_17"": 1123, ""n_18"": 1133, ""n_19"": 1128, ""n_2"": 1130, ""n_20"": 1128, ""n_21"": 1132, ""n_22"": 1129, ""n_23"": 1130, ""n_24"": 1129, ""n_25"": 1125, ""n_26"": 1130, ""n_27"": 1126, ""n_28"": 1122, ""n_29"": 1132, ""n_3"": 1136, ""n_30"": 1130, ""n_31"": 1122, ""n_32"": 1124, ""n_33"": 1132, ""n_34"": 1126, ""n_35"": 1123, ""n_36"": 1122, ""n_37"": 1124, ""n_38"": 1128, ""n_39"": 1123, ""n_4"": 1131, ""n_40"": 69468, ""n_5"": 1134, ""n_6"": 1134, ""n_7"": 1130, ""n_8"": 1132, ""n_9"": 1132}",1134,1130,1136,1131,1134,1134,1130,1132,1132,1132,1133,1121,1131,1134,1135,1131,1123,1133,1128,1128,1132,1129,1130,1129,1125,1130,1126,1122,1132,1130,1122,1124,1132,1126,1123,1122,1124,1128,1123,69468,,,,,,,,,,
TS direct,2,40,ok,200000,83219,116781,83019,49811,33208,851.487179487,26929.728668,3.08280120544,0.279300000044,"{""n_1"": 856, ""n_10"": 854, ""n_11"": 855, ""n_12"": 845, ""n_13"": 853, ""n_14"": 856, ""n_15"": 857, ""n_16"": 853, ""n_17"": 846, ""n_18"": 855, ""n_19"": 851, ""n_2"": 852, ""n_20"": 851, ""n_21"": 854, ""n_22"": 852, ""n_23"": 852, ""n_24"": 852, ""n_25"": 849, ""n_26"": 852, ""n_27"": 849, ""n_28"": 845, ""n_29"": 854, ""n_3"": 858, ""n_30"": 852, ""n_31"": 845, ""n_32"": 847, ""n_33"": 854, ""n_34"": 849, ""n_35"": 846, ""n_36"": 845, ""n_37"": 847, ""n_38"": 851, ""n_39"": 846, ""n_4"": 853, ""n_40"": 49811, ""n_5"": 856, ""n_6"": 856, ""n_7"": 852, ""n_8"": 854, ""n_9"": 854}",856,852,858,853,856,856,852,854,854,854,855,845,853,856,857,853,846,855,851,851,854,852,852,852,849,852,849,845,854,852,845,847,854,849,846,845,847,851,846,49811,,,,,,,,,,
UCB appendix,2,50,ok,200000,81839,118161,81589,48745,32844,670.285714286,29009.1708178,2.81252437419,0.195962078607,"{""n_1"": 677, ""n_10"": 670, ""n_11"": 677, ""n_12"": 664, ""n_13"": 674, ""n_14"": 678, ""n_15"": 668, ""n_16"": 673, ""n_17"": 670, ""n_18"": 673, ""n_19"": 674, ""n_2"": 672, ""n_20"": 664, ""n_21"": 666, ""n_22"": 668, ""n_23"": 668, ""n_24"": 678, ""n_25"": 671, ""n_26"": 678, ""n_27"": 676, ""n_28"": 663, ""n_29"": 674, ""n_3"": 673, ""n_30"": 669, ""n_31"": 668, ""n_32"": 676, ""n_33"": 670, ""n_34"": 672, ""n_35"": 673, ""n_36"": 672, ""n_37"": 675, ""n_38"": 667, ""n_39"": 671, ""n_4"": 673, ""n_40"": 669, ""n_41"": 667, ""n_42"": 664, ""n_43"": 668, ""n_44"": 666, ""n_45"": 661, ""n_46"": 663, ""n_47"": 665, ""n_48"": 658, ""n_49"": 667, ""n_5"": 673, ""n_50"": 48745, ""n_6"": 670, ""n_7"": 674, ""n_8"": 668, ""n_9"": 676}",677,672,673,673,673,670,674,668,676,670,677,664,674,678,668,673,670,673,674,664,666,668,668,678,671,678,676,663,674,669,668,676,670,672,673,672,675,667,671,669,667,664,668,666,661,663,665,658,667,48745
UCB direct,2,50,ok,200000,64694,135306,64444,37842,26602,542.897959184,29009.1708178,2.2215043789,0.23113855505,"{""n_1"": 549, ""n_10"": 543, ""n_11"": 549, ""n_12"": 537, ""n_13"": 546, ""n_14"": 550, ""n_15"": 541, ""n_16"": 545, ""n_17"": 543, ""n_18"": 545, ""n_19"": 546, ""n_2"": 545, ""n_20"": 537, ""n_21"": 539, ""n_22"": 541, ""n_23"": 541, ""n_24"": 550, ""n_25"": 544, ""n_26"": 550, ""n_27"": 548, ""n_28"": 536, ""n_29"": 546, ""n_3"": 545, ""n_30"": 542, ""n_31"": 541, ""n_32"": 548, ""n_33"": 543, ""n_34"": 545, ""n_35"": 545, ""n_36"": 545, ""n_37"": 547, ""n_38"": 540, ""n_39"": 544, ""n_4"": 545, ""n_40"": 542, ""n_41"": 540, ""n_42"": 537, ""n_43"": 541, ""n_44"": 539, ""n_45"": 534, ""n_46"": 536, ""n_47"": 538, ""n_48"": 531, ""n_49"": 540, ""n_5"": 545, ""n_50"": 37842, ""n_6"": 543, ""n_7"": 546, ""n_8"": 541, ""n_9"": 548}",549,545,545,545,545,543,546,541,548,543,549,537,546,550,541,545,543,545,546,537,539,541,541,550,544,550,548,536,546,542,541,548,543,545,545,545,547,540,544,542,540,537,541,539,534,536,538,531,540,37842
TS appendix,2,50,ok,200000,124661,75339,124411,75382,49029,1000.59183673,29009.1708178,4.28867825218,0.258369701735,"{""n_1"": 1006, ""n_10"": 1000, ""n_11"": 1006, ""n_12"": 995, ""n_13"": 1004, ""n_14"": 1007, ""n_15"": 999, ""n_16"": 1003, ""n_17"": 1000, ""n_18"": 1003, ""n_19"": 1004, ""n_2"": 1002, ""n_20"": 995, ""n_21"": 997, ""n_22"": 999, ""n_23"": 999, ""n_24"": 1007, ""n_25"": 1001, ""n_26"": 1007, ""n_27"": 1005, ""n_28"": 994, ""n_29"": 1004, ""n_3"": 1003, ""n_30"": 1000, ""n_31"": 999, ""n_32"": 1005, ""n_33"": 1000, ""n_34"": 1002, ""n_35"": 1003, ""n_36"": 1002, ""n_37"": 1005, ""n_38"": 998, ""n_39"": 1001, ""n_4"": 1003, ""n_40"": 1000, ""n_41"": 998, ""n_42"": 995, ""n_43"": 999, ""n_44"": 997, ""n_45"": 993, ""n_46"": 994, ""n_47"": 996, ""n_48"": 990, ""n_49"": 998, ""n_5"": 1003, ""n_50"": 75382, ""n_6"": 1000, ""n_7"": 1004, ""n_8"": 999, ""n_9"": 1005}",1006,1002,1003,1003,1003,1000,1004,999,1005,1000,1006,995,1004,1007,999,1003,1000,1003,1004,995,997,999,999,1007,1001,1007,1005,994,1004,1000,999,1005,1000,1002,1003,1002,1005,998,1001,1000,998,995,999,997,993,994,996,990,998,75382
TS direct,2,50,ok,200000,88947,111053,88697,52334,36363,742.102040816,29009.1708178,3.05755033666,0.30035000004,"{""n_1"": 747, ""n_10"": 742, ""n_11"": 747, ""n_12"": 738, ""n_13"": 745, ""n_14"": 748, ""n_15"": 740, ""n_16"": 744, ""n_17"": 742, ""n_18"": 744, ""n_19"": 745, ""n_2"": 743, ""n_20"": 738, ""n_21"": 739, ""n_22"": 740, ""n_23"": 740, ""n_24"": 748, ""n_25"": 743, ""n_26"": 748, ""n_27"": 746, ""n_28"": 737, ""n_29"": 745, ""n_3"": 744, ""n_30"": 741, ""n_31"": 740, ""n_32"": 746, ""n_33"": 742, ""n_34"": 743, ""n_35"": 744, ""n_36"": 743, ""n_37"": 746, ""n_38"": 740, ""n_39"": 743, ""n_4"": 744, ""n_40"": 741, ""n_41"": 740, ""n_42"": 738, ""n_43"": 740, ""n_44"": 739, ""n_45"": 735, ""n_46"": 737, ""n_47"": 738, ""n_48"": 733, ""n_49"": 740, ""n_5"": 744, ""n_50"": 52334, ""n_6"": 742, ""n_7"": 745, ""n_8"": 740, ""n_9"": 746}",747,743,744,744,744,742,745,740,746,742,747,738,745,748,740,744,742,744,745,738,739,740,740,748,743,748,746,737,745,741,740,746,742,743,744,743,746,740,743,741,740,738,740,739,735,737,738,733,740,52334
UCB appendix,3,5,ok,200000,30659,169341,30634,18801,11833,2958.25,13464.864334,2.27510647267,0.0859240469362,"{""n_1"": 2974, ""n_2"": 2965, ""n_3"": 2963, ""n_4"": 2931, ""n_5"": 18801}",2974,2965,2963,2931,18801,,,,,,,,,,,,,,,,,,,,,,,,,,,,,,,,,,,,,,,,,,,,,
UCB direct,3,5,ok,200000,27889,172111,27864,17097,10767,2691.75,13464.864334,2.06938587042,0.102405785513,"{""n_1"": 2707, ""n_2"": 2698, ""n_3"": 2696, ""n_4"": 2666, ""n_5"": 17097}",2707,2698,2696,2666,17097,,,,,,,,,,,,,,,,,,,,,,,,,,,,,,,,,,,,,,,,,,,,,
TS appendix,3,5,ok,200000,48565,151435,48540,32114,16426,4106.5,13464.864334,3.60493791812,0.122219361953,"{""n_1"": 4119, ""n_2"": 4112, ""n_3"": 4110, ""n_4"": 4085, ""n_5"": 32114}",4119,4112,4110,4085,32114,,,,,,,,,,,,,,,,,,,,,,,,,,,,,,,,,,,,,,,,,,,,,
TS direct,3,5,ok,200000,42004,157996,41979,27694,14285,3571.25,13464.864334,3.11766973351,0.131100000074,"{""n_1"": 3583, ""n_2"": 3576, ""n_3"": 3575, ""n_4"": 3551, ""n_5"": 27694}",3583,3576,3575,3551,27694,,,,,,,,,,,,,,,,,,,,,,,,,,,,,,,,,,,,,,,,,,,,,
UCB appendix,3,10,ok,200000,41940,158060,41890,25673,16217,1801.88888889,16964.6660084,2.46924990915,0.113761797417,"{""n_1"": 1806, ""n_10"": 25673, ""n_2"": 1800, ""n_3"": 1785, ""n_4"": 1800, ""n_5"": 1807, ""n_6"": 1806, ""n_7"": 1809, ""n_8"": 1809, ""n_9"": 1795}",1806,1800,1785,1800,1807,1806,1809,1809,1795,25673,,,,,,,,,,,,,,,,,,,,,,,,,,,,,,,,,,,,,,,,
UCB direct,3,10,ok,200000,36917,163083,36867,22328,14539,1615.44444444,16964.6660084,2.17316391503,0.132587028639,"{""n_1"": 1619, ""n_10"": 22328, ""n_2"": 1614, ""n_3"": 1599, ""n_4"": 1614, ""n_5"": 1621, ""n_6"": 1619, ""n_7"": 1622, ""n_8"": 1622, ""n_9"": 1609}",1619,1614,1599,1614,1621,1619,1622,1622,1609,22328,,,,,,,,,,,,,,,,,,,,,,,,,,,,,,,,,,,,,,,,
TS appendix,3,10,ok,200000,64860,135140,64810,41866,22944,2549.33333333,16964.6660084,3.82029330656,0.15710839165,"{""n_1"": 2552, ""n_10"": 41866, ""n_2"": 2548, ""n_3"": 2536, ""n_4"": 2548, ""n_5"": 2554, ""n_6"": 2552, ""n_7"": 2555, ""n_8"": 2555, ""n_9"": 2544}",2552,2548,2536,2548,2554,2552,2555,2555,2544,41866,,,,,,,,,,,,,,,,,,,,,,,,,,,,,,,,,,,,,,,,
TS direct,3,10,ok,200000,53653,146347,53603,34549,19054,2117.11111111,16964.6660084,3.15968495775,0.172500000066,"{""n_1"": 2120, ""n_10"": 34549, ""n_2"": 2116, ""n_3"": 2105, ""n_4"": 2116, ""n_5"": 2121, ""n_6"": 2120, ""n_7"": 2122, ""n_8"": 2122, ""n_9"": 2112}",2120,2116,2105,2116,2121,2120,2122,2122,2112,34549,,,,,,,,,,,,,,,,,,,,,,,,,,,,,,,,,,,,,,,,
UCB appendix,3,15,ok,200000,49835,150165,49760,30375,19385,1384.64285714,19419.6948,2.56234716933,0.13184725417,"{""n_1"": 1381, ""n_10"": 1373, ""n_11"": 1384, ""n_12"": 1383, ""n_13"": 1387, ""n_14"": 1373, ""n_15"": 30375, ""n_2"": 1384, ""n_3"": 1384, ""n_4"": 1389, ""n_5"": 1390, ""n_6"": 1398, ""n_7"": 1380, ""n_8"": 1384, ""n_9"": 1395}",1381,1384,1384,1389,1390,1398,1380,1384,1395,1373,1384,1383,1387,1373,30375,,,,,,,,,,,,,,,,,,,,,,,,,,,,,,,,,,,
UCB direct,3,15,ok,200000,42897,157103,42822,25986,16836,1202.57142857,19419.6948,2.20508099849,0.154172725675,"{""n_1"": 1199, ""n_10"": 1192, ""n_11"": 1202, ""n_12"": 1201, ""n_13"": 1205, ""n_14"": 1192, ""n_15"": 25986, ""n_2"": 1202, ""n_3"": 1202, ""n_4"": 1206, ""n_5"": 1208, ""n_6"": 1215, ""n_7"": 1198, ""n_8"": 1202, ""n_9"": 1212}",1199,1202,1202,1206,1208,1215,1198,1202,1212,1192,1202,1201,1205,1192,25986,,,,,,,,,,,,,,,,,,,,,,,,,,,,,,,,,,,
TS appendix,3,15,ok,200000,76420,123580,76345,48601,27744,1981.71428571,19419.6948,3.93131822031,0.179627326841,"{""n_1"": 1979, ""n_10"": 1973, ""n_11"": 1981, ""n_12"": 1980, ""n_13"": 1984, ""n_14"": 1973, ""n_15"": 48601, ""n_2"": 1981, ""n_3"": 1981, ""n_4"": 1985, ""n_5"": 1986, ""n_6"": 1992, ""n_7"": 1978, ""n_8"": 1981, ""n_9"": 1990}",1979,1981,1981,1985,1986,1992,1978,1981,1990,1973,1981,1980,1984,1973,48601,,,,,,,,,,,,,,,,,,,,,,,,,,,,,,,,,,,
TS direct,3,15,ok,200000,61324,138676,61249,38591,22658,1618.42857143,19419.6948,3.15396305817,0.19890000006,"{""n_1"": 1616, ""n_10"": 1610, ""n_11"": 1618, ""n_12"": 1617, ""n_13"": 1620, ""n_14"": 1610, ""n_15"": 38591, ""n_2"": 1618, ""n_3"": 1618, ""n_4"": 1621, ""n_5"": 1623, ""n_6"": 1628, ""n_7"": 1615, ""n_8"": 1618, ""n_9"": 1626}",1616,1618,1618,1621,1623,1628,1615,1618,1626,1610,1618,1617,1620,1610,38591,,,,,,,,,,,,,,,,,,,,,,,,,,,,,,,,,,,
UCB appendix,3,20,ok,200000,56180,143820,56080,34100,21980,1156.84210526,21374.1398084,2.6237313175,0.145663510226,"{""n_1"": 1157, ""n_10"": 1164, ""n_11"": 1150, ""n_12"": 1154, ""n_13"": 1156, ""n_14"": 1161, ""n_15"": 1154, ""n_16"": 1158, ""n_17"": 1160, ""n_18"": 1150, ""n_19"": 1157, ""n_2"": 1168, ""n_20"": 34100, ""n_3"": 1164, ""n_4"": 1151, ""n_5"": 1157, ""n_6"": 1147, ""n_7"": 1154, ""n_8"": 1157, ""n_9"": 1161}",1157,1168,1164,1151,1157,1147,1154,1157,1161,1164,1150,1154,1156,1161,1154,1158,1160,1150,1157,34100,,,,,,,,,,,,,,,,,,,,,,,,,,,,,,
UCB direct,3,20,ok,200000,47521,152479,47421,28548,18873,993.315789474,21374.1398084,2.21861559927,0.170008653722,"{""n_1"": 993, ""n_10"": 1000, ""n_11"": 987, ""n_12"": 991, ""n_13"": 992, ""n_14"": 997, ""n_15"": 991, ""n_16"": 995, ""n_17"": 996, ""n_18"": 987, ""n_19"": 993, ""n_2"": 1004, ""n_20"": 28548, ""n_3"": 1000, ""n_4"": 988, ""n_5"": 993, ""n_6"": 985, ""n_7"": 991, ""n_8"": 993, ""n_9"": 997}",993,1004,1000,988,993,985,991,993,997,1000,987,991,992,997,991,995,996,987,993,28548,,,,,,,,,,,,,,,,,,,,,,,,,,,,,,
TS appendix,3,20,ok,200000,85811,114189,85711,53975,31736,1670.31578947,21374.1398084,4.0100327203,0.196745942145,"{""n_1"": 1670, ""n_10"": 1676, ""n_11"": 1665, ""n_12"": 1668, ""n_13"": 1669, ""n_14"": 1674, ""n_15"": 1668, ""n_16"": 1672, ""n_17"": 1673, ""n_18"": 1665, ""n_19"": 1670, ""n_2"": 1679, ""n_20"": 53975, ""n_3"": 1676, ""n_4"": 1666, ""n_5"": 1670, ""n_6"": 1663, ""n_7"": 1668, ""n_8"": 1670, ""n_9"": 1674}",1670,1679,1676,1666,1670,1663,1668,1670,1674,1676,1665,1668,1669,1674,1668,1672,1673,1665,1670,53975,,,,,,,,,,,,,,,,,,,,,,,,,,,,,,
TS direct,3,20,ok,200000,67224,132776,67124,41912,25212,1326.94736842,21374.1398084,3.14043047354,0.220900000056,"{""n_1"": 1327, ""n_10"": 1332, ""n_11"": 1322, ""n_12"": 1325, ""n_13"": 1326, ""n_14"": 1330, ""n_15"": 1325, ""n_16"": 1328, ""n_17"": 1329, ""n_18"": 1322, ""n_19"": 1327, ""n_2"": 1335, ""n_20"": 41912, ""n_3"": 1332, ""n_4"": 1323, ""n_5"": 1327, ""n_6"": 1320, ""n_7"": 1325, ""n_8"": 1327, ""n_9"": 1330}",1327,1335,1332,1323,1327,1320,1325,1327,1330,1332,1322,1325,1326,1330,1325,1328,1329,1322,1327,41912,,,,,,,,,,,,,,,,,,,,,,,,,,,,,,
UCB appendix,3,30,ok,200000,66350,133650,66200,39992,26208,903.724137931,24467.282261,2.70565399515,0.166636087335,"{""n_1"": 911, ""n_10"": 908, ""n_11"": 899, ""n_12"": 910, ""n_13"": 905, ""n_14"": 901, ""n_15"": 894, ""n_16"": 910, ""n_17"": 907, ""n_18"": 898, ""n_19"": 888, ""n_2"": 910, ""n_20"": 910, ""n_21"": 897, ""n_22"": 905, ""n_23"": 908, ""n_24"": 909, ""n_25"": 902, ""n_26"": 897, ""n_27"": 901, ""n_28"": 897, ""n_29"": 892, ""n_3"": 910, ""n_30"": 39992, ""n_4"": 901, ""n_5"": 908, ""n_6"": 904, ""n_7"": 908, ""n_8"": 909, ""n_9"": 909}",911,910,910,901,908,904,908,909,909,908,899,910,905,901,894,910,907,898,888,910,897,905,908,909,902,897,901,897,892,39992,,,,,,,,,,,,,,,,,,,,
UCB direct,3,30,ok,200000,54600,145400,54450,32457,21993,758.379310345,24467.282261,2.22542084646,0.194907182485,"{""n_1"": 766, ""n_10"": 762, ""n_11"": 754, ""n_12"": 764, ""n_13"": 760, ""n_14"": 756, ""n_15"": 750, ""n_16"": 764, ""n_17"": 761, ""n_18"": 753, ""n_19"": 744, ""n_2"": 764, ""n_20"": 764, ""n_21"": 752, ""n_22"": 760, ""n_23"": 762, ""n_24"": 763, ""n_25"": 757, ""n_26"": 752, ""n_27"": 756, ""n_28"": 752, ""n_29"": 748, ""n_3"": 764, ""n_30"": 32457, ""n_4"": 756, ""n_5"": 762, ""n_6"": 759, ""n_7"": 762, ""n_8"": 763, ""n_9"": 763}",766,764,764,756,762,759,762,763,763,762,754,764,760,756,750,764,761,753,744,764,752,760,762,763,757,752,756,752,748,32457,,,,,,,,,,,,,,,,,,,,
TS appendix,3,30,ok,200000,101079,98921,100929,62543,38386,1323.65517241,24467.282261,4.12505969904,0.222605543586,"{""n_1"": 1330, ""n_10"": 1327, ""n_11"": 1320, ""n_12"": 1329, ""n_13"": 1325, ""n_14"": 1321, ""n_15"": 1316, ""n_16"": 1329, ""n_17"": 1326, ""n_18"": 1319, ""n_19"": 1311, ""n_2"": 1329, ""n_20"": 1329, ""n_21"": 1318, ""n_22"": 1325, ""n_23"": 1327, ""n_24"": 1328, ""n_25"": 1322, ""n_26"": 1318, ""n_27"": 1321, ""n_28"": 1318, ""n_29"": 1314, ""n_3"": 1329, ""n_30"": 62543, ""n_4"": 1321, ""n_5"": 1327, ""n_6"": 1324, ""n_7"": 1327, ""n_8"": 1328, ""n_9"": 1328}",1330,1329,1329,1321,1327,1324,1327,1328,1328,1327,1320,1329,1325,1321,1316,1329,1326,1319,1311,1329,1318,1325,1327,1328,1322,1318,1321,1318,1314,62543,,,,,,,,,,,,,,,,,,,,
TS direct,3,30,ok,200000,76247,123753,76097,46332,29765,1026.37931034,24467.282261,3.11015335451,0.253000000049,"{""n_1"": 1032, ""n_10"": 1029, ""n_11"": 1023, ""n_12"": 1031, ""n_13"": 1028, ""n_14"": 1024, ""n_15"": 1020, ""n_16"": 1031, ""n_17"": 1028, ""n_18"": 1022, ""n_19"": 1015, ""n_2"": 1031, ""n_20"": 1031, ""n_21"": 1022, ""n_22"": 1028, ""n_23"": 1029, ""n_24"": 1030, ""n_25"": 1025, ""n_26"": 1022, ""n_27"": 1024, ""n_28"": 1022, ""n_29"": 1018, ""n_3"": 1031, ""n_30"": 46332, ""n_4"": 1024, ""n_5"": 1029, ""n_6"": 1027, ""n_7"": 1029, ""n_8"": 1030, ""n_9"": 1030}",1032,1031,1031,1024,1029,1027,1029,1030,1030,1029,1023,1031,1028,1024,1020,1031,1028,1022,1015,1031,1022,1028,1029,1030,1025,1022,1024,1022,1018,46332,,,,,,,,,,,,,,,,,,,,
UCB appendix,3,40,ok,200000,74602,125398,74402,44701,29701,761.564102564,26929.728668,2.76282026147,0.182675604391,"{""n_1"": 766, ""n_10"": 759, ""n_11"": 767, ""n_12"": 768, ""n_13"": 768, ""n_14"": 764, ""n_15"": 759, ""n_16"": 765, ""n_17"": 762, ""n_18"": 758, ""n_19"": 768, ""n_2"": 771, ""n_20"": 773, ""n_21"": 765, ""n_22"": 767, ""n_23"": 747, ""n_24"": 765, ""n_25"": 758, ""n_26"": 765, ""n_27"": 763, ""n_28"": 763, ""n_29"": 762, ""n_3"": 761, ""n_30"": 761, ""n_31"": 761, ""n_32"": 748, ""n_33"": 759, ""n_34"": 752, ""n_35"": 763, ""n_36"": 749, ""n_37"": 758, ""n_38"": 758, ""n_39"": 753, ""n_4"": 763, ""n_40"": 44701, ""n_5"": 757, ""n_6"": 758, ""n_7"": 766, ""n_8"": 766, ""n_9"": 765}",766,771,761,763,757,758,766,766,765,759,767,768,768,764,759,765,762,758,768,773,765,767,747,765,758,765,763,763,762,761,761,748,759,752,763,749,758,758,753,44701,,,,,,,,,,
UCB direct,3,40,ok,200000,60059,139941,59859,35603,24256,621.948717949,26929.728668,2.22278511373,0.215315739971,"{""n_1"": 626, ""n_10"": 620, ""n_11"": 627, ""n_12"": 628, ""n_13"": 628, ""n_14"": 624, ""n_15"": 620, ""n_16"": 625, ""n_17"": 622, ""n_18"": 619, ""n_19"": 628, ""n_2"": 630, ""n_20"": 632, ""n_21"": 625, ""n_22"": 627, ""n_23"": 609, ""n_24"": 625, ""n_25"": 619, ""n_26"": 625, ""n_27"": 623, ""n_28"": 623, ""n_29"": 622, ""n_3"": 621, ""n_30"": 621, ""n_31"": 621, ""n_32"": 610, ""n_33"": 620, ""n_34"": 613, ""n_35"": 623, ""n_36"": 611, ""n_37"": 619, ""n_38"": 619, ""n_39"": 614, ""n_4"": 623, ""n_40"": 35603, ""n_5"": 618, ""n_6"": 619, ""n_7"": 626, ""n_8"": 626, ""n_9"": 625}",626,630,621,623,618,619,626,626,625,620,627,628,628,624,620,625,622,619,628,632,625,627,609,625,619,625,623,623,622,621,621,610,620,613,623,611,619,619,614,35603,,,,,,,,,,
TS appendix,3,40,ok,200000,113627,86373,113427,69448,43979,1127.66666667,26929.728668,4.21196222948,0.242260520388,"{""n_1"": 1131, ""n_10"": 1126, ""n_11"": 1132, ""n_12"": 1133, ""n_13"": 1133, ""n_14"": 1130, ""n_15"": 1126, ""n_16"": 1130, ""n_17"": 1128, ""n_18"": 1125, ""n_19"": 1133, ""n_2"": 1135, ""n_20"": 1137, ""n_21"": 1130, ""n_22"": 1132, ""n_23"": 1116, ""n_24"": 1130, ""n_25"": 1125, ""n_26"": 1130, ""n_27"": 1129, ""n_28"": 1129, ""n_29"": 1128, ""n_3"": 1127, ""n_30"": 1127, ""n_31"": 1127, ""n_32"": 1117, ""n_33"": 1126, ""n_34"": 1120, ""n_35"": 1129, ""n_36"": 1118, ""n_37"": 1125, ""n_38"": 1125, ""n_39"": 1120, ""n_4"": 1129, ""n_40"": 69448, ""n_5"": 1124, ""n_6"": 1125, ""n_7"": 1131, ""n_8"": 1131, ""n_9"": 1130}",1131,1135,1127,1129,1124,1125,1131,1131,1130,1126,1132,1133,1133,1130,1126,1130,1128,1125,1133,1137,1130,1132,1116,1130,1125,1130,1129,1129,1128,1127,1127,1117,1126,1120,1129,1118,1125,1125,1120,69448,,,,,,,,,,
TS direct,3,40,ok,200000,83178,116822,82978,49733,33245,852.435897436,26929.728668,3.08127872445,0.278900000044,"{""n_1"": 856, ""n_10"": 851, ""n_11"": 856, ""n_12"": 857, ""n_13"": 857, ""n_14"": 854, ""n_15"": 851, ""n_16"": 855, ""n_17"": 853, ""n_18"": 850, ""n_19"": 857, ""n_2"": 859, ""n_20"": 860, ""n_21"": 855, ""n_22"": 856, ""n_23"": 842, ""n_24"": 855, ""n_25"": 850, ""n_26"": 855, ""n_27"": 853, ""n_28"": 853, ""n_29"": 853, ""n_3"": 852, ""n_30"": 852, ""n_31"": 852, ""n_32"": 843, ""n_33"": 851, ""n_34"": 845, ""n_35"": 853, ""n_36"": 844, ""n_37"": 850, ""n_38"": 850, ""n_39"": 846, ""n_4"": 853, ""n_40"": 49733, ""n_5"": 849, ""n_6"": 850, ""n_7"": 856, ""n_8"": 856, ""n_9"": 855}",856,859,852,853,849,850,856,856,855,851,856,857,857,854,851,855,853,850,857,860,855,856,842,855,850,855,853,853,853,852,852,843,851,845,853,844,850,850,846,49733,,,,,,,,,,
UCB appendix,3,50,ok,200000,81812,118188,81562,48736,32826,669.918367347,29009.1708178,2.81159363404,0.195932401217,"{""n_1"": 675, ""n_10"": 673, ""n_11"": 672, ""n_12"": 673, ""n_13"": 669, ""n_14"": 673, ""n_15"": 675, ""n_16"": 664, ""n_17"": 676, ""n_18"": 678, ""n_19"": 664, ""n_2"": 675, ""n_20"": 672, ""n_21"": 675, ""n_22"": 675, ""n_23"": 667, ""n_24"": 669, ""n_25"": 666, ""n_26"": 663, ""n_27"": 665, ""n_28"": 668, ""n_29"": 667, ""n_3"": 676, ""n_30"": 675, ""n_31"": 666, ""n_32"": 675, ""n_33"": 679, ""n_34"": 668, ""n_35"": 671, ""n_36"": 665, ""n_37"": 655, ""n_38"": 672, ""n_39"": 669, ""n_4"": 663, ""n_40"": 668, ""n_41"": 670, ""n_42"": 670, ""n_43"": 666, ""n_44"": 670, ""n_45"": 666, ""n_46"": 667, ""n_47"": 669, ""n_48"": 666, ""n_49"": 664, ""n_5"": 676, ""n_50"": 48736, ""n_6"": 671, ""n_7"": 672, ""n_8"": 672, ""n_9"": 671}",675,675,676,663,676,671,672,672,671,673,672,673,669,673,675,664,676,678,664,672,675,675,667,669,666,663,665,668,667,675,666,675,679,668,671,665,655,672,669,668,670,670,666,670,666,667,669,666,664,48736
UCB direct,3,50,ok,200000,64672,135328,64422,37774,26648,543.836734694,29009.1708178,2.22074599804,0.230805694227,"{""n_1"": 548, ""n_10"": 547, ""n_11"": 546, ""n_12"": 547, ""n_13"": 543, ""n_14"": 547, ""n_15"": 548, ""n_16"": 539, ""n_17"": 549, ""n_18"": 551, ""n_19"": 539, ""n_2"": 548, ""n_20"": 546, ""n_21"": 548, ""n_22"": 548, ""n_23"": 541, ""n_24"": 543, ""n_25"": 540, ""n_26"": 538, ""n_27"": 540, ""n_28"": 542, ""n_29"": 541, ""n_3"": 549, ""n_30"": 548, ""n_31"": 540, ""n_32"": 548, ""n_33"": 552, ""n_34"": 542, ""n_35"": 545, ""n_36"": 540, ""n_37"": 530, ""n_38"": 546, ""n_39"": 543, ""n_4"": 538, ""n_40"": 542, ""n_41"": 544, ""n_42"": 544, ""n_43"": 540, ""n_44"": 544, ""n_45"": 540, ""n_46"": 541, ""n_47"": 543, ""n_48"": 540, ""n_49"": 539, ""n_5"": 549, ""n_50"": 37774, ""n_6"": 545, ""n_7"": 546, ""n_8"": 546, ""n_9"": 545}",548,548,549,538,549,545,546,546,545,547,546,547,543,547,548,539,549,551,539,546,548,548,541,543,540,538,540,542,541,548,540,548,552,542,545,540,530,546,543,542,544,544,540,544,540,541,543,540,539,37774
TS appendix,3,50,ok,200000,124637,75363,124387,75375,49012,1000.24489796,29009.1708178,4.2878509276,0.258351063864,"{""n_1"": 1004, ""n_10"": 1003, ""n_11"": 1002, ""n_12"": 1003, ""n_13"": 1000, ""n_14"": 1003, ""n_15"": 1004, ""n_16"": 995, ""n_17"": 1005, ""n_18"": 1006, ""n_19"": 995, ""n_2"": 1004, ""n_20"": 1002, ""n_21"": 1004, ""n_22"": 1004, ""n_23"": 998, ""n_24"": 1000, ""n_25"": 997, ""n_26"": 995, ""n_27"": 996, ""n_28"": 999, ""n_29"": 998, ""n_3"": 1005, ""n_30"": 1004, ""n_31"": 997, ""n_32"": 1004, ""n_33"": 1007, ""n_34"": 999, ""n_35"": 1001, ""n_36"": 996, ""n_37"": 988, ""n_38"": 1002, ""n_39"": 1000, ""n_4"": 995, ""n_40"": 999, ""n_41"": 1001, ""n_42"": 1001, ""n_43"": 997, ""n_44"": 1001, ""n_45"": 997, ""n_46"": 998, ""n_47"": 1000, ""n_48"": 997, ""n_49"": 995, ""n_5"": 1005, ""n_50"": 75375, ""n_6"": 1001, ""n_7"": 1002, ""n_8"": 1002, ""n_9"": 1001}",1004,1004,1005,995,1005,1001,1002,1002,1001,1003,1002,1003,1000,1003,1004,995,1005,1006,995,1002,1004,1004,998,1000,997,995,996,999,998,1004,997,1004,1007,999,1001,996,988,1002,1000,999,1001,1001,997,1001,997,998,1000,997,995,75375
TS direct,3,50,ok,200000,88931,111069,88681,52519,36162,738,29009.1708178,3.05699878694,0.30110000004,"{""n_1"": 741, ""n_10"": 740, ""n_11"": 740, ""n_12"": 740, ""n_13"": 738, ""n_14"": 740, ""n_15"": 741, ""n_16"": 734, ""n_17"": 742, ""n_18"": 743, ""n_19"": 734, ""n_2"": 741, ""n_20"": 740, ""n_21"": 741, ""n_22"": 741, ""n_23"": 736, ""n_24"": 738, ""n_25"": 735, ""n_26"": 733, ""n_27"": 735, ""n_28"": 737, ""n_29"": 736, ""n_3"": 742, ""n_30"": 741, ""n_31"": 735, ""n_32"": 741, ""n_33"": 744, ""n_34"": 737, ""n_35"": 739, ""n_36"": 735, ""n_37"": 727, ""n_38"": 740, ""n_39"": 738, ""n_4"": 733, ""n_40"": 737, ""n_41"": 738, ""n_42"": 738, ""n_43"": 735, ""n_44"": 738, ""n_45"": 735, ""n_46"": 736, ""n_47"": 738, ""n_48"": 735, ""n_49"": 734, ""n_5"": 742, ""n_50"": 52519, ""n_6"": 739, ""n_7"": 740, ""n_8"": 740, ""n_9"": 739}",741,741,742,733,742,739,740,740,739,740,740,740,738,740,741,734,742,743,734,740,741,741,736,738,735,733,735,737,736,741,735,741,744,737,739,735,727,740,738,737,738,738,735,738,735,736,738,735,734,52519
UCB appendix,4,5,ok,200000,30670,169330,30645,18804,11841,2960.25,13464.864334,2.27592341369,0.085938901272,"{""n_1"": 2964, ""n_2"": 2951, ""n_3"": 2955, ""n_4"": 2971, ""n_5"": 18804}",2964,2951,2955,2971,18804,,,,,,,,,,,,,,,,,,,,,,,,,,,,,,,,,,,,,,,,,,,,,
UCB direct,4,5,ok,200000,27898,172102,27873,17053,10820,2705,13464.864334,2.07005427671,0.102200973942,"{""n_1"": 2709, ""n_2"": 2696, ""n_3"": 2700, ""n_4"": 2715, ""n_5"": 17053}",2709,2696,2700,2715,17053,,,,,,,,,,,,,,,,,,,,,,,,,,,,,,,,,,,,,,,,,,,,,
TS appendix,4,5,ok,200000,48573,151427,48548,32117,16431,4107.75,13464.864334,3.60553205704,0.122229771055,"{""n_1"": 4111, ""n_2"": 4100, ""n_3"": 4104, ""n_4"": 4116, ""n_5"": 32117}",4111,4100,4104,4116,32117,,,,,,,,,,,,,,,,,,,,,,,,,,,,,,,,,,,,,,,,,,,,,
TS direct,4,5,ok,200000,42012,157988,41987,27639,14348,3587,13464.864334,3.11826387244,0.130850000074,"{""n_1"": 3590, ""n_2"": 3580, ""n_3"": 3583, ""n_4"": 3595, ""n_5"": 27639}",3590,3580,3583,3595,27639,,,,,,,,,,,,,,,,,,,,,,,,,,,,,,,,,,,,,,,,,,,,,
UCB appendix,4,10,ok,200000,41930,158070,41880,25670,16210,1801.11111111,16964.6660084,2.46866044868,0.11374902479,"{""n_1"": 1816, ""n_10"": 25670, ""n_2"": 1806, ""n_3"": 1811, ""n_4"": 1804, ""n_5"": 1787, ""n_6"": 1797, ""n_7"": 1803, ""n_8"": 1792, ""n_9"": 1794}",1816,1806,1811,1804,1787,1797,1803,1792,1794,25670,,,,,,,,,,,,,,,,,,,,,,,,,,,,,,,,,,,,,,,,
UCB direct,4,10,ok,200000,36907,163093,36857,22495,14362,1595.77777778,16964.6660084,2.17257445456,0.133370537015,"{""n_1"": 1610, ""n_10"": 22495, ""n_2"": 1601, ""n_3"": 1605, ""n_4"": 1599, ""n_5"": 1582, ""n_6"": 1592, ""n_7"": 1597, ""n_8"": 1587, ""n_9"": 1589}",1610,1601,1605,1599,1582,1592,1597,1587,1589,22495,,,,,,,,,,,,,,,,,,,,,,,,,,,,,,,,,,,,,,,,
TS appendix,4,10,ok,200000,64852,135148,64802,41863,22939,2548.77777778,16964.6660084,3.81982173819,0.157099689544,"{""n_1"": 2561, ""n_10"": 41863, ""n_2"": 2553, ""n_3"": 2557, ""n_4"": 2551, ""n_5"": 2537, ""n_6"": 2546, ""n_7"": 2550, ""n_8"": 2541, ""n_9"": 2543}",2561,2553,2557,2551,2537,2546,2550,2541,2543,41863,,,,,,,,,,,,,,,,,,,,,,,,,,,,,,,,,,,,,,,,
TS direct,4,10,ok,200000,53646,146354,53596,34330,19266,2140.66666667,16964.6660084,3.15927233542,0.171500000066,"{""n_1"": 2152, ""n_10"": 34330, ""n_2"": 2144, ""n_3"": 2148, ""n_4"": 2143, ""n_5"": 2130, ""n_6"": 2138, ""n_7"": 2142, ""n_8"": 2134, ""n_9"": 2135}",2152,2144,2148,2143,2130,2138,2142,2134,2135,34330,,,,,,,,,,,,,,,,,,,,,,,,,,,,,,,,,,,,,,,,
UCB appendix,4,15,ok,200000,49844,150156,49769,30378,19391,1385.07142857,19419.6948,2.56281061637,0.13185957602,"{""n_1"": 1391, ""n_10"": 1385, ""n_11"": 1384, ""n_12"": 1379, ""n_13"": 1391, ""n_14"": 1378, ""n_15"": 30378, ""n_2"": 1391, ""n_3"": 1390, ""n_4"": 1387, ""n_5"": 1388, ""n_6"": 1387, ""n_7"": 1366, ""n_8"": 1384, ""n_9"": 1390}",1391,1391,1390,1387,1388,1387,1366,1384,1390,1385,1384,1379,1391,1378,30378,,,,,,,,,,,,,,,,,,,,,,,,,,,,,,,,,,,
UCB direct,4,15,ok,200000,42905,157095,42830,25898,16932,1209.42857143,19419.6948,2.20549295142,0.153771443204,"{""n_1"": 1215, ""n_10"": 1210, ""n_11"": 1208, ""n_12"": 1204, ""n_13"": 1215, ""n_14"": 1203, ""n_15"": 25898, ""n_2"": 1215, ""n_3"": 1214, ""n_4"": 1211, ""n_5"": 1213, ""n_6"": 1211, ""n_7"": 1191, ""n_8"": 1208, ""n_9"": 1214}",1215,1215,1214,1211,1213,1211,1191,1208,1214,1210,1208,1204,1215,1203,25898,,,,,,,,,,,,,,,,,,,,,,,,,,,,,,,,,,,
TS appendix,4,15,ok,200000,76428,123572,76353,48604,27749,1982.07142857,19419.6948,3.93173017323,0.179635575215,"{""n_1"": 1987, ""n_10"": 1982, ""n_11"": 1981, ""n_12"": 1977, ""n_13"": 1987, ""n_14"": 1976, ""n_15"": 48604, ""n_2"": 1987, ""n_3"": 1986, ""n_4"": 1984, ""n_5"": 1985, ""n_6"": 1984, ""n_7"": 1966, ""n_8"": 1981, ""n_9"": 1986}",1987,1987,1986,1984,1985,1984,1966,1981,1986,1982,1981,1977,1987,1976,48604,,,,,,,,,,,,,,,,,,,,,,,,,,,,,,,,,,,
TS direct,4,15,ok,200000,61330,138670,61255,38578,22677,1619.78571429,19419.6948,3.15427202286,0.19885000006,"{""n_1"": 1624, ""n_10"": 1620, ""n_11"": 1619, ""n_12"": 1616, ""n_13"": 1624, ""n_14"": 1615, ""n_15"": 38578, ""n_2"": 1624, ""n_3"": 1623, ""n_4"": 1621, ""n_5"": 1622, ""n_6"": 1621, ""n_7"": 1606, ""n_8"": 1619, ""n_9"": 1623}",1624,1624,1623,1621,1622,1621,1606,1619,1623,1620,1619,1616,1624,1615,38578,,,,,,,,,,,,,,,,,,,,,,,,,,,,,,,,,,,
UCB appendix,4,20,ok,200000,56176,143824,56076,34099,21977,1156.68421053,21374.1398084,2.62354417547,0.145657357405,"{""n_1"": 1165, ""n_10"": 1154, ""n_11"": 1163, ""n_12"": 1161, ""n_13"": 1156, ""n_14"": 1154, ""n_15"": 1147, ""n_16"": 1160, ""n_17"": 1156, ""n_18"": 1145, ""n_19"": 1150, ""n_2"": 1160, ""n_20"": 34099, ""n_3"": 1153, ""n_4"": 1160, ""n_5"": 1154, ""n_6"": 1154, ""n_7"": 1163, ""n_8"": 1161, ""n_9"": 1161}",1165,1160,1153,1160,1154,1154,1163,1161,1161,1154,1163,1161,1156,1154,1147,1160,1156,1145,1150,34099,,,,,,,,,,,,,,,,,,,,,,,,,,,,,,
UCB direct,4,20,ok,200000,47515,152485,47415,28697,18718,985.157894737,21374.1398084,2.21833488622,0.170694479757,"{""n_1"": 993, ""n_10"": 983, ""n_11"": 991, ""n_12"": 989, ""n_13"": 984, ""n_14"": 983, ""n_15"": 977, ""n_16"": 988, ""n_17"": 984, ""n_18"": 974, ""n_19"": 979, ""n_2"": 988, ""n_20"": 28697, ""n_3"": 982, ""n_4"": 988, ""n_5"": 983, ""n_6"": 983, ""n_7"": 991, ""n_8"": 989, ""n_9"": 989}",993,988,982,988,983,983,991,989,989,983,991,989,984,983,977,988,984,974,979,28697,,,,,,,,,,,,,,,,,,,,,,,,,,,,,,
TS appendix,4,20,ok,200000,85807,114193,85707,53974,31733,1670.15789474,21374.1398084,4.00984557826,0.196741877832,"{""n_1"": 1677, ""n_10"": 1668, ""n_11"": 1675, ""n_12"": 1674, ""n_13"": 1669, ""n_14"": 1668, ""n_15"": 1663, ""n_16"": 1673, ""n_17"": 1669, ""n_18"": 1660, ""n_19"": 1665, ""n_2"": 1673, ""n_20"": 53974, ""n_3"": 1667, ""n_4"": 1673, ""n_5"": 1668, ""n_6"": 1668, ""n_7"": 1675, ""n_8"": 1674, ""n_9"": 1674}",1677,1673,1667,1673,1668,1668,1675,1674,1674,1668,1675,1674,1669,1668,1663,1673,1669,1660,1665,53974,,,,,,,,,,,,,,,,,,,,,,,,,,,,,,
TS direct,4,20,ok,200000,67221,132779,67121,41913,25208,1326.73684211,21374.1398084,3.14029011701,0.220900000056,"{""n_1"": 1333, ""n_10"": 1325, ""n_11"": 1331, ""n_12"": 1330, ""n_13"": 1326, ""n_14"": 1325, ""n_15"": 1320, ""n_16"": 1329, ""n_17"": 1326, ""n_18"": 1318, ""n_19"": 1322, ""n_2"": 1329, ""n_20"": 41913, ""n_3"": 1324, ""n_4"": 1329, ""n_5"": 1325, ""n_6"": 1325, ""n_7"": 1331, ""n_8"": 1330, ""n_9"": 1330}",1333,1329,1324,1329,1325,1325,1331,1330,1330,1325,1331,1330,1326,1325,1320,1329,1326,1318,1322,41913,,,,,,,,,,,,,,,,,,,,,,,,,,,,,,
UCB appendix,4,30,ok,200000,66378,133622,66228,39999,26229,904.448275862,24467.282261,2.70679838052,0.166662752511,"{""n_1"": 911, ""n_10"": 900, ""n_11"": 915, ""n_12"": 910, ""n_13"": 908, ""n_14"": 909, ""n_15"": 905, ""n_16"": 904, ""n_17"": 899, ""n_18"": 899, ""n_19"": 899, ""n_2"": 908, ""n_20"": 910, ""n_21"": 908, ""n_22"": 903, ""n_23"": 912, ""n_24"": 898, ""n_25"": 901, ""n_26"": 908, ""n_27"": 904, ""n_28"": 897, ""n_29"": 897, ""n_3"": 895, ""n_30"": 39999, ""n_4"": 908, ""n_5"": 900, ""n_6"": 903, ""n_7"": 909, ""n_8"": 906, ""n_9"": 903}",911,908,895,908,900,903,909,906,903,900,915,910,908,909,905,904,899,899,899,910,908,903,912,898,901,908,904,897,897,39999,,,,,,,,,,,,,,,,,,,,
UCB direct,4,30,ok,200000,54620,145380,54470,32452,22018,759.24137931,24467.282261,2.22623826459,0.194907182485,"{""n_1"": 766, ""n_10"": 756, ""n_11"": 769, ""n_12"": 764, ""n_13"": 762, ""n_14"": 763, ""n_15"": 760, ""n_16"": 759, ""n_17"": 754, ""n_18"": 754, ""n_19"": 754, ""n_2"": 762, ""n_20"": 764, ""n_21"": 762, ""n_22"": 758, ""n_23"": 767, ""n_24"": 753, ""n_25"": 757, ""n_26"": 762, ""n_27"": 759, ""n_28"": 752, ""n_29"": 752, ""n_3"": 751, ""n_30"": 32452, ""n_4"": 762, ""n_5"": 756, ""n_6"": 758, ""n_7"": 763, ""n_8"": 761, ""n_9"": 758}",766,762,751,762,756,758,763,761,758,756,769,764,762,763,760,759,754,754,754,764,762,758,767,753,757,762,759,752,752,32452,,,,,,,,,,,,,,,,,,,,
TS appendix,4,30,ok,200000,101093,98907,100943,62549,38394,1323.93103448,24467.282261,4.12563189173,0.222622781078,"{""n_1"": 1329, ""n_10"": 1321, ""n_11"": 1332, ""n_12"": 1328, ""n_13"": 1326, ""n_14"": 1327, ""n_15"": 1325, ""n_16"": 1324, ""n_17"": 1320, ""n_18"": 1320, ""n_19"": 1320, ""n_2"": 1326, ""n_20"": 1328, ""n_21"": 1326, ""n_22"": 1323, ""n_23"": 1330, ""n_24"": 1319, ""n_25"": 1322, ""n_26"": 1326, ""n_27"": 1324, ""n_28"": 1318, ""n_29"": 1318, ""n_3"": 1317, ""n_30"": 62549, ""n_4"": 1326, ""n_5"": 1321, ""n_6"": 1323, ""n_7"": 1327, ""n_8"": 1325, ""n_9"": 1323}",1329,1326,1317,1326,1321,1323,1327,1325,1323,1321,1332,1328,1326,1327,1325,1324,1320,1320,1320,1328,1326,1323,1330,1319,1322,1326,1324,1318,1318,62549,,,,,,,,,,,,,,,,,,,,
TS direct,4,30,ok,200000,76260,123740,76110,46385,29725,1025,24467.282261,3.1106846763,0.253250000049,"{""n_1"": 1030, ""n_10"": 1022, ""n_11"": 1032, ""n_12"": 1029, ""n_13"": 1027, ""n_14"": 1028, ""n_15"": 1026, ""n_16"": 1025, ""n_17"": 1021, ""n_18"": 1021, ""n_19"": 1021, ""n_2"": 1027, ""n_20"": 1029, ""n_21"": 1027, ""n_22"": 1024, ""n_23"": 1031, ""n_24"": 1020, ""n_25"": 1023, ""n_26"": 1027, ""n_27"": 1025, ""n_28"": 1020, ""n_29"": 1020, ""n_3"": 1019, ""n_30"": 46385, ""n_4"": 1027, ""n_5"": 1022, ""n_6"": 1024, ""n_7"": 1028, ""n_8"": 1026, ""n_9"": 1024}",1030,1027,1019,1027,1022,1024,1028,1026,1024,1022,1032,1029,1027,1028,1026,1025,1021,1021,1021,1029,1027,1024,1031,1020,1023,1027,1025,1020,1020,46385,,,,,,,,,,,,,,,,,,,,
UCB appendix,4,40,ok,200000,74681,125319,74481,44725,29756,762.974358974,26929.728668,2.76575382241,0.182752936237,"{""n_1"": 767, ""n_10"": 765, ""n_11"": 771, ""n_12"": 762, ""n_13"": 763, ""n_14"": 771, ""n_15"": 767, ""n_16"": 767, ""n_17"": 759, ""n_18"": 760, ""n_19"": 770, ""n_2"": 767, ""n_20"": 762, ""n_21"": 765, ""n_22"": 753, ""n_23"": 761, ""n_24"": 760, ""n_25"": 764, ""n_26"": 760, ""n_27"": 753, ""n_28"": 761, ""n_29"": 768, ""n_3"": 762, ""n_30"": 762, ""n_31"": 763, ""n_32"": 751, ""n_33"": 769, ""n_34"": 757, ""n_35"": 761, ""n_36"": 758, ""n_37"": 754, ""n_38"": 762, ""n_39"": 757, ""n_4"": 770, ""n_40"": 44725, ""n_5"": 765, ""n_6"": 764, ""n_7"": 769, ""n_8"": 768, ""n_9"": 768}",767,767,762,770,765,764,769,768,768,765,771,762,763,771,767,767,759,760,770,762,765,753,761,760,764,760,753,761,768,762,763,751,769,757,761,758,754,762,757,44725,,,,,,,,,,
UCB direct,4,40,ok,200000,60114,139886,59914,35588,24326,623.743589744,26929.728668,2.22482746628,0.215315739971,"{""n_1"": 627, ""n_10"": 626, ""n_11"": 631, ""n_12"": 623, ""n_13"": 624, ""n_14"": 631, ""n_15"": 627, ""n_16"": 627, ""n_17"": 620, ""n_18"": 621, ""n_19"": 630, ""n_2"": 627, ""n_20"": 623, ""n_21"": 626, ""n_22"": 615, ""n_23"": 622, ""n_24"": 621, ""n_25"": 625, ""n_26"": 621, ""n_27"": 615, ""n_28"": 622, ""n_29"": 628, ""n_3"": 623, ""n_30"": 623, ""n_31"": 624, ""n_32"": 613, ""n_33"": 629, ""n_34"": 618, ""n_35"": 622, ""n_36"": 619, ""n_37"": 616, ""n_38"": 623, ""n_39"": 618, ""n_4"": 630, ""n_40"": 35588, ""n_5"": 626, ""n_6"": 625, ""n_7"": 629, ""n_8"": 628, ""n_9"": 628}",627,627,623,630,626,625,629,628,628,626,631,623,624,631,627,627,620,621,630,623,626,615,622,621,625,621,615,622,628,623,624,613,629,618,622,619,616,623,618,35588,,,,,,,,,,
TS appendix,4,40,ok,200000,113692,86308,113492,69466,44026,1128.87179487,26929.728668,4.21437591886,0.242309719203,"{""n_1"": 1132, ""n_10"": 1131, ""n_11"": 1135, ""n_12"": 1128, ""n_13"": 1129, ""n_14"": 1135, ""n_15"": 1132, ""n_16"": 1132, ""n_17"": 1125, ""n_18"": 1126, ""n_19"": 1135, ""n_2"": 1132, ""n_20"": 1128, ""n_21"": 1131, ""n_22"": 1121, ""n_23"": 1127, ""n_24"": 1126, ""n_25"": 1130, ""n_26"": 1126, ""n_27"": 1121, ""n_28"": 1127, ""n_29"": 1133, ""n_3"": 1128, ""n_30"": 1128, ""n_31"": 1129, ""n_32"": 1119, ""n_33"": 1134, ""n_34"": 1124, ""n_35"": 1127, ""n_36"": 1125, ""n_37"": 1122, ""n_38"": 1128, ""n_39"": 1124, ""n_4"": 1135, ""n_40"": 69466, ""n_5"": 1131, ""n_6"": 1130, ""n_7"": 1134, ""n_8"": 1133, ""n_9"": 1133}",1132,1132,1128,1135,1131,1130,1134,1133,1133,1131,1135,1128,1129,1135,1132,1132,1125,1126,1135,1128,1131,1121,1127,1126,1130,1126,1121,1127,1133,1128,1129,1119,1134,1124,1127,1125,1122,1128,1124,69466,,,,,,,,,,
TS direct,4,40,ok,200000,83217,116783,83017,49799,33218,851.743589744,26929.728668,3.08272693808,0.279250000044,"{""n_1"": 854, ""n_10"": 854, ""n_11"": 857, ""n_12"": 851, ""n_13"": 852, ""n_14"": 857, ""n_15"": 854, ""n_16"": 854, ""n_17"": 849, ""n_18"": 850, ""n_19"": 857, ""n_2"": 854, ""n_20"": 851, ""n_21"": 854, ""n_22"": 845, ""n_23"": 850, ""n_24"": 850, ""n_25"": 853, ""n_26"": 850, ""n_27"": 845, ""n_28"": 850, ""n_29"": 855, ""n_3"": 851, ""n_30"": 851, ""n_31"": 852, ""n_32"": 843, ""n_33"": 856, ""n_34"": 847, ""n_35"": 850, ""n_36"": 848, ""n_37"": 846, ""n_38"": 851, ""n_39"": 847, ""n_4"": 857, ""n_40"": 49799, ""n_5"": 854, ""n_6"": 853, ""n_7"": 856, ""n_8"": 855, ""n_9"": 855}",854,854,851,857,854,853,856,855,855,854,857,851,852,857,854,854,849,850,857,851,854,845,850,850,853,850,845,850,855,851,852,843,856,847,850,848,846,851,847,49799,,,,,,,,,,
UCB appendix,4,50,ok,200000,81768,118232,81518,48719,32799,669.367346939,29009.1708178,2.81007687231,0.195878948267,"{""n_1"": 673, ""n_10"": 671, ""n_11"": 670, ""n_12"": 670, ""n_13"": 673, ""n_14"": 673, ""n_15"": 669, ""n_16"": 670, ""n_17"": 675, ""n_18"": 669, ""n_19"": 680, ""n_2"": 671, ""n_20"": 671, ""n_21"": 675, ""n_22"": 671, ""n_23"": 665, ""n_24"": 668, ""n_25"": 670, ""n_26"": 672, ""n_27"": 663, ""n_28"": 664, ""n_29"": 676, ""n_3"": 675, ""n_30"": 668, ""n_31"": 670, ""n_32"": 661, ""n_33"": 669, ""n_34"": 671, ""n_35"": 674, ""n_36"": 662, ""n_37"": 667, ""n_38"": 676, ""n_39"": 667, ""n_4"": 670, ""n_40"": 669, ""n_41"": 659, ""n_42"": 657, ""n_43"": 673, ""n_44"": 663, ""n_45"": 668, ""n_46"": 670, ""n_47"": 659, ""n_48"": 667, ""n_49"": 662, ""n_5"": 668, ""n_50"": 48719, ""n_6"": 677, ""n_7"": 674, ""n_8"": 670, ""n_9"": 674}",673,671,675,670,668,677,674,670,674,671,670,670,673,673,669,670,675,669,680,671,675,671,665,668,670,672,663,664,676,668,670,661,669,671,674,662,667,676,667,669,659,657,673,663,668,670,659,667,662,48719
UCB direct,4,50,ok,200000,64632,135368,64382,37786,26596,542.775510204,29009.1708178,2.21936712374,0.230805694227,"{""n_1"": 546, ""n_10"": 544, ""n_11"": 543, ""n_12"": 543, ""n_13"": 546, ""n_14"": 546, ""n_15"": 542, ""n_16"": 543, ""n_17"": 548, ""n_18"": 542, ""n_19"": 553, ""n_2"": 544, ""n_20"": 544, ""n_21"": 548, ""n_22"": 544, ""n_23"": 540, ""n_24"": 541, ""n_25"": 543, ""n_26"": 545, ""n_27"": 538, ""n_28"": 539, ""n_29"": 549, ""n_3"": 548, ""n_30"": 541, ""n_31"": 543, ""n_32"": 536, ""n_33"": 542, ""n_34"": 544, ""n_35"": 547, ""n_36"": 537, ""n_37"": 540, ""n_38"": 549, ""n_39"": 540, ""n_4"": 543, ""n_40"": 542, ""n_41"": 534, ""n_42"": 532, ""n_43"": 546, ""n_44"": 538, ""n_45"": 541, ""n_46"": 543, ""n_47"": 534, ""n_48"": 540, ""n_49"": 537, ""n_5"": 541, ""n_50"": 37786, ""n_6"": 550, ""n_7"": 547, ""n_8"": 543, ""n_9"": 547}",546,544,548,543,541,550,547,543,547,544,543,543,546,546,542,543,548,542,553,544,548,544,540,541,543,545,538,539,549,541,543,536,542,544,547,537,540,549,540,542,534,532,546,538,541,543,534,540,537,37786
TS appendix,4,50,ok,200000,124592,75408,124342,75363,48979,999.571428571,29009.1708178,4.28629969402,0.258317505318,"{""n_1"": 1003, ""n_10"": 1001, ""n_11"": 1000, ""n_12"": 1000, ""n_13"": 1003, ""n_14"": 1003, ""n_15"": 999, ""n_16"": 1000, ""n_17"": 1004, ""n_18"": 999, ""n_19"": 1008, ""n_2"": 1001, ""n_20"": 1001, ""n_21"": 1004, ""n_22"": 1001, ""n_23"": 997, ""n_24"": 998, ""n_25"": 1000, ""n_26"": 1002, ""n_27"": 995, ""n_28"": 996, ""n_29"": 1005, ""n_3"": 1004, ""n_30"": 998, ""n_31"": 1000, ""n_32"": 993, ""n_33"": 999, ""n_34"": 1001, ""n_35"": 1003, ""n_36"": 994, ""n_37"": 997, ""n_38"": 1005, ""n_39"": 997, ""n_4"": 1000, ""n_40"": 999, ""n_41"": 991, ""n_42"": 990, ""n_43"": 1003, ""n_44"": 995, ""n_45"": 998, ""n_46"": 1000, ""n_47"": 991, ""n_48"": 997, ""n_49"": 994, ""n_5"": 998, ""n_50"": 75363, ""n_6"": 1006, ""n_7"": 1003, ""n_8"": 1000, ""n_9"": 1003}",1003,1001,1004,1000,998,1006,1003,1000,1003,1001,1000,1000,1003,1003,999,1000,1004,999,1008,1001,1004,1001,997,998,1000,1002,995,996,1005,998,1000,993,999,1001,1003,994,997,1005,997,999,991,990,1003,995,998,1000,991,997,994,75363
TS direct,4,50,ok,200000,88904,111096,88654,52354,36300,740.816326531,29009.1708178,3.05606804679,0.30035000004,"{""n_1"": 743, ""n_10"": 742, ""n_11"": 741, ""n_12"": 741, ""n_13"": 743, ""n_14"": 743, ""n_15"": 740, ""n_16"": 741, ""n_17"": 745, ""n_18"": 740, ""n_19"": 748, ""n_2"": 742, ""n_20"": 742, ""n_21"": 745, ""n_22"": 742, ""n_23"": 738, ""n_24"": 740, ""n_25"": 741, ""n_26"": 743, ""n_27"": 737, ""n_28"": 738, ""n_29"": 746, ""n_3"": 745, ""n_30"": 740, ""n_31"": 741, ""n_32"": 735, ""n_33"": 740, ""n_34"": 742, ""n_35"": 744, ""n_36"": 736, ""n_37"": 739, ""n_38"": 746, ""n_39"": 739, ""n_4"": 741, ""n_40"": 740, ""n_41"": 734, ""n_42"": 732, ""n_43"": 743, ""n_44"": 737, ""n_45"": 740, ""n_46"": 741, ""n_47"": 734, ""n_48"": 739, ""n_49"": 736, ""n_5"": 740, ""n_50"": 52354, ""n_6"": 746, ""n_7"": 744, ""n_8"": 741, ""n_9"": 744}",743,742,745,741,740,746,744,741,744,742,741,741,743,743,740,741,745,740,748,742,745,742,738,740,741,743,737,738,746,740,741,735,740,742,744,736,739,746,739,740,734,732,743,737,740,741,734,739,736,52354
UCB appendix,5,5,ok,200000,30686,169314,30661,18809,11852,2963,13464.864334,2.27711169154,0.0859596895124,"{""n_1"": 2965, ""n_2"": 2965, ""n_3"": 2963, ""n_4"": 2959, ""n_5"": 18809}",2965,2965,2963,2959,18809,,,,,,,,,,,,,,,,,,,,,,,,,,,,,,,,,,,,,,,,,,,,,
UCB direct,5,5,ok,200000,27912,172088,27887,17095,10792,2698,13464.864334,2.07109401983,0.102405785513,"{""n_1"": 2700, ""n_2"": 2700, ""n_3"": 2698, ""n_4"": 2694, ""n_5"": 17095}",2700,2700,2698,2694,17095,,,,,,,,,,,,,,,,,,,,,,,,,,,,,,,,,,,,,,,,,,,,,
TS appendix,5,5,ok,200000,48586,151414,48561,32121,16440,4110,13464.864334,3.60649753279,0.12224433999,"{""n_1"": 4112, ""n_2"": 4112, ""n_3"": 4110, ""n_4"": 4106, ""n_5"": 32121}",4112,4112,4110,4106,32121,,,,,,,,,,,,,,,,,,,,,,,,,,,,,,,,,,,,,,,,,,,,,
TS direct,5,5,ok,200000,42021,157979,41996,27702,14294,3573.5,13464.864334,3.11893227872,0.131150000074,"{""n_1"": 3575, ""n_2"": 3575, ""n_3"": 3574, ""n_4"": 3570, ""n_5"": 27702}",3575,3575,3574,3570,27702,,,,,,,,,,,,,,,,,,,,,,,,,,,,,,,,,,,,,,,,,,,,,
UCB appendix,5,10,ok,200000,41933,158067,41883,25671,16212,1801.33333333,16964.6660084,2.46883728682,0.113753281336,"{""n_1"": 1816, ""n_10"": 25671, ""n_2"": 1792, ""n_3"": 1802, ""n_4"": 1799, ""n_5"": 1804, ""n_6"": 1815, ""n_7"": 1794, ""n_8"": 1795, ""n_9"": 1795}",1816,1792,1802,1799,1804,1815,1794,1795,1795,25671,,,,,,,,,,,,,,,,,,,,,,,,,,,,,,,,,,,,,,,,
UCB direct,5,10,ok,200000,36911,163089,36861,22365,14496,1610.66666667,16964.6660084,2.17281023875,0.132761141612,"{""n_1"": 1625, ""n_10"": 22365, ""n_2"": 1602, ""n_3"": 1612, ""n_4"": 1608, ""n_5"": 1613, ""n_6"": 1623, ""n_7"": 1603, ""n_8"": 1605, ""n_9"": 1605}",1625,1602,1612,1608,1613,1623,1603,1605,1605,22365,,,,,,,,,,,,,,,,,,,,,,,,,,,,,,,,,,,,,,,,
TS appendix,5,10,ok,200000,64855,135145,64805,41864,22941,2549,16964.6660084,3.81999857633,0.157102591352,"{""n_1"": 2561, ""n_10"": 41864, ""n_2"": 2541, ""n_3"": 2550, ""n_4"": 2547, ""n_5"": 2551, ""n_6"": 2560, ""n_7"": 2543, ""n_8"": 2544, ""n_9"": 2544}",2561,2541,2550,2547,2551,2560,2543,2544,2544,41864,,,,,,,,,,,,,,,,,,,,,,,,,,,,,,,,,,,,,,,,
TS direct,5,10,ok,200000,53649,146351,53599,34550,19049,2116.55555556,16964.6660084,3.15944917356,0.172500000066,"{""n_1"": 2127, ""n_10"": 34550, ""n_2"": 2110, ""n_3"": 2117, ""n_4"": 2115, ""n_5"": 2119, ""n_6"": 2126, ""n_7"": 2111, ""n_8"": 2112, ""n_9"": 2112}",2127,2110,2117,2115,2119,2126,2111,2112,2112,34550,,,,,,,,,,,,,,,,,,,,,,,,,,,,,,,,,,,,,,,,
UCB appendix,5,15,ok,200000,49862,150138,49787,30383,19404,1386,19419.6948,2.56373751044,0.131877185904,"{""n_1"": 1388, ""n_10"": 1391, ""n_11"": 1382, ""n_12"": 1385, ""n_13"": 1381, ""n_14"": 1385, ""n_15"": 30383, ""n_2"": 1390, ""n_3"": 1381, ""n_4"": 1388, ""n_5"": 1385, ""n_6"": 1385, ""n_7"": 1385, ""n_8"": 1385, ""n_9"": 1393}",1388,1390,1381,1388,1385,1385,1385,1385,1393,1391,1382,1385,1381,1385,30383,,,,,,,,,,,,,,,,,,,,,,,,,,,,,,,,,,,
UCB direct,5,15,ok,200000,42917,157083,42842,26000,16842,1203,19419.6948,2.2061108808,0.15425298217,"{""n_1"": 1205, ""n_10"": 1208, ""n_11"": 1200, ""n_12"": 1202, ""n_13"": 1198, ""n_14"": 1202, ""n_15"": 26000, ""n_2"": 1207, ""n_3"": 1198, ""n_4"": 1205, ""n_5"": 1202, ""n_6"": 1202, ""n_7"": 1202, ""n_8"": 1202, ""n_9"": 1209}",1205,1207,1198,1205,1202,1202,1202,1202,1209,1208,1200,1202,1198,1202,26000,,,,,,,,,,,,,,,,,,,,,,,,,,,,,,,,,,,
TS appendix,5,15,ok,200000,76441,123559,76366,48607,27759,1982.78571429,19419.6948,3.93239959673,0.179647361726,"{""n_1"": 1985, ""n_10"": 1987, ""n_11"": 1980, ""n_12"": 1982, ""n_13"": 1978, ""n_14"": 1982, ""n_15"": 48607, ""n_2"": 1986, ""n_3"": 1978, ""n_4"": 1985, ""n_5"": 1982, ""n_6"": 1982, ""n_7"": 1982, ""n_8"": 1982, ""n_9"": 1988}",1985,1986,1978,1985,1982,1982,1982,1982,1988,1987,1980,1982,1978,1982,48607,,,,,,,,,,,,,,,,,,,,,,,,,,,,,,,,,,,
TS direct,5,15,ok,200000,61339,138661,61264,38587,22677,1619.78571429,19419.6948,3.15473546989,0.19890000006,"{""n_1"": 1621, ""n_10"": 1624, ""n_11"": 1617, ""n_12"": 1619, ""n_13"": 1616, ""n_14"": 1619, ""n_15"": 38587, ""n_2"": 1623, ""n_3"": 1616, ""n_4"": 1621, ""n_5"": 1619, ""n_6"": 1619, ""n_7"": 1619, ""n_8"": 1619, ""n_9"": 1625}",1621,1623,1616,1621,1619,1619,1619,1619,1625,1624,1617,1619,1616,1619,38587,,,,,,,,,,,,,,,,,,,,,,,,,,,,,,,,,,,
UCB appendix,5,20,ok,200000,56172,143828,56072,34098,21974,1156.52631579,21374.1398084,2.62335703343,0.145655812129,"{""n_1"": 1147, ""n_10"": 1160, ""n_11"": 1158, ""n_12"": 1160, ""n_13"": 1158, ""n_14"": 1140, ""n_15"": 1150, ""n_16"": 1156, ""n_17"": 1157, ""n_18"": 1145, ""n_19"": 1154, ""n_2"": 1161, ""n_20"": 34098, ""n_3"": 1160, ""n_4"": 1158, ""n_5"": 1165, ""n_6"": 1164, ""n_7"": 1163, ""n_8"": 1158, ""n_9"": 1160}",1147,1161,1160,1158,1165,1164,1163,1158,1160,1160,1158,1160,1158,1140,1150,1156,1157,1145,1154,34098,,,,,,,,,,,,,,,,,,,,,,,,,,,,,,
UCB direct,5,20,ok,200000,47514,152486,47414,28598,18816,990.315789474,21374.1398084,2.21828810071,0.1702372624,"{""n_1"": 982, ""n_10"": 993, ""n_11"": 992, ""n_12"": 993, ""n_13"": 992, ""n_14"": 976, ""n_15"": 984, ""n_16"": 990, ""n_17"": 991, ""n_18"": 979, ""n_19"": 988, ""n_2"": 995, ""n_20"": 28598, ""n_3"": 993, ""n_4"": 992, ""n_5"": 998, ""n_6"": 997, ""n_7"": 996, ""n_8"": 992, ""n_9"": 993}",982,995,993,992,998,997,996,992,993,993,992,993,992,976,984,990,991,979,988,28598,,,,,,,,,,,,,,,,,,,,,,,,,,,,,,
TS appendix,5,20,ok,200000,85808,114192,85708,53973,31735,1670.26315789,21374.1398084,4.00989236377,0.1967408615,"{""n_1"": 1663, ""n_10"": 1673, ""n_11"": 1672, ""n_12"": 1673, ""n_13"": 1672, ""n_14"": 1657, ""n_15"": 1665, ""n_16"": 1669, ""n_17"": 1671, ""n_18"": 1660, ""n_19"": 1668, ""n_2"": 1674, ""n_20"": 53973, ""n_3"": 1673, ""n_4"": 1672, ""n_5"": 1677, ""n_6"": 1676, ""n_7"": 1675, ""n_8"": 1672, ""n_9"": 1673}",1663,1674,1673,1672,1677,1676,1675,1672,1673,1673,1672,1673,1672,1657,1665,1669,1671,1660,1668,53973,,,,,,,,,,,,,,,,,,,,,,,,,,,,,,
TS direct,5,20,ok,200000,67221,132779,67121,41743,25378,1335.68421053,21374.1398084,3.14029011701,0.220150000056,"{""n_1"": 1329, ""n_10"": 1338, ""n_11"": 1337, ""n_12"": 1338, ""n_13"": 1337, ""n_14"": 1324, ""n_15"": 1331, ""n_16"": 1335, ""n_17"": 1336, ""n_18"": 1327, ""n_19"": 1334, ""n_2"": 1339, ""n_20"": 41743, ""n_3"": 1338, ""n_4"": 1337, ""n_5"": 1342, ""n_6"": 1341, ""n_7"": 1340, ""n_8"": 1337, ""n_9"": 1338}",1329,1339,1338,1337,1342,1341,1340,1337,1338,1338,1337,1338,1337,1324,1331,1335,1336,1327,1334,41743,,,,,,,,,,,,,,,,,,,,,,,,,,,,,,
UCB appendix,5,30,ok,200000,66354,133646,66204,39993,26211,903.827586207,24467.282261,2.70581747877,0.166639899749,"{""n_1"": 911, ""n_10"": 904, ""n_11"": 885, ""n_12"": 909, ""n_13"": 904, ""n_14"": 900, ""n_15"": 910, ""n_16"": 905, ""n_17"": 898, ""n_18"": 910, ""n_19"": 899, ""n_2"": 914, ""n_20"": 909, ""n_21"": 907, ""n_22"": 902, ""n_23"": 900, ""n_24"": 904, ""n_25"": 904, ""n_26"": 902, ""n_27"": 902, ""n_28"": 896, ""n_29"": 898, ""n_3"": 909, ""n_30"": 39993, ""n_4"": 908, ""n_5"": 907, ""n_6"": 900, ""n_7"": 897, ""n_8"": 909, ""n_9"": 908}",911,914,909,908,907,900,897,909,908,904,885,909,904,900,910,905,898,910,899,909,907,902,900,904,904,902,902,896,898,39993,,,,,,,,,,,,,,,,,,,,
UCB direct,5,30,ok,200000,54604,145396,54454,32628,21826,752.620689655,24467.282261,2.22558433009,0.19569252278,"{""n_1"": 760, ""n_10"": 753, ""n_11"": 735, ""n_12"": 757, ""n_13"": 753, ""n_14"": 750, ""n_15"": 758, ""n_16"": 754, ""n_17"": 747, ""n_18"": 758, ""n_19"": 749, ""n_2"": 762, ""n_20"": 757, ""n_21"": 755, ""n_22"": 751, ""n_23"": 750, ""n_24"": 753, ""n_25"": 753, ""n_26"": 751, ""n_27"": 751, ""n_28"": 745, ""n_29"": 747, ""n_3"": 757, ""n_30"": 32628, ""n_4"": 756, ""n_5"": 755, ""n_6"": 750, ""n_7"": 746, ""n_8"": 757, ""n_9"": 756}",760,762,757,756,755,750,746,757,756,753,735,757,753,750,758,754,747,758,749,757,755,751,750,753,753,751,751,745,747,32628,,,,,,,,,,,,,,,,,,,,
TS appendix,5,30,ok,200000,101083,98917,100933,62544,38389,1323.75862069,24467.282261,4.12522318266,0.222608003897,"{""n_1"": 1330, ""n_10"": 1324, ""n_11"": 1308, ""n_12"": 1328, ""n_13"": 1324, ""n_14"": 1321, ""n_15"": 1329, ""n_16"": 1325, ""n_17"": 1319, ""n_18"": 1329, ""n_19"": 1320, ""n_2"": 1332, ""n_20"": 1328, ""n_21"": 1326, ""n_22"": 1322, ""n_23"": 1321, ""n_24"": 1324, ""n_25"": 1324, ""n_26"": 1322, ""n_27"": 1322, ""n_28"": 1317, ""n_29"": 1319, ""n_3"": 1328, ""n_30"": 62544, ""n_4"": 1327, ""n_5"": 1326, ""n_6"": 1321, ""n_7"": 1318, ""n_8"": 1328, ""n_9"": 1327}",1330,1332,1328,1327,1326,1321,1318,1328,1327,1324,1308,1328,1324,1321,1329,1325,1319,1329,1320,1328,1326,1322,1321,1324,1324,1322,1322,1317,1319,62544,,,,,,,,,,,,,,,,,,,,
TS direct,5,30,ok,200000,76249,123751,76099,46389,29710,1024.48275862,24467.282261,3.11023509633,0.253250000049,"{""n_1"": 1030, ""n_10"": 1025, ""n_11"": 1011, ""n_12"": 1028, ""n_13"": 1025, ""n_14"": 1022, ""n_15"": 1029, ""n_16"": 1026, ""n_17"": 1020, ""n_18"": 1029, ""n_19"": 1021, ""n_2"": 1032, ""n_20"": 1028, ""n_21"": 1026, ""n_22"": 1023, ""n_23"": 1022, ""n_24"": 1025, ""n_25"": 1025, ""n_26"": 1023, ""n_27"": 1023, ""n_28"": 1019, ""n_29"": 1020, ""n_3"": 1028, ""n_30"": 46389, ""n_4"": 1027, ""n_5"": 1026, ""n_6"": 1022, ""n_7"": 1020, ""n_8"": 1028, ""n_9"": 1027}",1030,1032,1028,1027,1026,1022,1020,1028,1027,1025,1011,1028,1025,1022,1029,1026,1020,1029,1021,1028,1026,1023,1022,1025,1025,1023,1023,1019,1020,46389,,,,,,,,,,,,,,,,,,,,
UCB appendix,5,40,ok,200000,74594,125406,74394,44699,29695,761.41025641,26929.728668,2.76252319201,0.18266899362,"{""n_1"": 768, ""n_10"": 762, ""n_11"": 769, ""n_12"": 763, ""n_13"": 762, ""n_14"": 762, ""n_15"": 753, ""n_16"": 768, ""n_17"": 762, ""n_18"": 759, ""n_19"": 768, ""n_2"": 769, ""n_20"": 758, ""n_21"": 762, ""n_22"": 764, ""n_23"": 758, ""n_24"": 758, ""n_25"": 761, ""n_26"": 761, ""n_27"": 764, ""n_28"": 756, ""n_29"": 769, ""n_3"": 759, ""n_30"": 752, ""n_31"": 764, ""n_32"": 756, ""n_33"": 762, ""n_34"": 757, ""n_35"": 764, ""n_36"": 761, ""n_37"": 759, ""n_38"": 755, ""n_39"": 754, ""n_4"": 758, ""n_40"": 44699, ""n_5"": 766, ""n_6"": 755, ""n_7"": 763, ""n_8"": 768, ""n_9"": 766}",768,769,759,758,766,755,763,768,766,762,769,763,762,762,753,768,762,759,768,758,762,764,758,758,761,761,764,756,769,752,764,756,762,757,764,761,759,755,754,44699,,,,,,,,,,
UCB direct,5,40,ok,200000,60054,139946,59854,35604,24250,621.794871795,26929.728668,2.22259944531,0.215315739971,"{""n_1"": 628, ""n_10"": 622, ""n_11"": 629, ""n_12"": 623, ""n_13"": 622, ""n_14"": 622, ""n_15"": 614, ""n_16"": 628, ""n_17"": 622, ""n_18"": 620, ""n_19"": 628, ""n_2"": 629, ""n_20"": 619, ""n_21"": 622, ""n_22"": 624, ""n_23"": 619, ""n_24"": 619, ""n_25"": 621, ""n_26"": 621, ""n_27"": 624, ""n_28"": 617, ""n_29"": 629, ""n_3"": 620, ""n_30"": 613, ""n_31"": 624, ""n_32"": 617, ""n_33"": 622, ""n_34"": 618, ""n_35"": 624, ""n_36"": 621, ""n_37"": 620, ""n_38"": 616, ""n_39"": 615, ""n_4"": 619, ""n_40"": 35604, ""n_5"": 626, ""n_6"": 616, ""n_7"": 623, ""n_8"": 628, ""n_9"": 626}",628,629,620,619,626,616,623,628,626,622,629,623,622,622,614,628,622,620,628,619,622,624,619,619,621,621,624,617,629,613,624,617,622,618,624,621,620,616,615,35604,,,,,,,,,,
TS appendix,5,40,ok,200000,113624,86376,113424,69447,43977,1127.61538462,26929.728668,4.21185082844,0.242256305514,"{""n_1"": 1133, ""n_10"": 1128, ""n_11"": 1134, ""n_12"": 1129, ""n_13"": 1128, ""n_14"": 1128, ""n_15"": 1121, ""n_16"": 1133, ""n_17"": 1128, ""n_18"": 1126, ""n_19"": 1133, ""n_2"": 1134, ""n_20"": 1125, ""n_21"": 1128, ""n_22"": 1130, ""n_23"": 1125, ""n_24"": 1125, ""n_25"": 1127, ""n_26"": 1127, ""n_27"": 1130, ""n_28"": 1123, ""n_29"": 1134, ""n_3"": 1126, ""n_30"": 1120, ""n_31"": 1130, ""n_32"": 1123, ""n_33"": 1128, ""n_34"": 1124, ""n_35"": 1130, ""n_36"": 1127, ""n_37"": 1126, ""n_38"": 1122, ""n_39"": 1121, ""n_4"": 1125, ""n_40"": 69447, ""n_5"": 1131, ""n_6"": 1122, ""n_7"": 1129, ""n_8"": 1133, ""n_9"": 1131}",1133,1134,1126,1125,1131,1122,1129,1133,1131,1128,1134,1129,1128,1128,1121,1133,1128,1126,1133,1125,1128,1130,1125,1125,1127,1127,1130,1123,1134,1120,1130,1123,1128,1124,1130,1127,1126,1122,1121,69447,,,,,,,,,,
TS direct,5,40,ok,200000,83175,116825,82975,49688,33287,853.512820513,26929.728668,3.0811673234,0.278700000044,"{""n_1"": 858, ""n_10"": 854, ""n_11"": 859, ""n_12"": 855, ""n_13"": 854, ""n_14"": 854, ""n_15"": 847, ""n_16"": 858, ""n_17"": 854, ""n_18"": 852, ""n_19"": 858, ""n_2"": 859, ""n_20"": 851, ""n_21"": 854, ""n_22"": 855, ""n_23"": 851, ""n_24"": 851, ""n_25"": 853, ""n_26"": 853, ""n_27"": 855, ""n_28"": 850, ""n_29"": 859, ""n_3"": 852, ""n_30"": 847, ""n_31"": 855, ""n_32"": 850, ""n_33"": 854, ""n_34"": 851, ""n_35"": 855, ""n_36"": 853, ""n_37"": 852, ""n_38"": 849, ""n_39"": 848, ""n_4"": 851, ""n_40"": 49688, ""n_5"": 857, ""n_6"": 849, ""n_7"": 855, ""n_8"": 858, ""n_9"": 857}",858,859,852,851,857,849,855,858,857,854,859,855,854,854,847,858,854,852,858,851,854,855,851,851,853,853,855,850,859,847,855,850,854,851,855,853,852,849,848,49688,,,,,,,,,,
UCB appendix,5,50,ok,200000,81833,118167,81583,48743,32840,670.204081633,29009.1708178,2.81231754304,0.195955136513,"{""n_1"": 679, ""n_10"": 670, ""n_11"": 670, ""n_12"": 671, ""n_13"": 676, ""n_14"": 665, ""n_15"": 673, ""n_16"": 674, ""n_17"": 672, ""n_18"": 665, ""n_19"": 680, ""n_2"": 679, ""n_20"": 663, ""n_21"": 668, ""n_22"": 674, ""n_23"": 674, ""n_24"": 664, ""n_25"": 673, ""n_26"": 673, ""n_27"": 663, ""n_28"": 674, ""n_29"": 665, ""n_3"": 674, ""n_30"": 672, ""n_31"": 671, ""n_32"": 669, ""n_33"": 657, ""n_34"": 665, ""n_35"": 674, ""n_36"": 665, ""n_37"": 676, ""n_38"": 673, ""n_39"": 670, ""n_4"": 672, ""n_40"": 668, ""n_41"": 676, ""n_42"": 671, ""n_43"": 673, ""n_44"": 657, ""n_45"": 674, ""n_46"": 662, ""n_47"": 660, ""n_48"": 666, ""n_49"": 665, ""n_5"": 670, ""n_50"": 48743, ""n_6"": 675, ""n_7"": 675, ""n_8"": 670, ""n_9"": 675}",679,679,674,672,670,675,675,670,675,670,670,671,676,665,673,674,672,665,680,663,668,674,674,664,673,673,663,674,665,672,671,669,657,665,674,665,676,673,670,668,676,671,673,657,674,662,660,666,665,48743
UCB direct,5,50,ok,200000,64687,135313,64437,37904,26533,541.489795918,29009.1708178,2.2212630759,0.231404843707,"{""n_1"": 549, ""n_10"": 541, ""n_11"": 541, ""n_12"": 542, ""n_13"": 547, ""n_14"": 537, ""n_15"": 544, ""n_16"": 545, ""n_17"": 543, ""n_18"": 537, ""n_19"": 550, ""n_2"": 549, ""n_20"": 535, ""n_21"": 540, ""n_22"": 545, ""n_23"": 545, ""n_24"": 536, ""n_25"": 544, ""n_26"": 544, ""n_27"": 535, ""n_28"": 545, ""n_29"": 537, ""n_3"": 545, ""n_30"": 543, ""n_31"": 542, ""n_32"": 541, ""n_33"": 529, ""n_34"": 537, ""n_35"": 545, ""n_36"": 537, ""n_37"": 547, ""n_38"": 544, ""n_39"": 541, ""n_4"": 543, ""n_40"": 540, ""n_41"": 547, ""n_42"": 542, ""n_43"": 544, ""n_44"": 529, ""n_45"": 545, ""n_46"": 534, ""n_47"": 532, ""n_48"": 538, ""n_49"": 537, ""n_5"": 541, ""n_50"": 37904, ""n_6"": 546, ""n_7"": 546, ""n_8"": 541, ""n_9"": 546}",549,549,545,543,541,546,546,541,546,541,541,542,547,537,544,545,543,537,550,535,540,545,545,536,544,544,535,545,537,543,542,541,529,537,545,537,547,544,541,540,547,542,544,529,545,534,532,538,537,37904
TS appendix,5,50,ok,200000,124658,75342,124408,75381,49027,1000.55102041,29009.1708178,4.28857483661,0.258365349823,"{""n_1"": 1007, ""n_10"": 1000, ""n_11"": 1000, ""n_12"": 1001, ""n_13"": 1006, ""n_14"": 996, ""n_15"": 1003, ""n_16"": 1004, ""n_17"": 1002, ""n_18"": 996, ""n_19"": 1008, ""n_2"": 1007, ""n_20"": 995, ""n_21"": 999, ""n_22"": 1004, ""n_23"": 1004, ""n_24"": 995, ""n_25"": 1003, ""n_26"": 1003, ""n_27"": 995, ""n_28"": 1004, ""n_29"": 996, ""n_3"": 1004, ""n_30"": 1002, ""n_31"": 1001, ""n_32"": 1000, ""n_33"": 989, ""n_34"": 996, ""n_35"": 1004, ""n_36"": 996, ""n_37"": 1006, ""n_38"": 1003, ""n_39"": 1000, ""n_4"": 1002, ""n_40"": 999, ""n_41"": 1006, ""n_42"": 1001, ""n_43"": 1003, ""n_44"": 989, ""n_45"": 1004, ""n_46"": 994, ""n_47"": 992, ""n_48"": 997, ""n_49"": 996, ""n_5"": 1000, ""n_50"": 75381, ""n_6"": 1005, ""n_7"": 1005, ""n_8"": 1000, ""n_9"": 1005}",1007,1007,1004,1002,1000,1005,1005,1000,1005,1000,1000,1001,1006,996,1003,1004,1002,996,1008,995,999,1004,1004,995,1003,1003,995,1004,996,1002,1001,1000,989,996,1004,996,1006,1003,1000,999,1006,1001,1003,989,1004,994,992,997,996,75381
TS direct,5,50,ok,200000,88943,111057,88693,52408,36285,740.510204082,29009.1708178,3.05741244923,0.30065000004,"{""n_1"": 746, ""n_10"": 740, ""n_11"": 740, ""n_12"": 741, ""n_13"": 745, ""n_14"": 737, ""n_15"": 743, ""n_16"": 743, ""n_17"": 742, ""n_18"": 737, ""n_19"": 747, ""n_2"": 746, ""n_20"": 735, ""n_21"": 739, ""n_22"": 743, ""n_23"": 743, ""n_24"": 736, ""n_25"": 743, ""n_26"": 743, ""n_27"": 735, ""n_28"": 743, ""n_29"": 737, ""n_3"": 743, ""n_30"": 742, ""n_31"": 741, ""n_32"": 740, ""n_33"": 731, ""n_34"": 737, ""n_35"": 743, ""n_36"": 737, ""n_37"": 745, ""n_38"": 743, ""n_39"": 740, ""n_4"": 742, ""n_40"": 739, ""n_41"": 745, ""n_42"": 741, ""n_43"": 743, ""n_44"": 731, ""n_45"": 743, ""n_46"": 735, ""n_47"": 733, ""n_48"": 738, ""n_49"": 737, ""n_5"": 740, ""n_50"": 52408, ""n_6"": 744, ""n_7"": 744, ""n_8"": 740, ""n_9"": 744}",746,746,743,742,740,744,744,740,744,740,740,741,745,737,743,743,742,737,747,735,739,743,743,736,743,743,735,743,737,742,741,740,731,737,743,737,745,743,740,739,745,741,743,731,743,735,733,738,737,52408
UCB appendix,6,5,ok,200000,30680,169320,30655,18807,11848,2962,13464.864334,2.27666608735,0.0859507767054,"{""n_1"": 2977, ""n_2"": 2955, ""n_3"": 2948, ""n_4"": 2968, ""n_5"": 18807}",2977,2955,2948,2968,18807,,,,,,,,,,,,,,,,,,,,,,,,,,,,,,,,,,,,,,,,,,,,,
UCB direct,6,5,ok,200000,27907,172093,27882,17095,10787,2696.75,13464.864334,2.070722683,0.102405785513,"{""n_1"": 2711, ""n_2"": 2690, ""n_3"": 2683, ""n_4"": 2703, ""n_5"": 17095}",2711,2690,2683,2703,17095,,,,,,,,,,,,,,,,,,,,,,,,,,,,,,,,,,,,,,,,,,,,,
TS appendix,6,5,ok,200000,48580,151420,48555,32119,16436,4109,13464.864334,3.6060519286,0.122238096327,"{""n_1"": 4121, ""n_2"": 4103, ""n_3"": 4098, ""n_4"": 4114, ""n_5"": 32119}",4121,4103,4098,4114,32119,,,,,,,,,,,,,,,,,,,,,,,,,,,,,,,,,,,,,,,,,,,,,
TS direct,6,5,ok,200000,42017,157983,41992,27638,14354,3588.5,13464.864334,3.11863520926,0.130850000074,"{""n_1"": 3600, ""n_2"": 3583, ""n_3"": 3578, ""n_4"": 3593, ""n_5"": 27638}",3600,3583,3578,3593,27638,,,,,,,,,,,,,,,,,,,,,,,,,,,,,,,,,,,,,,,,,,,,,
UCB appendix,6,10,ok,200000,41942,158058,41892,25673,16219,1802.11111111,16964.6660084,2.46936780124,0.113761784203,"{""n_1"": 1797, ""n_10"": 25673, ""n_2"": 1799, ""n_3"": 1818, ""n_4"": 1816, ""n_5"": 1813, ""n_6"": 1785, ""n_7"": 1809, ""n_8"": 1787, ""n_9"": 1795}",1797,1799,1818,1816,1813,1785,1809,1787,1795,25673,,,,,,,,,,,,,,,,,,,,,,,,,,,,,,,,,,,,,,,,
UCB direct,6,10,ok,200000,36917,163083,36867,22364,14503,1611.44444444,16964.6660084,2.17316391503,0.132761141612,"{""n_1"": 1607, ""n_10"": 22364, ""n_2"": 1608, ""n_3"": 1626, ""n_4"": 1625, ""n_5"": 1622, ""n_6"": 1595, ""n_7"": 1618, ""n_8"": 1597, ""n_9"": 1605}",1607,1608,1626,1625,1622,1595,1618,1597,1605,22364,,,,,,,,,,,,,,,,,,,,,,,,,,,,,,,,,,,,,,,,
TS appendix,6,10,ok,200000,64861,135139,64811,41866,22945,2549.44444444,16964.6660084,3.82035225261,0.157108389115,"{""n_1"": 2545, ""n_10"": 41866, ""n_2"": 2547, ""n_3"": 2562, ""n_4"": 2561, ""n_5"": 2558, ""n_6"": 2536, ""n_7"": 2555, ""n_8"": 2537, ""n_9"": 2544}",2545,2547,2562,2561,2558,2536,2555,2537,2544,41866,,,,,,,,,,,,,,,,,,,,,,,,,,,,,,,,,,,,,,,,
TS direct,6,10,ok,200000,53652,146348,53602,34417,19185,2131.66666667,16964.6660084,3.1596260117,0.171900000066,"{""n_1"": 2128, ""n_10"": 34417, ""n_2"": 2129, ""n_3"": 2143, ""n_4"": 2142, ""n_5"": 2140, ""n_6"": 2119, ""n_7"": 2137, ""n_8"": 2120, ""n_9"": 2127}",2128,2129,2143,2142,2140,2119,2137,2120,2127,34417,,,,,,,,,,,,,,,,,,,,,,,,,,,,,,,,,,,,,,,,
UCB appendix,6,15,ok,200000,49827,150173,49752,30372,19380,1384.28571429,19419.6948,2.56193521641,0.131838452901,"{""n_1"": 1389, ""n_10"": 1395, ""n_11"": 1374, ""n_12"": 1384, ""n_13"": 1384, ""n_14"": 1371, ""n_15"": 30372, ""n_2"": 1389, ""n_3"": 1383, ""n_4"": 1389, ""n_5"": 1377, ""n_6"": 1390, ""n_7"": 1384, ""n_8"": 1378, ""n_9"": 1393}",1389,1389,1383,1389,1377,1390,1384,1378,1393,1395,1374,1384,1384,1371,30372,,,,,,,,,,,,,,,,,,,,,,,,,,,,,,,,,,,
UCB direct,6,15,ok,200000,42892,157108,42817,25849,16968,1212,19419.6948,2.20482352792,0.153530673721,"{""n_1"": 1216, ""n_10"": 1222, ""n_11"": 1202, ""n_12"": 1212, ""n_13"": 1212, ""n_14"": 1199, ""n_15"": 25849, ""n_2"": 1216, ""n_3"": 1211, ""n_4"": 1216, ""n_5"": 1205, ""n_6"": 1218, ""n_7"": 1212, ""n_8"": 1206, ""n_9"": 1221}",1216,1216,1211,1216,1205,1218,1212,1206,1221,1222,1202,1212,1212,1199,25849,,,,,,,,,,,,,,,,,,,,,,,,,,,,,,,,,,,
TS appendix,6,15,ok,200000,76413,123587,76338,48600,27738,1981.28571429,19419.6948,3.9309577615,0.179621434709,"{""n_1"": 1985, ""n_10"": 1990, ""n_11"": 1973, ""n_12"": 1981, ""n_13"": 1981, ""n_14"": 1970, ""n_15"": 48600, ""n_2"": 1985, ""n_3"": 1980, ""n_4"": 1985, ""n_5"": 1975, ""n_6"": 1986, ""n_7"": 1981, ""n_8"": 1977, ""n_9"": 1989}",1985,1985,1980,1985,1975,1986,1981,1977,1989,1990,1973,1981,1981,1970,48600,,,,,,,,,,,,,,,,,,,,,,,,,,,,,,,,,,,
TS direct,6,15,ok,200000,61320,138680,61245,38592,22653,1618.07142857,19419.6948,3.15375708171,0.19890000006,"{""n_1"": 1621, ""n_10"": 1626, ""n_11"": 1610, ""n_12"": 1618, ""n_13"": 1618, ""n_14"": 1608, ""n_15"": 38592, ""n_2"": 1621, ""n_3"": 1617, ""n_4"": 1621, ""n_5"": 1613, ""n_6"": 1623, ""n_7"": 1618, ""n_8"": 1614, ""n_9"": 1625}",1621,1621,1617,1621,1613,1623,1618,1614,1625,1626,1610,1618,1618,1608,38592,,,,,,,,,,,,,,,,,,,,,,,,,,,,,,,,,,,
UCB appendix,6,20,ok,200000,56170,143830,56070,34097,21973,1156.47368421,21374.1398084,2.62326346242,0.145652744612,"{""n_1"": 1165, ""n_10"": 1157, ""n_11"": 1164, ""n_12"": 1153, ""n_13"": 1158, ""n_14"": 1152, ""n_15"": 1153, ""n_16"": 1153, ""n_17"": 1156, ""n_18"": 1152, ""n_19"": 1158, ""n_2"": 1164, ""n_20"": 34097, ""n_3"": 1158, ""n_4"": 1164, ""n_5"": 1147, ""n_6"": 1163, ""n_7"": 1153, ""n_8"": 1147, ""n_9"": 1156}",1165,1164,1158,1164,1147,1163,1153,1147,1156,1157,1164,1153,1158,1152,1153,1153,1156,1152,1158,34097,,,,,,,,,,,,,,,,,,,,,,,,,,,,,,
UCB direct,6,20,ok,200000,47511,152489,47411,28632,18779,988.368421053,21374.1398084,2.21814774419,0.170389668186,"{""n_1"": 997, ""n_10"": 989, ""n_11"": 995, ""n_12"": 985, ""n_13"": 990, ""n_14"": 984, ""n_15"": 985, ""n_16"": 985, ""n_17"": 988, ""n_18"": 984, ""n_19"": 990, ""n_2"": 995, ""n_20"": 28632, ""n_3"": 990, ""n_4"": 995, ""n_5"": 980, ""n_6"": 994, ""n_7"": 985, ""n_8"": 980, ""n_9"": 988}",997,995,990,995,980,994,985,980,988,989,995,985,990,984,985,985,988,984,990,28632,,,,,,,,,,,,,,,,,,,,,,,,,,,,,,
TS appendix,6,20,ok,200000,85804,114196,85704,53973,31731,1670.05263158,21374.1398084,4.00970522174,0.196738829199,"{""n_1"": 1677, ""n_10"": 1671, ""n_11"": 1676, ""n_12"": 1667, ""n_13"": 1672, ""n_14"": 1666, ""n_15"": 1667, ""n_16"": 1667, ""n_17"": 1669, ""n_18"": 1666, ""n_19"": 1672, ""n_2"": 1676, ""n_20"": 53973, ""n_3"": 1672, ""n_4"": 1676, ""n_5"": 1663, ""n_6"": 1675, ""n_7"": 1667, ""n_8"": 1663, ""n_9"": 1669}",1677,1676,1672,1676,1663,1675,1667,1663,1669,1671,1676,1667,1672,1666,1667,1667,1669,1666,1672,53973,,,,,,,,,,,,,,,,,,,,,,,,,,,,,,
TS direct,6,20,ok,200000,67219,132781,67119,41800,25319,1332.57894737,21374.1398084,3.14019654599,0.220400000056,"{""n_1"": 1339, ""n_10"": 1333, ""n_11"": 1338, ""n_12"": 1330, ""n_13"": 1334, ""n_14"": 1329, ""n_15"": 1330, ""n_16"": 1330, ""n_17"": 1332, ""n_18"": 1329, ""n_19"": 1334, ""n_2"": 1338, ""n_20"": 41800, ""n_3"": 1334, ""n_4"": 1338, ""n_5"": 1326, ""n_6"": 1337, ""n_7"": 1330, ""n_8"": 1326, ""n_9"": 1332}",1339,1338,1334,1338,1326,1337,1330,1326,1332,1333,1338,1330,1334,1329,1330,1330,1332,1329,1334,41800,,,,,,,,,,,,,,,,,,,,,,,,,,,,,,
UCB appendix,6,30,ok,200000,66304,133696,66154,39978,26176,902.620689655,24467.282261,2.70377393346,0.166589110969,"{""n_1"": 911, ""n_10"": 899, ""n_11"": 902, ""n_12"": 911, ""n_13"": 907, ""n_14"": 901, ""n_15"": 894, ""n_16"": 906, ""n_17"": 906, ""n_18"": 911, ""n_19"": 901, ""n_2"": 908, ""n_20"": 894, ""n_21"": 902, ""n_22"": 908, ""n_23"": 892, ""n_24"": 901, ""n_25"": 906, ""n_26"": 894, ""n_27"": 902, ""n_28"": 900, ""n_29"": 880, ""n_3"": 903, ""n_30"": 39978, ""n_4"": 908, ""n_5"": 909, ""n_6"": 902, ""n_7"": 913, ""n_8"": 903, ""n_9"": 902}",911,908,903,908,909,902,913,903,902,899,902,911,907,901,894,906,906,911,901,894,902,908,892,901,906,894,902,900,880,39978,,,,,,,,,,,,,,,,,,,,
UCB direct,6,30,ok,200000,54568,145432,54418,32448,21970,757.586206897,24467.282261,2.22411297746,0.194835787913,"{""n_1"": 765, ""n_10"": 754, ""n_11"": 757, ""n_12"": 765, ""n_13"": 762, ""n_14"": 756, ""n_15"": 749, ""n_16"": 761, ""n_17"": 761, ""n_18"": 765, ""n_19"": 756, ""n_2"": 763, ""n_20"": 749, ""n_21"": 757, ""n_22"": 763, ""n_23"": 748, ""n_24"": 756, ""n_25"": 761, ""n_26"": 749, ""n_27"": 757, ""n_28"": 755, ""n_29"": 737, ""n_3"": 758, ""n_30"": 32448, ""n_4"": 763, ""n_5"": 764, ""n_6"": 757, ""n_7"": 767, ""n_8"": 758, ""n_9"": 757}",765,763,758,763,764,757,767,758,757,754,757,765,762,756,749,761,761,765,756,749,757,763,748,756,761,749,757,755,737,32448,,,,,,,,,,,,,,,,,,,,
TS appendix,6,30,ok,200000,101032,98968,100882,62533,38349,1322.37931034,24467.282261,4.12313876644,0.222575170251,"{""n_1"": 1329, ""n_10"": 1319, ""n_11"": 1322, ""n_12"": 1329, ""n_13"": 1326, ""n_14"": 1321, ""n_15"": 1315, ""n_16"": 1325, ""n_17"": 1325, ""n_18"": 1329, ""n_19"": 1321, ""n_2"": 1327, ""n_20"": 1315, ""n_21"": 1322, ""n_22"": 1327, ""n_23"": 1314, ""n_24"": 1321, ""n_25"": 1325, ""n_26"": 1315, ""n_27"": 1322, ""n_28"": 1320, ""n_29"": 1304, ""n_3"": 1323, ""n_30"": 62533, ""n_4"": 1327, ""n_5"": 1328, ""n_6"": 1322, ""n_7"": 1331, ""n_8"": 1323, ""n_9"": 1322}",1329,1327,1323,1327,1328,1322,1331,1323,1322,1319,1322,1329,1326,1321,1315,1325,1325,1329,1321,1315,1322,1327,1314,1321,1325,1315,1322,1320,1304,62533,,,,,,,,,,,,,,,,,,,,
TS direct,6,30,ok,200000,76223,123777,76073,46329,29744,1025.65517241,24467.282261,3.10917245276,0.252950000049,"{""n_1"": 1031, ""n_10"": 1023, ""n_11"": 1025, ""n_12"": 1031, ""n_13"": 1029, ""n_14"": 1025, ""n_15"": 1019, ""n_16"": 1028, ""n_17"": 1028, ""n_18"": 1031, ""n_19"": 1025, ""n_2"": 1030, ""n_20"": 1019, ""n_21"": 1025, ""n_22"": 1030, ""n_23"": 1018, ""n_24"": 1025, ""n_25"": 1028, ""n_26"": 1019, ""n_27"": 1025, ""n_28"": 1024, ""n_29"": 1010, ""n_3"": 1026, ""n_30"": 46329, ""n_4"": 1030, ""n_5"": 1031, ""n_6"": 1025, ""n_7"": 1033, ""n_8"": 1026, ""n_9"": 1025}",1031,1030,1026,1030,1031,1025,1033,1026,1025,1023,1025,1031,1029,1025,1019,1028,1028,1031,1025,1019,1025,1030,1018,1025,1028,1019,1025,1024,1010,46329,,,,,,,,,,,,,,,,,,,,
UCB appendix,6,40,ok,200000,74663,125337,74463,44719,29744,762.666666667,26929.728668,2.76508541612,0.182733059033,"{""n_1"": 765, ""n_10"": 765, ""n_11"": 763, ""n_12"": 766, ""n_13"": 767, ""n_14"": 766, ""n_15"": 761, ""n_16"": 767, ""n_17"": 763, ""n_18"": 766, ""n_19"": 759, ""n_2"": 766, ""n_20"": 766, ""n_21"": 751, ""n_22"": 759, ""n_23"": 769, ""n_24"": 758, ""n_25"": 762, ""n_26"": 767, ""n_27"": 767, ""n_28"": 767, ""n_29"": 762, ""n_3"": 762, ""n_30"": 760, ""n_31"": 769, ""n_32"": 762, ""n_33"": 761, ""n_34"": 758, ""n_35"": 762, ""n_36"": 759, ""n_37"": 757, ""n_38"": 748, ""n_39"": 751, ""n_4"": 769, ""n_40"": 44719, ""n_5"": 769, ""n_6"": 769, ""n_7"": 762, ""n_8"": 766, ""n_9"": 758}",765,766,762,769,769,769,762,766,758,765,763,766,767,766,761,767,763,766,759,766,751,759,769,758,762,767,767,767,762,760,769,762,761,758,762,759,757,748,751,44719,,,,,,,,,,
UCB direct,6,40,ok,200000,60100,139900,59900,35592,24308,623.282051282,26929.728668,2.22430759472,0.215315739971,"{""n_1"": 625, ""n_10"": 625, ""n_11"": 624, ""n_12"": 626, ""n_13"": 627, ""n_14"": 626, ""n_15"": 622, ""n_16"": 627, ""n_17"": 624, ""n_18"": 626, ""n_19"": 620, ""n_2"": 626, ""n_20"": 626, ""n_21"": 613, ""n_22"": 620, ""n_23"": 629, ""n_24"": 619, ""n_25"": 623, ""n_26"": 627, ""n_27"": 627, ""n_28"": 627, ""n_29"": 623, ""n_3"": 623, ""n_30"": 621, ""n_31"": 629, ""n_32"": 623, ""n_33"": 622, ""n_34"": 619, ""n_35"": 623, ""n_36"": 620, ""n_37"": 618, ""n_38"": 610, ""n_39"": 613, ""n_4"": 629, ""n_40"": 35592, ""n_5"": 629, ""n_6"": 629, ""n_7"": 623, ""n_8"": 626, ""n_9"": 619}",625,626,623,629,629,629,623,626,619,625,624,626,627,626,622,627,624,626,620,626,613,620,629,619,623,627,627,627,623,621,629,623,622,619,623,620,618,610,613,35592,,,,,,,,,,
TS appendix,6,40,ok,200000,113677,86323,113477,69462,44015,1128.58974359,26929.728668,4.21381891362,0.242297072268,"{""n_1"": 1130, ""n_10"": 1130, ""n_11"": 1129, ""n_12"": 1131, ""n_13"": 1132, ""n_14"": 1131, ""n_15"": 1127, ""n_16"": 1132, ""n_17"": 1129, ""n_18"": 1131, ""n_19"": 1126, ""n_2"": 1131, ""n_20"": 1131, ""n_21"": 1119, ""n_22"": 1126, ""n_23"": 1134, ""n_24"": 1125, ""n_25"": 1128, ""n_26"": 1132, ""n_27"": 1132, ""n_28"": 1132, ""n_29"": 1128, ""n_3"": 1128, ""n_30"": 1127, ""n_31"": 1134, ""n_32"": 1128, ""n_33"": 1127, ""n_34"": 1125, ""n_35"": 1128, ""n_36"": 1126, ""n_37"": 1124, ""n_38"": 1117, ""n_39"": 1119, ""n_4"": 1134, ""n_40"": 69462, ""n_5"": 1134, ""n_6"": 1134, ""n_7"": 1128, ""n_8"": 1131, ""n_9"": 1125}",1130,1131,1128,1134,1134,1134,1128,1131,1125,1130,1129,1131,1132,1131,1127,1132,1129,1131,1126,1131,1119,1126,1134,1125,1128,1132,1132,1132,1128,1127,1134,1128,1127,1125,1128,1126,1124,1117,1119,69462,,,,,,,,,,
TS direct,6,40,ok,200000,83207,116793,83007,49722,33285,853.461538462,26929.728668,3.08235560125,0.278900000044,"{""n_1"": 855, ""n_10"": 855, ""n_11"": 854, ""n_12"": 856, ""n_13"": 856, ""n_14"": 856, ""n_15"": 853, ""n_16"": 856, ""n_17"": 854, ""n_18"": 856, ""n_19"": 851, ""n_2"": 856, ""n_20"": 856, ""n_21"": 845, ""n_22"": 851, ""n_23"": 858, ""n_24"": 850, ""n_25"": 853, ""n_26"": 856, ""n_27"": 856, ""n_28"": 856, ""n_29"": 853, ""n_3"": 853, ""n_30"": 852, ""n_31"": 858, ""n_32"": 853, ""n_33"": 853, ""n_34"": 850, ""n_35"": 853, ""n_36"": 851, ""n_37"": 849, ""n_38"": 843, ""n_39"": 845, ""n_4"": 858, ""n_40"": 49722, ""n_5"": 858, ""n_6"": 858, ""n_7"": 853, ""n_8"": 856, ""n_9"": 850}",855,856,853,858,858,858,853,856,850,855,854,856,856,856,853,856,854,856,851,856,845,851,858,850,853,856,856,856,853,852,858,853,853,850,853,851,849,843,845,49722,,,,,,,,,,
UCB appendix,6,50,ok,200000,81876,118124,81626,48754,32872,670.857142857,29009.1708178,2.81379983291,0.195989803669,"{""n_1"": 675, ""n_10"": 670, ""n_11"": 673, ""n_12"": 670, ""n_13"": 666, ""n_14"": 668, ""n_15"": 674, ""n_16"": 676, ""n_17"": 673, ""n_18"": 669, ""n_19"": 670, ""n_2"": 671, ""n_20"": 674, ""n_21"": 669, ""n_22"": 677, ""n_23"": 672, ""n_24"": 672, ""n_25"": 674, ""n_26"": 668, ""n_27"": 670, ""n_28"": 676, ""n_29"": 672, ""n_3"": 672, ""n_30"": 670, ""n_31"": 672, ""n_32"": 672, ""n_33"": 671, ""n_34"": 670, ""n_35"": 665, ""n_36"": 673, ""n_37"": 671, ""n_38"": 668, ""n_39"": 675, ""n_4"": 675, ""n_40"": 667, ""n_41"": 666, ""n_42"": 675, ""n_43"": 668, ""n_44"": 666, ""n_45"": 668, ""n_46"": 666, ""n_47"": 660, ""n_48"": 671, ""n_49"": 666, ""n_5"": 672, ""n_50"": 48754, ""n_6"": 679, ""n_7"": 674, ""n_8"": 665, ""n_9"": 676}",675,671,672,675,672,679,674,665,676,670,673,670,666,668,674,676,673,669,670,674,669,677,672,672,674,668,670,676,672,670,672,672,671,670,665,673,671,668,675,667,666,675,668,666,668,666,660,671,666,48754
UCB direct,6,50,ok,200000,64712,135288,64462,38000,26462,540.040816327,29009.1708178,2.22212487234,0.231870848858,"{""n_1"": 544, ""n_10"": 539, ""n_11"": 542, ""n_12"": 539, ""n_13"": 536, ""n_14"": 537, ""n_15"": 543, ""n_16"": 545, ""n_17"": 542, ""n_18"": 538, ""n_19"": 539, ""n_2"": 540, ""n_20"": 543, ""n_21"": 538, ""n_22"": 546, ""n_23"": 541, ""n_24"": 541, ""n_25"": 543, ""n_26"": 537, ""n_27"": 539, ""n_28"": 545, ""n_29"": 541, ""n_3"": 541, ""n_30"": 539, ""n_31"": 541, ""n_32"": 541, ""n_33"": 540, ""n_34"": 539, ""n_35"": 535, ""n_36"": 542, ""n_37"": 540, ""n_38"": 537, ""n_39"": 544, ""n_4"": 544, ""n_40"": 537, ""n_41"": 536, ""n_42"": 544, ""n_43"": 537, ""n_44"": 536, ""n_45"": 537, ""n_46"": 536, ""n_47"": 530, ""n_48"": 540, ""n_49"": 536, ""n_5"": 541, ""n_50"": 38000, ""n_6"": 548, ""n_7"": 543, ""n_8"": 535, ""n_9"": 545}",544,540,541,544,541,548,543,535,545,539,542,539,536,537,543,545,542,538,539,543,538,546,541,541,543,537,539,545,541,539,541,541,540,539,535,542,540,537,544,537,536,544,537,536,537,536,530,540,536,38000
TS appendix,6,50,ok,200000,124691,75309,124441,75389,49052,1001.06122449,29009.1708178,4.2897124079,0.258387103718,"{""n_1"": 1005, ""n_10"": 1000, ""n_11"": 1003, ""n_12"": 1000, ""n_13"": 997, ""n_14"": 999, ""n_15"": 1004, ""n_16"": 1005, ""n_17"": 1003, ""n_18"": 999, ""n_19"": 1000, ""n_2"": 1001, ""n_20"": 1004, ""n_21"": 999, ""n_22"": 1006, ""n_23"": 1002, ""n_24"": 1002, ""n_25"": 1004, ""n_26"": 999, ""n_27"": 1000, ""n_28"": 1005, ""n_29"": 1002, ""n_3"": 1002, ""n_30"": 1000, ""n_31"": 1002, ""n_32"": 1002, ""n_33"": 1001, ""n_34"": 1000, ""n_35"": 996, ""n_36"": 1003, ""n_37"": 1001, ""n_38"": 999, ""n_39"": 1005, ""n_4"": 1005, ""n_40"": 998, ""n_41"": 997, ""n_42"": 1005, ""n_43"": 999, ""n_44"": 997, ""n_45"": 999, ""n_46"": 997, ""n_47"": 992, ""n_48"": 1001, ""n_49"": 997, ""n_5"": 1002, ""n_50"": 75389, ""n_6"": 1008, ""n_7"": 1004, ""n_8"": 996, ""n_9"": 1005}",1005,1001,1002,1005,1002,1008,1004,996,1005,1000,1003,1000,997,999,1004,1005,1003,999,1000,1004,999,1006,1002,1002,1004,999,1000,1005,1002,1000,1002,1002,1001,1000,996,1003,1001,999,1005,998,997,1005,999,997,999,997,992,1001,997,75389
TS direct,6,50,ok,200000,88960,111040,88710,52435,36275,740.306122449,29009.1708178,3.0579984708,0.30080000004,"{""n_1"": 743, ""n_10"": 740, ""n_11"": 742, ""n_12"": 740, ""n_13"": 737, ""n_14"": 738, ""n_15"": 743, ""n_16"": 744, ""n_17"": 742, ""n_18"": 739, ""n_19"": 740, ""n_2"": 740, ""n_20"": 743, ""n_21"": 739, ""n_22"": 745, ""n_23"": 741, ""n_24"": 741, ""n_25"": 743, ""n_26"": 738, ""n_27"": 740, ""n_28"": 744, ""n_29"": 741, ""n_3"": 741, ""n_30"": 740, ""n_31"": 741, ""n_32"": 741, ""n_33"": 740, ""n_34"": 740, ""n_35"": 736, ""n_36"": 742, ""n_37"": 740, ""n_38"": 738, ""n_39"": 743, ""n_4"": 743, ""n_40"": 738, ""n_41"": 737, ""n_42"": 743, ""n_43"": 738, ""n_44"": 737, ""n_45"": 738, ""n_46"": 737, ""n_47"": 732, ""n_48"": 740, ""n_49"": 737, ""n_5"": 741, ""n_50"": 52435, ""n_6"": 746, ""n_7"": 743, ""n_8"": 736, ""n_9"": 744}",743,740,741,743,741,746,743,736,744,740,742,740,737,738,743,744,742,739,740,743,739,745,741,741,743,738,740,744,741,740,741,741,740,740,736,742,740,738,743,738,737,743,738,737,738,737,732,740,737,52435
UCB appendix,7,5,ok,200000,30675,169325,30650,18806,11844,2961,13464.864334,2.27629475052,0.0859448369669,"{""n_1"": 2971, ""n_2"": 2968, ""n_3"": 2966, ""n_4"": 2939, ""n_5"": 18806}",2971,2968,2966,2939,18806,,,,,,,,,,,,,,,,,,,,,,,,,,,,,,,,,,,,,,,,,,,,,
UCB direct,7,5,ok,200000,27902,172098,27877,17053,10824,2706,13464.864334,2.07035134618,0.102200973942,"{""n_1"": 2715, ""n_2"": 2713, ""n_3"": 2711, ""n_4"": 2685, ""n_5"": 17053}",2715,2713,2711,2685,17053,,,,,,,,,,,,,,,,,,,,,,,,,,,,,,,,,,,,,,,,,,,,,
TS appendix,7,5,ok,200000,48577,151423,48552,32118,16434,4108.5,13464.864334,3.6058291265,0.12223393375,"{""n_1"": 4116, ""n_2"": 4114, ""n_3"": 4113, ""n_4"": 4091, ""n_5"": 32118}",4116,4114,4113,4091,32118,,,,,,,,,,,,,,,,,,,,,,,,,,,,,,,,,,,,,,,,,,,,,
TS direct,7,5,ok,200000,42015,157985,41990,27628,14362,3590.5,13464.864334,3.11848667453,0.130800000074,"{""n_1"": 3598, ""n_2"": 3596, ""n_3"": 3594, ""n_4"": 3574, ""n_5"": 27628}",3598,3596,3594,3574,27628,,,,,,,,,,,,,,,,,,,,,,,,,,,,,,,,,,,,,,,,,,,,,
UCB appendix,7,10,ok,200000,41920,158080,41870,25666,16204,1800.44444444,16964.6660084,2.46807098821,0.113734127673,"{""n_1"": 1800, ""n_10"": 25666, ""n_2"": 1800, ""n_3"": 1815, ""n_4"": 1793, ""n_5"": 1810, ""n_6"": 1794, ""n_7"": 1798, ""n_8"": 1810, ""n_9"": 1784}",1800,1800,1815,1793,1810,1794,1798,1810,1784,25666,,,,,,,,,,,,,,,,,,,,,,,,,,,,,,,,,,,,,,,,
UCB direct,7,10,ok,200000,36898,163102,36848,22367,14481,1609,16964.6660084,2.17204394014,0.132761141612,"{""n_1"": 1608, ""n_10"": 22367, ""n_2"": 1608, ""n_3"": 1623, ""n_4"": 1602, ""n_5"": 1618, ""n_6"": 1603, ""n_7"": 1607, ""n_8"": 1618, ""n_9"": 1594}",1608,1608,1623,1602,1618,1603,1607,1618,1594,22367,,,,,,,,,,,,,,,,,,,,,,,,,,,,,,,,,,,,,,,,
TS appendix,7,10,ok,200000,64842,135158,64792,41860,22932,2548,16964.6660084,3.81923227772,0.157089536374,"{""n_1"": 2547, ""n_10"": 41860, ""n_2"": 2547, ""n_3"": 2560, ""n_4"": 2542, ""n_5"": 2556, ""n_6"": 2543, ""n_7"": 2546, ""n_8"": 2556, ""n_9"": 2535}",2547,2547,2560,2542,2556,2543,2546,2556,2535,41860,,,,,,,,,,,,,,,,,,,,,,,,,,,,,,,,,,,,,,,,
TS direct,7,10,ok,200000,53639,146361,53589,34420,19169,2129.88888889,16964.6660084,3.15885971309,0.171900000066,"{""n_1"": 2129, ""n_10"": 34420, ""n_2"": 2129, ""n_3"": 2141, ""n_4"": 2124, ""n_5"": 2137, ""n_6"": 2126, ""n_7"": 2128, ""n_8"": 2137, ""n_9"": 2118}",2129,2129,2141,2124,2137,2126,2128,2137,2118,34420,,,,,,,,,,,,,,,,,,,,,,,,,,,,,,,,,,,,,,,,
UCB appendix,7,15,ok,200000,49842,150158,49767,30376,19391,1385.07142857,19419.6948,2.56270762814,0.131850779997,"{""n_1"": 1392, ""n_10"": 1381, ""n_11"": 1384, ""n_12"": 1383, ""n_13"": 1383, ""n_14"": 1376, ""n_15"": 30376, ""n_2"": 1389, ""n_3"": 1378, ""n_4"": 1392, ""n_5"": 1395, ""n_6"": 1389, ""n_7"": 1380, ""n_8"": 1386, ""n_9"": 1383}",1392,1389,1378,1392,1395,1389,1380,1386,1383,1381,1384,1383,1383,1376,30376,,,,,,,,,,,,,,,,,,,,,,,,,,,,,,,,,,,
UCB direct,7,15,ok,200000,42900,157100,42825,25985,16840,1202.85714286,19419.6948,2.20523548084,0.154172725675,"{""n_1"": 1209, ""n_10"": 1199, ""n_11"": 1202, ""n_12"": 1201, ""n_13"": 1201, ""n_14"": 1195, ""n_15"": 25985, ""n_2"": 1206, ""n_3"": 1197, ""n_4"": 1209, ""n_5"": 1212, ""n_6"": 1206, ""n_7"": 1198, ""n_8"": 1204, ""n_9"": 1201}",1209,1206,1197,1209,1212,1206,1198,1204,1201,1199,1202,1201,1201,1195,25985,,,,,,,,,,,,,,,,,,,,,,,,,,,,,,,,,,,
TS appendix,7,15,ok,200000,76423,123577,76348,48602,27746,1981.85714286,19419.6948,3.93147270265,0.179629684934,"{""n_1"": 1987, ""n_10"": 1979, ""n_11"": 1981, ""n_12"": 1980, ""n_13"": 1980, ""n_14"": 1975, ""n_15"": 48602, ""n_2"": 1985, ""n_3"": 1976, ""n_4"": 1987, ""n_5"": 1990, ""n_6"": 1985, ""n_7"": 1978, ""n_8"": 1983, ""n_9"": 1980}",1987,1985,1976,1987,1990,1985,1978,1983,1980,1979,1981,1980,1980,1975,48602,,,,,,,,,,,,,,,,,,,,,,,,,,,,,,,,,,,
TS direct,7,15,ok,200000,61326,138674,61251,38837,22414,1601,19419.6948,3.1540660464,0.20000000006,"{""n_1"": 1606, ""n_10"": 1598, ""n_11"": 1601, ""n_12"": 1599, ""n_13"": 1599, ""n_14"": 1595, ""n_15"": 38837, ""n_2"": 1604, ""n_3"": 1596, ""n_4"": 1606, ""n_5"": 1608, ""n_6"": 1604, ""n_7"": 1597, ""n_8"": 1602, ""n_9"": 1599}",1606,1604,1596,1606,1608,1604,1597,1602,1599,1598,1601,1599,1599,1595,38837,,,,,,,,,,,,,,,,,,,,,,,,,,,,,,,,,,,
UCB appendix,7,20,ok,200000,56141,143859,56041,34088,21953,1155.42105263,21374.1398084,2.62190668267,0.145620432102,"{""n_1"": 1163, ""n_10"": 1163, ""n_11"": 1159, ""n_12"": 1152, ""n_13"": 1160, ""n_14"": 1155, ""n_15"": 1156, ""n_16"": 1155, ""n_17"": 1156, ""n_18"": 1151, ""n_19"": 1144, ""n_2"": 1164, ""n_20"": 34088, ""n_3"": 1160, ""n_4"": 1148, ""n_5"": 1162, ""n_6"": 1151, ""n_7"": 1159, ""n_8"": 1142, ""n_9"": 1153}",1163,1164,1160,1148,1162,1151,1159,1142,1153,1163,1159,1152,1160,1155,1156,1155,1156,1151,1144,34088,,,,,,,,,,,,,,,,,,,,,,,,,,,,,,
UCB direct,7,20,ok,200000,47491,152509,47391,28586,18805,989.736842105,21374.1398084,2.21721203402,0.170161059508,"{""n_1"": 997, ""n_10"": 997, ""n_11"": 993, ""n_12"": 987, ""n_13"": 994, ""n_14"": 989, ""n_15"": 990, ""n_16"": 989, ""n_17"": 990, ""n_18"": 985, ""n_19"": 979, ""n_2"": 998, ""n_20"": 28586, ""n_3"": 994, ""n_4"": 983, ""n_5"": 996, ""n_6"": 985, ""n_7"": 993, ""n_8"": 978, ""n_9"": 988}",997,998,994,983,996,985,993,978,988,997,993,987,994,989,990,989,990,985,979,28586,,,,,,,,,,,,,,,,,,,,,,,,,,,,,,
TS appendix,7,20,ok,200000,85780,114220,85680,53966,31714,1669.15789474,21374.1398084,4.00858236953,0.196717497424,"{""n_1"": 1675, ""n_10"": 1675, ""n_11"": 1672, ""n_12"": 1666, ""n_13"": 1673, ""n_14"": 1669, ""n_15"": 1670, ""n_16"": 1669, ""n_17"": 1670, ""n_18"": 1665, ""n_19"": 1660, ""n_2"": 1676, ""n_20"": 53966, ""n_3"": 1673, ""n_4"": 1663, ""n_5"": 1674, ""n_6"": 1665, ""n_7"": 1672, ""n_8"": 1659, ""n_9"": 1668}",1675,1676,1673,1663,1674,1665,1672,1659,1668,1675,1672,1666,1673,1669,1670,1669,1670,1665,1660,53966,,,,,,,,,,,,,,,,,,,,,,,,,,,,,,
TS direct,7,20,ok,200000,67203,132797,67103,41805,25298,1331.47368421,21374.1398084,3.13944797786,0.220400000056,"{""n_1"": 1337, ""n_10"": 1337, ""n_11"": 1334, ""n_12"": 1329, ""n_13"": 1335, ""n_14"": 1331, ""n_15"": 1332, ""n_16"": 1331, ""n_17"": 1332, ""n_18"": 1328, ""n_19"": 1323, ""n_2"": 1338, ""n_20"": 41805, ""n_3"": 1335, ""n_4"": 1326, ""n_5"": 1336, ""n_6"": 1328, ""n_7"": 1334, ""n_8"": 1322, ""n_9"": 1330}",1337,1338,1335,1326,1336,1328,1334,1322,1330,1337,1334,1329,1335,1331,1332,1331,1332,1328,1323,41805,,,,,,,,,,,,,,,,,,,,,,,,,,,,,,
UCB appendix,7,30,ok,200000,66357,133643,66207,39993,26214,903.931034483,24467.282261,2.70594009149,0.166641176027,"{""n_1"": 908, ""n_10"": 904, ""n_11"": 898, ""n_12"": 904, ""n_13"": 908, ""n_14"": 905, ""n_15"": 910, ""n_16"": 904, ""n_17"": 902, ""n_18"": 899, ""n_19"": 902, ""n_2"": 907, ""n_20"": 898, ""n_21"": 899, ""n_22"": 902, ""n_23"": 908, ""n_24"": 910, ""n_25"": 903, ""n_26"": 903, ""n_27"": 902, ""n_28"": 907, ""n_29"": 888, ""n_3"": 910, ""n_30"": 39993, ""n_4"": 907, ""n_5"": 893, ""n_6"": 913, ""n_7"": 909, ""n_8"": 908, ""n_9"": 903}",908,907,910,907,893,913,909,908,903,904,898,904,908,905,910,904,902,899,902,898,899,902,908,910,903,903,902,907,888,39993,,,,,,,,,,,,,,,,,,,,
UCB direct,7,30,ok,200000,54605,145395,54455,32456,21999,758.586206897,24467.282261,2.22562520099,0.194907182485,"{""n_1"": 762, ""n_10"": 759, ""n_11"": 753, ""n_12"": 759, ""n_13"": 762, ""n_14"": 760, ""n_15"": 764, ""n_16"": 759, ""n_17"": 757, ""n_18"": 754, ""n_19"": 757, ""n_2"": 761, ""n_20"": 753, ""n_21"": 754, ""n_22"": 757, ""n_23"": 762, ""n_24"": 764, ""n_25"": 758, ""n_26"": 758, ""n_27"": 757, ""n_28"": 761, ""n_29"": 744, ""n_3"": 764, ""n_30"": 32456, ""n_4"": 761, ""n_5"": 749, ""n_6"": 767, ""n_7"": 763, ""n_8"": 762, ""n_9"": 758}",762,761,764,761,749,767,763,762,758,759,753,759,762,760,764,759,757,754,757,753,754,757,762,764,758,758,757,761,744,32456,,,,,,,,,,,,,,,,,,,,
TS appendix,7,30,ok,200000,101084,98916,100934,62544,38390,1323.79310345,24467.282261,4.12526405357,0.222608828042,"{""n_1"": 1327, ""n_10"": 1324, ""n_11"": 1319, ""n_12"": 1324, ""n_13"": 1327, ""n_14"": 1325, ""n_15"": 1329, ""n_16"": 1324, ""n_17"": 1322, ""n_18"": 1320, ""n_19"": 1322, ""n_2"": 1326, ""n_20"": 1319, ""n_21"": 1320, ""n_22"": 1322, ""n_23"": 1327, ""n_24"": 1329, ""n_25"": 1323, ""n_26"": 1323, ""n_27"": 1322, ""n_28"": 1326, ""n_29"": 1311, ""n_3"": 1329, ""n_30"": 62544, ""n_4"": 1326, ""n_5"": 1315, ""n_6"": 1331, ""n_7"": 1328, ""n_8"": 1327, ""n_9"": 1323}",1327,1326,1329,1326,1315,1331,1328,1327,1323,1324,1319,1324,1327,1325,1329,1324,1322,1320,1322,1319,1320,1322,1327,1329,1323,1323,1322,1326,1311,62544,,,,,,,,,,,,,,,,,,,,
TS direct,7,30,ok,200000,76248,123752,76098,46447,29651,1022.44827586,24467.282261,3.11019422542,0.253500000049,"{""n_1"": 1025, ""n_10"": 1023, ""n_11"": 1018, ""n_12"": 1023, ""n_13"": 1025, ""n_14"": 1024, ""n_15"": 1027, ""n_16"": 1023, ""n_17"": 1021, ""n_18"": 1019, ""n_19"": 1021, ""n_2"": 1024, ""n_20"": 1018, ""n_21"": 1019, ""n_22"": 1021, ""n_23"": 1025, ""n_24"": 1027, ""n_25"": 1022, ""n_26"": 1022, ""n_27"": 1021, ""n_28"": 1024, ""n_29"": 1011, ""n_3"": 1027, ""n_30"": 46447, ""n_4"": 1024, ""n_5"": 1015, ""n_6"": 1029, ""n_7"": 1026, ""n_8"": 1025, ""n_9"": 1022}",1025,1024,1027,1024,1015,1029,1026,1025,1022,1023,1018,1023,1025,1024,1027,1023,1021,1019,1021,1018,1019,1021,1025,1027,1022,1022,1021,1024,1011,46447,,,,,,,,,,,,,,,,,,,,
UCB appendix,7,40,ok,200000,74616,125384,74416,44705,29711,761.820512821,26929.728668,2.76334013303,0.182688868896,"{""n_1"": 769, ""n_10"": 767, ""n_11"": 762, ""n_12"": 754, ""n_13"": 763, ""n_14"": 758, ""n_15"": 769, ""n_16"": 767, ""n_17"": 766, ""n_18"": 766, ""n_19"": 765, ""n_2"": 772, ""n_20"": 772, ""n_21"": 762, ""n_22"": 757, ""n_23"": 757, ""n_24"": 757, ""n_25"": 765, ""n_26"": 757, ""n_27"": 755, ""n_28"": 763, ""n_29"": 748, ""n_3"": 768, ""n_30"": 764, ""n_31"": 758, ""n_32"": 760, ""n_33"": 763, ""n_34"": 759, ""n_35"": 757, ""n_36"": 757, ""n_37"": 759, ""n_38"": 757, ""n_39"": 758, ""n_4"": 757, ""n_40"": 44705, ""n_5"": 770, ""n_6"": 768, ""n_7"": 762, ""n_8"": 766, ""n_9"": 757}",769,772,768,757,770,768,762,766,757,767,762,754,763,758,769,767,766,766,765,772,762,757,757,757,765,757,755,763,748,764,758,760,763,759,757,757,759,757,758,44705,,,,,,,,,,
UCB direct,7,40,ok,200000,60069,139931,59869,35601,24268,622.256410256,26929.728668,2.22315645055,0.215315739971,"{""n_1"": 629, ""n_10"": 627, ""n_11"": 622, ""n_12"": 615, ""n_13"": 623, ""n_14"": 619, ""n_15"": 629, ""n_16"": 627, ""n_17"": 626, ""n_18"": 626, ""n_19"": 625, ""n_2"": 631, ""n_20"": 631, ""n_21"": 622, ""n_22"": 618, ""n_23"": 618, ""n_24"": 618, ""n_25"": 625, ""n_26"": 618, ""n_27"": 616, ""n_28"": 623, ""n_29"": 610, ""n_3"": 628, ""n_30"": 624, ""n_31"": 619, ""n_32"": 621, ""n_33"": 623, ""n_34"": 620, ""n_35"": 618, ""n_36"": 618, ""n_37"": 620, ""n_38"": 618, ""n_39"": 619, ""n_4"": 618, ""n_40"": 35601, ""n_5"": 630, ""n_6"": 628, ""n_7"": 622, ""n_8"": 626, ""n_9"": 618}",629,631,628,618,630,628,622,626,618,627,622,615,623,619,629,627,626,626,625,631,622,618,618,618,625,618,616,623,610,624,619,621,623,620,618,618,620,618,619,35601,,,,,,,,,,
TS appendix,7,40,ok,200000,113639,86361,113439,69451,43988,1127.8974359,26929.728668,4.21240783368,0.24226895474,"{""n_1"": 1134, ""n_10"": 1132, ""n_11"": 1128, ""n_12"": 1121, ""n_13"": 1129, ""n_14"": 1125, ""n_15"": 1134, ""n_16"": 1132, ""n_17"": 1131, ""n_18"": 1131, ""n_19"": 1130, ""n_2"": 1136, ""n_20"": 1136, ""n_21"": 1128, ""n_22"": 1124, ""n_23"": 1124, ""n_24"": 1124, ""n_25"": 1130, ""n_26"": 1124, ""n_27"": 1122, ""n_28"": 1129, ""n_29"": 1117, ""n_3"": 1133, ""n_30"": 1129, ""n_31"": 1125, ""n_32"": 1127, ""n_33"": 1129, ""n_34"": 1126, ""n_35"": 1124, ""n_36"": 1124, ""n_37"": 1126, ""n_38"": 1124, ""n_39"": 1125, ""n_4"": 1124, ""n_40"": 69451, ""n_5"": 1135, ""n_6"": 1133, ""n_7"": 1128, ""n_8"": 1131, ""n_9"": 1124}",1134,1136,1133,1124,1135,1133,1128,1131,1124,1132,1128,1121,1129,1125,1134,1132,1131,1131,1130,1136,1128,1124,1124,1124,1130,1124,1122,1129,1117,1129,1125,1127,1129,1126,1124,1124,1126,1124,1125,69451,,,,,,,,,,
TS direct,7,40,ok,200000,83184,116816,82984,49813,33171,850.538461538,26929.728668,3.08150152655,0.279250000044,"{""n_1"": 856, ""n_10"": 854, ""n_11"": 850, ""n_12"": 845, ""n_13"": 851, ""n_14"": 848, ""n_15"": 856, ""n_16"": 854, ""n_17"": 854, ""n_18"": 854, ""n_19"": 853, ""n_2"": 857, ""n_20"": 857, ""n_21"": 850, ""n_22"": 847, ""n_23"": 847, ""n_24"": 847, ""n_25"": 853, ""n_26"": 847, ""n_27"": 846, ""n_28"": 851, ""n_29"": 841, ""n_3"": 855, ""n_30"": 852, ""n_31"": 848, ""n_32"": 850, ""n_33"": 851, ""n_34"": 849, ""n_35"": 847, ""n_36"": 847, ""n_37"": 849, ""n_38"": 847, ""n_39"": 848, ""n_4"": 847, ""n_40"": 49813, ""n_5"": 857, ""n_6"": 855, ""n_7"": 850, ""n_8"": 854, ""n_9"": 847}",856,857,855,847,857,855,850,854,847,854,850,845,851,848,856,854,854,854,853,857,850,847,847,847,853,847,846,851,841,852,848,850,851,849,847,847,849,847,848,49813,,,,,,,,,,
UCB appendix,7,50,ok,200000,81827,118173,81577,48740,32837,670.142857143,29009.1708178,2.8121107119,0.195947228904,"{""n_1"": 677, ""n_10"": 674, ""n_11"": 669, ""n_12"": 667, ""n_13"": 668, ""n_14"": 679, ""n_15"": 680, ""n_16"": 677, ""n_17"": 679, ""n_18"": 673, ""n_19"": 664, ""n_2"": 679, ""n_20"": 668, ""n_21"": 678, ""n_22"": 671, ""n_23"": 665, ""n_24"": 665, ""n_25"": 670, ""n_26"": 669, ""n_27"": 662, ""n_28"": 665, ""n_29"": 675, ""n_3"": 670, ""n_30"": 667, ""n_31"": 672, ""n_32"": 672, ""n_33"": 669, ""n_34"": 670, ""n_35"": 668, ""n_36"": 663, ""n_37"": 673, ""n_38"": 668, ""n_39"": 665, ""n_4"": 674, ""n_40"": 671, ""n_41"": 666, ""n_42"": 663, ""n_43"": 673, ""n_44"": 665, ""n_45"": 675, ""n_46"": 663, ""n_47"": 659, ""n_48"": 662, ""n_49"": 665, ""n_5"": 672, ""n_50"": 48740, ""n_6"": 674, ""n_7"": 672, ""n_8"": 677, ""n_9"": 675}",677,679,670,674,672,674,672,677,675,674,669,667,668,679,680,677,679,673,664,668,678,671,665,665,670,669,662,665,675,667,672,672,669,670,668,663,673,668,665,671,666,663,673,665,675,663,659,662,665,48740
UCB direct,7,50,ok,200000,64683,135317,64433,37890,26543,541.693877551,29009.1708178,2.22112518847,0.231338271543,"{""n_1"": 547, ""n_10"": 545, ""n_11"": 541, ""n_12"": 539, ""n_13"": 540, ""n_14"": 549, ""n_15"": 550, ""n_16"": 547, ""n_17"": 549, ""n_18"": 545, ""n_19"": 536, ""n_2"": 549, ""n_20"": 540, ""n_21"": 548, ""n_22"": 543, ""n_23"": 537, ""n_24"": 537, ""n_25"": 542, ""n_26"": 541, ""n_27"": 534, ""n_28"": 537, ""n_29"": 546, ""n_3"": 542, ""n_30"": 539, ""n_31"": 544, ""n_32"": 544, ""n_33"": 541, ""n_34"": 542, ""n_35"": 540, ""n_36"": 535, ""n_37"": 545, ""n_38"": 540, ""n_39"": 537, ""n_4"": 545, ""n_40"": 543, ""n_41"": 538, ""n_42"": 535, ""n_43"": 545, ""n_44"": 537, ""n_45"": 546, ""n_46"": 535, ""n_47"": 531, ""n_48"": 534, ""n_49"": 537, ""n_5"": 544, ""n_50"": 37890, ""n_6"": 545, ""n_7"": 544, ""n_8"": 547, ""n_9"": 546}",547,549,542,545,544,545,544,547,546,545,541,539,540,549,550,547,549,545,536,540,548,543,537,537,542,541,534,537,546,539,544,544,541,542,540,535,545,540,537,543,538,535,545,537,546,535,531,534,537,37890
TS appendix,7,50,ok,200000,124652,75348,124402,75379,49023,1000.46938776,29009.1708178,4.28836800546,0.258360381428,"{""n_1"": 1006, ""n_10"": 1004, ""n_11"": 1000, ""n_12"": 998, ""n_13"": 999, ""n_14"": 1007, ""n_15"": 1008, ""n_16"": 1006, ""n_17"": 1007, ""n_18"": 1003, ""n_19"": 995, ""n_2"": 1007, ""n_20"": 999, ""n_21"": 1006, ""n_22"": 1001, ""n_23"": 996, ""n_24"": 996, ""n_25"": 1000, ""n_26"": 1000, ""n_27"": 994, ""n_28"": 996, ""n_29"": 1005, ""n_3"": 1000, ""n_30"": 998, ""n_31"": 1002, ""n_32"": 1002, ""n_33"": 1000, ""n_34"": 1000, ""n_35"": 999, ""n_36"": 995, ""n_37"": 1003, ""n_38"": 999, ""n_39"": 996, ""n_4"": 1004, ""n_40"": 1001, ""n_41"": 997, ""n_42"": 995, ""n_43"": 1003, ""n_44"": 996, ""n_45"": 1005, ""n_46"": 995, ""n_47"": 991, ""n_48"": 994, ""n_49"": 996, ""n_5"": 1002, ""n_50"": 75379, ""n_6"": 1004, ""n_7"": 1002, ""n_8"": 1006, ""n_9"": 1005}",1006,1007,1000,1004,1002,1004,1002,1006,1005,1004,1000,998,999,1007,1008,1006,1007,1003,995,999,1006,1001,996,996,1000,1000,994,996,1005,998,1002,1002,1000,1000,999,995,1003,999,996,1001,997,995,1003,996,1005,995,991,994,996,75379
TS direct,7,50,ok,200000,88939,111061,88689,52338,36351,741.857142857,29009.1708178,3.0572745618,0.30035000004,"{""n_1"": 746, ""n_10"": 745, ""n_11"": 741, ""n_12"": 740, ""n_13"": 740, ""n_14"": 748, ""n_15"": 748, ""n_16"": 746, ""n_17"": 748, ""n_18"": 744, ""n_19"": 738, ""n_2"": 748, ""n_20"": 740, ""n_21"": 747, ""n_22"": 743, ""n_23"": 738, ""n_24"": 738, ""n_25"": 742, ""n_26"": 741, ""n_27"": 736, ""n_28"": 738, ""n_29"": 746, ""n_3"": 742, ""n_30"": 740, ""n_31"": 743, ""n_32"": 743, ""n_33"": 741, ""n_34"": 742, ""n_35"": 740, ""n_36"": 737, ""n_37"": 744, ""n_38"": 740, ""n_39"": 738, ""n_4"": 745, ""n_40"": 743, ""n_41"": 739, ""n_42"": 737, ""n_43"": 744, ""n_44"": 738, ""n_45"": 746, ""n_46"": 737, ""n_47"": 734, ""n_48"": 736, ""n_49"": 738, ""n_5"": 743, ""n_50"": 52338, ""n_6"": 745, ""n_7"": 743, ""n_8"": 746, ""n_9"": 746}",746,748,742,745,743,745,743,746,746,745,741,740,740,748,748,746,748,744,738,740,747,743,738,738,742,741,736,738,746,740,743,743,741,742,740,737,744,740,738,743,739,737,744,738,746,737,734,736,738,52338
UCB appendix,8,5,ok,200000,30675,169325,30650,18806,11844,2961,13464.864334,2.27629475052,0.0859448386184,"{""n_1"": 2973, ""n_2"": 2950, ""n_3"": 2968, ""n_4"": 2953, ""n_5"": 18806}",2973,2950,2968,2953,18806,,,,,,,,,,,,,,,,,,,,,,,,,,,,,,,,,,,,,,,,,,,,,
UCB direct,8,5,ok,200000,27903,172097,27878,16989,10889,2722.25,13464.864334,2.07042561354,0.101893756586,"{""n_1"": 2734, ""n_2"": 2712, ""n_3"": 2729, ""n_4"": 2714, ""n_5"": 16989}",2734,2712,2729,2714,16989,,,,,,,,,,,,,,,,,,,,,,,,,,,,,,,,,,,,,,,,,,,,,
TS appendix,8,5,ok,200000,48577,151423,48552,32118,16434,4108.5,13464.864334,3.6058291265,0.122233933703,"{""n_1"": 4118, ""n_2"": 4100, ""n_3"": 4114, ""n_4"": 4102, ""n_5"": 32118}",4118,4100,4114,4102,32118,,,,,,,,,,,,,,,,,,,,,,,,,,,,,,,,,,,,,,,,,,,,,
TS direct,8,5,ok,200000,42015,157985,41990,27617,14373,3593.25,13464.864334,3.11848667453,0.130750000074,"{""n_1"": 3602, ""n_2"": 3585, ""n_3"": 3599, ""n_4"": 3587, ""n_5"": 27617}",3602,3585,3599,3587,27617,,,,,,,,,,,,,,,,,,,,,,,,,,,,,,,,,,,,,,,,,,,,,
UCB appendix,8,10,ok,200000,41959,158041,41909,25679,16230,1803.33333333,16964.6660084,2.47036988404,0.113785202095,"{""n_1"": 1808, ""n_10"": 25679, ""n_2"": 1800, ""n_3"": 1815, ""n_4"": 1807, ""n_5"": 1798, ""n_6"": 1800, ""n_7"": 1808, ""n_8"": 1798, ""n_9"": 1796}",1808,1800,1815,1807,1798,1800,1808,1798,1796,25679,,,,,,,,,,,,,,,,,,,,,,,,,,,,,,,,,,,,,,,,
UCB direct,8,10,ok,200000,36933,163067,36883,22362,14521,1613.44444444,16964.6660084,2.17410705178,0.132761141612,"{""n_1"": 1618, ""n_10"": 22362, ""n_2"": 1610, ""n_3"": 1625, ""n_4"": 1617, ""n_5"": 1608, ""n_6"": 1610, ""n_7"": 1618, ""n_8"": 1608, ""n_9"": 1607}",1618,1610,1625,1617,1608,1610,1618,1608,1607,22362,,,,,,,,,,,,,,,,,,,,,,,,,,,,,,,,,,,,,,,,
TS appendix,8,10,ok,200000,64876,135124,64826,41870,22956,2550.66666667,16964.6660084,3.82123644332,0.157124346983,"{""n_1"": 2555, ""n_10"": 41870, ""n_2"": 2548, ""n_3"": 2560, ""n_4"": 2553, ""n_5"": 2546, ""n_6"": 2548, ""n_7"": 2555, ""n_8"": 2546, ""n_9"": 2545}",2555,2548,2560,2553,2546,2548,2555,2546,2545,41870,,,,,,,,,,,,,,,,,,,,,,,,,,,,,,,,,,,,,,,,
TS direct,8,10,ok,200000,53664,146336,53614,34547,19067,2118.55555556,16964.6660084,3.16033336427,0.172500000066,"{""n_1"": 2122, ""n_10"": 34547, ""n_2"": 2116, ""n_3"": 2127, ""n_4"": 2121, ""n_5"": 2115, ""n_6"": 2116, ""n_7"": 2122, ""n_8"": 2115, ""n_9"": 2113}",2122,2116,2127,2121,2115,2116,2122,2115,2113,34547,,,,,,,,,,,,,,,,,,,,,,,,,,,,,,,,,,,,,,,,
UCB appendix,8,15,ok,200000,49830,150170,49755,30373,19382,1384.42857143,19419.6948,2.56208969876,0.131840211789,"{""n_1"": 1389, ""n_10"": 1377, ""n_11"": 1395, ""n_12"": 1375, ""n_13"": 1378, ""n_14"": 1387, ""n_15"": 30373, ""n_2"": 1395, ""n_3"": 1392, ""n_4"": 1378, ""n_5"": 1386, ""n_6"": 1392, ""n_7"": 1381, ""n_8"": 1383, ""n_9"": 1374}",1389,1395,1392,1378,1386,1392,1381,1383,1374,1377,1395,1375,1378,1387,30373,,,,,,,,,,,,,,,,,,,,,,,,,,,,,,,,,,,
UCB direct,8,15,ok,200000,42894,157106,42819,25831,16988,1213.42857143,19419.6948,2.20492651615,0.153450417226,"{""n_1"": 1218, ""n_10"": 1206, ""n_11"": 1223, ""n_12"": 1205, ""n_13"": 1208, ""n_14"": 1216, ""n_15"": 25831, ""n_2"": 1223, ""n_3"": 1220, ""n_4"": 1208, ""n_5"": 1215, ""n_6"": 1220, ""n_7"": 1211, ""n_8"": 1212, ""n_9"": 1203}",1218,1223,1220,1208,1215,1220,1211,1212,1203,1206,1223,1205,1208,1216,25831,,,,,,,,,,,,,,,,,,,,,,,,,,,,,,,,,,,
TS appendix,8,15,ok,200000,76418,123582,76343,48600,27743,1981.64285714,19419.6948,3.93121523208,0.179622613966,"{""n_1"": 1985, ""n_10"": 1975, ""n_11"": 1990, ""n_12"": 1974, ""n_13"": 1977, ""n_14"": 1984, ""n_15"": 48600, ""n_2"": 1990, ""n_3"": 1988, ""n_4"": 1977, ""n_5"": 1983, ""n_6"": 1988, ""n_7"": 1979, ""n_8"": 1980, ""n_9"": 1973}",1985,1990,1988,1977,1983,1988,1979,1980,1973,1975,1990,1974,1977,1984,48600,,,,,,,,,,,,,,,,,,,,,,,,,,,,,,,,,,,
TS direct,8,15,ok,200000,61321,138679,61246,38558,22688,1620.57142857,19419.6948,3.15380857582,0.19875000006,"{""n_1"": 1624, ""n_10"": 1615, ""n_11"": 1628, ""n_12"": 1614, ""n_13"": 1616, ""n_14"": 1623, ""n_15"": 38558, ""n_2"": 1628, ""n_3"": 1626, ""n_4"": 1616, ""n_5"": 1622, ""n_6"": 1626, ""n_7"": 1618, ""n_8"": 1619, ""n_9"": 1613}",1624,1628,1626,1616,1622,1626,1618,1619,1613,1615,1628,1614,1616,1623,38558,,,,,,,,,,,,,,,,,,,,,,,,,,,,,,,,,,,
UCB appendix,8,20,ok,200000,56142,143858,56042,34089,21953,1155.42105263,21374.1398084,2.62195346818,0.145621973639,"{""n_1"": 1164, ""n_10"": 1163, ""n_11"": 1159, ""n_12"": 1162, ""n_13"": 1160, ""n_14"": 1156, ""n_15"": 1159, ""n_16"": 1148, ""n_17"": 1153, ""n_18"": 1153, ""n_19"": 1152, ""n_2"": 1163, ""n_20"": 34089, ""n_3"": 1151, ""n_4"": 1149, ""n_5"": 1151, ""n_6"": 1160, ""n_7"": 1142, ""n_8"": 1152, ""n_9"": 1156}",1164,1163,1151,1149,1151,1160,1142,1152,1156,1163,1159,1162,1160,1156,1159,1148,1153,1153,1152,34089,,,,,,,,,,,,,,,,,,,,,,,,,,,,,,
UCB direct,8,20,ok,200000,47492,152508,47392,28636,18756,987.157894737,21374.1398084,2.21725881953,0.170389668186,"{""n_1"": 995, ""n_10"": 994, ""n_11"": 990, ""n_12"": 993, ""n_13"": 992, ""n_14"": 988, ""n_15"": 990, ""n_16"": 980, ""n_17"": 985, ""n_18"": 985, ""n_19"": 984, ""n_2"": 994, ""n_20"": 28636, ""n_3"": 983, ""n_4"": 981, ""n_5"": 983, ""n_6"": 992, ""n_7"": 975, ""n_8"": 984, ""n_9"": 988}",995,994,983,981,983,992,975,984,988,994,990,993,992,988,990,980,985,985,984,28636,,,,,,,,,,,,,,,,,,,,,,,,,,,,,,
TS appendix,8,20,ok,200000,85780,114220,85680,53966,31714,1669.15789474,21374.1398084,4.00858236953,0.196718515924,"{""n_1"": 1676, ""n_10"": 1675, ""n_11"": 1672, ""n_12"": 1674, ""n_13"": 1673, ""n_14"": 1670, ""n_15"": 1672, ""n_16"": 1663, ""n_17"": 1668, ""n_18"": 1668, ""n_19"": 1666, ""n_2"": 1675, ""n_20"": 53966, ""n_3"": 1665, ""n_4"": 1664, ""n_5"": 1665, ""n_6"": 1673, ""n_7"": 1659, ""n_8"": 1666, ""n_9"": 1670}",1676,1675,1665,1664,1665,1673,1659,1666,1670,1675,1672,1674,1673,1670,1672,1663,1668,1668,1666,53966,,,,,,,,,,,,,,,,,,,,,,,,,,,,,,
TS direct,8,20,ok,200000,67204,132796,67104,41748,25356,1334.52631579,21374.1398084,3.13949476337,0.220150000056,"{""n_1"": 1341, ""n_10"": 1340, ""n_11"": 1337, ""n_12"": 1339, ""n_13"": 1338, ""n_14"": 1335, ""n_15"": 1337, ""n_16"": 1329, ""n_17"": 1333, ""n_18"": 1333, ""n_19"": 1332, ""n_2"": 1340, ""n_20"": 41748, ""n_3"": 1331, ""n_4"": 1330, ""n_5"": 1331, ""n_6"": 1338, ""n_7"": 1325, ""n_8"": 1332, ""n_9"": 1335}",1341,1340,1331,1330,1331,1338,1325,1332,1335,1340,1337,1339,1338,1335,1337,1329,1333,1333,1332,41748,,,,,,,,,,,,,,,,,,,,,,,,,,,,,,
UCB appendix,8,30,ok,200000,66316,133684,66166,39981,26185,902.931034483,24467.282261,2.70426438434,0.166598024517,"{""n_1"": 911, ""n_10"": 898, ""n_11"": 907, ""n_12"": 901, ""n_13"": 901, ""n_14"": 906, ""n_15"": 901, ""n_16"": 906, ""n_17"": 905, ""n_18"": 906, ""n_19"": 911, ""n_2"": 906, ""n_20"": 897, ""n_21"": 905, ""n_22"": 901, ""n_23"": 908, ""n_24"": 903, ""n_25"": 898, ""n_26"": 891, ""n_27"": 898, ""n_28"": 897, ""n_29"": 901, ""n_3"": 906, ""n_30"": 39981, ""n_4"": 905, ""n_5"": 905, ""n_6"": 896, ""n_7"": 912, ""n_8"": 900, ""n_9"": 903}",911,906,906,905,905,896,912,900,903,898,907,901,901,906,901,906,905,906,911,897,905,901,908,903,898,891,898,897,901,39981,,,,,,,,,,,,,,,,,,,,
UCB direct,8,30,ok,200000,54574,145426,54424,32478,21946,756.75862069,24467.282261,2.2243582029,0.194978577057,"{""n_1"": 764, ""n_10"": 753, ""n_11"": 761, ""n_12"": 755, ""n_13"": 755, ""n_14"": 759, ""n_15"": 755, ""n_16"": 759, ""n_17"": 758, ""n_18"": 759, ""n_19"": 764, ""n_2"": 759, ""n_20"": 752, ""n_21"": 758, ""n_22"": 755, ""n_23"": 762, ""n_24"": 757, ""n_25"": 753, ""n_26"": 746, ""n_27"": 753, ""n_28"": 752, ""n_29"": 755, ""n_3"": 759, ""n_30"": 32478, ""n_4"": 758, ""n_5"": 758, ""n_6"": 751, ""n_7"": 765, ""n_8"": 754, ""n_9"": 757}",764,759,759,758,758,751,765,754,757,753,761,755,755,759,755,759,758,759,764,752,758,755,762,757,753,746,753,752,755,32478,,,,,,,,,,,,,,,,,,,,
TS appendix,8,30,ok,200000,101041,98959,100891,62535,38356,1322.62068966,24467.282261,4.1235066046,0.222580922065,"{""n_1"": 1329, ""n_10"": 1319, ""n_11"": 1326, ""n_12"": 1321, ""n_13"": 1321, ""n_14"": 1325, ""n_15"": 1321, ""n_16"": 1325, ""n_17"": 1324, ""n_18"": 1325, ""n_19"": 1329, ""n_2"": 1325, ""n_20"": 1318, ""n_21"": 1324, ""n_22"": 1321, ""n_23"": 1327, ""n_24"": 1323, ""n_25"": 1319, ""n_26"": 1313, ""n_27"": 1319, ""n_28"": 1318, ""n_29"": 1321, ""n_3"": 1325, ""n_30"": 62535, ""n_4"": 1324, ""n_5"": 1324, ""n_6"": 1317, ""n_7"": 1330, ""n_8"": 1320, ""n_9"": 1323}",1329,1325,1325,1324,1324,1317,1330,1320,1323,1319,1326,1321,1321,1325,1321,1325,1324,1325,1329,1318,1324,1321,1327,1323,1319,1313,1319,1318,1321,62535,,,,,,,,,,,,,,,,,,,,
TS direct,8,30,ok,200000,76228,123772,76078,46408,29670,1023.10344828,24467.282261,3.1093768073,0.253300000049,"{""n_1"": 1029, ""n_10"": 1020, ""n_11"": 1026, ""n_12"": 1022, ""n_13"": 1022, ""n_14"": 1025, ""n_15"": 1022, ""n_16"": 1025, ""n_17"": 1024, ""n_18"": 1025, ""n_19"": 1029, ""n_2"": 1025, ""n_20"": 1019, ""n_21"": 1024, ""n_22"": 1022, ""n_23"": 1027, ""n_24"": 1023, ""n_25"": 1020, ""n_26"": 1015, ""n_27"": 1020, ""n_28"": 1019, ""n_29"": 1022, ""n_3"": 1025, ""n_30"": 46408, ""n_4"": 1024, ""n_5"": 1024, ""n_6"": 1018, ""n_7"": 1030, ""n_8"": 1021, ""n_9"": 1023}",1029,1025,1025,1024,1024,1018,1030,1021,1023,1020,1026,1022,1022,1025,1022,1025,1024,1025,1029,1019,1024,1022,1027,1023,1020,1015,1020,1019,1022,46408,,,,,,,,,,,,,,,,,,,,
UCB appendix,8,40,ok,200000,74622,125378,74422,44708,29714,761.897435897,26929.728668,2.76356293513,0.182696610537,"{""n_1"": 765, ""n_10"": 766, ""n_11"": 760, ""n_12"": 763, ""n_13"": 766, ""n_14"": 764, ""n_15"": 769, ""n_16"": 766, ""n_17"": 761, ""n_18"": 759, ""n_19"": 764, ""n_2"": 751, ""n_20"": 765, ""n_21"": 756, ""n_22"": 765, ""n_23"": 765, ""n_24"": 756, ""n_25"": 757, ""n_26"": 765, ""n_27"": 761, ""n_28"": 760, ""n_29"": 750, ""n_3"": 765, ""n_30"": 760, ""n_31"": 761, ""n_32"": 755, ""n_33"": 760, ""n_34"": 760, ""n_35"": 765, ""n_36"": 750, ""n_37"": 761, ""n_38"": 763, ""n_39"": 756, ""n_4"": 769, ""n_40"": 44708, ""n_5"": 769, ""n_6"": 765, ""n_7"": 766, ""n_8"": 768, ""n_9"": 767}",765,751,765,769,769,765,766,768,767,766,760,763,766,764,769,766,761,759,764,765,756,765,765,756,757,765,761,760,750,760,761,755,760,760,765,750,761,763,756,44708,,,,,,,,,,
UCB direct,8,40,ok,200000,60074,139926,59874,35599,24275,622.435897436,26929.728668,2.22334211897,0.215315739971,"{""n_1"": 625, ""n_10"": 626, ""n_11"": 621, ""n_12"": 623, ""n_13"": 626, ""n_14"": 624, ""n_15"": 629, ""n_16"": 626, ""n_17"": 622, ""n_18"": 620, ""n_19"": 624, ""n_2"": 613, ""n_20"": 625, ""n_21"": 617, ""n_22"": 625, ""n_23"": 625, ""n_24"": 617, ""n_25"": 618, ""n_26"": 625, ""n_27"": 622, ""n_28"": 621, ""n_29"": 612, ""n_3"": 625, ""n_30"": 621, ""n_31"": 622, ""n_32"": 616, ""n_33"": 621, ""n_34"": 621, ""n_35"": 625, ""n_36"": 612, ""n_37"": 622, ""n_38"": 623, ""n_39"": 617, ""n_4"": 629, ""n_40"": 35599, ""n_5"": 629, ""n_6"": 625, ""n_7"": 626, ""n_8"": 628, ""n_9"": 627}",625,613,625,629,629,625,626,628,627,626,621,623,626,624,629,626,622,620,624,625,617,625,625,617,618,625,622,621,612,621,622,616,621,621,625,612,622,623,617,35599,,,,,,,,,,
TS appendix,8,40,ok,200000,113645,86355,113445,69453,43992,1128,26929.728668,4.21263063577,0.24227388061,"{""n_1"": 1130, ""n_10"": 1131, ""n_11"": 1127, ""n_12"": 1129, ""n_13"": 1131, ""n_14"": 1129, ""n_15"": 1134, ""n_16"": 1131, ""n_17"": 1128, ""n_18"": 1126, ""n_19"": 1129, ""n_2"": 1119, ""n_20"": 1130, ""n_21"": 1123, ""n_22"": 1130, ""n_23"": 1130, ""n_24"": 1123, ""n_25"": 1124, ""n_26"": 1130, ""n_27"": 1128, ""n_28"": 1127, ""n_29"": 1119, ""n_3"": 1130, ""n_30"": 1127, ""n_31"": 1128, ""n_32"": 1122, ""n_33"": 1127, ""n_34"": 1127, ""n_35"": 1130, ""n_36"": 1119, ""n_37"": 1128, ""n_38"": 1129, ""n_39"": 1123, ""n_4"": 1134, ""n_40"": 69453, ""n_5"": 1134, ""n_6"": 1130, ""n_7"": 1131, ""n_8"": 1133, ""n_9"": 1132}",1130,1119,1130,1134,1134,1130,1131,1133,1132,1131,1127,1129,1131,1129,1134,1131,1128,1126,1129,1130,1123,1130,1130,1123,1124,1130,1128,1127,1119,1127,1128,1122,1127,1127,1130,1119,1128,1129,1123,69453,,,,,,,,,,
TS direct,8,40,ok,200000,83186,116814,82986,49824,33162,850.307692308,26929.728668,3.08157579391,0.279300000044,"{""n_1"": 852, ""n_10"": 853, ""n_11"": 849, ""n_12"": 851, ""n_13"": 853, ""n_14"": 852, ""n_15"": 856, ""n_16"": 853, ""n_17"": 850, ""n_18"": 849, ""n_19"": 852, ""n_2"": 843, ""n_20"": 852, ""n_21"": 846, ""n_22"": 852, ""n_23"": 852, ""n_24"": 846, ""n_25"": 847, ""n_26"": 852, ""n_27"": 850, ""n_28"": 849, ""n_29"": 842, ""n_3"": 852, ""n_30"": 849, ""n_31"": 850, ""n_32"": 845, ""n_33"": 849, ""n_34"": 849, ""n_35"": 852, ""n_36"": 842, ""n_37"": 850, ""n_38"": 851, ""n_39"": 846, ""n_4"": 856, ""n_40"": 49824, ""n_5"": 856, ""n_6"": 852, ""n_7"": 853, ""n_8"": 855, ""n_9"": 854}",852,843,852,856,856,852,853,855,854,853,849,851,853,852,856,853,850,849,852,852,846,852,852,846,847,852,850,849,842,849,850,845,849,849,852,842,850,851,846,49824,,,,,,,,,,
UCB appendix,8,50,ok,200000,81791,118209,81541,48729,32812,669.632653061,29009.1708178,2.81086972503,0.195911602464,"{""n_1"": 678, ""n_10"": 669, ""n_11"": 673, ""n_12"": 673, ""n_13"": 676, ""n_14"": 665, ""n_15"": 670, ""n_16"": 677, ""n_17"": 672, ""n_18"": 661, ""n_19"": 666, ""n_2"": 678, ""n_20"": 675, ""n_21"": 674, ""n_22"": 668, ""n_23"": 674, ""n_24"": 670, ""n_25"": 669, ""n_26"": 669, ""n_27"": 668, ""n_28"": 675, ""n_29"": 660, ""n_3"": 676, ""n_30"": 675, ""n_31"": 662, ""n_32"": 668, ""n_33"": 667, ""n_34"": 668, ""n_35"": 673, ""n_36"": 667, ""n_37"": 669, ""n_38"": 664, ""n_39"": 667, ""n_4"": 680, ""n_40"": 664, ""n_41"": 657, ""n_42"": 676, ""n_43"": 663, ""n_44"": 663, ""n_45"": 668, ""n_46"": 667, ""n_47"": 664, ""n_48"": 673, ""n_49"": 662, ""n_5"": 670, ""n_50"": 48729, ""n_6"": 667, ""n_7"": 677, ""n_8"": 676, ""n_9"": 669}",678,678,676,680,670,667,677,676,669,669,673,673,676,665,670,677,672,661,666,675,674,668,674,670,669,669,668,675,660,675,662,668,667,668,673,667,669,664,667,664,657,676,663,663,668,667,664,673,662,48729
UCB direct,8,50,ok,200000,64657,135343,64407,37897,26510,541.020408163,29009.1708178,2.22022892018,0.231338271543,"{""n_1"": 548, ""n_10"": 541, ""n_11"": 544, ""n_12"": 544, ""n_13"": 546, ""n_14"": 537, ""n_15"": 542, ""n_16"": 547, ""n_17"": 543, ""n_18"": 533, ""n_19"": 538, ""n_2"": 548, ""n_20"": 545, ""n_21"": 545, ""n_22"": 540, ""n_23"": 545, ""n_24"": 542, ""n_25"": 541, ""n_26"": 541, ""n_27"": 540, ""n_28"": 545, ""n_29"": 532, ""n_3"": 546, ""n_30"": 545, ""n_31"": 534, ""n_32"": 540, ""n_33"": 539, ""n_34"": 540, ""n_35"": 544, ""n_36"": 539, ""n_37"": 541, ""n_38"": 536, ""n_39"": 539, ""n_4"": 550, ""n_40"": 536, ""n_41"": 530, ""n_42"": 546, ""n_43"": 535, ""n_44"": 535, ""n_45"": 540, ""n_46"": 539, ""n_47"": 536, ""n_48"": 544, ""n_49"": 534, ""n_5"": 542, ""n_50"": 37897, ""n_6"": 539, ""n_7"": 547, ""n_8"": 546, ""n_9"": 541}",548,548,546,550,542,539,547,546,541,541,544,544,546,537,542,547,543,533,538,545,545,540,545,542,541,541,540,545,532,545,534,540,539,540,544,539,541,536,539,536,530,546,535,535,540,539,536,544,534,37897
TS appendix,8,50,ok,200000,124624,75376,124374,75370,49004,1000.08163265,29009.1708178,4.28740279346,0.258338010787,"{""n_1"": 1007, ""n_10"": 1000, ""n_11"": 1002, ""n_12"": 1002, ""n_13"": 1005, ""n_14"": 996, ""n_15"": 1001, ""n_16"": 1006, ""n_17"": 1002, ""n_18"": 993, ""n_19"": 997, ""n_2"": 1007, ""n_20"": 1004, ""n_21"": 1003, ""n_22"": 999, ""n_23"": 1003, ""n_24"": 1001, ""n_25"": 1000, ""n_26"": 1000, ""n_27"": 999, ""n_28"": 1004, ""n_29"": 992, ""n_3"": 1005, ""n_30"": 1004, ""n_31"": 994, ""n_32"": 999, ""n_33"": 998, ""n_34"": 999, ""n_35"": 1002, ""n_36"": 998, ""n_37"": 1000, ""n_38"": 996, ""n_39"": 998, ""n_4"": 1008, ""n_40"": 996, ""n_41"": 990, ""n_42"": 1005, ""n_43"": 995, ""n_44"": 995, ""n_45"": 999, ""n_46"": 998, ""n_47"": 996, ""n_48"": 1002, ""n_49"": 994, ""n_5"": 1001, ""n_50"": 75370, ""n_6"": 998, ""n_7"": 1006, ""n_8"": 1005, ""n_9"": 1000}",1007,1007,1005,1008,1001,998,1006,1005,1000,1000,1002,1002,1005,996,1001,1006,1002,993,997,1004,1003,999,1003,1001,1000,1000,999,1004,992,1004,994,999,998,999,1002,998,1000,996,998,996,990,1005,995,995,999,998,996,1002,994,75370
TS direct,8,50,ok,200000,88920,111080,88670,52596,36074,736.204081633,29009.1708178,3.05661959651,0.30140000004,"{""n_1"": 742, ""n_10"": 736, ""n_11"": 738, ""n_12"": 738, ""n_13"": 740, ""n_14"": 733, ""n_15"": 737, ""n_16"": 741, ""n_17"": 738, ""n_18"": 730, ""n_19"": 734, ""n_2"": 742, ""n_20"": 740, ""n_21"": 739, ""n_22"": 735, ""n_23"": 739, ""n_24"": 737, ""n_25"": 736, ""n_26"": 736, ""n_27"": 735, ""n_28"": 740, ""n_29"": 730, ""n_3"": 740, ""n_30"": 740, ""n_31"": 731, ""n_32"": 735, ""n_33"": 735, ""n_34"": 735, ""n_35"": 738, ""n_36"": 735, ""n_37"": 736, ""n_38"": 732, ""n_39"": 735, ""n_4"": 743, ""n_40"": 732, ""n_41"": 727, ""n_42"": 740, ""n_43"": 732, ""n_44"": 732, ""n_45"": 735, ""n_46"": 735, ""n_47"": 732, ""n_48"": 738, ""n_49"": 731, ""n_5"": 737, ""n_50"": 52596, ""n_6"": 735, ""n_7"": 741, ""n_8"": 740, ""n_9"": 736}",742,742,740,743,737,735,741,740,736,736,738,738,740,733,737,741,738,730,734,740,739,735,739,737,736,736,735,740,730,740,731,735,735,735,738,735,736,732,735,732,727,740,732,732,735,735,732,738,731,52596
UCB appendix,9,5,ok,200000,30667,169333,30642,18803,11839,2959.75,13464.864334,2.2757006116,0.0859329603423,"{""n_1"": 2974, ""n_2"": 2947, ""n_3"": 2958, ""n_4"": 2960, ""n_5"": 18803}",2974,2947,2958,2960,18803,,,,,,,,,,,,,,,,,,,,,,,,,,,,,,,,,,,,,,,,,,,,,
UCB direct,9,5,ok,200000,27895,172105,27870,16968,10902,2725.5,13464.864334,2.06983147462,0.1017913508,"{""n_1"": 2739, ""n_2"": 2713, ""n_3"": 2724, ""n_4"": 2726, ""n_5"": 16968}",2739,2713,2724,2726,16968,,,,,,,,,,,,,,,,,,,,,,,,,,,,,,,,,,,,,,,,,,,,,
TS appendix,9,5,ok,200000,48570,151430,48545,32116,16429,4107.25,13464.864334,3.60530925494,0.122225608154,"{""n_1"": 4118, ""n_2"": 4097, ""n_3"": 4106, ""n_4"": 4108, ""n_5"": 32116}",4118,4097,4106,4108,32116,,,,,,,,,,,,,,,,,,,,,,,,,,,,,,,,,,,,,,,,,,,,,
TS direct,9,5,ok,200000,42009,157991,41984,27618,14366,3591.5,13464.864334,3.11804107034,0.130750000074,"{""n_1"": 3602, ""n_2"": 3582, ""n_3"": 3590, ""n_4"": 3592, ""n_5"": 27618}",3602,3582,3590,3592,27618,,,,,,,,,,,,,,,,,,,,,,,,,,,,,,,,,,,,,,,,,,,,,
UCB appendix,9,10,ok,200000,41934,158066,41884,25671,16213,1801.44444444,16964.6660084,2.46889623287,0.113753282629,"{""n_1"": 1809, ""n_10"": 25671, ""n_2"": 1809, ""n_3"": 1806, ""n_4"": 1790, ""n_5"": 1801, ""n_6"": 1811, ""n_7"": 1801, ""n_8"": 1801, ""n_9"": 1785}",1809,1809,1806,1790,1801,1811,1801,1801,1785,25671,,,,,,,,,,,,,,,,,,,,,,,,,,,,,,,,,,,,,,,,
UCB direct,9,10,ok,200000,36910,163090,36860,22328,14532,1614.66666667,16964.6660084,2.1727512927,0.132587028639,"{""n_1"": 1622, ""n_10"": 22328, ""n_2"": 1622, ""n_3"": 1619, ""n_4"": 1604, ""n_5"": 1614, ""n_6"": 1624, ""n_7"": 1614, ""n_8"": 1614, ""n_9"": 1599}",1622,1622,1619,1604,1614,1624,1614,1614,1599,22328,,,,,,,,,,,,,,,,,,,,,,,,,,,,,,,,,,,,,,,,
TS appendix,9,10,ok,200000,64854,135146,64804,41864,22940,2548.88888889,16964.6660084,3.81993963028,0.157102590578,"{""n_1"": 2555, ""n_10"": 41864, ""n_2"": 2555, ""n_3"": 2553, ""n_4"": 2540, ""n_5"": 2548, ""n_6"": 2557, ""n_7"": 2548, ""n_8"": 2548, ""n_9"": 2536}",2555,2555,2553,2540,2548,2557,2548,2548,2536,41864,,,,,,,,,,,,,,,,,,,,,,,,,,,,,,,,,,,,,,,,
TS direct,9,10,ok,200000,53648,146352,53598,34429,19169,2129.88888889,16964.6660084,3.15939022751,0.171950000066,"{""n_1"": 2136, ""n_10"": 34429, ""n_2"": 2136, ""n_3"": 2133, ""n_4"": 2122, ""n_5"": 2129, ""n_6"": 2137, ""n_7"": 2129, ""n_8"": 2129, ""n_9"": 2118}",2136,2136,2133,2122,2129,2137,2129,2129,2118,34429,,,,,,,,,,,,,,,,,,,,,,,,,,,,,,,,,,,,,,,,
UCB appendix,9,15,ok,200000,49801,150199,49726,30365,19361,1382.92857143,19419.6948,2.56059636942,0.131810287745,"{""n_1"": 1392, ""n_10"": 1377, ""n_11"": 1389, ""n_12"": 1368, ""n_13"": 1376, ""n_14"": 1377, ""n_15"": 30365, ""n_2"": 1394, ""n_3"": 1392, ""n_4"": 1385, ""n_5"": 1383, ""n_6"": 1380, ""n_7"": 1386, ""n_8"": 1383, ""n_9"": 1379}",1392,1394,1392,1385,1383,1380,1386,1383,1379,1377,1389,1368,1376,1377,30365,,,,,,,,,,,,,,,,,,,,,,,,,,,,,,,,,,,
UCB direct,9,15,ok,200000,42873,157127,42798,25904,16894,1206.71428571,19419.6948,2.20384513973,0.153771443204,"{""n_1"": 1215, ""n_10"": 1201, ""n_11"": 1213, ""n_12"": 1193, ""n_13"": 1200, ""n_14"": 1201, ""n_15"": 25904, ""n_2"": 1217, ""n_3"": 1215, ""n_4"": 1208, ""n_5"": 1207, ""n_6"": 1204, ""n_7"": 1210, ""n_8"": 1207, ""n_9"": 1203}",1215,1217,1215,1208,1207,1204,1210,1207,1203,1201,1213,1193,1200,1201,25904,,,,,,,,,,,,,,,,,,,,,,,,,,,,,,,,,,,
TS appendix,9,15,ok,200000,76397,123603,76322,48594,27728,1980.57142857,19419.6948,3.93013385566,0.179602578501,"{""n_1"": 1988, ""n_10"": 1976, ""n_11"": 1986, ""n_12"": 1968, ""n_13"": 1975, ""n_14"": 1976, ""n_15"": 48594, ""n_2"": 1989, ""n_3"": 1988, ""n_4"": 1982, ""n_5"": 1981, ""n_6"": 1978, ""n_7"": 1983, ""n_8"": 1981, ""n_9"": 1977}",1988,1989,1988,1982,1981,1978,1983,1981,1977,1976,1986,1968,1975,1976,48594,,,,,,,,,,,,,,,,,,,,,,,,,,,,,,,,,,,
TS direct,9,15,ok,200000,61306,138694,61231,38562,22669,1619.21428571,19419.6948,3.15303616409,0.19875000006,"{""n_1"": 1626, ""n_10"": 1615, ""n_11"": 1624, ""n_12"": 1608, ""n_13"": 1614, ""n_14"": 1615, ""n_15"": 38562, ""n_2"": 1627, ""n_3"": 1626, ""n_4"": 1621, ""n_5"": 1619, ""n_6"": 1617, ""n_7"": 1622, ""n_8"": 1619, ""n_9"": 1616}",1626,1627,1626,1621,1619,1617,1622,1619,1616,1615,1624,1608,1614,1615,38562,,,,,,,,,,,,,,,,,,,,,,,,,,,,,,,,,,,
UCB appendix,9,20,ok,200000,56179,143821,56079,34099,21980,1156.84210526,21374.1398084,2.62368453199,0.145658891657,"{""n_1"": 1163, ""n_10"": 1160, ""n_11"": 1160, ""n_12"": 1150, ""n_13"": 1150, ""n_14"": 1160, ""n_15"": 1151, ""n_16"": 1145, ""n_17"": 1151, ""n_18"": 1161, ""n_19"": 1163, ""n_2"": 1163, ""n_20"": 34099, ""n_3"": 1160, ""n_4"": 1145, ""n_5"": 1153, ""n_6"": 1163, ""n_7"": 1161, ""n_8"": 1161, ""n_9"": 1160}",1163,1163,1160,1145,1153,1163,1161,1161,1160,1160,1160,1150,1150,1160,1151,1145,1151,1161,1163,34099,,,,,,,,,,,,,,,,,,,,,,,,,,,,,,
UCB direct,9,20,ok,200000,47517,152483,47417,28565,18852,992.210526316,21374.1398084,2.21842845724,0.170084856615,"{""n_1"": 998, ""n_10"": 995, ""n_11"": 995, ""n_12"": 986, ""n_13"": 986, ""n_14"": 995, ""n_15"": 987, ""n_16"": 981, ""n_17"": 987, ""n_18"": 996, ""n_19"": 998, ""n_2"": 998, ""n_20"": 28565, ""n_3"": 995, ""n_4"": 981, ""n_5"": 989, ""n_6"": 998, ""n_7"": 996, ""n_8"": 996, ""n_9"": 995}",998,998,995,981,989,998,996,996,995,995,995,986,986,995,987,981,987,996,998,28565,,,,,,,,,,,,,,,,,,,,,,,,,,,,,,
TS appendix,9,20,ok,200000,85810,114190,85710,53974,31736,1670.31578947,21374.1398084,4.00998593479,0.196742892104,"{""n_1"": 1675, ""n_10"": 1673, ""n_11"": 1673, ""n_12"": 1665, ""n_13"": 1665, ""n_14"": 1673, ""n_15"": 1666, ""n_16"": 1660, ""n_17"": 1666, ""n_18"": 1674, ""n_19"": 1675, ""n_2"": 1675, ""n_20"": 53974, ""n_3"": 1673, ""n_4"": 1660, ""n_5"": 1667, ""n_6"": 1675, ""n_7"": 1674, ""n_8"": 1674, ""n_9"": 1673}",1675,1675,1673,1660,1667,1675,1674,1674,1673,1673,1673,1665,1665,1673,1666,1660,1666,1674,1675,53974,,,,,,,,,,,,,,,,,,,,,,,,,,,,,,
TS direct,9,20,ok,200000,67222,132778,67122,41856,25266,1329.78947368,21374.1398084,3.14033690252,0.220650000056,"{""n_1"": 1334, ""n_10"": 1332, ""n_11"": 1332, ""n_12"": 1325, ""n_13"": 1325, ""n_14"": 1332, ""n_15"": 1326, ""n_16"": 1321, ""n_17"": 1326, ""n_18"": 1333, ""n_19"": 1334, ""n_2"": 1334, ""n_20"": 41856, ""n_3"": 1332, ""n_4"": 1321, ""n_5"": 1327, ""n_6"": 1334, ""n_7"": 1333, ""n_8"": 1333, ""n_9"": 1332}",1334,1334,1332,1321,1327,1334,1333,1333,1332,1332,1332,1325,1325,1332,1326,1321,1326,1333,1334,41856,,,,,,,,,,,,,,,,,,,,,,,,,,,,,,
UCB appendix,9,30,ok,200000,66341,133659,66191,39988,26203,903.551724138,24467.282261,2.70528615699,0.166623400378,"{""n_1"": 909, ""n_10"": 903, ""n_11"": 903, ""n_12"": 909, ""n_13"": 906, ""n_14"": 899, ""n_15"": 907, ""n_16"": 890, ""n_17"": 912, ""n_18"": 910, ""n_19"": 897, ""n_2"": 912, ""n_20"": 903, ""n_21"": 897, ""n_22"": 901, ""n_23"": 908, ""n_24"": 908, ""n_25"": 903, ""n_26"": 901, ""n_27"": 901, ""n_28"": 896, ""n_29"": 896, ""n_3"": 902, ""n_30"": 39988, ""n_4"": 908, ""n_5"": 913, ""n_6"": 899, ""n_7"": 908, ""n_8"": 896, ""n_9"": 906}",909,912,902,908,913,899,908,896,906,903,903,909,906,899,907,890,912,910,897,903,897,901,908,908,903,901,901,896,896,39988,,,,,,,,,,,,,,,,,,,,
UCB direct,9,30,ok,200000,54592,145408,54442,32584,21858,753.724137931,24467.282261,2.22509387921,0.195478339063,"{""n_1"": 759, ""n_10"": 753, ""n_11"": 753, ""n_12"": 759, ""n_13"": 756, ""n_14"": 750, ""n_15"": 757, ""n_16"": 741, ""n_17"": 761, ""n_18"": 760, ""n_19"": 748, ""n_2"": 761, ""n_20"": 753, ""n_21"": 748, ""n_22"": 751, ""n_23"": 758, ""n_24"": 758, ""n_25"": 753, ""n_26"": 751, ""n_27"": 751, ""n_28"": 747, ""n_29"": 747, ""n_3"": 752, ""n_30"": 32584, ""n_4"": 758, ""n_5"": 762, ""n_6"": 750, ""n_7"": 758, ""n_8"": 747, ""n_9"": 756}",759,761,752,758,762,750,758,747,756,753,753,759,756,750,757,741,761,760,748,753,748,751,758,758,753,751,751,747,747,32584,,,,,,,,,,,,,,,,,,,,
TS appendix,9,30,ok,200000,101066,98934,100916,62540,38376,1323.31034483,24467.282261,4.12452837726,0.222597335884,"{""n_1"": 1328, ""n_10"": 1323, ""n_11"": 1323, ""n_12"": 1328, ""n_13"": 1325, ""n_14"": 1320, ""n_15"": 1326, ""n_16"": 1312, ""n_17"": 1330, ""n_18"": 1329, ""n_19"": 1318, ""n_2"": 1330, ""n_20"": 1323, ""n_21"": 1318, ""n_22"": 1321, ""n_23"": 1327, ""n_24"": 1327, ""n_25"": 1323, ""n_26"": 1321, ""n_27"": 1321, ""n_28"": 1317, ""n_29"": 1317, ""n_3"": 1322, ""n_30"": 62540, ""n_4"": 1327, ""n_5"": 1331, ""n_6"": 1320, ""n_7"": 1327, ""n_8"": 1317, ""n_9"": 1325}",1328,1330,1322,1327,1331,1320,1327,1317,1325,1323,1323,1328,1325,1320,1326,1312,1330,1329,1318,1323,1318,1321,1327,1327,1323,1321,1321,1317,1317,62540,,,,,,,,,,,,,,,,,,,,
TS direct,9,30,ok,200000,76241,123759,76091,46311,29780,1026.89655172,24467.282261,3.10990812908,0.252900000049,"{""n_1"": 1031, ""n_10"": 1027, ""n_11"": 1027, ""n_12"": 1031, ""n_13"": 1028, ""n_14"": 1024, ""n_15"": 1029, ""n_16"": 1017, ""n_17"": 1033, ""n_18"": 1032, ""n_19"": 1022, ""n_2"": 1033, ""n_20"": 1027, ""n_21"": 1022, ""n_22"": 1025, ""n_23"": 1030, ""n_24"": 1030, ""n_25"": 1027, ""n_26"": 1025, ""n_27"": 1025, ""n_28"": 1021, ""n_29"": 1021, ""n_3"": 1026, ""n_30"": 46311, ""n_4"": 1030, ""n_5"": 1034, ""n_6"": 1024, ""n_7"": 1030, ""n_8"": 1021, ""n_9"": 1028}",1031,1033,1026,1030,1034,1024,1030,1021,1028,1027,1027,1031,1028,1024,1029,1017,1033,1032,1022,1027,1022,1025,1030,1030,1027,1025,1025,1021,1021,46311,,,,,,,,,,,,,,,,,,,,
UCB appendix,9,40,ok,200000,74653,125347,74453,44716,29737,762.487179487,26929.728668,2.76471407929,0.182723115006,"{""n_1"": 771, ""n_10"": 768, ""n_11"": 762, ""n_12"": 769, ""n_13"": 762, ""n_14"": 768, ""n_15"": 759, ""n_16"": 758, ""n_17"": 769, ""n_18"": 764, ""n_19"": 767, ""n_2"": 766, ""n_20"": 764, ""n_21"": 765, ""n_22"": 764, ""n_23"": 758, ""n_24"": 760, ""n_25"": 764, ""n_26"": 755, ""n_27"": 767, ""n_28"": 760, ""n_29"": 762, ""n_3"": 760, ""n_30"": 764, ""n_31"": 761, ""n_32"": 764, ""n_33"": 751, ""n_34"": 762, ""n_35"": 762, ""n_36"": 764, ""n_37"": 757, ""n_38"": 760, ""n_39"": 744, ""n_4"": 769, ""n_40"": 44716, ""n_5"": 765, ""n_6"": 769, ""n_7"": 761, ""n_8"": 755, ""n_9"": 767}",771,766,760,769,765,769,761,755,767,768,762,769,762,768,759,758,769,764,767,764,765,764,758,760,764,755,767,760,762,764,761,764,751,762,762,764,757,760,744,44716,,,,,,,,,,
UCB direct,9,40,ok,200000,60093,139907,59893,35594,24299,623.051282051,26929.728668,2.22404765894,0.215315739971,"{""n_1"": 631, ""n_10"": 628, ""n_11"": 623, ""n_12"": 629, ""n_13"": 623, ""n_14"": 628, ""n_15"": 620, ""n_16"": 619, ""n_17"": 629, ""n_18"": 624, ""n_19"": 627, ""n_2"": 626, ""n_20"": 624, ""n_21"": 625, ""n_22"": 624, ""n_23"": 619, ""n_24"": 621, ""n_25"": 624, ""n_26"": 616, ""n_27"": 627, ""n_28"": 621, ""n_29"": 623, ""n_3"": 621, ""n_30"": 624, ""n_31"": 622, ""n_32"": 624, ""n_33"": 613, ""n_34"": 623, ""n_35"": 623, ""n_36"": 624, ""n_37"": 618, ""n_38"": 621, ""n_39"": 607, ""n_4"": 629, ""n_40"": 35594, ""n_5"": 625, ""n_6"": 629, ""n_7"": 622, ""n_8"": 616, ""n_9"": 627}",631,626,621,629,625,629,622,616,627,628,623,629,623,628,620,619,629,624,627,624,625,624,619,621,624,616,627,621,623,624,622,624,613,623,623,624,618,621,607,35594,,,,,,,,,,
TS appendix,9,40,ok,200000,113666,86334,113466,69459,44007,1128.38461538,26929.728668,4.21341044311,0.242290743541,"{""n_1"": 1136, ""n_10"": 1133, ""n_11"": 1128, ""n_12"": 1134, ""n_13"": 1128, ""n_14"": 1133, ""n_15"": 1126, ""n_16"": 1125, ""n_17"": 1134, ""n_18"": 1129, ""n_19"": 1132, ""n_2"": 1131, ""n_20"": 1129, ""n_21"": 1130, ""n_22"": 1129, ""n_23"": 1125, ""n_24"": 1127, ""n_25"": 1129, ""n_26"": 1122, ""n_27"": 1132, ""n_28"": 1127, ""n_29"": 1128, ""n_3"": 1127, ""n_30"": 1129, ""n_31"": 1127, ""n_32"": 1129, ""n_33"": 1119, ""n_34"": 1128, ""n_35"": 1128, ""n_36"": 1129, ""n_37"": 1124, ""n_38"": 1127, ""n_39"": 1114, ""n_4"": 1134, ""n_40"": 69459, ""n_5"": 1130, ""n_6"": 1134, ""n_7"": 1127, ""n_8"": 1122, ""n_9"": 1132}",1136,1131,1127,1134,1130,1134,1127,1122,1132,1133,1128,1134,1128,1133,1126,1125,1134,1129,1132,1129,1130,1129,1125,1127,1129,1122,1132,1127,1128,1129,1127,1129,1119,1128,1128,1129,1124,1127,1114,69459,,,,,,,,,,
TS direct,9,40,ok,200000,83202,116798,83002,49982,33020,846.666666667,26929.728668,3.08216993283,0.280000000044,"{""n_1"": 853, ""n_10"": 851, ""n_11"": 847, ""n_12"": 851, ""n_13"": 847, ""n_14"": 851, ""n_15"": 844, ""n_16"": 844, ""n_17"": 851, ""n_18"": 847, ""n_19"": 850, ""n_2"": 849, ""n_20"": 847, ""n_21"": 848, ""n_22"": 847, ""n_23"": 844, ""n_24"": 845, ""n_25"": 847, ""n_26"": 841, ""n_27"": 850, ""n_28"": 845, ""n_29"": 847, ""n_3"": 845, ""n_30"": 847, ""n_31"": 846, ""n_32"": 847, ""n_33"": 839, ""n_34"": 847, ""n_35"": 847, ""n_36"": 847, ""n_37"": 843, ""n_38"": 845, ""n_39"": 834, ""n_4"": 851, ""n_40"": 49982, ""n_5"": 848, ""n_6"": 851, ""n_7"": 846, ""n_8"": 841, ""n_9"": 850}",853,849,845,851,848,851,846,841,850,851,847,851,847,851,844,844,851,847,850,847,848,847,844,845,847,841,850,845,847,847,846,847,839,847,847,847,843,845,834,49982,,,,,,,,,,
UCB appendix,9,50,ok,200000,81794,118206,81544,48730,32814,669.673469388,29009.1708178,2.81097314061,0.195913593059,"{""n_1"": 678, ""n_10"": 673, ""n_11"": 673, ""n_12"": 679, ""n_13"": 668, ""n_14"": 674, ""n_15"": 675, ""n_16"": 669, ""n_17"": 666, ""n_18"": 677, ""n_19"": 676, ""n_2"": 674, ""n_20"": 664, ""n_21"": 676, ""n_22"": 670, ""n_23"": 670, ""n_24"": 674, ""n_25"": 670, ""n_26"": 669, ""n_27"": 664, ""n_28"": 670, ""n_29"": 672, ""n_3"": 672, ""n_30"": 665, ""n_31"": 672, ""n_32"": 674, ""n_33"": 665, ""n_34"": 673, ""n_35"": 659, ""n_36"": 659, ""n_37"": 668, ""n_38"": 668, ""n_39"": 669, ""n_4"": 668, ""n_40"": 669, ""n_41"": 665, ""n_42"": 666, ""n_43"": 669, ""n_44"": 662, ""n_45"": 661, ""n_46"": 668, ""n_47"": 666, ""n_48"": 663, ""n_49"": 667, ""n_5"": 673, ""n_50"": 48730, ""n_6"": 678, ""n_7"": 678, ""n_8"": 666, ""n_9"": 670}",678,674,672,668,673,678,678,666,670,673,673,679,668,674,675,669,666,677,676,664,676,670,670,674,670,669,664,670,672,665,672,674,665,673,659,659,668,668,669,669,665,666,669,662,661,668,666,663,667,48730
UCB direct,9,50,ok,200000,64657,135343,64407,38016,26391,538.591836735,29009.1708178,2.22022892018,0.231870848858,"{""n_1"": 546, ""n_10"": 541, ""n_11"": 541, ""n_12"": 547, ""n_13"": 537, ""n_14"": 542, ""n_15"": 543, ""n_16"": 538, ""n_17"": 536, ""n_18"": 545, ""n_19"": 544, ""n_2"": 542, ""n_20"": 534, ""n_21"": 544, ""n_22"": 539, ""n_23"": 539, ""n_24"": 542, ""n_25"": 539, ""n_26"": 538, ""n_27"": 534, ""n_28"": 539, ""n_29"": 540, ""n_3"": 540, ""n_30"": 535, ""n_31"": 540, ""n_32"": 542, ""n_33"": 535, ""n_34"": 541, ""n_35"": 529, ""n_36"": 529, ""n_37"": 537, ""n_38"": 537, ""n_39"": 538, ""n_4"": 537, ""n_40"": 538, ""n_41"": 535, ""n_42"": 536, ""n_43"": 538, ""n_44"": 532, ""n_45"": 531, ""n_46"": 537, ""n_47"": 536, ""n_48"": 533, ""n_49"": 537, ""n_5"": 541, ""n_50"": 38016, ""n_6"": 546, ""n_7"": 546, ""n_8"": 536, ""n_9"": 539}",546,542,540,537,541,546,546,536,539,541,541,547,537,542,543,538,536,545,544,534,544,539,539,542,539,538,534,539,540,535,540,542,535,541,529,529,537,537,538,538,535,536,538,532,531,537,536,533,537,38016
TS appendix,9,50,ok,200000,124622,75378,124372,75371,49001,1000.02040816,29009.1708178,4.28733384974,0.258339257354,"{""n_1"": 1007, ""n_10"": 1002, ""n_11"": 1002, ""n_12"": 1007, ""n_13"": 999, ""n_14"": 1003, ""n_15"": 1004, ""n_16"": 1000, ""n_17"": 997, ""n_18"": 1006, ""n_19"": 1005, ""n_2"": 1003, ""n_20"": 996, ""n_21"": 1005, ""n_22"": 1001, ""n_23"": 1001, ""n_24"": 1003, ""n_25"": 1001, ""n_26"": 1000, ""n_27"": 996, ""n_28"": 1001, ""n_29"": 1001, ""n_3"": 1001, ""n_30"": 996, ""n_31"": 1001, ""n_32"": 1003, ""n_33"": 996, ""n_34"": 1002, ""n_35"": 991, ""n_36"": 991, ""n_37"": 999, ""n_38"": 999, ""n_39"": 1000, ""n_4"": 999, ""n_40"": 1000, ""n_41"": 996, ""n_42"": 997, ""n_43"": 1000, ""n_44"": 994, ""n_45"": 993, ""n_46"": 999, ""n_47"": 997, ""n_48"": 995, ""n_49"": 998, ""n_5"": 1002, ""n_50"": 75371, ""n_6"": 1007, ""n_7"": 1007, ""n_8"": 997, ""n_9"": 1001}",1007,1003,1001,999,1002,1007,1007,997,1001,1002,1002,1007,999,1003,1004,1000,997,1006,1005,996,1005,1001,1001,1003,1001,1000,996,1001,1001,996,1001,1003,996,1002,991,991,999,999,1000,1000,996,997,1000,994,993,999,997,995,998,75371
TS direct,9,50,ok,200000,88922,111078,88672,52346,36326,741.346938776,29009.1708178,3.05668854022,0.30035000004,"{""n_1"": 747, ""n_10"": 743, ""n_11"": 743, ""n_12"": 748, ""n_13"": 740, ""n_14"": 744, ""n_15"": 745, ""n_16"": 741, ""n_17"": 739, ""n_18"": 746, ""n_19"": 746, ""n_2"": 744, ""n_20"": 738, ""n_21"": 746, ""n_22"": 742, ""n_23"": 742, ""n_24"": 744, ""n_25"": 742, ""n_26"": 741, ""n_27"": 738, ""n_28"": 742, ""n_29"": 743, ""n_3"": 743, ""n_30"": 738, ""n_31"": 743, ""n_32"": 744, ""n_33"": 738, ""n_34"": 743, ""n_35"": 734, ""n_36"": 734, ""n_37"": 740, ""n_38"": 740, ""n_39"": 741, ""n_4"": 740, ""n_40"": 741, ""n_41"": 738, ""n_42"": 739, ""n_43"": 741, ""n_44"": 736, ""n_45"": 735, ""n_46"": 740, ""n_47"": 739, ""n_48"": 737, ""n_49"": 740, ""n_5"": 743, ""n_50"": 52346, ""n_6"": 747, ""n_7"": 747, ""n_8"": 739, ""n_9"": 742}",747,744,743,740,743,747,747,739,742,743,743,748,740,744,745,741,739,746,746,738,746,742,742,744,742,741,738,742,743,738,743,744,738,743,734,734,740,740,741,741,738,739,741,736,735,740,739,737,740,52346
