algorithm,repeat,status,T,T0,H,Cost_n,target_online_ratio,non_target_online_pulls,S_T,normalized_cost,z_star,mu_minus_K,epsilon,legality_check,allocation_json,online_counts_json,n_1,n_2,n_3,n_4,n_5,n_6,n_7,n_8,n_9,n_10,N_on_1,N_on_2,N_on_3,N_on_4,N_on_5,N_on_6,N_on_7,N_on_8,N_on_9,N_on_10
UCB appendix,0,ok,100000,26284,73716,26234,1,0,10480.8192431,2.50304860636,0.136523640349,0,0,certificate,"{""n_1"": 1166, ""n_10"": 15811, ""n_2"": 1160, ""n_3"": 1170, ""n_4"": 1163, ""n_5"": 1159, ""n_6"": 1132, ""n_7"": 1168, ""n_8"": 1152, ""n_9"": 1153}","{""N_on_1"": 0, ""N_on_10"": 73716, ""N_on_2"": 0, ""N_on_3"": 0, ""N_on_4"": 0, ""N_on_5"": 0, ""N_on_6"": 0, ""N_on_7"": 0, ""N_on_8"": 0, ""N_on_9"": 0}",1166,1160,1170,1163,1159,1132,1168,1152,1153,15811,0,0,0,0,0,0,0,0,0,73716
UCB direct,0,ok,100000,22467,77533,22417,1,0,10480.8192431,2.13885951852,0.163808939061,0,0,certificate,"{""n_1"": 1014, ""n_10"": 13355, ""n_2"": 1009, ""n_3"": 1018, ""n_4"": 1012, ""n_5"": 1008, ""n_6"": 982, ""n_7"": 1016, ""n_8"": 1001, ""n_9"": 1002}","{""N_on_1"": 0, ""N_on_10"": 77533, ""N_on_2"": 0, ""N_on_3"": 0, ""N_on_4"": 0, ""N_on_5"": 0, ""N_on_6"": 0, ""N_on_7"": 0, ""N_on_8"": 0, ""N_on_9"": 0}",1014,1009,1018,1012,1008,982,1016,1001,1002,13355,0,0,0,0,0,0,0,0,0,77533
TS appendix,0,ok,100000,41931,58069,41881,1,0,10480.8192431,3.99596625307,0.189346925305,0,0,certificate,"{""n_1"": 1690, ""n_10"": 26732, ""n_2"": 1685, ""n_3"": 1693, ""n_4"": 1687, ""n_5"": 1684, ""n_6"": 1662, ""n_7"": 1691, ""n_8"": 1678, ""n_9"": 1679}","{""N_on_1"": 0, ""N_on_10"": 58069, ""N_on_2"": 0, ""N_on_3"": 0, ""N_on_4"": 0, ""N_on_5"": 0, ""N_on_6"": 0, ""N_on_7"": 0, ""N_on_8"": 0, ""N_on_9"": 0}",1690,1685,1693,1687,1684,1662,1691,1678,1679,26732,0,0,0,0,0,0,0,0,0,58069
TS direct,0,ok,100000,33053,66947,33003,1,0,10480.8192431,3.14889506578,0.211300000058,0,0,certificate,"{""n_1"": 1359, ""n_10"": 20823, ""n_2"": 1355, ""n_3"": 1362, ""n_4"": 1357, ""n_5"": 1354, ""n_6"": 1334, ""n_7"": 1360, ""n_8"": 1349, ""n_9"": 1350}","{""N_on_1"": 0, ""N_on_10"": 66947, ""N_on_2"": 0, ""N_on_3"": 0, ""N_on_4"": 0, ""N_on_5"": 0, ""N_on_6"": 0, ""N_on_7"": 0, ""N_on_8"": 0, ""N_on_9"": 0}",1359,1355,1362,1357,1354,1334,1360,1349,1350,20823,0,0,0,0,0,0,0,0,0,66947
UCB clean,0,ok,100000,50,99950,0,0.000310155077539,99919,10480.8192431,0,,,,clean_no_attack,"{""n_1"": 0, ""n_10"": 0, ""n_2"": 0, ""n_3"": 0, ""n_4"": 0, ""n_5"": 0, ""n_6"": 0, ""n_7"": 0, ""n_8"": 0, ""n_9"": 0}","{""N_on_1"": 69685, ""N_on_10"": 31, ""N_on_2"": 7530, ""N_on_3"": 5722, ""N_on_4"": 4055, ""N_on_5"": 4575, ""N_on_6"": 3289, ""N_on_7"": 2266, ""N_on_8"": 2013, ""N_on_9"": 784}",0,0,0,0,0,0,0,0,0,0,69685,7530,5722,4055,4575,3289,2266,2013,784,31
TS clean,0,ok,100000,50,99950,0,0.000170085042521,99933,10480.8192431,0,,,,clean_no_attack,"{""n_1"": 0, ""n_10"": 0, ""n_2"": 0, ""n_3"": 0, ""n_4"": 0, ""n_5"": 0, ""n_6"": 0, ""n_7"": 0, ""n_8"": 0, ""n_9"": 0}","{""N_on_1"": 85553, ""N_on_10"": 17, ""N_on_2"": 3725, ""N_on_3"": 2108, ""N_on_4"": 2188, ""N_on_5"": 2093, ""N_on_6"": 1520, ""N_on_7"": 1269, ""N_on_8"": 1069, ""N_on_9"": 408}",0,0,0,0,0,0,0,0,0,0,85553,3725,2108,2188,2093,1520,1269,1069,408,17
UCB appendix,0,ok,250000,48761,201239,48711,1,0,19804.9881347,2.45953189514,0.107135984808,0,0,certificate,"{""n_1"": 2090, ""n_10"": 29998, ""n_2"": 2082, ""n_3"": 2095, ""n_4"": 2086, ""n_5"": 2080, ""n_6"": 2045, ""n_7"": 2091, ""n_8"": 2071, ""n_9"": 2073}","{""N_on_1"": 0, ""N_on_10"": 201239, ""N_on_2"": 0, ""N_on_3"": 0, ""N_on_4"": 0, ""N_on_5"": 0, ""N_on_6"": 0, ""N_on_7"": 0, ""N_on_8"": 0, ""N_on_9"": 0}",2090,2082,2095,2086,2080,2045,2091,2071,2073,29998,0,0,0,0,0,0,0,0,0,201239
UCB direct,0,ok,250000,43276,206724,43226,1,0,19804.9881347,2.18258146413,0.12471077226,0,0,certificate,"{""n_1"": 1864, ""n_10"": 26537, ""n_2"": 1857, ""n_3"": 1869, ""n_4"": 1861, ""n_5"": 1855, ""n_6"": 1822, ""n_7"": 1866, ""n_8"": 1847, ""n_9"": 1848}","{""N_on_1"": 0, ""N_on_10"": 206724, ""N_on_2"": 0, ""N_on_3"": 0, ""N_on_4"": 0, ""N_on_5"": 0, ""N_on_6"": 0, ""N_on_7"": 0, ""N_on_8"": 0, ""N_on_9"": 0}",1864,1857,1869,1861,1855,1822,1866,1847,1848,26537,0,0,0,0,0,0,0,0,0,206724
TS appendix,0,ok,250000,74746,175254,74696,1,0,19804.9881347,3.77157509472,0.147735612194,0,0,certificate,"{""n_1"": 2929, ""n_10"": 48412, ""n_2"": 2923, ""n_3"": 2933, ""n_4"": 2926, ""n_5"": 2921, ""n_6"": 2893, ""n_7"": 2930, ""n_8"": 2914, ""n_9"": 2915}","{""N_on_1"": 0, ""N_on_10"": 175254, ""N_on_2"": 0, ""N_on_3"": 0, ""N_on_4"": 0, ""N_on_5"": 0, ""N_on_6"": 0, ""N_on_7"": 0, ""N_on_8"": 0, ""N_on_9"": 0}",2929,2923,2933,2926,2921,2893,2930,2914,2915,48412,0,0,0,0,0,0,0,0,0,175254
TS direct,0,ok,250000,62658,187342,62608,1,0,19804.9881347,3.16122380757,0.160900000068,0,0,certificate,"{""n_1"": 2472, ""n_10"": 40428, ""n_2"": 2467, ""n_3"": 2476, ""n_4"": 2469, ""n_5"": 2465, ""n_6"": 2439, ""n_7"": 2474, ""n_8"": 2458, ""n_9"": 2460}","{""N_on_1"": 0, ""N_on_10"": 187342, ""N_on_2"": 0, ""N_on_3"": 0, ""N_on_4"": 0, ""N_on_5"": 0, ""N_on_6"": 0, ""N_on_7"": 0, ""N_on_8"": 0, ""N_on_9"": 0}",2472,2467,2476,2469,2465,2439,2474,2458,2460,40428,0,0,0,0,0,0,0,0,0,187342
UCB clean,0,ok,250000,50,249950,0,0.000136027205441,249916,19804.9881347,0,,,,clean_no_attack,"{""n_1"": 0, ""n_10"": 0, ""n_2"": 0, ""n_3"": 0, ""n_4"": 0, ""n_5"": 0, ""n_6"": 0, ""n_7"": 0, ""n_8"": 0, ""n_9"": 0}","{""N_on_1"": 207743, ""N_on_10"": 34, ""N_on_2"": 11455, ""N_on_3"": 7764, ""N_on_4"": 5257, ""N_on_5"": 6291, ""N_on_6"": 4479, ""N_on_7"": 3127, ""N_on_8"": 2782, ""N_on_9"": 1018}",0,0,0,0,0,0,0,0,0,0,207743,11455,7764,5257,6291,4479,3127,2782,1018,34
TS clean,0,ok,250000,50,249950,0,7.60152030406e-05,249931,19804.9881347,0,,,,clean_no_attack,"{""n_1"": 0, ""n_10"": 0, ""n_2"": 0, ""n_3"": 0, ""n_4"": 0, ""n_5"": 0, ""n_6"": 0, ""n_7"": 0, ""n_8"": 0, ""n_9"": 0}","{""N_on_1"": 232155, ""N_on_10"": 19, ""N_on_2"": 4702, ""N_on_3"": 2686, ""N_on_4"": 2675, ""N_on_5"": 2601, ""N_on_6"": 1881, ""N_on_7"": 1510, ""N_on_8"": 1252, ""N_on_9"": 469}",0,0,0,0,0,0,0,0,0,0,232155,4702,2686,2675,2601,1881,1510,1252,469,19
UCB appendix,0,ok,500000,77999,422001,77949,1,0,32012.3352326,2.43496762837,0.0886438533286,0,0,certificate,"{""n_1"": 3270, ""n_10"": 48633, ""n_2"": 3261, ""n_3"": 3277, ""n_4"": 3265, ""n_5"": 3259, ""n_6"": 3215, ""n_7"": 3272, ""n_8"": 3247, ""n_9"": 3250}","{""N_on_1"": 0, ""N_on_10"": 422001, ""N_on_2"": 0, ""N_on_3"": 0, ""N_on_4"": 0, ""N_on_5"": 0, ""N_on_6"": 0, ""N_on_7"": 0, ""N_on_8"": 0, ""N_on_9"": 0}",3270,3261,3277,3265,3259,3215,3272,3247,3250,48633,0,0,0,0,0,0,0,0,0,422001
UCB direct,0,ok,500000,70797,429203,70747,1,0,32012.3352326,2.20999185114,0.100801314431,0,0,certificate,"{""n_1"": 2989, ""n_10"": 43958, ""n_2"": 2980, ""n_3"": 2995, ""n_4"": 2984, ""n_5"": 2978, ""n_6"": 2936, ""n_7"": 2991, ""n_8"": 2967, ""n_9"": 2969}","{""N_on_1"": 0, ""N_on_10"": 429203, ""N_on_2"": 0, ""N_on_3"": 0, ""N_on_4"": 0, ""N_on_5"": 0, ""N_on_6"": 0, ""N_on_7"": 0, ""N_on_8"": 0, ""N_on_9"": 0}",2989,2980,2995,2984,2978,2936,2991,2967,2969,43958,0,0,0,0,0,0,0,0,0,429203
TS appendix,0,ok,500000,116639,383361,116589,1,0,32012.3352326,3.64200234544,0.121603836928,0,0,certificate,"{""n_1"": 4497, ""n_10"": 76212, ""n_2"": 4489, ""n_3"": 4502, ""n_4"": 4493, ""n_5"": 4487, ""n_6"": 4453, ""n_7"": 4498, ""n_8"": 4478, ""n_9"": 4480}","{""N_on_1"": 0, ""N_on_10"": 383361, ""N_on_2"": 0, ""N_on_3"": 0, ""N_on_4"": 0, ""N_on_5"": 0, ""N_on_6"": 0, ""N_on_7"": 0, ""N_on_8"": 0, ""N_on_9"": 0}",4497,4489,4502,4493,4487,4453,4498,4478,4480,76212,0,0,0,0,0,0,0,0,0,383361
TS direct,0,ok,500000,101315,398685,101265,1,0,32012.3352326,3.16331186914,0.130000000074,0,0,certificate,"{""n_1"": 3937, ""n_10"": 65914, ""n_2"": 3931, ""n_3"": 3942, ""n_4"": 3934, ""n_5"": 3929, ""n_6"": 3897, ""n_7"": 3939, ""n_8"": 3920, ""n_9"": 3922}","{""N_on_1"": 0, ""N_on_10"": 398685, ""N_on_2"": 0, ""N_on_3"": 0, ""N_on_4"": 0, ""N_on_5"": 0, ""N_on_6"": 0, ""N_on_7"": 0, ""N_on_8"": 0, ""N_on_9"": 0}",3937,3931,3942,3934,3929,3897,3939,3920,3922,65914,0,0,0,0,0,0,0,0,0,398685
UCB clean,0,ok,500000,50,499950,0,7.20072007201e-05,499914,32012.3352326,0,,,,clean_no_attack,"{""n_1"": 0, ""n_10"": 0, ""n_2"": 0, ""n_3"": 0, ""n_4"": 0, ""n_5"": 0, ""n_6"": 0, ""n_7"": 0, ""n_8"": 0, ""n_9"": 0}","{""N_on_1"": 449346, ""N_on_10"": 36, ""N_on_2"": 13805, ""N_on_3"": 9543, ""N_on_4"": 6364, ""N_on_5"": 7688, ""N_on_6"": 5335, ""N_on_7"": 3520, ""N_on_8"": 3216, ""N_on_9"": 1097}",0,0,0,0,0,0,0,0,0,0,449346,13805,9543,6364,7688,5335,3520,3216,1097,36
TS clean,0,ok,500000,50,499950,0,3.800380038e-05,499931,32012.3352326,0,,,,clean_no_attack,"{""n_1"": 0, ""n_10"": 0, ""n_2"": 0, ""n_3"": 0, ""n_4"": 0, ""n_5"": 0, ""n_6"": 0, ""n_7"": 0, ""n_8"": 0, ""n_9"": 0}","{""N_on_1"": 479675, ""N_on_10"": 19, ""N_on_2"": 5422, ""N_on_3"": 2998, ""N_on_4"": 3068, ""N_on_5"": 3015, ""N_on_6"": 2135, ""N_on_7"": 1693, ""N_on_8"": 1395, ""N_on_9"": 530}",0,0,0,0,0,0,0,0,0,0,479675,5422,2998,3068,3015,2135,1693,1395,530,19
UCB appendix,0,ok,1000000,124950,875050,124900,1,0,51695.8459325,2.41605486373,0.0730173353144,0,0,certificate,"{""n_1"": 5141, ""n_10"": 78769, ""n_2"": 5130, ""n_3"": 5150, ""n_4"": 5136, ""n_5"": 5127, ""n_6"": 5074, ""n_7"": 5144, ""n_8"": 5113, ""n_9"": 5116}","{""N_on_1"": 0, ""N_on_10"": 875050, ""N_on_2"": 0, ""N_on_3"": 0, ""N_on_4"": 0, ""N_on_5"": 0, ""N_on_6"": 0, ""N_on_7"": 0, ""N_on_8"": 0, ""N_on_9"": 0}",5141,5130,5150,5136,5127,5074,5144,5113,5116,78769,0,0,0,0,0,0,0,0,0,875050
UCB direct,0,ok,1000000,115513,884487,115463,1,0,51695.8459325,2.23350634693,0.0816440329138,0,0,certificate,"{""n_1"": 4767, ""n_10"": 72694, ""n_2"": 4756, ""n_3"": 4775, ""n_4"": 4762, ""n_5"": 4754, ""n_6"": 4702, ""n_7"": 4770, ""n_8"": 4740, ""n_9"": 4743}","{""N_on_1"": 0, ""N_on_10"": 884487, ""N_on_2"": 0, ""N_on_3"": 0, ""N_on_4"": 0, ""N_on_5"": 0, ""N_on_6"": 0, ""N_on_7"": 0, ""N_on_8"": 0, ""N_on_9"": 0}",4767,4756,4775,4762,4754,4702,4770,4740,4743,72694,0,0,0,0,0,0,0,0,0,884487
TS appendix,0,ok,1000000,182948,817052,182898,1,0,51695.8459325,3.53796319029,0.0996113258489,0,0,certificate,"{""n_1"": 6963, ""n_10"": 120343, ""n_2"": 6954, ""n_3"": 6969, ""n_4"": 6958, ""n_5"": 6952, ""n_6"": 6910, ""n_7"": 6965, ""n_8"": 6941, ""n_9"": 6943}","{""N_on_1"": 0, ""N_on_10"": 817052, ""N_on_2"": 0, ""N_on_3"": 0, ""N_on_4"": 0, ""N_on_5"": 0, ""N_on_6"": 0, ""N_on_7"": 0, ""N_on_8"": 0, ""N_on_9"": 0}",6963,6954,6969,6958,6952,6910,6965,6941,6943,120343,0,0,0,0,0,0,0,0,0,817052
TS direct,0,ok,1000000,163476,836524,163426,1,0,51695.8459325,3.16129849608,0.105200000079,0,0,certificate,"{""n_1"": 6246, ""n_10"": 107319, ""n_2"": 6237, ""n_3"": 6252, ""n_4"": 6242, ""n_5"": 6235, ""n_6"": 6195, ""n_7"": 6248, ""n_8"": 6225, ""n_9"": 6227}","{""N_on_1"": 0, ""N_on_10"": 836524, ""N_on_2"": 0, ""N_on_3"": 0, ""N_on_4"": 0, ""N_on_5"": 0, ""N_on_6"": 0, ""N_on_7"": 0, ""N_on_8"": 0, ""N_on_9"": 0}",6246,6237,6252,6242,6235,6195,6248,6225,6227,107319,0,0,0,0,0,0,0,0,0,836524
UCB clean,0,ok,1000000,50,999950,0,3.90019500975e-05,999911,51695.8459325,0,,,,clean_no_attack,"{""n_1"": 0, ""n_10"": 0, ""n_2"": 0, ""n_3"": 0, ""n_4"": 0, ""n_5"": 0, ""n_6"": 0, ""n_7"": 0, ""n_8"": 0, ""n_9"": 0}","{""N_on_1"": 942442, ""N_on_10"": 39, ""N_on_2"": 16164, ""N_on_3"": 11116, ""N_on_4"": 7091, ""N_on_5"": 8504, ""N_on_6"": 5964, ""N_on_7"": 3939, ""N_on_8"": 3528, ""N_on_9"": 1163}",0,0,0,0,0,0,0,0,0,0,942442,16164,11116,7091,8504,5964,3939,3528,1163,39
TS clean,0,ok,1000000,50,999950,0,2.2001100055e-05,999928,51695.8459325,0,,,,clean_no_attack,"{""n_1"": 0, ""n_10"": 0, ""n_2"": 0, ""n_3"": 0, ""n_4"": 0, ""n_5"": 0, ""n_6"": 0, ""n_7"": 0, ""n_8"": 0, ""n_9"": 0}","{""N_on_1"": 977329, ""N_on_10"": 22, ""N_on_2"": 6122, ""N_on_3"": 3310, ""N_on_4"": 3401, ""N_on_5"": 3415, ""N_on_6"": 2368, ""N_on_7"": 1878, ""N_on_8"": 1533, ""N_on_9"": 572}",0,0,0,0,0,0,0,0,0,0,977329,6122,3310,3401,3415,2368,1878,1533,572,22
UCB appendix,0,ok,2500000,233338,2266662,233288,1,0,97284.8670799,2.39798857728,0.0561787745234,0,0,certificate,"{""n_1"": 9407, ""n_10"": 148807, ""n_2"": 9393, ""n_3"": 9418, ""n_4"": 9400, ""n_5"": 9389, ""n_6"": 9319, ""n_7"": 9411, ""n_8"": 9370, ""n_9"": 9374}","{""N_on_1"": 0, ""N_on_10"": 2266662, ""N_on_2"": 0, ""N_on_3"": 0, ""N_on_4"": 0, ""N_on_5"": 0, ""N_on_6"": 0, ""N_on_7"": 0, ""N_on_8"": 0, ""N_on_9"": 0}",9407,9393,9418,9400,9389,9319,9411,9370,9374,148807,0,0,0,0,0,0,0,0,0,2266662
UCB direct,0,ok,2500000,219873,2280127,219823,1,0,97284.8670799,2.25958061719,0.0615015761605,0,0,certificate,"{""n_1"": 8903, ""n_10"": 139879, ""n_2"": 8888, ""n_3"": 8913, ""n_4"": 8896, ""n_5"": 8885, ""n_6"": 8816, ""n_7"": 8906, ""n_8"": 8867, ""n_9"": 8870}","{""N_on_1"": 0, ""N_on_10"": 2280127, ""N_on_2"": 0, ""N_on_3"": 0, ""N_on_4"": 0, ""N_on_5"": 0, ""N_on_6"": 0, ""N_on_7"": 0, ""N_on_8"": 0, ""N_on_9"": 0}",8903,8888,8913,8896,8885,8816,8906,8867,8870,139879,0,0,0,0,0,0,0,0,0,2280127
TS appendix,0,ok,2500000,333731,2166269,333681,1,0,97284.8670799,3.42993735835,0.0760619384034,0,0,certificate,"{""n_1"": 12542, ""n_10"": 220949, ""n_2"": 12530, ""n_3"": 12551, ""n_4"": 12536, ""n_5"": 12527, ""n_6"": 12472, ""n_7"": 12545, ""n_8"": 12513, ""n_9"": 12516}","{""N_on_1"": 0, ""N_on_10"": 2166269, ""N_on_2"": 0, ""N_on_3"": 0, ""N_on_4"": 0, ""N_on_5"": 0, ""N_on_6"": 0, ""N_on_7"": 0, ""N_on_8"": 0, ""N_on_9"": 0}",12542,12530,12551,12536,12527,12472,12545,12513,12516,220949,0,0,0,0,0,0,0,0,0,2166269
TS direct,0,ok,2500000,306932,2193068,306882,1,0,97284.8670799,3.1544679991,0.0791500000842,0,0,certificate,"{""n_1"": 11585, ""n_10"": 202755, ""n_2"": 11574, ""n_3"": 11594, ""n_4"": 11580, ""n_5"": 11571, ""n_6"": 11518, ""n_7"": 11588, ""n_8"": 11557, ""n_9"": 11560}","{""N_on_1"": 0, ""N_on_10"": 2193068, ""N_on_2"": 0, ""N_on_3"": 0, ""N_on_4"": 0, ""N_on_5"": 0, ""N_on_6"": 0, ""N_on_7"": 0, ""N_on_8"": 0, ""N_on_9"": 0}",11585,11574,11594,11580,11571,11518,11588,11557,11560,202755,0,0,0,0,0,0,0,0,0,2193068
UCB clean,0,ok,2500000,50,2499950,0,1.68003360067e-05,2499908,97284.8670799,0,,,,clean_no_attack,"{""n_1"": 0, ""n_10"": 0, ""n_2"": 0, ""n_3"": 0, ""n_4"": 0, ""n_5"": 0, ""n_6"": 0, ""n_7"": 0, ""n_8"": 0, ""n_9"": 0}","{""N_on_1"": 2432232, ""N_on_10"": 42, ""N_on_2"": 20905, ""N_on_3"": 12858, ""N_on_4"": 8113, ""N_on_5"": 9404, ""N_on_6"": 6805, ""N_on_7"": 4442, ""N_on_8"": 3884, ""N_on_9"": 1265}",0,0,0,0,0,0,0,0,0,0,2432232,20905,12858,8113,9404,6805,4442,3884,1265,42
TS clean,0,ok,2500000,50,2499950,0,9.20018400368e-06,2499927,97284.8670799,0,,,,clean_no_attack,"{""n_1"": 0, ""n_10"": 0, ""n_2"": 0, ""n_3"": 0, ""n_4"": 0, ""n_5"": 0, ""n_6"": 0, ""n_7"": 0, ""n_8"": 0, ""n_9"": 0}","{""N_on_1"": 2473816, ""N_on_10"": 23, ""N_on_2"": 7296, ""N_on_3"": 3754, ""N_on_4"": 3827, ""N_on_5"": 4065, ""N_on_6"": 2687, ""N_on_7"": 2165, ""N_on_8"": 1680, ""N_on_9"": 637}",0,0,0,0,0,0,0,0,0,0,2473816,7296,3754,3827,4065,2687,2165,1680,637,23
UCB appendix,0,ok,5000000,374576,4625424,374526,1,0,156815.111138,2.38832850535,0.0459021553065,0,0,certificate,"{""n_1"": 14911, ""n_10"": 240553, ""n_2"": 14893, ""n_3"": 14925, ""n_4"": 14902, ""n_5"": 14888, ""n_6"": 14802, ""n_7"": 14916, ""n_8"": 14866, ""n_9"": 14870}","{""N_on_1"": 0, ""N_on_10"": 4625424, ""N_on_2"": 0, ""N_on_3"": 0, ""N_on_4"": 0, ""N_on_5"": 0, ""N_on_6"": 0, ""N_on_7"": 0, ""N_on_8"": 0, ""N_on_9"": 0}",14911,14893,14925,14902,14888,14802,14916,14866,14870,240553,0,0,0,0,0,0,0,0,0,4625424
UCB direct,0,ok,5000000,356990,4643010,356940,1,0,156815.111138,2.27618370073,0.0496781009536,0,0,certificate,"{""n_1"": 14237, ""n_10"": 229031, ""n_2"": 14219, ""n_3"": 14250, ""n_4"": 14228, ""n_5"": 14215, ""n_6"": 14130, ""n_7"": 14241, ""n_8"": 14192, ""n_9"": 14197}","{""N_on_1"": 0, ""N_on_10"": 4643010, ""N_on_2"": 0, ""N_on_3"": 0, ""N_on_4"": 0, ""N_on_5"": 0, ""N_on_6"": 0, ""N_on_7"": 0, ""N_on_8"": 0, ""N_on_9"": 0}",14237,14219,14250,14228,14215,14130,14241,14192,14197,229031,0,0,0,0,0,0,0,0,0,4643010
TS appendix,0,ok,5000000,527770,4472230,527720,1,0,156815.111138,3.3652369097,0.0617952831691,0,0,certificate,"{""n_1"": 19696, ""n_10"": 350634, ""n_2"": 19682, ""n_3"": 19707, ""n_4"": 19689, ""n_5"": 19678, ""n_6"": 19610, ""n_7"": 19700, ""n_8"": 19660, ""n_9"": 19664}","{""N_on_1"": 0, ""N_on_10"": 4472230, ""N_on_2"": 0, ""N_on_3"": 0, ""N_on_4"": 0, ""N_on_5"": 0, ""N_on_6"": 0, ""N_on_7"": 0, ""N_on_8"": 0, ""N_on_9"": 0}",19696,19682,19707,19689,19678,19610,19700,19660,19664,350634,0,0,0,0,0,0,0,0,0,4472230
TS direct,0,ok,5000000,493601,4506399,493551,1,0,156815.111138,3.14734336773,0.0638000000872,0,0,certificate,"{""n_1"": 18481, ""n_10"": 327396, ""n_2"": 18467, ""n_3"": 18491, ""n_4"": 18474, ""n_5"": 18464, ""n_6"": 18398, ""n_7"": 18484, ""n_8"": 18446, ""n_9"": 18450}","{""N_on_1"": 0, ""N_on_10"": 4506399, ""N_on_2"": 0, ""N_on_3"": 0, ""N_on_4"": 0, ""N_on_5"": 0, ""N_on_6"": 0, ""N_on_7"": 0, ""N_on_8"": 0, ""N_on_9"": 0}",18481,18467,18491,18474,18464,18398,18484,18446,18450,327396,0,0,0,0,0,0,0,0,0,4506399
UCB clean,0,ok,5000000,50,4999950,0,8.80008800088e-06,4999906,156815.111138,0,,,,clean_no_attack,"{""n_1"": 0, ""n_10"": 0, ""n_2"": 0, ""n_3"": 0, ""n_4"": 0, ""n_5"": 0, ""n_6"": 0, ""n_7"": 0, ""n_8"": 0, ""n_9"": 0}","{""N_on_1"": 4925901, ""N_on_10"": 44, ""N_on_2"": 22849, ""N_on_3"": 14300, ""N_on_4"": 8951, ""N_on_5"": 9989, ""N_on_6"": 7504, ""N_on_7"": 4733, ""N_on_8"": 4339, ""N_on_9"": 1340}",0,0,0,0,0,0,0,0,0,0,4925901,22849,14300,8951,9989,7504,4733,4339,1340,44
TS clean,0,ok,5000000,50,4999950,0,5.60005600056e-06,4999922,156815.111138,0,,,,clean_no_attack,"{""n_1"": 0, ""n_10"": 0, ""n_2"": 0, ""n_3"": 0, ""n_4"": 0, ""n_5"": 0, ""n_6"": 0, ""n_7"": 0, ""n_8"": 0, ""n_9"": 0}","{""N_on_1"": 4970599, ""N_on_10"": 28, ""N_on_2"": 8344, ""N_on_3"": 4244, ""N_on_4"": 4197, ""N_on_5"": 4776, ""N_on_6"": 2929, ""N_on_7"": 2315, ""N_on_8"": 1826, ""N_on_9"": 692}",0,0,0,0,0,0,0,0,0,0,4970599,8344,4244,4197,4776,2929,2315,1826,692,28
UCB appendix,0,ok,10000000,601580,9398420,601530,1,0,252602.65421,2.38132889728,0.037404000537,0,0,certificate,"{""n_1"": 23693, ""n_10"": 388575, ""n_2"": 23670, ""n_3"": 23710, ""n_4"": 23682, ""n_5"": 23665, ""n_6"": 23558, ""n_7"": 23698, ""n_8"": 23637, ""n_9"": 23642}","{""N_on_1"": 0, ""N_on_10"": 9398420, ""N_on_2"": 0, ""N_on_3"": 0, ""N_on_4"": 0, ""N_on_5"": 0, ""N_on_6"": 0, ""N_on_7"": 0, ""N_on_8"": 0, ""N_on_9"": 0}",23693,23670,23710,23682,23665,23558,23698,23637,23642,388575,0,0,0,0,0,0,0,0,0,9398420
UCB direct,0,ok,10000000,578646,9421354,578596,1,0,252602.65421,2.29053808563,0.0400883062563,0,0,certificate,"{""n_1"": 22783, ""n_10"": 373825, ""n_2"": 22761, ""n_3"": 22800, ""n_4"": 22772, ""n_5"": 22755, ""n_6"": 22650, ""n_7"": 22789, ""n_8"": 22728, ""n_9"": 22733}","{""N_on_1"": 0, ""N_on_10"": 9421354, ""N_on_2"": 0, ""N_on_3"": 0, ""N_on_4"": 0, ""N_on_5"": 0, ""N_on_6"": 0, ""N_on_7"": 0, ""N_on_8"": 0, ""N_on_9"": 0}",22783,22761,22800,22772,22755,22650,22789,22728,22733,373825,0,0,0,0,0,0,0,0,0,9421354
TS appendix,0,ok,10000000,836629,9163371,836579,1,0,252602.65421,3.31183772639,0.0500760132597,0,0,certificate,"{""n_1"": 31060, ""n_10"": 557261, ""n_2"": 31042, ""n_3"": 31073, ""n_4"": 31051, ""n_5"": 31038, ""n_6"": 30954, ""n_7"": 31064, ""n_8"": 31016, ""n_9"": 31020}","{""N_on_1"": 0, ""N_on_10"": 9163371, ""N_on_2"": 0, ""N_on_3"": 0, ""N_on_4"": 0, ""N_on_5"": 0, ""N_on_6"": 0, ""N_on_7"": 0, ""N_on_8"": 0, ""N_on_9"": 0}",31060,31042,31073,31051,31038,30954,31064,31016,31020,557261,0,0,0,0,0,0,0,0,0,9163371
TS direct,0,ok,10000000,793017,9206983,792967,1,0,252602.65421,3.13918712565,0.0514000000897,0,0,certificate,"{""n_1"": 29484, ""n_10"": 527828, ""n_2"": 29467, ""n_3"": 29497, ""n_4"": 29475, ""n_5"": 29462, ""n_6"": 29380, ""n_7"": 29488, ""n_8"": 29441, ""n_9"": 29445}","{""N_on_1"": 0, ""N_on_10"": 9206983, ""N_on_2"": 0, ""N_on_3"": 0, ""N_on_4"": 0, ""N_on_5"": 0, ""N_on_6"": 0, ""N_on_7"": 0, ""N_on_8"": 0, ""N_on_9"": 0}",29484,29467,29497,29475,29462,29380,29488,29441,29445,527828,0,0,0,0,0,0,0,0,0,9206983
UCB clean,0,ok,10000000,50,9999950,0,4.60002300012e-06,9999904,252602.65421,0,,,,clean_no_attack,"{""n_1"": 0, ""n_10"": 0, ""n_2"": 0, ""n_3"": 0, ""n_4"": 0, ""n_5"": 0, ""n_6"": 0, ""n_7"": 0, ""n_8"": 0, ""n_9"": 0}","{""N_on_1"": 9920860, ""N_on_10"": 46, ""N_on_2"": 25003, ""N_on_3"": 15443, ""N_on_4"": 9321, ""N_on_5"": 10535, ""N_on_6"": 7915, ""N_on_7"": 4934, ""N_on_8"": 4489, ""N_on_9"": 1404}",0,0,0,0,0,0,0,0,0,0,9920860,25003,15443,9321,10535,7915,4934,4489,1404,46
TS clean,0,ok,10000000,50,9999950,0,2.90001450007e-06,9999921,252602.65421,0,,,,clean_no_attack,"{""n_1"": 0, ""n_10"": 0, ""n_2"": 0, ""n_3"": 0, ""n_4"": 0, ""n_5"": 0, ""n_6"": 0, ""n_7"": 0, ""n_8"": 0, ""n_9"": 0}","{""N_on_1"": 9967835, ""N_on_10"": 29, ""N_on_2"": 8923, ""N_on_3"": 4817, ""N_on_4"": 4558, ""N_on_5"": 5375, ""N_on_6"": 3177, ""N_on_7"": 2524, ""N_on_8"": 1973, ""N_on_9"": 739}",0,0,0,0,0,0,0,0,0,0,9967835,8923,4817,4558,5375,3177,2524,1973,739,29
UCB appendix,0,ok,15000000,793796,14206204,793746,1,0,333755.721884,2.37822439574,0.0331456583828,0,0,certificate,"{""n_1"": 31093, ""n_10"": 514230, ""n_2"": 31067, ""n_3"": 31112, ""n_4"": 31080, ""n_5"": 31061, ""n_6"": 30940, ""n_7"": 31099, ""n_8"": 31029, ""n_9"": 31035}","{""N_on_1"": 0, ""N_on_10"": 14206204, ""N_on_2"": 0, ""N_on_3"": 0, ""N_on_4"": 0, ""N_on_5"": 0, ""N_on_6"": 0, ""N_on_7"": 0, ""N_on_8"": 0, ""N_on_9"": 0}",31093,31067,31112,31080,31061,30940,31099,31029,31035,514230,0,0,0,0,0,0,0,0,0,14206204
UCB direct,0,ok,15000000,767031,14232969,766981,1,0,333755.721884,2.29803101403,0.0352905734965,0,0,certificate,"{""n_1"": 30099, ""n_10"": 496408, ""n_2"": 30073, ""n_3"": 30117, ""n_4"": 30086, ""n_5"": 30067, ""n_6"": 29948, ""n_7"": 30105, ""n_8"": 30036, ""n_9"": 30042}","{""N_on_1"": 0, ""N_on_10"": 14232969, ""N_on_2"": 0, ""N_on_3"": 0, ""N_on_4"": 0, ""N_on_5"": 0, ""N_on_6"": 0, ""N_on_7"": 0, ""N_on_8"": 0, ""N_on_9"": 0}",30099,30073,30117,30086,30067,29948,30105,30036,30042,496408,0,0,0,0,0,0,0,0,0,14232969
TS appendix,0,ok,15000000,1096405,13903595,1096355,1,0,333755.721884,3.28490248441,0.0442353447781,0,0,certificate,"{""n_1"": 40607, ""n_10"": 731142, ""n_2"": 40587, ""n_3"": 40622, ""n_4"": 40597, ""n_5"": 40582, ""n_6"": 40487, ""n_7"": 40612, ""n_8"": 40557, ""n_9"": 40562}","{""N_on_1"": 0, ""N_on_10"": 13903595, ""N_on_2"": 0, ""N_on_3"": 0, ""N_on_4"": 0, ""N_on_5"": 0, ""N_on_6"": 0, ""N_on_7"": 0, ""N_on_8"": 0, ""N_on_9"": 0}",40607,40587,40622,40597,40582,40487,40612,40557,40562,731142,0,0,0,0,0,0,0,0,0,13903595
TS direct,0,ok,15000000,1046082,13953918,1046032,1,0,333755.721884,3.13412454503,0.0452500000909,0,0,certificate,"{""n_1"": 38810, ""n_10"": 696991, ""n_2"": 38790, ""n_3"": 38824, ""n_4"": 38800, ""n_5"": 38785, ""n_6"": 38692, ""n_7"": 38814, ""n_8"": 38761, ""n_9"": 38765}","{""N_on_1"": 0, ""N_on_10"": 13953918, ""N_on_2"": 0, ""N_on_3"": 0, ""N_on_4"": 0, ""N_on_5"": 0, ""N_on_6"": 0, ""N_on_7"": 0, ""N_on_8"": 0, ""N_on_9"": 0}",38810,38790,38824,38800,38785,38692,38814,38761,38765,696991,0,0,0,0,0,0,0,0,0,13953918
UCB clean,0,ok,15000000,50,14999950,0,3.13334377781e-06,14999903,333755.721884,0,,,,clean_no_attack,"{""n_1"": 0, ""n_10"": 0, ""n_2"": 0, ""n_3"": 0, ""n_4"": 0, ""n_5"": 0, ""n_6"": 0, ""n_7"": 0, ""n_8"": 0, ""n_9"": 0}","{""N_on_1"": 14917609, ""N_on_10"": 47, ""N_on_2"": 26171, ""N_on_3"": 15961, ""N_on_4"": 9558, ""N_on_5"": 11048, ""N_on_6"": 8159, ""N_on_7"": 5319, ""N_on_8"": 4634, ""N_on_9"": 1444}",0,0,0,0,0,0,0,0,0,0,14917609,26171,15961,9558,11048,8159,5319,4634,1444,47
TS clean,0,ok,15000000,50,14999950,0,2.06667355558e-06,14999919,333755.721884,0,,,,clean_no_attack,"{""n_1"": 0, ""n_10"": 0, ""n_2"": 0, ""n_3"": 0, ""n_4"": 0, ""n_5"": 0, ""n_6"": 0, ""n_7"": 0, ""n_8"": 0, ""n_9"": 0}","{""N_on_1"": 14966083, ""N_on_10"": 31, ""N_on_2"": 9337, ""N_on_3"": 5310, ""N_on_4"": 4758, ""N_on_5"": 5607, ""N_on_6"": 3348, ""N_on_7"": 2682, ""N_on_8"": 2040, ""N_on_9"": 754}",0,0,0,0,0,0,0,0,0,0,14966083,9337,5310,4758,5607,3348,2682,2040,754,31
UCB appendix,0,ok,20000000,966415,19033585,966365,1,0,406649.214352,2.37640936191,0.0304080731579,0,0,certificate,"{""n_1"": 37720, ""n_10"": 627235, ""n_2"": 37692, ""n_3"": 37741, ""n_4"": 37706, ""n_5"": 37685, ""n_6"": 37552, ""n_7"": 37727, ""n_8"": 37650, ""n_9"": 37657}","{""N_on_1"": 0, ""N_on_10"": 19033585, ""N_on_2"": 0, ""N_on_3"": 0, ""N_on_4"": 0, ""N_on_5"": 0, ""N_on_6"": 0, ""N_on_7"": 0, ""N_on_8"": 0, ""N_on_9"": 0}",37720,37692,37741,37706,37685,37552,37727,37650,37657,627235,0,0,0,0,0,0,0,0,0,19033585
UCB direct,0,ok,20000000,936554,19063446,936504,1,0,406649.214352,2.30297752202,0.0322535928356,0,0,certificate,"{""n_1"": 36631, ""n_10"": 607171, ""n_2"": 36603, ""n_3"": 36651, ""n_4"": 36617, ""n_5"": 36596, ""n_6"": 36466, ""n_7"": 36638, ""n_8"": 36562, ""n_9"": 36569}","{""N_on_1"": 0, ""N_on_10"": 19063446, ""N_on_2"": 0, ""N_on_3"": 0, ""N_on_4"": 0, ""N_on_5"": 0, ""N_on_6"": 0, ""N_on_7"": 0, ""N_on_8"": 0, ""N_on_9"": 0}",36631,36603,36651,36617,36596,36466,36638,36562,36569,607171,0,0,0,0,0,0,0,0,0,19063446
TS appendix,0,ok,20000000,1328753,18671247,1328703,1,0,406649.214352,3.26744268305,0.0404931783706,0,0,certificate,"{""n_1"": 49141, ""n_10"": 886704, ""n_2"": 49120, ""n_3"": 49158, ""n_4"": 49130, ""n_5"": 49114, ""n_6"": 49010, ""n_7"": 49147, ""n_8"": 49087, ""n_9"": 49092}","{""N_on_1"": 0, ""N_on_10"": 18671247, ""N_on_2"": 0, ""N_on_3"": 0, ""N_on_4"": 0, ""N_on_5"": 0, ""N_on_6"": 0, ""N_on_7"": 0, ""N_on_8"": 0, ""N_on_9"": 0}",49141,49120,49158,49130,49114,49010,49147,49087,49092,886704,0,0,0,0,0,0,0,0,0,18671247
TS direct,0,ok,20000000,1273045,18726955,1272995,1,0,406649.214352,3.13044991868,0.0413500000917,0,0,certificate,"{""n_1"": 47129, ""n_10"": 849099, ""n_2"": 47108, ""n_3"": 47145, ""n_4"": 47119, ""n_5"": 47102, ""n_6"": 47001, ""n_7"": 47135, ""n_8"": 47076, ""n_9"": 47081}","{""N_on_1"": 0, ""N_on_10"": 18726955, ""N_on_2"": 0, ""N_on_3"": 0, ""N_on_4"": 0, ""N_on_5"": 0, ""N_on_6"": 0, ""N_on_7"": 0, ""N_on_8"": 0, ""N_on_9"": 0}",47129,47108,47145,47119,47102,47001,47135,47076,47081,849099,0,0,0,0,0,0,0,0,0,18726955
UCB clean,0,ok,20000000,50,19999950,0,2.40000600002e-06,19999902,406649.214352,0,,,,clean_no_attack,"{""n_1"": 0, ""n_10"": 0, ""n_2"": 0, ""n_3"": 0, ""n_4"": 0, ""n_5"": 0, ""n_6"": 0, ""n_7"": 0, ""n_8"": 0, ""n_9"": 0}","{""N_on_1"": 19915455, ""N_on_10"": 48, ""N_on_2"": 26885, ""N_on_3"": 16390, ""N_on_4"": 9792, ""N_on_5"": 11268, ""N_on_6"": 8275, ""N_on_7"": 5626, ""N_on_8"": 4746, ""N_on_9"": 1465}",0,0,0,0,0,0,0,0,0,0,19915455,26885,16390,9792,11268,8275,5626,4746,1465,48
TS clean,0,ok,20000000,50,19999950,0,1.55000387501e-06,19999919,406649.214352,0,,,,clean_no_attack,"{""n_1"": 0, ""n_10"": 0, ""n_2"": 0, ""n_3"": 0, ""n_4"": 0, ""n_5"": 0, ""n_6"": 0, ""n_7"": 0, ""n_8"": 0, ""n_9"": 0}","{""N_on_1"": 19964807, ""N_on_10"": 31, ""N_on_2"": 9689, ""N_on_3"": 5627, ""N_on_4"": 4869, ""N_on_5"": 5803, ""N_on_6"": 3484, ""N_on_7"": 2788, ""N_on_8"": 2086, ""N_on_9"": 766}",0,0,0,0,0,0,0,0,0,0,19964807,9689,5627,4869,5803,3484,2788,2086,766,31
UCB appendix,0,ok,25000000,1125781,23874219,1125731,1,0,473953.247914,2.37519418836,0.0284345027015,0,0,certificate,"{""n_1"": 43826, ""n_10"": 731668, ""n_2"": 43796, ""n_3"": 43849, ""n_4"": 43811, ""n_5"": 43789, ""n_6"": 43647, ""n_7"": 43834, ""n_8"": 43752, ""n_9"": 43759}","{""N_on_1"": 0, ""N_on_10"": 23874219, ""N_on_2"": 0, ""N_on_3"": 0, ""N_on_4"": 0, ""N_on_5"": 0, ""N_on_6"": 0, ""N_on_7"": 0, ""N_on_8"": 0, ""N_on_9"": 0}",43826,43796,43849,43811,43789,43647,43834,43752,43759,731668,0,0,0,0,0,0,0,0,0,23874219
UCB direct,0,ok,25000000,1093282,23906718,1093232,1,0,473953.247914,2.30662413395,0.0301022071606,0,0,certificate,"{""n_1"": 42588, ""n_10"": 710311, ""n_2"": 42558, ""n_3"": 42610, ""n_4"": 42573, ""n_5"": 42551, ""n_6"": 42411, ""n_7"": 42595, ""n_8"": 42514, ""n_9"": 42521}","{""N_on_1"": 0, ""N_on_10"": 23906718, ""N_on_2"": 0, ""N_on_3"": 0, ""N_on_4"": 0, ""N_on_5"": 0, ""N_on_6"": 0, ""N_on_7"": 0, ""N_on_8"": 0, ""N_on_9"": 0}",42588,42558,42610,42573,42551,42411,42595,42514,42521,710311,0,0,0,0,0,0,0,0,0,23906718
TS appendix,0,ok,25000000,1542653,23457347,1542603,1,0,473953.247914,3.25475773569,0.0378020207825,0,0,certificate,"{""n_1"": 56996, ""n_10"": 1029935, ""n_2"": 56972, ""n_3"": 57013, ""n_4"": 56984, ""n_5"": 56966, ""n_6"": 56855, ""n_7"": 57002, ""n_8"": 56937, ""n_9"": 56943}","{""N_on_1"": 0, ""N_on_10"": 23457347, ""N_on_2"": 0, ""N_on_3"": 0, ""N_on_4"": 0, ""N_on_5"": 0, ""N_on_6"": 0, ""N_on_7"": 0, ""N_on_8"": 0, ""N_on_9"": 0}",56996,56972,57013,56984,56966,56855,57002,56937,56943,1029935,0,0,0,0,0,0,0,0,0,23457347
TS direct,0,ok,25000000,1482372,23517628,1482322,1,0,473953.247914,3.12757008529,0.0385500000923,0,0,certificate,"{""n_1"": 54809, ""n_10"": 989330, ""n_2"": 54786, ""n_3"": 54826, ""n_4"": 54797, ""n_5"": 54780, ""n_6"": 54671, ""n_7"": 54815, ""n_8"": 54751, ""n_9"": 54757}","{""N_on_1"": 0, ""N_on_10"": 23517628, ""N_on_2"": 0, ""N_on_3"": 0, ""N_on_4"": 0, ""N_on_5"": 0, ""N_on_6"": 0, ""N_on_7"": 0, ""N_on_8"": 0, ""N_on_9"": 0}",54809,54786,54826,54797,54780,54671,54815,54751,54757,989330,0,0,0,0,0,0,0,0,0,23517628
UCB clean,0,ok,25000000,50,24999950,0,1.96000392001e-06,24999901,473953.247914,0,,,,clean_no_attack,"{""n_1"": 0, ""n_10"": 0, ""n_2"": 0, ""n_3"": 0, ""n_4"": 0, ""n_5"": 0, ""n_6"": 0, ""n_7"": 0, ""n_8"": 0, ""n_9"": 0}","{""N_on_1"": 24913247, ""N_on_10"": 49, ""N_on_2"": 27981, ""N_on_3"": 16839, ""N_on_4"": 9993, ""N_on_5"": 11392, ""N_on_6"": 8431, ""N_on_7"": 5752, ""N_on_8"": 4783, ""N_on_9"": 1483}",0,0,0,0,0,0,0,0,0,0,24913247,27981,16839,9993,11392,8431,5752,4783,1483,49
TS clean,0,ok,25000000,50,24999950,0,1.24000248e-06,24999919,473953.247914,0,,,,clean_no_attack,"{""n_1"": 0, ""n_10"": 0, ""n_2"": 0, ""n_3"": 0, ""n_4"": 0, ""n_5"": 0, ""n_6"": 0, ""n_7"": 0, ""n_8"": 0, ""n_9"": 0}","{""N_on_1"": 24963835, ""N_on_10"": 31, ""N_on_2"": 9969, ""N_on_3"": 5824, ""N_on_4"": 4983, ""N_on_5"": 5918, ""N_on_6"": 3590, ""N_on_7"": 2889, ""N_on_8"": 2126, ""N_on_9"": 785}",0,0,0,0,0,0,0,0,0,0,24963835,9969,5824,4983,5918,3590,2889,2126,785,31
UCB appendix,1,ok,100000,26274,73726,26224,1,0,10480.8192431,2.50209448247,0.136497612355,0,0,certificate,"{""n_1"": 1164, ""n_10"": 15808, ""n_2"": 1161, ""n_3"": 1168, ""n_4"": 1159, ""n_5"": 1168, ""n_6"": 1157, ""n_7"": 1145, ""n_8"": 1135, ""n_9"": 1159}","{""N_on_1"": 0, ""N_on_10"": 73726, ""N_on_2"": 0, ""N_on_3"": 0, ""N_on_4"": 0, ""N_on_5"": 0, ""N_on_6"": 0, ""N_on_7"": 0, ""N_on_8"": 0, ""N_on_9"": 0}",1164,1161,1168,1159,1168,1157,1145,1135,1159,15808,0,0,0,0,0,0,0,0,0,73726
UCB direct,1,ok,100000,22457,77543,22407,1,0,10480.8192431,2.13790539463,0.164668828504,0,0,certificate,"{""n_1"": 1001, ""n_10"": 13449, ""n_2"": 999, ""n_3"": 1005, ""n_4"": 997, ""n_5"": 1005, ""n_6"": 995, ""n_7"": 984, ""n_8"": 975, ""n_9"": 997}","{""N_on_1"": 0, ""N_on_10"": 77543, ""N_on_2"": 0, ""N_on_3"": 0, ""N_on_4"": 0, ""N_on_5"": 0, ""N_on_6"": 0, ""N_on_7"": 0, ""N_on_8"": 0, ""N_on_9"": 0}",1001,999,1005,997,1005,995,984,975,997,13449,0,0,0,0,0,0,0,0,0,77543
TS appendix,1,ok,100000,41920,58080,41870,1,0,10480.8192431,3.99491671679,0.189329805425,0,0,certificate,"{""n_1"": 1688, ""n_10"": 26729, ""n_2"": 1685, ""n_3"": 1691, ""n_4"": 1684, ""n_5"": 1691, ""n_6"": 1682, ""n_7"": 1672, ""n_8"": 1664, ""n_9"": 1684}","{""N_on_1"": 0, ""N_on_10"": 58080, ""N_on_2"": 0, ""N_on_3"": 0, ""N_on_4"": 0, ""N_on_5"": 0, ""N_on_6"": 0, ""N_on_7"": 0, ""N_on_8"": 0, ""N_on_9"": 0}",1688,1685,1691,1684,1691,1682,1672,1664,1684,26729,0,0,0,0,0,0,0,0,0,58080
TS direct,1,ok,100000,33047,66953,32997,1,0,10480.8192431,3.14832259145,0.211300000058,0,0,certificate,"{""n_1"": 1357, ""n_10"": 20825, ""n_2"": 1355, ""n_3"": 1360, ""n_4"": 1354, ""n_5"": 1360, ""n_6"": 1352, ""n_7"": 1344, ""n_8"": 1336, ""n_9"": 1354}","{""N_on_1"": 0, ""N_on_10"": 66953, ""N_on_2"": 0, ""N_on_3"": 0, ""N_on_4"": 0, ""N_on_5"": 0, ""N_on_6"": 0, ""N_on_7"": 0, ""N_on_8"": 0, ""N_on_9"": 0}",1357,1355,1360,1354,1360,1352,1344,1336,1354,20825,0,0,0,0,0,0,0,0,0,66953
UCB clean,1,ok,100000,50,99950,0,0.000290145072536,99921,10480.8192431,0,,,,clean_no_attack,"{""n_1"": 0, ""n_10"": 0, ""n_2"": 0, ""n_3"": 0, ""n_4"": 0, ""n_5"": 0, ""n_6"": 0, ""n_7"": 0, ""n_8"": 0, ""n_9"": 0}","{""N_on_1"": 67914, ""N_on_10"": 29, ""N_on_2"": 8461, ""N_on_3"": 5579, ""N_on_4"": 4203, ""N_on_5"": 4200, ""N_on_6"": 3553, ""N_on_7"": 2988, ""N_on_8"": 2140, ""N_on_9"": 883}",0,0,0,0,0,0,0,0,0,0,67914,8461,5579,4203,4200,3553,2988,2140,883,29
TS clean,1,ok,100000,50,99950,0,0.00016008004002,99934,10480.8192431,0,,,,clean_no_attack,"{""n_1"": 0, ""n_10"": 0, ""n_2"": 0, ""n_3"": 0, ""n_4"": 0, ""n_5"": 0, ""n_6"": 0, ""n_7"": 0, ""n_8"": 0, ""n_9"": 0}","{""N_on_1"": 86422, ""N_on_10"": 16, ""N_on_2"": 3435, ""N_on_3"": 1983, ""N_on_4"": 1996, ""N_on_5"": 1967, ""N_on_6"": 1543, ""N_on_7"": 1048, ""N_on_8"": 1119, ""N_on_9"": 421}",0,0,0,0,0,0,0,0,0,0,86422,3435,1983,1996,1967,1543,1048,1119,421,16
UCB appendix,1,ok,250000,48747,201253,48697,1,0,19804.9881347,2.45882500251,0.107121168678,0,0,certificate,"{""n_1"": 2086, ""n_10"": 29994, ""n_2"": 2083, ""n_3"": 2092, ""n_4"": 2081, ""n_5"": 2092, ""n_6"": 2077, ""n_7"": 2062, ""n_8"": 2049, ""n_9"": 2081}","{""N_on_1"": 0, ""N_on_10"": 201253, ""N_on_2"": 0, ""N_on_3"": 0, ""N_on_4"": 0, ""N_on_5"": 0, ""N_on_6"": 0, ""N_on_7"": 0, ""N_on_8"": 0, ""N_on_9"": 0}",2086,2083,2092,2081,2092,2077,2062,2049,2081,29994,0,0,0,0,0,0,0,0,0,201253
UCB direct,1,ok,250000,43264,206736,43214,1,0,19804.9881347,2.18197555617,0.124186410218,0,0,certificate,"{""n_1"": 1876, ""n_10"": 26400, ""n_2"": 1873, ""n_3"": 1881, ""n_4"": 1871, ""n_5"": 1881, ""n_6"": 1867, ""n_7"": 1853, ""n_8"": 1841, ""n_9"": 1871}","{""N_on_1"": 0, ""N_on_10"": 206736, ""N_on_2"": 0, ""N_on_3"": 0, ""N_on_4"": 0, ""N_on_5"": 0, ""N_on_6"": 0, ""N_on_7"": 0, ""N_on_8"": 0, ""N_on_9"": 0}",1876,1873,1881,1871,1881,1867,1853,1841,1871,26400,0,0,0,0,0,0,0,0,0,206736
TS appendix,1,ok,250000,74735,175265,74685,1,0,19804.9881347,3.77101967909,0.147725410781,0,0,certificate,"{""n_1"": 2926, ""n_10"": 48408, ""n_2"": 2923, ""n_3"": 2931, ""n_4"": 2922, ""n_5"": 2931, ""n_6"": 2919, ""n_7"": 2907, ""n_8"": 2896, ""n_9"": 2922}","{""N_on_1"": 0, ""N_on_10"": 175265, ""N_on_2"": 0, ""N_on_3"": 0, ""N_on_4"": 0, ""N_on_5"": 0, ""N_on_6"": 0, ""N_on_7"": 0, ""N_on_8"": 0, ""N_on_9"": 0}",2926,2923,2931,2922,2931,2919,2907,2896,2922,48408,0,0,0,0,0,0,0,0,0,175265
TS direct,1,ok,250000,62649,187351,62599,1,0,19804.9881347,3.1607693766,0.160250000068,0,0,certificate,"{""n_1"": 2489, ""n_10"": 40252, ""n_2"": 2487, ""n_3"": 2493, ""n_4"": 2485, ""n_5"": 2493, ""n_6"": 2482, ""n_7"": 2471, ""n_8"": 2462, ""n_9"": 2485}","{""N_on_1"": 0, ""N_on_10"": 187351, ""N_on_2"": 0, ""N_on_3"": 0, ""N_on_4"": 0, ""N_on_5"": 0, ""N_on_6"": 0, ""N_on_7"": 0, ""N_on_8"": 0, ""N_on_9"": 0}",2489,2487,2493,2485,2493,2482,2471,2462,2485,40252,0,0,0,0,0,0,0,0,0,187351
UCB clean,1,ok,250000,50,249950,0,0.000128025605121,249918,19804.9881347,0,,,,clean_no_attack,"{""n_1"": 0, ""n_10"": 0, ""n_2"": 0, ""n_3"": 0, ""n_4"": 0, ""n_5"": 0, ""n_6"": 0, ""n_7"": 0, ""n_8"": 0, ""n_9"": 0}","{""N_on_1"": 207293, ""N_on_10"": 32, ""N_on_2"": 12737, ""N_on_3"": 7095, ""N_on_4"": 5503, ""N_on_5"": 5600, ""N_on_6"": 4556, ""N_on_7"": 3495, ""N_on_8"": 2647, ""N_on_9"": 992}",0,0,0,0,0,0,0,0,0,0,207293,12737,7095,5503,5600,4556,3495,2647,992,32
TS clean,1,ok,250000,50,249950,0,8.40168033607e-05,249929,19804.9881347,0,,,,clean_no_attack,"{""n_1"": 0, ""n_10"": 0, ""n_2"": 0, ""n_3"": 0, ""n_4"": 0, ""n_5"": 0, ""n_6"": 0, ""n_7"": 0, ""n_8"": 0, ""n_9"": 0}","{""N_on_1"": 232865, ""N_on_10"": 21, ""N_on_2"": 4477, ""N_on_3"": 2379, ""N_on_4"": 2775, ""N_on_5"": 2557, ""N_on_6"": 1824, ""N_on_7"": 1280, ""N_on_8"": 1295, ""N_on_9"": 477}",0,0,0,0,0,0,0,0,0,0,232865,4477,2379,2775,2557,1824,1280,1295,477,21
UCB appendix,1,ok,500000,77981,422019,77931,1,0,32012.3352326,2.43440534512,0.088634275465,0,0,certificate,"{""n_1"": 3266, ""n_10"": 48628, ""n_2"": 3262, ""n_3"": 3273, ""n_4"": 3259, ""n_5"": 3273, ""n_6"": 3255, ""n_7"": 3236, ""n_8"": 3220, ""n_9"": 3259}","{""N_on_1"": 0, ""N_on_10"": 422019, ""N_on_2"": 0, ""N_on_3"": 0, ""N_on_4"": 0, ""N_on_5"": 0, ""N_on_6"": 0, ""N_on_7"": 0, ""N_on_8"": 0, ""N_on_9"": 0}",3266,3262,3273,3259,3273,3255,3236,3220,3259,48628,0,0,0,0,0,0,0,0,0,422019
UCB direct,1,ok,500000,70782,429218,70732,1,0,32012.3352326,2.20952328176,0.10062447002,0,0,certificate,"{""n_1"": 2995, ""n_10"": 43868, ""n_2"": 2990, ""n_3"": 3001, ""n_4"": 2988, ""n_5"": 3001, ""n_6"": 2984, ""n_7"": 2966, ""n_8"": 2951, ""n_9"": 2988}","{""N_on_1"": 0, ""N_on_10"": 429218, ""N_on_2"": 0, ""N_on_3"": 0, ""N_on_4"": 0, ""N_on_5"": 0, ""N_on_6"": 0, ""N_on_7"": 0, ""N_on_8"": 0, ""N_on_9"": 0}",2995,2990,3001,2988,3001,2984,2966,2951,2988,43868,0,0,0,0,0,0,0,0,0,429218
TS appendix,1,ok,500000,116625,383375,116575,1,0,32012.3352326,3.64156501402,0.121597066137,0,0,certificate,"{""n_1"": 4493, ""n_10"": 76207, ""n_2"": 4490, ""n_3"": 4499, ""n_4"": 4488, ""n_5"": 4499, ""n_6"": 4484, ""n_7"": 4470, ""n_8"": 4457, ""n_9"": 4488}","{""N_on_1"": 0, ""N_on_10"": 383375, ""N_on_2"": 0, ""N_on_3"": 0, ""N_on_4"": 0, ""N_on_5"": 0, ""N_on_6"": 0, ""N_on_7"": 0, ""N_on_8"": 0, ""N_on_9"": 0}",4493,4490,4499,4488,4499,4484,4470,4457,4488,76207,0,0,0,0,0,0,0,0,0,383375
TS direct,1,ok,500000,101304,398696,101254,1,0,32012.3352326,3.16296825159,0.130100000074,0,0,certificate,"{""n_1"": 3928, ""n_10"": 65969, ""n_2"": 3925, ""n_3"": 3933, ""n_4"": 3923, ""n_5"": 3933, ""n_6"": 3920, ""n_7"": 3906, ""n_8"": 3894, ""n_9"": 3923}","{""N_on_1"": 0, ""N_on_10"": 398696, ""N_on_2"": 0, ""N_on_3"": 0, ""N_on_4"": 0, ""N_on_5"": 0, ""N_on_6"": 0, ""N_on_7"": 0, ""N_on_8"": 0, ""N_on_9"": 0}",3928,3925,3933,3923,3933,3920,3906,3894,3923,65969,0,0,0,0,0,0,0,0,0,398696
UCB clean,1,ok,500000,50,499950,0,7.00070007001e-05,499915,32012.3352326,0,,,,clean_no_attack,"{""n_1"": 0, ""n_10"": 0, ""n_2"": 0, ""n_3"": 0, ""n_4"": 0, ""n_5"": 0, ""n_6"": 0, ""n_7"": 0, ""n_8"": 0, ""n_9"": 0}","{""N_on_1"": 449699, ""N_on_10"": 35, ""N_on_2"": 15505, ""N_on_3"": 8301, ""N_on_4"": 6758, ""N_on_5"": 6432, ""N_on_6"": 5371, ""N_on_7"": 3847, ""N_on_8"": 2918, ""N_on_9"": 1084}",0,0,0,0,0,0,0,0,0,0,449699,15505,8301,6758,6432,5371,3847,2918,1084,35
TS clean,1,ok,500000,50,499950,0,4.800480048e-05,499926,32012.3352326,0,,,,clean_no_attack,"{""n_1"": 0, ""n_10"": 0, ""n_2"": 0, ""n_3"": 0, ""n_4"": 0, ""n_5"": 0, ""n_6"": 0, ""n_7"": 0, ""n_8"": 0, ""n_9"": 0}","{""N_on_1"": 479963, ""N_on_10"": 24, ""N_on_2"": 5460, ""N_on_3"": 2666, ""N_on_4"": 3331, ""N_on_5"": 3087, ""N_on_6"": 2004, ""N_on_7"": 1453, ""N_on_8"": 1436, ""N_on_9"": 526}",0,0,0,0,0,0,0,0,0,0,479963,5460,2666,3331,3087,2004,1453,1436,526,24
UCB appendix,1,ok,1000000,124930,875070,124880,1,0,51695.8459325,2.41566798545,0.0730111859851,0,0,certificate,"{""n_1"": 5137, ""n_10"": 78762, ""n_2"": 5131, ""n_3"": 5145, ""n_4"": 5128, ""n_5"": 5145, ""n_6"": 5123, ""n_7"": 5100, ""n_8"": 5081, ""n_9"": 5128}","{""N_on_1"": 0, ""N_on_10"": 875070, ""N_on_2"": 0, ""N_on_3"": 0, ""N_on_4"": 0, ""N_on_5"": 0, ""N_on_6"": 0, ""N_on_7"": 0, ""N_on_8"": 0, ""N_on_9"": 0}",5137,5131,5145,5128,5145,5123,5100,5081,5128,78762,0,0,0,0,0,0,0,0,0,875070
UCB direct,1,ok,1000000,115491,884509,115441,1,0,51695.8459325,2.23308078082,0.0817334568271,0,0,certificate,"{""n_1"": 4751, ""n_10"": 72789, ""n_2"": 4746, ""n_3"": 4759, ""n_4"": 4743, ""n_5"": 4759, ""n_6"": 4738, ""n_7"": 4716, ""n_8"": 4697, ""n_9"": 4743}","{""N_on_1"": 0, ""N_on_10"": 884509, ""N_on_2"": 0, ""N_on_3"": 0, ""N_on_4"": 0, ""N_on_5"": 0, ""N_on_6"": 0, ""N_on_7"": 0, ""N_on_8"": 0, ""N_on_9"": 0}",4751,4746,4759,4743,4759,4738,4716,4697,4743,72789,0,0,0,0,0,0,0,0,0,884509
TS appendix,1,ok,1000000,182930,817070,182880,1,0,51695.8459325,3.53761499984,0.0996068871374,0,0,certificate,"{""n_1"": 6959, ""n_10"": 120337, ""n_2"": 6955, ""n_3"": 6966, ""n_4"": 6952, ""n_5"": 6966, ""n_6"": 6948, ""n_7"": 6930, ""n_8"": 6915, ""n_9"": 6952}","{""N_on_1"": 0, ""N_on_10"": 817070, ""N_on_2"": 0, ""N_on_3"": 0, ""N_on_4"": 0, ""N_on_5"": 0, ""N_on_6"": 0, ""N_on_7"": 0, ""N_on_8"": 0, ""N_on_9"": 0}",6959,6955,6966,6952,6966,6948,6930,6915,6952,120337,0,0,0,0,0,0,0,0,0,817070
TS direct,1,ok,1000000,163461,836539,163411,1,0,51695.8459325,3.16100833737,0.105050000079,0,0,certificate,"{""n_1"": 6259, ""n_10"": 107161, ""n_2"": 6255, ""n_3"": 6266, ""n_4"": 6253, ""n_5"": 6266, ""n_6"": 6249, ""n_7"": 6232, ""n_8"": 6217, ""n_9"": 6253}","{""N_on_1"": 0, ""N_on_10"": 836539, ""N_on_2"": 0, ""N_on_3"": 0, ""N_on_4"": 0, ""N_on_5"": 0, ""N_on_6"": 0, ""N_on_7"": 0, ""N_on_8"": 0, ""N_on_9"": 0}",6259,6255,6266,6253,6266,6249,6232,6217,6253,107161,0,0,0,0,0,0,0,0,0,836539
UCB clean,1,ok,1000000,50,999950,0,3.70018500925e-05,999913,51695.8459325,0,,,,clean_no_attack,"{""n_1"": 0, ""n_10"": 0, ""n_2"": 0, ""n_3"": 0, ""n_4"": 0, ""n_5"": 0, ""n_6"": 0, ""n_7"": 0, ""n_8"": 0, ""n_9"": 0}","{""N_on_1"": 942351, ""N_on_10"": 37, ""N_on_2"": 17986, ""N_on_3"": 9735, ""N_on_4"": 7796, ""N_on_5"": 7304, ""N_on_6"": 6083, ""N_on_7"": 4344, ""N_on_8"": 3151, ""N_on_9"": 1163}",0,0,0,0,0,0,0,0,0,0,942351,17986,9735,7796,7304,6083,4344,3151,1163,37
TS clean,1,ok,1000000,50,999950,0,2.6001300065e-05,999924,51695.8459325,0,,,,clean_no_attack,"{""n_1"": 0, ""n_10"": 0, ""n_2"": 0, ""n_3"": 0, ""n_4"": 0, ""n_5"": 0, ""n_6"": 0, ""n_7"": 0, ""n_8"": 0, ""n_9"": 0}","{""N_on_1"": 977161, ""N_on_10"": 26, ""N_on_2"": 6474, ""N_on_3"": 2951, ""N_on_4"": 3824, ""N_on_5"": 3499, ""N_on_6"": 2229, ""N_on_7"": 1681, ""N_on_8"": 1539, ""N_on_9"": 566}",0,0,0,0,0,0,0,0,0,0,977161,6474,2951,3824,3499,2229,1681,1539,566,26
UCB appendix,1,ok,2500000,233310,2266690,233260,1,0,97284.8670799,2.39770076273,0.0561753804596,0,0,certificate,"{""n_1"": 9401, ""n_10"": 148798, ""n_2"": 9394, ""n_3"": 9412, ""n_4"": 9390, ""n_5"": 9412, ""n_6"": 9383, ""n_7"": 9353, ""n_8"": 9327, ""n_9"": 9390}","{""N_on_1"": 0, ""N_on_10"": 2266690, ""N_on_2"": 0, ""N_on_3"": 0, ""N_on_4"": 0, ""N_on_5"": 0, ""N_on_6"": 0, ""N_on_7"": 0, ""N_on_8"": 0, ""N_on_9"": 0}",9401,9394,9412,9390,9412,9383,9353,9327,9390,148798,0,0,0,0,0,0,0,0,0,2266690
UCB direct,1,ok,2500000,219847,2280153,219797,1,0,97284.8670799,2.25931336083,0.0615015761605,0,0,certificate,"{""n_1"": 8896, ""n_10"": 139880, ""n_2"": 8888, ""n_3"": 8906, ""n_4"": 8885, ""n_5"": 8906, ""n_6"": 8878, ""n_7"": 8849, ""n_8"": 8824, ""n_9"": 8885}","{""N_on_1"": 0, ""N_on_10"": 2280153, ""N_on_2"": 0, ""N_on_3"": 0, ""N_on_4"": 0, ""N_on_5"": 0, ""N_on_6"": 0, ""N_on_7"": 0, ""N_on_8"": 0, ""N_on_9"": 0}",8896,8888,8906,8885,8906,8878,8849,8824,8885,139880,0,0,0,0,0,0,0,0,0,2280153
TS appendix,1,ok,2500000,333707,2166293,333657,1,0,97284.8670799,3.42969066017,0.0760594343232,0,0,certificate,"{""n_1"": 12537, ""n_10"": 220941, ""n_2"": 12531, ""n_3"": 12546, ""n_4"": 12528, ""n_5"": 12546, ""n_6"": 12522, ""n_7"": 12499, ""n_8"": 12479, ""n_9"": 12528}","{""N_on_1"": 0, ""N_on_10"": 2166293, ""N_on_2"": 0, ""N_on_3"": 0, ""N_on_4"": 0, ""N_on_5"": 0, ""N_on_6"": 0, ""N_on_7"": 0, ""N_on_8"": 0, ""N_on_9"": 0}",12537,12531,12546,12528,12546,12522,12499,12479,12528,220941,0,0,0,0,0,0,0,0,0,2166293
TS direct,1,ok,2500000,306912,2193088,306862,1,0,97284.8670799,3.15426241728,0.0791500000842,0,0,certificate,"{""n_1"": 11580, ""n_10"": 202757, ""n_2"": 11574, ""n_3"": 11588, ""n_4"": 11571, ""n_5"": 11588, ""n_6"": 11566, ""n_7"": 11543, ""n_8"": 11524, ""n_9"": 11571}","{""N_on_1"": 0, ""N_on_10"": 2193088, ""N_on_2"": 0, ""N_on_3"": 0, ""N_on_4"": 0, ""N_on_5"": 0, ""N_on_6"": 0, ""N_on_7"": 0, ""N_on_8"": 0, ""N_on_9"": 0}",11580,11574,11588,11571,11588,11566,11543,11524,11571,202757,0,0,0,0,0,0,0,0,0,2193088
UCB clean,1,ok,2500000,50,2499950,0,1.60003200064e-05,2499910,97284.8670799,0,,,,clean_no_attack,"{""n_1"": 0, ""n_10"": 0, ""n_2"": 0, ""n_3"": 0, ""n_4"": 0, ""n_5"": 0, ""n_6"": 0, ""n_7"": 0, ""n_8"": 0, ""n_9"": 0}","{""N_on_1"": 2434115, ""N_on_10"": 40, ""N_on_2"": 20377, ""N_on_3"": 11465, ""N_on_4"": 8688, ""N_on_5"": 8203, ""N_on_6"": 6887, ""N_on_7"": 5155, ""N_on_8"": 3721, ""N_on_9"": 1299}",0,0,0,0,0,0,0,0,0,0,2434115,20377,11465,8688,8203,6887,5155,3721,1299,40
TS clean,1,ok,2500000,50,2499950,0,1.04002080042e-05,2499924,97284.8670799,0,,,,clean_no_attack,"{""n_1"": 0, ""n_10"": 0, ""n_2"": 0, ""n_3"": 0, ""n_4"": 0, ""n_5"": 0, ""n_6"": 0, ""n_7"": 0, ""n_8"": 0, ""n_9"": 0}","{""N_on_1"": 2473907, ""N_on_10"": 26, ""N_on_2"": 7480, ""N_on_3"": 3293, ""N_on_4"": 4438, ""N_on_5"": 3945, ""N_on_6"": 2534, ""N_on_7"": 2009, ""N_on_8"": 1712, ""N_on_9"": 606}",0,0,0,0,0,0,0,0,0,0,2473907,7480,3293,4438,3945,2534,2009,1712,606,26
UCB appendix,1,ok,5000000,374539,4625461,374489,1,0,156815.111138,2.3880925587,0.0459000013492,0,0,certificate,"{""n_1"": 14903, ""n_10"": 240541, ""n_2"": 14894, ""n_3"": 14917, ""n_4"": 14890, ""n_5"": 14917, ""n_6"": 14881, ""n_7"": 14844, ""n_8"": 14812, ""n_9"": 14890}","{""N_on_1"": 0, ""N_on_10"": 4625461, ""N_on_2"": 0, ""N_on_3"": 0, ""N_on_4"": 0, ""N_on_5"": 0, ""N_on_6"": 0, ""N_on_7"": 0, ""N_on_8"": 0, ""N_on_9"": 0}",14903,14894,14917,14890,14917,14881,14844,14812,14890,240541,0,0,0,0,0,0,0,0,0,4625461
UCB direct,1,ok,5000000,356957,4643043,356907,1,0,156815.111138,2.27597326183,0.0495864439409,0,0,certificate,"{""n_1"": 14280, ""n_10"": 228563, ""n_2"": 14271, ""n_3"": 14294, ""n_4"": 14267, ""n_5"": 14294, ""n_6"": 14258, ""n_7"": 14222, ""n_8"": 14191, ""n_9"": 14267}","{""N_on_1"": 0, ""N_on_10"": 4643043, ""N_on_2"": 0, ""N_on_3"": 0, ""N_on_4"": 0, ""N_on_5"": 0, ""N_on_6"": 0, ""N_on_7"": 0, ""N_on_8"": 0, ""N_on_9"": 0}",14280,14271,14294,14267,14294,14258,14222,14191,14267,228563,0,0,0,0,0,0,0,0,0,4643043
TS appendix,1,ok,5000000,527741,4472259,527691,1,0,156815.111138,3.36505197854,0.0617936739947,0,0,certificate,"{""n_1"": 19690, ""n_10"": 350625, ""n_2"": 19683, ""n_3"": 19701, ""n_4"": 19679, ""n_5"": 19701, ""n_6"": 19672, ""n_7"": 19643, ""n_8"": 19618, ""n_9"": 19679}","{""N_on_1"": 0, ""N_on_10"": 4472259, ""N_on_2"": 0, ""N_on_3"": 0, ""N_on_4"": 0, ""N_on_5"": 0, ""N_on_6"": 0, ""N_on_7"": 0, ""N_on_8"": 0, ""N_on_9"": 0}",19690,19683,19701,19679,19701,19672,19643,19618,19679,350625,0,0,0,0,0,0,0,0,0,4472259
TS direct,1,ok,5000000,493574,4506426,493524,1,0,156815.111138,3.14717119045,0.0639500000872,0,0,certificate,"{""n_1"": 18388, ""n_10"": 328174, ""n_2"": 18381, ""n_3"": 18398, ""n_4"": 18377, ""n_5"": 18398, ""n_6"": 18370, ""n_7"": 18343, ""n_8"": 18318, ""n_9"": 18377}","{""N_on_1"": 0, ""N_on_10"": 4506426, ""N_on_2"": 0, ""N_on_3"": 0, ""N_on_4"": 0, ""N_on_5"": 0, ""N_on_6"": 0, ""N_on_7"": 0, ""N_on_8"": 0, ""N_on_9"": 0}",18388,18381,18398,18377,18398,18370,18343,18318,18377,328174,0,0,0,0,0,0,0,0,0,4506426
UCB clean,1,ok,5000000,50,4999950,0,8.40008400084e-06,4999908,156815.111138,0,,,,clean_no_attack,"{""n_1"": 0, ""n_10"": 0, ""n_2"": 0, ""n_3"": 0, ""n_4"": 0, ""n_5"": 0, ""n_6"": 0, ""n_7"": 0, ""n_8"": 0, ""n_9"": 0}","{""N_on_1"": 4927880, ""N_on_10"": 42, ""N_on_2"": 22321, ""N_on_3"": 13217, ""N_on_4"": 9232, ""N_on_5"": 8903, ""N_on_6"": 7496, ""N_on_7"": 5498, ""N_on_8"": 4012, ""N_on_9"": 1349}",0,0,0,0,0,0,0,0,0,0,4927880,22321,13217,9232,8903,7496,5498,4012,1349,42
TS clean,1,ok,5000000,50,4999950,0,5.20005200052e-06,4999924,156815.111138,0,,,,clean_no_attack,"{""n_1"": 0, ""n_10"": 0, ""n_2"": 0, ""n_3"": 0, ""n_4"": 0, ""n_5"": 0, ""n_6"": 0, ""n_7"": 0, ""n_8"": 0, ""n_9"": 0}","{""N_on_1"": 4971008, ""N_on_10"": 26, ""N_on_2"": 8544, ""N_on_3"": 3644, ""N_on_4"": 4790, ""N_on_5"": 4316, ""N_on_6"": 2874, ""N_on_7"": 2245, ""N_on_8"": 1861, ""N_on_9"": 642}",0,0,0,0,0,0,0,0,0,0,4971008,8544,3644,4790,4316,2874,2245,1861,642,26
UCB appendix,1,ok,10000000,601533,9398467,601483,1,0,252602.65421,2.38114283431,0.037402638961,0,0,certificate,"{""n_1"": 23683, ""n_10"": 388560, ""n_2"": 23672, ""n_3"": 23700, ""n_4"": 23666, ""n_5"": 23700, ""n_6"": 23655, ""n_7"": 23610, ""n_8"": 23571, ""n_9"": 23666}","{""N_on_1"": 0, ""N_on_10"": 9398467, ""N_on_2"": 0, ""N_on_3"": 0, ""N_on_4"": 0, ""N_on_5"": 0, ""N_on_6"": 0, ""N_on_7"": 0, ""N_on_8"": 0, ""N_on_9"": 0}",23683,23672,23700,23666,23700,23655,23610,23571,23666,388560,0,0,0,0,0,0,0,0,0,9398467
UCB direct,1,ok,10000000,578603,9421397,578553,1,0,252602.65421,2.29036785781,0.0400883062563,0,0,certificate,"{""n_1"": 22772, ""n_10"": 373827, ""n_2"": 22761, ""n_3"": 22789, ""n_4"": 22755, ""n_5"": 22789, ""n_6"": 22744, ""n_7"": 22700, ""n_8"": 22661, ""n_9"": 22755}","{""N_on_1"": 0, ""N_on_10"": 9421397, ""N_on_2"": 0, ""N_on_3"": 0, ""N_on_4"": 0, ""N_on_5"": 0, ""N_on_6"": 0, ""N_on_7"": 0, ""N_on_8"": 0, ""N_on_9"": 0}",22772,22761,22789,22755,22789,22744,22700,22661,22755,373827,0,0,0,0,0,0,0,0,0,9421397
TS appendix,1,ok,10000000,836594,9163406,836544,1,0,252602.65421,3.31169916886,0.0500749858535,0,0,certificate,"{""n_1"": 31052, ""n_10"": 557249, ""n_2"": 31044, ""n_3"": 31066, ""n_4"": 31039, ""n_5"": 31066, ""n_6"": 31030, ""n_7"": 30995, ""n_8"": 30964, ""n_9"": 31039}","{""N_on_1"": 0, ""N_on_10"": 9163406, ""N_on_2"": 0, ""N_on_3"": 0, ""N_on_4"": 0, ""N_on_5"": 0, ""N_on_6"": 0, ""N_on_7"": 0, ""N_on_8"": 0, ""N_on_9"": 0}",31052,31044,31066,31039,31066,31030,30995,30964,31039,557249,0,0,0,0,0,0,0,0,0,9163406
TS direct,1,ok,10000000,792984,9207016,792934,1,0,252602.65421,3.13905648569,0.0514000000897,0,0,certificate,"{""n_1"": 29475, ""n_10"": 527830, ""n_2"": 29467, ""n_3"": 29488, ""n_4"": 29462, ""n_5"": 29488, ""n_6"": 29454, ""n_7"": 29419, ""n_8"": 29389, ""n_9"": 29462}","{""N_on_1"": 0, ""N_on_10"": 9207016, ""N_on_2"": 0, ""N_on_3"": 0, ""N_on_4"": 0, ""N_on_5"": 0, ""N_on_6"": 0, ""N_on_7"": 0, ""N_on_8"": 0, ""N_on_9"": 0}",29475,29467,29488,29462,29488,29454,29419,29389,29462,527830,0,0,0,0,0,0,0,0,0,9207016
UCB clean,1,ok,10000000,50,9999950,0,4.40002200011e-06,9999906,252602.65421,0,,,,clean_no_attack,"{""n_1"": 0, ""n_10"": 0, ""n_2"": 0, ""n_3"": 0, ""n_4"": 0, ""n_5"": 0, ""n_6"": 0, ""n_7"": 0, ""n_8"": 0, ""n_9"": 0}","{""N_on_1"": 9923064, ""N_on_10"": 44, ""N_on_2"": 24311, ""N_on_3"": 13826, ""N_on_4"": 9696, ""N_on_5"": 9617, ""N_on_6"": 7947, ""N_on_7"": 5800, ""N_on_8"": 4219, ""N_on_9"": 1426}",0,0,0,0,0,0,0,0,0,0,9923064,24311,13826,9696,9617,7947,5800,4219,1426,44
TS clean,1,ok,10000000,50,9999950,0,3.00001500008e-06,9999920,252602.65421,0,,,,clean_no_attack,"{""n_1"": 0, ""n_10"": 0, ""n_2"": 0, ""n_3"": 0, ""n_4"": 0, ""n_5"": 0, ""n_6"": 0, ""n_7"": 0, ""n_8"": 0, ""n_9"": 0}","{""N_on_1"": 9968005, ""N_on_10"": 30, ""N_on_2"": 9500, ""N_on_3"": 4109, ""N_on_4"": 5193, ""N_on_5"": 4724, ""N_on_6"": 3231, ""N_on_7"": 2466, ""N_on_8"": 2016, ""N_on_9"": 676}",0,0,0,0,0,0,0,0,0,0,9968005,9500,4109,5193,4724,3231,2466,2016,676,30
UCB appendix,1,ok,15000000,793745,14206255,793695,1,0,333755.721884,2.37807158937,0.0331446183319,0,0,certificate,"{""n_1"": 31082, ""n_10"": 514213, ""n_2"": 31069, ""n_3"": 31101, ""n_4"": 31063, ""n_5"": 31101, ""n_6"": 31050, ""n_7"": 30999, ""n_8"": 30954, ""n_9"": 31063}","{""N_on_1"": 0, ""N_on_10"": 14206255, ""N_on_2"": 0, ""N_on_3"": 0, ""N_on_4"": 0, ""N_on_5"": 0, ""N_on_6"": 0, ""N_on_7"": 0, ""N_on_8"": 0, ""N_on_9"": 0}",31082,31069,31101,31063,31101,31050,30999,30954,31063,514213,0,0,0,0,0,0,0,0,0,14206255
UCB direct,1,ok,15000000,766982,14233018,766932,1,0,333755.721884,2.29788420007,0.0352905734965,0,0,certificate,"{""n_1"": 30086, ""n_10"": 496410, ""n_2"": 30073, ""n_3"": 30105, ""n_4"": 30067, ""n_5"": 30105, ""n_6"": 30055, ""n_7"": 30004, ""n_8"": 29960, ""n_9"": 30067}","{""N_on_1"": 0, ""N_on_10"": 14233018, ""N_on_2"": 0, ""N_on_3"": 0, ""N_on_4"": 0, ""N_on_5"": 0, ""N_on_6"": 0, ""N_on_7"": 0, ""N_on_8"": 0, ""N_on_9"": 0}",30086,30073,30105,30067,30105,30055,30004,29960,30067,496410,0,0,0,0,0,0,0,0,0,14233018
TS appendix,1,ok,15000000,1096361,13903639,1096311,1,0,333755.721884,3.28477065146,0.044234555627,0,0,certificate,"{""n_1"": 40598, ""n_10"": 731129, ""n_2"": 40588, ""n_3"": 40613, ""n_4"": 40583, ""n_5"": 40613, ""n_6"": 40573, ""n_7"": 40533, ""n_8"": 40498, ""n_9"": 40583}","{""N_on_1"": 0, ""N_on_10"": 13903639, ""N_on_2"": 0, ""N_on_3"": 0, ""N_on_4"": 0, ""N_on_5"": 0, ""N_on_6"": 0, ""N_on_7"": 0, ""N_on_8"": 0, ""N_on_9"": 0}",40598,40588,40613,40583,40613,40573,40533,40498,40583,731129,0,0,0,0,0,0,0,0,0,13903639
TS direct,1,ok,15000000,1046044,13953956,1045994,1,0,333755.721884,3.13401068931,0.0452500000909,0,0,certificate,"{""n_1"": 38800, ""n_10"": 696993, ""n_2"": 38790, ""n_3"": 38814, ""n_4"": 38785, ""n_5"": 38814, ""n_6"": 38775, ""n_7"": 38736, ""n_8"": 38702, ""n_9"": 38785}","{""N_on_1"": 0, ""N_on_10"": 13953956, ""N_on_2"": 0, ""N_on_3"": 0, ""N_on_4"": 0, ""N_on_5"": 0, ""N_on_6"": 0, ""N_on_7"": 0, ""N_on_8"": 0, ""N_on_9"": 0}",38800,38790,38814,38785,38814,38775,38736,38702,38785,696993,0,0,0,0,0,0,0,0,0,13953956
UCB clean,1,ok,15000000,50,14999950,0,3.06667688892e-06,14999904,333755.721884,0,,,,clean_no_attack,"{""n_1"": 0, ""n_10"": 0, ""n_2"": 0, ""n_3"": 0, ""n_4"": 0, ""n_5"": 0, ""n_6"": 0, ""n_7"": 0, ""n_8"": 0, ""n_9"": 0}","{""N_on_1"": 14920139, ""N_on_10"": 46, ""N_on_2"": 25739, ""N_on_3"": 14095, ""N_on_4"": 9985, ""N_on_5"": 9935, ""N_on_6"": 8257, ""N_on_7"": 5931, ""N_on_8"": 4363, ""N_on_9"": 1460}",0,0,0,0,0,0,0,0,0,0,14920139,25739,14095,9985,9935,8257,5931,4363,1460,46
TS clean,1,ok,15000000,50,14999950,0,2.13334044447e-06,14999918,333755.721884,0,,,,clean_no_attack,"{""n_1"": 0, ""n_10"": 0, ""n_2"": 0, ""n_3"": 0, ""n_4"": 0, ""n_5"": 0, ""n_6"": 0, ""n_7"": 0, ""n_8"": 0, ""n_9"": 0}","{""N_on_1"": 14966099, ""N_on_10"": 32, ""N_on_2"": 10078, ""N_on_3"": 4516, ""N_on_4"": 5537, ""N_on_5"": 4936, ""N_on_6"": 3393, ""N_on_7"": 2565, ""N_on_8"": 2094, ""N_on_9"": 700}",0,0,0,0,0,0,0,0,0,0,14966099,10078,4516,5537,4936,3393,2565,2094,700,32
UCB appendix,1,ok,20000000,966359,19033641,966309,1,0,406649.214352,2.37627165108,0.0304072143778,0,0,certificate,"{""n_1"": 37708, ""n_10"": 627217, ""n_2"": 37694, ""n_3"": 37729, ""n_4"": 37687, ""n_5"": 37729, ""n_6"": 37673, ""n_7"": 37617, ""n_8"": 37568, ""n_9"": 37687}","{""N_on_1"": 0, ""N_on_10"": 19033641, ""N_on_2"": 0, ""N_on_3"": 0, ""N_on_4"": 0, ""N_on_5"": 0, ""N_on_6"": 0, ""N_on_7"": 0, ""N_on_8"": 0, ""N_on_9"": 0}",37708,37694,37729,37687,37729,37673,37617,37568,37687,627217,0,0,0,0,0,0,0,0,0,19033641
UCB direct,1,ok,20000000,936502,19063498,936452,1,0,406649.214352,2.30284964768,0.0322535928356,0,0,certificate,"{""n_1"": 36617, ""n_10"": 607173, ""n_2"": 36603, ""n_3"": 36638, ""n_4"": 36596, ""n_5"": 36638, ""n_6"": 36583, ""n_7"": 36528, ""n_8"": 36480, ""n_9"": 36596}","{""N_on_1"": 0, ""N_on_10"": 19063498, ""N_on_2"": 0, ""N_on_3"": 0, ""N_on_4"": 0, ""N_on_5"": 0, ""N_on_6"": 0, ""N_on_7"": 0, ""N_on_8"": 0, ""N_on_9"": 0}",36617,36603,36638,36596,36638,36583,36528,36480,36596,607173,0,0,0,0,0,0,0,0,0,19063498
TS appendix,1,ok,20000000,1328710,18671290,1328660,1,0,406649.214352,3.2673369408,0.040492524382,0,0,certificate,"{""n_1"": 49132, ""n_10"": 886689, ""n_2"": 49121, ""n_3"": 49149, ""n_4"": 49116, ""n_5"": 49149, ""n_6"": 49105, ""n_7"": 49061, ""n_8"": 49022, ""n_9"": 49116}","{""N_on_1"": 0, ""N_on_10"": 18671290, ""N_on_2"": 0, ""N_on_3"": 0, ""N_on_4"": 0, ""N_on_5"": 0, ""N_on_6"": 0, ""N_on_7"": 0, ""N_on_8"": 0, ""N_on_9"": 0}",49132,49121,49149,49116,49149,49105,49061,49022,49116,886689,0,0,0,0,0,0,0,0,0,18671290
TS direct,1,ok,20000000,1273004,18726996,1272954,1,0,406649.214352,3.13034909468,0.0413500000917,0,0,certificate,"{""n_1"": 47119, ""n_10"": 849101, ""n_2"": 47108, ""n_3"": 47135, ""n_4"": 47102, ""n_5"": 47135, ""n_6"": 47092, ""n_7"": 47049, ""n_8"": 47011, ""n_9"": 47102}","{""N_on_1"": 0, ""N_on_10"": 18726996, ""N_on_2"": 0, ""N_on_3"": 0, ""N_on_4"": 0, ""N_on_5"": 0, ""N_on_6"": 0, ""N_on_7"": 0, ""N_on_8"": 0, ""N_on_9"": 0}",47119,47108,47135,47102,47135,47092,47049,47011,47102,849101,0,0,0,0,0,0,0,0,0,18726996
UCB clean,1,ok,20000000,50,19999950,0,2.35000587501e-06,19999903,406649.214352,0,,,,clean_no_attack,"{""n_1"": 0, ""n_10"": 0, ""n_2"": 0, ""n_3"": 0, ""n_4"": 0, ""n_5"": 0, ""n_6"": 0, ""n_7"": 0, ""n_8"": 0, ""n_9"": 0}","{""N_on_1"": 19917729, ""N_on_10"": 47, ""N_on_2"": 26898, ""N_on_3"": 14478, ""N_on_4"": 10175, ""N_on_5"": 10235, ""N_on_6"": 8403, ""N_on_7"": 6076, ""N_on_8"": 4435, ""N_on_9"": 1474}",0,0,0,0,0,0,0,0,0,0,19917729,26898,14478,10175,10235,8403,6076,4435,1474,47
TS clean,1,ok,20000000,50,19999950,0,1.60000400001e-06,19999918,406649.214352,0,,,,clean_no_attack,"{""n_1"": 0, ""n_10"": 0, ""n_2"": 0, ""n_3"": 0, ""n_4"": 0, ""n_5"": 0, ""n_6"": 0, ""n_7"": 0, ""n_8"": 0, ""n_9"": 0}","{""N_on_1"": 19964922, ""N_on_10"": 32, ""N_on_2"": 10430, ""N_on_3"": 4750, ""N_on_4"": 5729, ""N_on_5"": 5107, ""N_on_6"": 3491, ""N_on_7"": 2632, ""N_on_8"": 2145, ""N_on_9"": 712}",0,0,0,0,0,0,0,0,0,0,19964922,10430,4750,5729,5107,3491,2632,2145,712,32
UCB appendix,1,ok,25000000,1125720,23874280,1125670,1,0,473953.247914,2.37506548369,0.0284337632374,0,0,certificate,"{""n_1"": 43813, ""n_10"": 731648, ""n_2"": 43799, ""n_3"": 43836, ""n_4"": 43791, ""n_5"": 43836, ""n_6"": 43776, ""n_7"": 43716, ""n_8"": 43664, ""n_9"": 43791}","{""N_on_1"": 0, ""N_on_10"": 23874280, ""N_on_2"": 0, ""N_on_3"": 0, ""N_on_4"": 0, ""N_on_5"": 0, ""N_on_6"": 0, ""N_on_7"": 0, ""N_on_8"": 0, ""N_on_9"": 0}",43813,43799,43836,43791,43836,43776,43716,43664,43791,731648,0,0,0,0,0,0,0,0,0,23874280
UCB direct,1,ok,25000000,1093225,23906775,1093175,1,0,473953.247914,2.30650386892,0.0301022071606,0,0,certificate,"{""n_1"": 42573, ""n_10"": 710313, ""n_2"": 42558, ""n_3"": 42595, ""n_4"": 42551, ""n_5"": 42595, ""n_6"": 42536, ""n_7"": 42477, ""n_8"": 42426, ""n_9"": 42551}","{""N_on_1"": 0, ""N_on_10"": 23906775, ""N_on_2"": 0, ""N_on_3"": 0, ""N_on_4"": 0, ""N_on_5"": 0, ""N_on_6"": 0, ""N_on_7"": 0, ""N_on_8"": 0, ""N_on_9"": 0}",42573,42558,42595,42551,42595,42536,42477,42426,42551,710313,0,0,0,0,0,0,0,0,0,23906775
TS appendix,1,ok,25000000,1542605,23457395,1542555,1,0,473953.247914,3.25465645987,0.0378014562593,0,0,certificate,"{""n_1"": 56986, ""n_10"": 1029920, ""n_2"": 56974, ""n_3"": 57003, ""n_4"": 56968, ""n_5"": 57003, ""n_6"": 56956, ""n_7"": 56909, ""n_8"": 56868, ""n_9"": 56968}","{""N_on_1"": 0, ""N_on_10"": 23457395, ""N_on_2"": 0, ""N_on_3"": 0, ""N_on_4"": 0, ""N_on_5"": 0, ""N_on_6"": 0, ""N_on_7"": 0, ""N_on_8"": 0, ""N_on_9"": 0}",56986,56974,57003,56968,57003,56956,56909,56868,56968,1029920,0,0,0,0,0,0,0,0,0,23457395
TS direct,1,ok,25000000,1482328,23517672,1482278,1,0,473953.247914,3.12747724913,0.0385500000923,0,0,certificate,"{""n_1"": 54797, ""n_10"": 989332, ""n_2"": 54786, ""n_3"": 54815, ""n_4"": 54780, ""n_5"": 54815, ""n_6"": 54769, ""n_7"": 54722, ""n_8"": 54682, ""n_9"": 54780}","{""N_on_1"": 0, ""N_on_10"": 23517672, ""N_on_2"": 0, ""N_on_3"": 0, ""N_on_4"": 0, ""N_on_5"": 0, ""N_on_6"": 0, ""N_on_7"": 0, ""N_on_8"": 0, ""N_on_9"": 0}",54797,54786,54815,54780,54815,54769,54722,54682,54780,989332,0,0,0,0,0,0,0,0,0,23517672
UCB clean,1,ok,25000000,50,24999950,0,1.88000376001e-06,24999903,473953.247914,0,,,,clean_no_attack,"{""n_1"": 0, ""n_10"": 0, ""n_2"": 0, ""n_3"": 0, ""n_4"": 0, ""n_5"": 0, ""n_6"": 0, ""n_7"": 0, ""n_8"": 0, ""n_9"": 0}","{""N_on_1"": 24916324, ""N_on_10"": 47, ""N_on_2"": 27434, ""N_on_3"": 14656, ""N_on_4"": 10349, ""N_on_5"": 10537, ""N_on_6"": 8505, ""N_on_7"": 6125, ""N_on_8"": 4492, ""N_on_9"": 1481}",0,0,0,0,0,0,0,0,0,0,24916324,27434,14656,10349,10537,8505,6125,4492,1481,47
TS clean,1,ok,25000000,50,24999950,0,1.28000256001e-06,24999918,473953.247914,0,,,,clean_no_attack,"{""n_1"": 0, ""n_10"": 0, ""n_2"": 0, ""n_3"": 0, ""n_4"": 0, ""n_5"": 0, ""n_6"": 0, ""n_7"": 0, ""n_8"": 0, ""n_9"": 0}","{""N_on_1"": 24964020, ""N_on_10"": 32, ""N_on_2"": 10678, ""N_on_3"": 4951, ""N_on_4"": 5860, ""N_on_5"": 5226, ""N_on_6"": 3576, ""N_on_7"": 2703, ""N_on_8"": 2185, ""N_on_9"": 719}",0,0,0,0,0,0,0,0,0,0,24964020,10678,4951,5860,5226,3576,2703,2185,719,32
UCB appendix,2,ok,100000,26306,73694,26256,1,0,10480.8192431,2.50514767891,0.136572479688,0,0,certificate,"{""n_1"": 1161, ""n_10"": 15818, ""n_2"": 1167, ""n_3"": 1164, ""n_4"": 1158, ""n_5"": 1168, ""n_6"": 1168, ""n_7"": 1153, ""n_8"": 1151, ""n_9"": 1148}","{""N_on_1"": 0, ""N_on_10"": 73694, ""N_on_2"": 0, ""N_on_3"": 0, ""N_on_4"": 0, ""N_on_5"": 0, ""N_on_6"": 0, ""N_on_7"": 0, ""N_on_8"": 0, ""N_on_9"": 0}",1161,1167,1164,1158,1168,1168,1153,1151,1148,15818,0,0,0,0,0,0,0,0,0,73694
UCB direct,2,ok,100000,22484,77516,22434,1,0,10480.8192431,2.14048152913,0.163808939061,0,0,certificate,"{""n_1"": 1010, ""n_10"": 13352, ""n_2"": 1016, ""n_3"": 1013, ""n_4"": 1008, ""n_5"": 1017, ""n_6"": 1017, ""n_7"": 1002, ""n_8"": 1001, ""n_9"": 998}","{""N_on_1"": 0, ""N_on_10"": 77516, ""N_on_2"": 0, ""N_on_3"": 0, ""N_on_4"": 0, ""N_on_5"": 0, ""N_on_6"": 0, ""N_on_7"": 0, ""N_on_8"": 0, ""N_on_9"": 0}",1010,1016,1013,1008,1017,1017,1002,1001,998,13352,0,0,0,0,0,0,0,0,0,77516
TS appendix,2,ok,100000,41947,58053,41897,1,0,10480.8192431,3.99749285129,0.189379031107,0,0,certificate,"{""n_1"": 1686, ""n_10"": 26737, ""n_2"": 1690, ""n_3"": 1688, ""n_4"": 1683, ""n_5"": 1691, ""n_6"": 1691, ""n_7"": 1679, ""n_8"": 1677, ""n_9"": 1675}","{""N_on_1"": 0, ""N_on_10"": 58053, ""N_on_2"": 0, ""N_on_3"": 0, ""N_on_4"": 0, ""N_on_5"": 0, ""N_on_6"": 0, ""N_on_7"": 0, ""N_on_8"": 0, ""N_on_9"": 0}",1686,1690,1688,1683,1691,1691,1679,1677,1675,26737,0,0,0,0,0,0,0,0,0,58053
TS direct,2,ok,100000,33065,66935,33015,1,0,10480.8192431,3.15004001445,0.211850000058,0,0,certificate,"{""n_1"": 1349, ""n_10"": 20882, ""n_2"": 1353, ""n_3"": 1351, ""n_4"": 1347, ""n_5"": 1354, ""n_6"": 1354, ""n_7"": 1343, ""n_8"": 1342, ""n_9"": 1340}","{""N_on_1"": 0, ""N_on_10"": 66935, ""N_on_2"": 0, ""N_on_3"": 0, ""N_on_4"": 0, ""N_on_5"": 0, ""N_on_6"": 0, ""N_on_7"": 0, ""N_on_8"": 0, ""N_on_9"": 0}",1349,1353,1351,1347,1354,1354,1343,1342,1340,20882,0,0,0,0,0,0,0,0,0,66935
UCB clean,2,ok,100000,50,99950,0,0.000290145072536,99921,10480.8192431,0,,,,clean_no_attack,"{""n_1"": 0, ""n_10"": 0, ""n_2"": 0, ""n_3"": 0, ""n_4"": 0, ""n_5"": 0, ""n_6"": 0, ""n_7"": 0, ""n_8"": 0, ""n_9"": 0}","{""N_on_1"": 69542, ""N_on_10"": 29, ""N_on_2"": 7963, ""N_on_3"": 5233, ""N_on_4"": 4699, ""N_on_5"": 3904, ""N_on_6"": 3742, ""N_on_7"": 2273, ""N_on_8"": 1842, ""N_on_9"": 723}",0,0,0,0,0,0,0,0,0,0,69542,7963,5233,4699,3904,3742,2273,1842,723,29
TS clean,2,ok,100000,50,99950,0,0.000180090045023,99932,10480.8192431,0,,,,clean_no_attack,"{""n_1"": 0, ""n_10"": 0, ""n_2"": 0, ""n_3"": 0, ""n_4"": 0, ""n_5"": 0, ""n_6"": 0, ""n_7"": 0, ""n_8"": 0, ""n_9"": 0}","{""N_on_1"": 85819, ""N_on_10"": 18, ""N_on_2"": 3224, ""N_on_3"": 2795, ""N_on_4"": 1659, ""N_on_5"": 1957, ""N_on_6"": 1900, ""N_on_7"": 1345, ""N_on_8"": 871, ""N_on_9"": 362}",0,0,0,0,0,0,0,0,0,0,85819,3224,2795,1659,1957,1900,1345,871,362,18
UCB appendix,2,ok,250000,48788,201212,48738,1,0,19804.9881347,2.46089518805,0.107163774314,0,0,certificate,"{""n_1"": 2083, ""n_10"": 30007, ""n_2"": 2090, ""n_3"": 2087, ""n_4"": 2079, ""n_5"": 2092, ""n_6"": 2092, ""n_7"": 2072, ""n_8"": 2070, ""n_9"": 2066}","{""N_on_1"": 0, ""N_on_10"": 201212, ""N_on_2"": 0, ""N_on_3"": 0, ""N_on_4"": 0, ""N_on_5"": 0, ""N_on_6"": 0, ""N_on_7"": 0, ""N_on_8"": 0, ""N_on_9"": 0}",2083,2090,2087,2079,2092,2092,2072,2070,2066,30007,0,0,0,0,0,0,0,0,0,201212
UCB direct,2,ok,250000,43299,206701,43249,1,0,19804.9881347,2.18374278772,0.124448591239,0,0,certificate,"{""n_1"": 1867, ""n_10"": 26464, ""n_2"": 1874, ""n_3"": 1870, ""n_4"": 1863, ""n_5"": 1875, ""n_6"": 1875, ""n_7"": 1856, ""n_8"": 1854, ""n_9"": 1851}","{""N_on_1"": 0, ""N_on_10"": 206701, ""N_on_2"": 0, ""N_on_3"": 0, ""N_on_4"": 0, ""N_on_5"": 0, ""N_on_6"": 0, ""N_on_7"": 0, ""N_on_8"": 0, ""N_on_9"": 0}",1867,1874,1870,1863,1875,1875,1856,1854,1851,26464,0,0,0,0,0,0,0,0,0,206701
TS appendix,2,ok,250000,74771,175229,74721,1,0,19804.9881347,3.77283740298,0.147754735366,0,0,certificate,"{""n_1"": 2924, ""n_10"": 48419, ""n_2"": 2930, ""n_3"": 2927, ""n_4"": 2921, ""n_5"": 2931, ""n_6"": 2931, ""n_7"": 2915, ""n_8"": 2913, ""n_9"": 2910}","{""N_on_1"": 0, ""N_on_10"": 175229, ""N_on_2"": 0, ""N_on_3"": 0, ""N_on_4"": 0, ""N_on_5"": 0, ""N_on_6"": 0, ""N_on_7"": 0, ""N_on_8"": 0, ""N_on_9"": 0}",2924,2930,2927,2921,2931,2931,2915,2913,2910,48419,0,0,0,0,0,0,0,0,0,175229
TS direct,2,ok,250000,62675,187325,62625,1,0,19804.9881347,3.16208217719,0.160750000068,0,0,certificate,"{""n_1"": 2473, ""n_10"": 40384, ""n_2"": 2478, ""n_3"": 2475, ""n_4"": 2470, ""n_5"": 2479, ""n_6"": 2479, ""n_7"": 2464, ""n_8"": 2463, ""n_9"": 2460}","{""N_on_1"": 0, ""N_on_10"": 187325, ""N_on_2"": 0, ""N_on_3"": 0, ""N_on_4"": 0, ""N_on_5"": 0, ""N_on_6"": 0, ""N_on_7"": 0, ""N_on_8"": 0, ""N_on_9"": 0}",2473,2478,2475,2470,2479,2479,2464,2463,2460,40384,0,0,0,0,0,0,0,0,0,187325
UCB clean,2,ok,250000,50,249950,0,0.000132026405281,249917,19804.9881347,0,,,,clean_no_attack,"{""n_1"": 0, ""n_10"": 0, ""n_2"": 0, ""n_3"": 0, ""n_4"": 0, ""n_5"": 0, ""n_6"": 0, ""n_7"": 0, ""n_8"": 0, ""n_9"": 0}","{""N_on_1"": 208635, ""N_on_10"": 33, ""N_on_2"": 11083, ""N_on_3"": 7530, ""N_on_4"": 5982, ""N_on_5"": 5131, ""N_on_6"": 5264, ""N_on_7"": 3041, ""N_on_8"": 2397, ""N_on_9"": 854}",0,0,0,0,0,0,0,0,0,0,208635,11083,7530,5982,5131,5264,3041,2397,854,33
TS clean,2,ok,250000,50,249950,0,8.80176035207e-05,249928,19804.9881347,0,,,,clean_no_attack,"{""n_1"": 0, ""n_10"": 0, ""n_2"": 0, ""n_3"": 0, ""n_4"": 0, ""n_5"": 0, ""n_6"": 0, ""n_7"": 0, ""n_8"": 0, ""n_9"": 0}","{""N_on_1"": 232241, ""N_on_10"": 22, ""N_on_2"": 4109, ""N_on_3"": 3468, ""N_on_4"": 2133, ""N_on_5"": 2468, ""N_on_6"": 2278, ""N_on_7"": 1682, ""N_on_8"": 1130, ""N_on_9"": 419}",0,0,0,0,0,0,0,0,0,0,232241,4109,3468,2133,2468,2278,1682,1130,419,22
UCB appendix,2,ok,500000,78032,421968,77982,1,0,32012.3352326,2.43599848101,0.088661818529,0,0,certificate,"{""n_1"": 3262, ""n_10"": 48644, ""n_2"": 3271, ""n_3"": 3267, ""n_4"": 3257, ""n_5"": 3273, ""n_6"": 3273, ""n_7"": 3248, ""n_8"": 3246, ""n_9"": 3241}","{""N_on_1"": 0, ""N_on_10"": 421968, ""N_on_2"": 0, ""N_on_3"": 0, ""N_on_4"": 0, ""N_on_5"": 0, ""N_on_6"": 0, ""N_on_7"": 0, ""N_on_8"": 0, ""N_on_9"": 0}",3262,3271,3267,3257,3273,3273,3248,3246,3241,48644,0,0,0,0,0,0,0,0,0,421968
UCB direct,2,ok,500000,70827,429173,70777,1,0,32012.3352326,2.2109289899,0.100712892225,0,0,certificate,"{""n_1"": 2987, ""n_10"": 43909, ""n_2"": 2996, ""n_3"": 2992, ""n_4"": 2983, ""n_5"": 2998, ""n_6"": 2998, ""n_7"": 2974, ""n_8"": 2972, ""n_9"": 2968}","{""N_on_1"": 0, ""N_on_10"": 429173, ""N_on_2"": 0, ""N_on_3"": 0, ""N_on_4"": 0, ""N_on_5"": 0, ""N_on_6"": 0, ""N_on_7"": 0, ""N_on_8"": 0, ""N_on_9"": 0}",2987,2996,2992,2983,2998,2998,2974,2972,2968,43909,0,0,0,0,0,0,0,0,0,429173
TS appendix,2,ok,500000,116666,383334,116616,1,0,32012.3352326,3.64284577032,0.121616533402,0,0,certificate,"{""n_1"": 4490, ""n_10"": 76220, ""n_2"": 4497, ""n_3"": 4494, ""n_4"": 4487, ""n_5"": 4499, ""n_6"": 4499, ""n_7"": 4479, ""n_8"": 4477, ""n_9"": 4474}","{""N_on_1"": 0, ""N_on_10"": 383334, ""N_on_2"": 0, ""N_on_3"": 0, ""N_on_4"": 0, ""N_on_5"": 0, ""N_on_6"": 0, ""N_on_7"": 0, ""N_on_8"": 0, ""N_on_9"": 0}",4490,4497,4494,4487,4499,4499,4479,4477,4474,76220,0,0,0,0,0,0,0,0,0,383334
TS direct,2,ok,500000,101337,398663,101287,1,0,32012.3352326,3.16399910422,0.130000000074,0,0,certificate,"{""n_1"": 3932, ""n_10"": 65910, ""n_2"": 3939, ""n_3"": 3936, ""n_4"": 3929, ""n_5"": 3941, ""n_6"": 3941, ""n_7"": 3922, ""n_8"": 3920, ""n_9"": 3917}","{""N_on_1"": 0, ""N_on_10"": 398663, ""N_on_2"": 0, ""N_on_3"": 0, ""N_on_4"": 0, ""N_on_5"": 0, ""N_on_6"": 0, ""N_on_7"": 0, ""N_on_8"": 0, ""N_on_9"": 0}",3932,3939,3936,3929,3941,3941,3922,3920,3917,65910,0,0,0,0,0,0,0,0,0,398663
UCB clean,2,ok,500000,50,499950,0,7.00070007001e-05,499915,32012.3352326,0,,,,clean_no_attack,"{""n_1"": 0, ""n_10"": 0, ""n_2"": 0, ""n_3"": 0, ""n_4"": 0, ""n_5"": 0, ""n_6"": 0, ""n_7"": 0, ""n_8"": 0, ""n_9"": 0}","{""N_on_1"": 451583, ""N_on_10"": 35, ""N_on_2"": 13290, ""N_on_3"": 8853, ""N_on_4"": 6905, ""N_on_5"": 6101, ""N_on_6"": 6017, ""N_on_7"": 3660, ""N_on_8"": 2608, ""N_on_9"": 898}",0,0,0,0,0,0,0,0,0,0,451583,13290,8853,6905,6101,6017,3660,2608,898,35
TS clean,2,ok,500000,50,499950,0,4.600460046e-05,499927,32012.3352326,0,,,,clean_no_attack,"{""n_1"": 0, ""n_10"": 0, ""n_2"": 0, ""n_3"": 0, ""n_4"": 0, ""n_5"": 0, ""n_6"": 0, ""n_7"": 0, ""n_8"": 0, ""n_9"": 0}","{""N_on_1"": 479738, ""N_on_10"": 23, ""N_on_2"": 4766, ""N_on_3"": 3951, ""N_on_4"": 2383, ""N_on_5"": 2931, ""N_on_6"": 2524, ""N_on_7"": 1897, ""N_on_8"": 1289, ""N_on_9"": 448}",0,0,0,0,0,0,0,0,0,0,479738,4766,3951,2383,2931,2524,1897,1289,448,23
UCB appendix,2,ok,1000000,124996,875004,124946,1,0,51695.8459325,2.41694468378,0.0730288666888,0,0,certificate,"{""n_1"": 5132, ""n_10"": 78783, ""n_2"": 5143, ""n_3"": 5137, ""n_4"": 5126, ""n_5"": 5146, ""n_6"": 5146, ""n_7"": 5115, ""n_8"": 5112, ""n_9"": 5106}","{""N_on_1"": 0, ""N_on_10"": 875004, ""N_on_2"": 0, ""N_on_3"": 0, ""N_on_4"": 0, ""N_on_5"": 0, ""N_on_6"": 0, ""N_on_7"": 0, ""N_on_8"": 0, ""N_on_9"": 0}",5132,5143,5137,5126,5146,5146,5115,5112,5106,78783,0,0,0,0,0,0,0,0,0,875004
UCB direct,2,ok,1000000,115551,884449,115501,1,0,51695.8459325,2.23424141566,0.0814651850873,0,0,certificate,"{""n_1"": 4780, ""n_10"": 72505, ""n_2"": 4791, ""n_3"": 4785, ""n_4"": 4774, ""n_5"": 4793, ""n_6"": 4793, ""n_7"": 4764, ""n_8"": 4761, ""n_9"": 4755}","{""N_on_1"": 0, ""N_on_10"": 884449, ""N_on_2"": 0, ""N_on_3"": 0, ""N_on_4"": 0, ""N_on_5"": 0, ""N_on_6"": 0, ""N_on_7"": 0, ""N_on_8"": 0, ""N_on_9"": 0}",4780,4791,4785,4774,4793,4793,4764,4761,4755,72505,0,0,0,0,0,0,0,0,0,884449
TS appendix,2,ok,1000000,182981,817019,182931,1,0,51695.8459325,3.53860153945,0.099619648913,0,0,certificate,"{""n_1"": 6955, ""n_10"": 120353, ""n_2"": 6964, ""n_3"": 6959, ""n_4"": 6951, ""n_5"": 6966, ""n_6"": 6966, ""n_7"": 6942, ""n_8"": 6940, ""n_9"": 6935}","{""N_on_1"": 0, ""N_on_10"": 817019, ""N_on_2"": 0, ""N_on_3"": 0, ""N_on_4"": 0, ""N_on_5"": 0, ""N_on_6"": 0, ""N_on_7"": 0, ""N_on_8"": 0, ""N_on_9"": 0}",6955,6964,6959,6951,6966,6966,6942,6940,6935,120353,0,0,0,0,0,0,0,0,0,817019
TS direct,2,ok,1000000,163502,836498,163452,1,0,51695.8459325,3.16180143785,0.105400000079,0,0,certificate,"{""n_1"": 6216, ""n_10"": 107527, ""n_2"": 6224, ""n_3"": 6220, ""n_4"": 6212, ""n_5"": 6226, ""n_6"": 6226, ""n_7"": 6203, ""n_8"": 6201, ""n_9"": 6197}","{""N_on_1"": 0, ""N_on_10"": 836498, ""N_on_2"": 0, ""N_on_3"": 0, ""N_on_4"": 0, ""N_on_5"": 0, ""N_on_6"": 0, ""N_on_7"": 0, ""N_on_8"": 0, ""N_on_9"": 0}",6216,6224,6220,6212,6226,6226,6203,6201,6197,107527,0,0,0,0,0,0,0,0,0,836498
UCB clean,2,ok,1000000,50,999950,0,3.8001900095e-05,999912,51695.8459325,0,,,,clean_no_attack,"{""n_1"": 0, ""n_10"": 0, ""n_2"": 0, ""n_3"": 0, ""n_4"": 0, ""n_5"": 0, ""n_6"": 0, ""n_7"": 0, ""n_8"": 0, ""n_9"": 0}","{""N_on_1"": 944575, ""N_on_10"": 38, ""N_on_2"": 16096, ""N_on_3"": 9750, ""N_on_4"": 7813, ""N_on_5"": 6821, ""N_on_6"": 6825, ""N_on_7"": 4160, ""N_on_8"": 2905, ""N_on_9"": 967}",0,0,0,0,0,0,0,0,0,0,944575,16096,9750,7813,6821,6825,4160,2905,967,38
TS clean,2,ok,1000000,50,999950,0,2.50012500625e-05,999925,51695.8459325,0,,,,clean_no_attack,"{""n_1"": 0, ""n_10"": 0, ""n_2"": 0, ""n_3"": 0, ""n_4"": 0, ""n_5"": 0, ""n_6"": 0, ""n_7"": 0, ""n_8"": 0, ""n_9"": 0}","{""N_on_1"": 976832, ""N_on_10"": 25, ""N_on_2"": 5804, ""N_on_3"": 4465, ""N_on_4"": 2755, ""N_on_5"": 3256, ""N_on_6"": 2779, ""N_on_7"": 2110, ""N_on_8"": 1438, ""N_on_9"": 486}",0,0,0,0,0,0,0,0,0,0,976832,5804,4465,2755,3256,2779,2110,1438,486,25
UCB appendix,2,ok,2500000,233394,2266606,233344,1,0,97284.8670799,2.39856420638,0.0561851370808,0,0,certificate,"{""n_1"": 9394, ""n_10"": 148825, ""n_2"": 9409, ""n_3"": 9402, ""n_4"": 9387, ""n_5"": 9413, ""n_6"": 9413, ""n_7"": 9372, ""n_8"": 9368, ""n_9"": 9361}","{""N_on_1"": 0, ""N_on_10"": 2266606, ""N_on_2"": 0, ""N_on_3"": 0, ""N_on_4"": 0, ""N_on_5"": 0, ""N_on_6"": 0, ""N_on_7"": 0, ""N_on_8"": 0, ""N_on_9"": 0}",9394,9409,9402,9387,9413,9413,9372,9368,9361,148825,0,0,0,0,0,0,0,0,0,2266606
UCB direct,2,ok,2500000,219924,2280076,219874,1,0,97284.8670799,2.26010485083,0.0615015761605,0,0,certificate,"{""n_1"": 8892, ""n_10"": 139875, ""n_2"": 8906, ""n_3"": 8899, ""n_4"": 8885, ""n_5"": 8910, ""n_6"": 8910, ""n_7"": 8870, ""n_8"": 8867, ""n_9"": 8860}","{""N_on_1"": 0, ""N_on_10"": 2280076, ""N_on_2"": 0, ""N_on_3"": 0, ""N_on_4"": 0, ""N_on_5"": 0, ""N_on_6"": 0, ""N_on_7"": 0, ""N_on_8"": 0, ""N_on_9"": 0}",8892,8906,8899,8885,8910,8910,8870,8867,8860,139875,0,0,0,0,0,0,0,0,0,2280076
TS appendix,2,ok,2500000,333772,2166228,333722,1,0,97284.8670799,3.43035880108,0.0760666325987,0,0,certificate,"{""n_1"": 12532, ""n_10"": 220962, ""n_2"": 12543, ""n_3"": 12537, ""n_4"": 12526, ""n_5"": 12546, ""n_6"": 12546, ""n_7"": 12514, ""n_8"": 12511, ""n_9"": 12505}","{""N_on_1"": 0, ""N_on_10"": 2166228, ""N_on_2"": 0, ""N_on_3"": 0, ""N_on_4"": 0, ""N_on_5"": 0, ""N_on_6"": 0, ""N_on_7"": 0, ""N_on_8"": 0, ""N_on_9"": 0}",12532,12543,12537,12526,12546,12546,12514,12511,12505,220962,0,0,0,0,0,0,0,0,0,2166228
TS direct,2,ok,2500000,306972,2193028,306922,1,0,97284.8670799,3.15487916274,0.0791500000842,0,0,certificate,"{""n_1"": 11577, ""n_10"": 202752, ""n_2"": 11588, ""n_3"": 11583, ""n_4"": 11571, ""n_5"": 11591, ""n_6"": 11591, ""n_7"": 11560, ""n_8"": 11557, ""n_9"": 11552}","{""N_on_1"": 0, ""N_on_10"": 2193028, ""N_on_2"": 0, ""N_on_3"": 0, ""N_on_4"": 0, ""N_on_5"": 0, ""N_on_6"": 0, ""N_on_7"": 0, ""N_on_8"": 0, ""N_on_9"": 0}",11577,11588,11583,11571,11591,11591,11560,11557,11552,202752,0,0,0,0,0,0,0,0,0,2193028
UCB clean,2,ok,2500000,50,2499950,0,1.60003200064e-05,2499910,97284.8670799,0,,,,clean_no_attack,"{""n_1"": 0, ""n_10"": 0, ""n_2"": 0, ""n_3"": 0, ""n_4"": 0, ""n_5"": 0, ""n_6"": 0, ""n_7"": 0, ""n_8"": 0, ""n_9"": 0}","{""N_on_1"": 2436785, ""N_on_10"": 40, ""N_on_2"": 18732, ""N_on_3"": 11184, ""N_on_4"": 8759, ""N_on_5"": 7977, ""N_on_6"": 7520, ""N_on_7"": 4602, ""N_on_8"": 3273, ""N_on_9"": 1078}",0,0,0,0,0,0,0,0,0,0,2436785,18732,11184,8759,7977,7520,4602,3273,1078,40
TS clean,2,ok,2500000,50,2499950,0,1.08002160043e-05,2499923,97284.8670799,0,,,,clean_no_attack,"{""n_1"": 0, ""n_10"": 0, ""n_2"": 0, ""n_3"": 0, ""n_4"": 0, ""n_5"": 0, ""n_6"": 0, ""n_7"": 0, ""n_8"": 0, ""n_9"": 0}","{""N_on_1"": 2472921, ""N_on_10"": 27, ""N_on_2"": 7026, ""N_on_3"": 5156, ""N_on_4"": 3347, ""N_on_5"": 3708, ""N_on_6"": 3244, ""N_on_7"": 2396, ""N_on_8"": 1604, ""N_on_9"": 521}",0,0,0,0,0,0,0,0,0,0,2472921,7026,5156,3347,3708,3244,2396,1604,521,27
UCB appendix,2,ok,5000000,374644,4625356,374594,1,0,156815.111138,2.38876213703,0.0459061931995,0,0,certificate,"{""n_1"": 14895, ""n_10"": 240575, ""n_2"": 14913, ""n_3"": 14904, ""n_4"": 14886, ""n_5"": 14918, ""n_6"": 14918, ""n_7"": 14868, ""n_8"": 14863, ""n_9"": 14854}","{""N_on_1"": 0, ""N_on_10"": 4625356, ""N_on_2"": 0, ""N_on_3"": 0, ""N_on_4"": 0, ""N_on_5"": 0, ""N_on_6"": 0, ""N_on_7"": 0, ""N_on_8"": 0, ""N_on_9"": 0}",14895,14913,14904,14886,14918,14918,14868,14863,14854,240575,0,0,0,0,0,0,0,0,0,4625356
UCB direct,2,ok,5000000,357053,4642947,357003,1,0,156815.111138,2.27658544773,0.0496781009536,0,0,certificate,"{""n_1"": 14223, ""n_10"": 229028, ""n_2"": 14241, ""n_3"": 14232, ""n_4"": 14215, ""n_5"": 14246, ""n_6"": 14246, ""n_7"": 14197, ""n_8"": 14192, ""n_9"": 14183}","{""N_on_1"": 0, ""N_on_10"": 4642947, ""N_on_2"": 0, ""N_on_3"": 0, ""N_on_4"": 0, ""N_on_5"": 0, ""N_on_6"": 0, ""N_on_7"": 0, ""N_on_8"": 0, ""N_on_9"": 0}",14223,14241,14232,14215,14246,14246,14197,14192,14183,229028,0,0,0,0,0,0,0,0,0,4642947
TS appendix,2,ok,5000000,527823,4472177,527773,1,0,156815.111138,3.36557488733,0.0617982997243,0,0,certificate,"{""n_1"": 19684, ""n_10"": 350651, ""n_2"": 19698, ""n_3"": 19691, ""n_4"": 19676, ""n_5"": 19701, ""n_6"": 19701, ""n_7"": 19662, ""n_8"": 19658, ""n_9"": 19651}","{""N_on_1"": 0, ""N_on_10"": 4472177, ""N_on_2"": 0, ""N_on_3"": 0, ""N_on_4"": 0, ""N_on_5"": 0, ""N_on_6"": 0, ""N_on_7"": 0, ""N_on_8"": 0, ""N_on_9"": 0}",19684,19698,19691,19676,19701,19701,19662,19658,19651,350651,0,0,0,0,0,0,0,0,0,4472177
TS direct,2,ok,5000000,493649,4506351,493599,1,0,156815.111138,3.14764946068,0.0639000000872,0,0,certificate,"{""n_1"": 18413, ""n_10"": 327910, ""n_2"": 18427, ""n_3"": 18420, ""n_4"": 18406, ""n_5"": 18430, ""n_6"": 18430, ""n_7"": 18392, ""n_8"": 18389, ""n_9"": 18382}","{""N_on_1"": 0, ""N_on_10"": 4506351, ""N_on_2"": 0, ""N_on_3"": 0, ""N_on_4"": 0, ""N_on_5"": 0, ""N_on_6"": 0, ""N_on_7"": 0, ""N_on_8"": 0, ""N_on_9"": 0}",18413,18427,18420,18406,18430,18430,18392,18389,18382,327910,0,0,0,0,0,0,0,0,0,4506351
UCB clean,2,ok,5000000,50,4999950,0,8.60008600086e-06,4999907,156815.111138,0,,,,clean_no_attack,"{""n_1"": 0, ""n_10"": 0, ""n_2"": 0, ""n_3"": 0, ""n_4"": 0, ""n_5"": 0, ""n_6"": 0, ""n_7"": 0, ""n_8"": 0, ""n_9"": 0}","{""N_on_1"": 4930576, ""N_on_10"": 43, ""N_on_2"": 20412, ""N_on_3"": 12368, ""N_on_4"": 9755, ""N_on_5"": 9007, ""N_on_6"": 8072, ""N_on_7"": 4994, ""N_on_8"": 3551, ""N_on_9"": 1172}",0,0,0,0,0,0,0,0,0,0,4930576,20412,12368,9755,9007,8072,4994,3551,1172,43
TS clean,2,ok,5000000,50,4999950,0,5.60005600056e-06,4999922,156815.111138,0,,,,clean_no_attack,"{""n_1"": 0, ""n_10"": 0, ""n_2"": 0, ""n_3"": 0, ""n_4"": 0, ""n_5"": 0, ""n_6"": 0, ""n_7"": 0, ""n_8"": 0, ""n_9"": 0}","{""N_on_1"": 4969713, ""N_on_10"": 28, ""N_on_2"": 8199, ""N_on_3"": 5710, ""N_on_4"": 3649, ""N_on_5"": 4138, ""N_on_6"": 3635, ""N_on_7"": 2571, ""N_on_8"": 1754, ""N_on_9"": 553}",0,0,0,0,0,0,0,0,0,0,4969713,8199,5710,3649,4138,3635,2571,1754,553,28
UCB appendix,2,ok,10000000,601662,9398338,601612,1,0,252602.65421,2.38165351778,0.037406553382,0,0,certificate,"{""n_1"": 23673, ""n_10"": 388602, ""n_2"": 23695, ""n_3"": 23684, ""n_4"": 23662, ""n_5"": 23701, ""n_6"": 23701, ""n_7"": 23639, ""n_8"": 23633, ""n_9"": 23622}","{""N_on_1"": 0, ""N_on_10"": 9398338, ""N_on_2"": 0, ""N_on_3"": 0, ""N_on_4"": 0, ""N_on_5"": 0, ""N_on_6"": 0, ""N_on_7"": 0, ""N_on_8"": 0, ""N_on_9"": 0}",23673,23695,23684,23662,23701,23701,23639,23633,23622,388602,0,0,0,0,0,0,0,0,0,9398338
UCB direct,2,ok,10000000,578726,9421274,578676,1,0,252602.65421,2.29085478856,0.0400883062563,0,0,certificate,"{""n_1"": 22766, ""n_10"": 373822, ""n_2"": 22789, ""n_3"": 22778, ""n_4"": 22755, ""n_5"": 22794, ""n_6"": 22794, ""n_7"": 22733, ""n_8"": 22728, ""n_9"": 22717}","{""N_on_1"": 0, ""N_on_10"": 9421274, ""N_on_2"": 0, ""N_on_3"": 0, ""N_on_4"": 0, ""N_on_5"": 0, ""N_on_6"": 0, ""N_on_7"": 0, ""N_on_8"": 0, ""N_on_9"": 0}",22766,22789,22778,22755,22794,22794,22733,22728,22717,373822,0,0,0,0,0,0,0,0,0,9421274
TS appendix,2,ok,10000000,836697,9163303,836647,1,0,252602.65421,3.31210692388,0.0500779409612,0,0,certificate,"{""n_1"": 31044, ""n_10"": 557282, ""n_2"": 31062, ""n_3"": 31053, ""n_4"": 31036, ""n_5"": 31067, ""n_6"": 31067, ""n_7"": 31018, ""n_8"": 31013, ""n_9"": 31005}","{""N_on_1"": 0, ""N_on_10"": 9163303, ""N_on_2"": 0, ""N_on_3"": 0, ""N_on_4"": 0, ""N_on_5"": 0, ""N_on_6"": 0, ""N_on_7"": 0, ""N_on_8"": 0, ""N_on_9"": 0}",31044,31062,31053,31036,31067,31067,31018,31013,31005,557282,0,0,0,0,0,0,0,0,0,9163303
TS direct,2,ok,10000000,793077,9206923,793027,1,0,252602.65421,3.13942465284,0.0514000000897,0,0,certificate,"{""n_1"": 29471, ""n_10"": 527825, ""n_2"": 29488, ""n_3"": 29479, ""n_4"": 29462, ""n_5"": 29492, ""n_6"": 29492, ""n_7"": 29445, ""n_8"": 29441, ""n_9"": 29432}","{""N_on_1"": 0, ""N_on_10"": 9206923, ""N_on_2"": 0, ""N_on_3"": 0, ""N_on_4"": 0, ""N_on_5"": 0, ""N_on_6"": 0, ""N_on_7"": 0, ""N_on_8"": 0, ""N_on_9"": 0}",29471,29488,29479,29462,29492,29492,29445,29441,29432,527825,0,0,0,0,0,0,0,0,0,9206923
UCB clean,2,ok,10000000,50,9999950,0,4.50002250011e-06,9999905,252602.65421,0,,,,clean_no_attack,"{""n_1"": 0, ""n_10"": 0, ""n_2"": 0, ""n_3"": 0, ""n_4"": 0, ""n_5"": 0, ""n_6"": 0, ""n_7"": 0, ""n_8"": 0, ""n_9"": 0}","{""N_on_1"": 9924629, ""N_on_10"": 45, ""N_on_2"": 22503, ""N_on_3"": 13799, ""N_on_4"": 10410, ""N_on_5"": 9661, ""N_on_6"": 8588, ""N_on_7"": 5364, ""N_on_8"": 3704, ""N_on_9"": 1247}",0,0,0,0,0,0,0,0,0,0,9924629,22503,13799,10410,9661,8588,5364,3704,1247,45
TS clean,2,ok,10000000,50,9999950,0,3.00001500008e-06,9999920,252602.65421,0,,,,clean_no_attack,"{""n_1"": 0, ""n_10"": 0, ""n_2"": 0, ""n_3"": 0, ""n_4"": 0, ""n_5"": 0, ""n_6"": 0, ""n_7"": 0, ""n_8"": 0, ""n_9"": 0}","{""N_on_1"": 9966631, ""N_on_10"": 30, ""N_on_2"": 9484, ""N_on_3"": 6110, ""N_on_4"": 3900, ""N_on_5"": 4585, ""N_on_6"": 3977, ""N_on_7"": 2745, ""N_on_8"": 1896, ""N_on_9"": 592}",0,0,0,0,0,0,0,0,0,0,9966631,9484,6110,3900,4585,3977,2745,1896,592,30
UCB appendix,2,ok,15000000,793893,14206107,793843,1,0,333755.721884,2.37851502746,0.0331476084554,0,0,certificate,"{""n_1"": 31070, ""n_10"": 514261, ""n_2"": 31096, ""n_3"": 31083, ""n_4"": 31058, ""n_5"": 31102, ""n_6"": 31102, ""n_7"": 31032, ""n_8"": 31026, ""n_9"": 31013}","{""N_on_1"": 0, ""N_on_10"": 14206107, ""N_on_2"": 0, ""N_on_3"": 0, ""N_on_4"": 0, ""N_on_5"": 0, ""N_on_6"": 0, ""N_on_7"": 0, ""N_on_8"": 0, ""N_on_9"": 0}",31070,31096,31083,31058,31102,31102,31032,31026,31013,514261,0,0,0,0,0,0,0,0,0,14206107
UCB direct,2,ok,15000000,767122,14232878,767072,1,0,333755.721884,2.29830366854,0.0352905734965,0,0,certificate,"{""n_1"": 30080, ""n_10"": 496405, ""n_2"": 30105, ""n_3"": 30092, ""n_4"": 30067, ""n_5"": 30111, ""n_6"": 30111, ""n_7"": 30042, ""n_8"": 30036, ""n_9"": 30023}","{""N_on_1"": 0, ""N_on_10"": 14232878, ""N_on_2"": 0, ""N_on_3"": 0, ""N_on_4"": 0, ""N_on_5"": 0, ""N_on_6"": 0, ""N_on_7"": 0, ""N_on_8"": 0, ""N_on_9"": 0}",30080,30105,30092,30067,30111,30111,30042,30036,30023,496405,0,0,0,0,0,0,0,0,0,14232878
TS appendix,2,ok,15000000,1096477,13903523,1096427,1,0,333755.721884,3.28511821104,0.0442368253063,0,0,certificate,"{""n_1"": 40589, ""n_10"": 731166, ""n_2"": 40609, ""n_3"": 40599, ""n_4"": 40579, ""n_5"": 40614, ""n_6"": 40614, ""n_7"": 40559, ""n_8"": 40554, ""n_9"": 40544}","{""N_on_1"": 0, ""N_on_10"": 13903523, ""N_on_2"": 0, ""N_on_3"": 0, ""N_on_4"": 0, ""N_on_5"": 0, ""N_on_6"": 0, ""N_on_7"": 0, ""N_on_8"": 0, ""N_on_9"": 0}",40589,40609,40599,40579,40614,40614,40559,40554,40544,731166,0,0,0,0,0,0,0,0,0,13903523
TS direct,2,ok,15000000,1046151,13953849,1046101,1,0,333755.721884,3.13433128306,0.0452500000909,0,0,certificate,"{""n_1"": 38795, ""n_10"": 696987, ""n_2"": 38814, ""n_3"": 38805, ""n_4"": 38785, ""n_5"": 38819, ""n_6"": 38819, ""n_7"": 38765, ""n_8"": 38761, ""n_9"": 38751}","{""N_on_1"": 0, ""N_on_10"": 13953849, ""N_on_2"": 0, ""N_on_3"": 0, ""N_on_4"": 0, ""N_on_5"": 0, ""N_on_6"": 0, ""N_on_7"": 0, ""N_on_8"": 0, ""N_on_9"": 0}",38795,38814,38805,38785,38819,38819,38765,38761,38751,696987,0,0,0,0,0,0,0,0,0,13953849
UCB clean,2,ok,15000000,50,14999950,0,3.06667688892e-06,14999904,333755.721884,0,,,,clean_no_attack,"{""n_1"": 0, ""n_10"": 0, ""n_2"": 0, ""n_3"": 0, ""n_4"": 0, ""n_5"": 0, ""n_6"": 0, ""n_7"": 0, ""n_8"": 0, ""n_9"": 0}","{""N_on_1"": 14921465, ""N_on_10"": 46, ""N_on_2"": 24254, ""N_on_3"": 14137, ""N_on_4"": 10759, ""N_on_5"": 9841, ""N_on_6"": 8812, ""N_on_7"": 5507, ""N_on_8"": 3865, ""N_on_9"": 1264}",0,0,0,0,0,0,0,0,0,0,14921465,24254,14137,10759,9841,8812,5507,3865,1264,46
TS clean,2,ok,15000000,50,14999950,0,2.13334044447e-06,14999918,333755.721884,0,,,,clean_no_attack,"{""n_1"": 0, ""n_10"": 0, ""n_2"": 0, ""n_3"": 0, ""n_4"": 0, ""n_5"": 0, ""n_6"": 0, ""n_7"": 0, ""n_8"": 0, ""n_9"": 0}","{""N_on_1"": 14964823, ""N_on_10"": 32, ""N_on_2"": 10215, ""N_on_3"": 6294, ""N_on_4"": 4077, ""N_on_5"": 4897, ""N_on_6"": 4181, ""N_on_7"": 2843, ""N_on_8"": 1965, ""N_on_9"": 623}",0,0,0,0,0,0,0,0,0,0,14964823,10215,6294,4077,4897,4181,2843,1965,623,32
UCB appendix,2,ok,20000000,966518,19033482,966468,1,0,406649.214352,2.37666265147,0.0304096827252,0,0,certificate,"{""n_1"": 37695, ""n_10"": 627269, ""n_2"": 37723, ""n_3"": 37709, ""n_4"": 37681, ""n_5"": 37730, ""n_6"": 37730, ""n_7"": 37653, ""n_8"": 37646, ""n_9"": 37632}","{""N_on_1"": 0, ""N_on_10"": 19033482, ""N_on_2"": 0, ""N_on_3"": 0, ""N_on_4"": 0, ""N_on_5"": 0, ""N_on_6"": 0, ""N_on_7"": 0, ""N_on_8"": 0, ""N_on_9"": 0}",37695,37723,37709,37681,37730,37730,37653,37646,37632,627269,0,0,0,0,0,0,0,0,0,19033482
UCB direct,2,ok,20000000,936653,19063347,936603,1,0,406649.214352,2.30322097509,0.0322535928356,0,0,certificate,"{""n_1"": 36610, ""n_10"": 607168, ""n_2"": 36638, ""n_3"": 36624, ""n_4"": 36596, ""n_5"": 36644, ""n_6"": 36644, ""n_7"": 36569, ""n_8"": 36562, ""n_9"": 36548}","{""N_on_1"": 0, ""N_on_10"": 19063347, ""N_on_2"": 0, ""N_on_3"": 0, ""N_on_4"": 0, ""N_on_5"": 0, ""N_on_6"": 0, ""N_on_7"": 0, ""N_on_8"": 0, ""N_on_9"": 0}",36610,36638,36624,36596,36644,36644,36569,36562,36548,607168,0,0,0,0,0,0,0,0,0,19063347
TS appendix,2,ok,20000000,1328834,18671166,1328784,1,0,406649.214352,3.26764187192,0.0404944036669,0,0,certificate,"{""n_1"": 49122, ""n_10"": 886730, ""n_2"": 49144, ""n_3"": 49133, ""n_4"": 49111, ""n_5"": 49149, ""n_6"": 49149, ""n_7"": 49089, ""n_8"": 49084, ""n_9"": 49073}","{""N_on_1"": 0, ""N_on_10"": 18671166, ""N_on_2"": 0, ""N_on_3"": 0, ""N_on_4"": 0, ""N_on_5"": 0, ""N_on_6"": 0, ""N_on_7"": 0, ""N_on_8"": 0, ""N_on_9"": 0}",49122,49144,49133,49111,49149,49149,49089,49084,49073,886730,0,0,0,0,0,0,0,0,0,18671166
TS direct,2,ok,20000000,1273121,18726879,1273071,1,0,406649.214352,3.13063681195,0.0414000000917,0,0,certificate,"{""n_1"": 47000, ""n_10"": 850118, ""n_2"": 47021, ""n_3"": 47010, ""n_4"": 46989, ""n_5"": 47026, ""n_6"": 47026, ""n_7"": 46968, ""n_8"": 46962, ""n_9"": 46951}","{""N_on_1"": 0, ""N_on_10"": 18726879, ""N_on_2"": 0, ""N_on_3"": 0, ""N_on_4"": 0, ""N_on_5"": 0, ""N_on_6"": 0, ""N_on_7"": 0, ""N_on_8"": 0, ""N_on_9"": 0}",47000,47021,47010,46989,47026,47026,46968,46962,46951,850118,0,0,0,0,0,0,0,0,0,18726879
UCB clean,2,ok,20000000,50,19999950,0,2.35000587501e-06,19999903,406649.214352,0,,,,clean_no_attack,"{""n_1"": 0, ""n_10"": 0, ""n_2"": 0, ""n_3"": 0, ""n_4"": 0, ""n_5"": 0, ""n_6"": 0, ""n_7"": 0, ""n_8"": 0, ""n_9"": 0}","{""N_on_1"": 19919871, ""N_on_10"": 47, ""N_on_2"": 24844, ""N_on_3"": 14441, ""N_on_4"": 11009, ""N_on_5"": 9944, ""N_on_6"": 8910, ""N_on_7"": 5580, ""N_on_8"": 4005, ""N_on_9"": 1299}",0,0,0,0,0,0,0,0,0,0,19919871,24844,14441,11009,9944,8910,5580,4005,1299,47
TS clean,2,ok,20000000,50,19999950,0,1.60000400001e-06,19999918,406649.214352,0,,,,clean_no_attack,"{""n_1"": 0, ""n_10"": 0, ""n_2"": 0, ""n_3"": 0, ""n_4"": 0, ""n_5"": 0, ""n_6"": 0, ""n_7"": 0, ""n_8"": 0, ""n_9"": 0}","{""N_on_1"": 19963545, ""N_on_10"": 32, ""N_on_2"": 10658, ""N_on_3"": 6489, ""N_on_4"": 4215, ""N_on_5"": 5121, ""N_on_6"": 4346, ""N_on_7"": 2895, ""N_on_8"": 2010, ""N_on_9"": 639}",0,0,0,0,0,0,0,0,0,0,19963545,10658,6489,4215,5121,4346,2895,2010,639,32
UCB appendix,2,ok,25000000,1125893,23874107,1125843,1,0,473953.247914,2.37543049859,0.0284358905086,0,0,certificate,"{""n_1"": 43800, ""n_10"": 731704, ""n_2"": 43830, ""n_3"": 43815, ""n_4"": 43785, ""n_5"": 43837, ""n_6"": 43837, ""n_7"": 43755, ""n_8"": 43747, ""n_9"": 43733}","{""N_on_1"": 0, ""N_on_10"": 23874107, ""N_on_2"": 0, ""N_on_3"": 0, ""N_on_4"": 0, ""N_on_5"": 0, ""N_on_6"": 0, ""N_on_7"": 0, ""N_on_8"": 0, ""N_on_9"": 0}",43800,43830,43815,43785,43837,43837,43755,43747,43733,731704,0,0,0,0,0,0,0,0,0,23874107
UCB direct,2,ok,25000000,1093387,23906613,1093337,1,0,473953.247914,2.30684567479,0.0301022071606,0,0,certificate,"{""n_1"": 42565, ""n_10"": 710308, ""n_2"": 42595, ""n_3"": 42580, ""n_4"": 42551, ""n_5"": 42602, ""n_6"": 42602, ""n_7"": 42521, ""n_8"": 42514, ""n_9"": 42499}","{""N_on_1"": 0, ""N_on_10"": 23906613, ""N_on_2"": 0, ""N_on_3"": 0, ""N_on_4"": 0, ""N_on_5"": 0, ""N_on_6"": 0, ""N_on_7"": 0, ""N_on_8"": 0, ""N_on_9"": 0}",42565,42595,42580,42551,42602,42602,42521,42514,42499,710308,0,0,0,0,0,0,0,0,0,23906613
TS appendix,2,ok,25000000,1542741,23457259,1542691,1,0,473953.247914,3.25494340801,0.0378030792407,0,0,certificate,"{""n_1"": 56975, ""n_10"": 1029964, ""n_2"": 56998, ""n_3"": 56987, ""n_4"": 56963, ""n_5"": 57004, ""n_6"": 57004, ""n_7"": 56940, ""n_8"": 56934, ""n_9"": 56922}","{""N_on_1"": 0, ""N_on_10"": 23457259, ""N_on_2"": 0, ""N_on_3"": 0, ""N_on_4"": 0, ""N_on_5"": 0, ""N_on_6"": 0, ""N_on_7"": 0, ""N_on_8"": 0, ""N_on_9"": 0}",56975,56998,56987,56963,57004,57004,56940,56934,56922,1029964,0,0,0,0,0,0,0,0,0,23457259
TS direct,2,ok,25000000,1482454,23517546,1482404,1,0,473953.247914,3.12774309813,0.0385500000923,0,0,certificate,"{""n_1"": 54792, ""n_10"": 989326, ""n_2"": 54815, ""n_3"": 54803, ""n_4"": 54780, ""n_5"": 54820, ""n_6"": 54820, ""n_7"": 54757, ""n_8"": 54751, ""n_9"": 54740}","{""N_on_1"": 0, ""N_on_10"": 23517546, ""N_on_2"": 0, ""N_on_3"": 0, ""N_on_4"": 0, ""N_on_5"": 0, ""N_on_6"": 0, ""N_on_7"": 0, ""N_on_8"": 0, ""N_on_9"": 0}",54792,54815,54803,54780,54820,54820,54757,54751,54740,989326,0,0,0,0,0,0,0,0,0,23517546
UCB clean,2,ok,25000000,50,24999950,0,1.92000384001e-06,24999902,473953.247914,0,,,,clean_no_attack,"{""n_1"": 0, ""n_10"": 0, ""n_2"": 0, ""n_3"": 0, ""n_4"": 0, ""n_5"": 0, ""n_6"": 0, ""n_7"": 0, ""n_8"": 0, ""n_9"": 0}","{""N_on_1"": 24918423, ""N_on_10"": 48, ""N_on_2"": 25322, ""N_on_3"": 14679, ""N_on_4"": 11104, ""N_on_5"": 10112, ""N_on_6"": 9095, ""N_on_7"": 5771, ""N_on_8"": 4090, ""N_on_9"": 1306}",0,0,0,0,0,0,0,0,0,0,24918423,25322,14679,11104,10112,9095,5771,4090,1306,48
TS clean,2,ok,25000000,50,24999950,0,1.32000264001e-06,24999917,473953.247914,0,,,,clean_no_attack,"{""n_1"": 0, ""n_10"": 0, ""n_2"": 0, ""n_3"": 0, ""n_4"": 0, ""n_5"": 0, ""n_6"": 0, ""n_7"": 0, ""n_8"": 0, ""n_9"": 0}","{""N_on_1"": 24962535, ""N_on_10"": 33, ""N_on_2"": 10992, ""N_on_3"": 6697, ""N_on_4"": 4310, ""N_on_5"": 5269, ""N_on_6"": 4437, ""N_on_7"": 2958, ""N_on_8"": 2066, ""N_on_9"": 653}",0,0,0,0,0,0,0,0,0,0,24962535,10992,6697,4310,5269,4437,2958,2066,653,33
UCB appendix,3,ok,100000,26285,73715,26235,1,0,10480.8192431,2.50314401875,0.136520425738,0,0,certificate,"{""n_1"": 1163, ""n_10"": 15811, ""n_2"": 1168, ""n_3"": 1151, ""n_4"": 1155, ""n_5"": 1162, ""n_6"": 1155, ""n_7"": 1163, ""n_8"": 1151, ""n_9"": 1156}","{""N_on_1"": 0, ""N_on_10"": 73715, ""N_on_2"": 0, ""N_on_3"": 0, ""N_on_4"": 0, ""N_on_5"": 0, ""N_on_6"": 0, ""N_on_7"": 0, ""N_on_8"": 0, ""N_on_9"": 0}",1163,1168,1151,1155,1162,1155,1163,1151,1156,15811,0,0,0,0,0,0,0,0,0,73715
UCB direct,3,ok,100000,22465,77535,22415,1,0,10480.8192431,2.13866869374,0.165098773226,0,0,certificate,"{""n_1"": 996, ""n_10"": 13494, ""n_2"": 1000, ""n_3"": 984, ""n_4"": 988, ""n_5"": 995, ""n_6"": 988, ""n_7"": 996, ""n_8"": 984, ""n_9"": 990}","{""N_on_1"": 0, ""N_on_10"": 77535, ""N_on_2"": 0, ""N_on_3"": 0, ""N_on_4"": 0, ""N_on_5"": 0, ""N_on_6"": 0, ""N_on_7"": 0, ""N_on_8"": 0, ""N_on_9"": 0}",996,1000,984,988,995,988,996,984,990,13494,0,0,0,0,0,0,0,0,0,77535
TS appendix,3,ok,100000,41928,58072,41878,1,0,10480.8192431,3.9956800159,0.189344796332,0,0,certificate,"{""n_1"": 1687, ""n_10"": 26731, ""n_2"": 1691, ""n_3"": 1677, ""n_4"": 1680, ""n_5"": 1686, ""n_6"": 1680, ""n_7"": 1687, ""n_8"": 1677, ""n_9"": 1682}","{""N_on_1"": 0, ""N_on_10"": 58072, ""N_on_2"": 0, ""N_on_3"": 0, ""N_on_4"": 0, ""N_on_5"": 0, ""N_on_6"": 0, ""N_on_7"": 0, ""N_on_8"": 0, ""N_on_9"": 0}",1687,1691,1677,1680,1686,1680,1687,1677,1682,26731,0,0,0,0,0,0,0,0,0,58072
TS direct,3,ok,100000,33053,66947,33003,1,0,10480.8192431,3.14889506578,0.211050000058,0,0,certificate,"{""n_1"": 1360, ""n_10"": 20795, ""n_2"": 1364, ""n_3"": 1351, ""n_4"": 1354, ""n_5"": 1359, ""n_6"": 1354, ""n_7"": 1360, ""n_8"": 1351, ""n_9"": 1355}","{""N_on_1"": 0, ""N_on_10"": 66947, ""N_on_2"": 0, ""N_on_3"": 0, ""N_on_4"": 0, ""N_on_5"": 0, ""N_on_6"": 0, ""N_on_7"": 0, ""N_on_8"": 0, ""N_on_9"": 0}",1360,1364,1351,1354,1359,1354,1360,1351,1355,20795,0,0,0,0,0,0,0,0,0,66947
UCB clean,3,ok,100000,50,99950,0,0.000310155077539,99919,10480.8192431,0,,,,clean_no_attack,"{""n_1"": 0, ""n_10"": 0, ""n_2"": 0, ""n_3"": 0, ""n_4"": 0, ""n_5"": 0, ""n_6"": 0, ""n_7"": 0, ""n_8"": 0, ""n_9"": 0}","{""N_on_1"": 67800, ""N_on_10"": 31, ""N_on_2"": 8894, ""N_on_3"": 6296, ""N_on_4"": 4639, ""N_on_5"": 3707, ""N_on_6"": 3540, ""N_on_7"": 1964, ""N_on_8"": 2179, ""N_on_9"": 900}",0,0,0,0,0,0,0,0,0,0,67800,8894,6296,4639,3707,3540,1964,2179,900,31
TS clean,3,ok,100000,50,99950,0,0.000190095047524,99931,10480.8192431,0,,,,clean_no_attack,"{""n_1"": 0, ""n_10"": 0, ""n_2"": 0, ""n_3"": 0, ""n_4"": 0, ""n_5"": 0, ""n_6"": 0, ""n_7"": 0, ""n_8"": 0, ""n_9"": 0}","{""N_on_1"": 84735, ""N_on_10"": 19, ""N_on_2"": 4080, ""N_on_3"": 2428, ""N_on_4"": 2504, ""N_on_5"": 2077, ""N_on_6"": 1572, ""N_on_7"": 1118, ""N_on_8"": 1136, ""N_on_9"": 281}",0,0,0,0,0,0,0,0,0,0,84735,4080,2428,2504,2077,1572,1118,1136,281,19
UCB appendix,3,ok,250000,48761,201239,48711,1,0,19804.9881347,2.45953189514,0.107134144769,0,0,certificate,"{""n_1"": 2086, ""n_10"": 29998, ""n_2"": 2092, ""n_3"": 2069, ""n_4"": 2075, ""n_5"": 2084, ""n_6"": 2075, ""n_7"": 2086, ""n_8"": 2069, ""n_9"": 2077}","{""N_on_1"": 0, ""N_on_10"": 201239, ""N_on_2"": 0, ""N_on_3"": 0, ""N_on_4"": 0, ""N_on_5"": 0, ""N_on_6"": 0, ""N_on_7"": 0, ""N_on_8"": 0, ""N_on_9"": 0}",2086,2092,2069,2075,2084,2075,2086,2069,2077,29998,0,0,0,0,0,0,0,0,0,201239
UCB direct,3,ok,250000,43274,206726,43224,1,0,19804.9881347,2.18248047947,0.124186410218,0,0,certificate,"{""n_1"": 1876, ""n_10"": 26398, ""n_2"": 1881, ""n_3"": 1860, ""n_4"": 1866, ""n_5"": 1874, ""n_6"": 1866, ""n_7"": 1876, ""n_8"": 1860, ""n_9"": 1867}","{""N_on_1"": 0, ""N_on_10"": 206726, ""N_on_2"": 0, ""N_on_3"": 0, ""N_on_4"": 0, ""N_on_5"": 0, ""N_on_6"": 0, ""N_on_7"": 0, ""N_on_8"": 0, ""N_on_9"": 0}",1876,1881,1860,1866,1874,1866,1876,1860,1867,26398,0,0,0,0,0,0,0,0,0,206726
TS appendix,3,ok,250000,74746,175254,74696,1,0,19804.9881347,3.77157509472,0.14773433811,0,0,certificate,"{""n_1"": 2926, ""n_10"": 48411, ""n_2"": 2930, ""n_3"": 2913, ""n_4"": 2917, ""n_5"": 2924, ""n_6"": 2917, ""n_7"": 2926, ""n_8"": 2913, ""n_9"": 2919}","{""N_on_1"": 0, ""N_on_10"": 175254, ""N_on_2"": 0, ""N_on_3"": 0, ""N_on_4"": 0, ""N_on_5"": 0, ""N_on_6"": 0, ""N_on_7"": 0, ""N_on_8"": 0, ""N_on_9"": 0}",2926,2930,2913,2917,2924,2917,2926,2913,2919,48411,0,0,0,0,0,0,0,0,0,175254
TS direct,3,ok,250000,62657,187343,62607,1,0,19804.9881347,3.16117331524,0.160250000068,0,0,certificate,"{""n_1"": 2489, ""n_10"": 40250, ""n_2"": 2493, ""n_3"": 2477, ""n_4"": 2481, ""n_5"": 2488, ""n_6"": 2481, ""n_7"": 2489, ""n_8"": 2477, ""n_9"": 2482}","{""N_on_1"": 0, ""N_on_10"": 187343, ""N_on_2"": 0, ""N_on_3"": 0, ""N_on_4"": 0, ""N_on_5"": 0, ""N_on_6"": 0, ""N_on_7"": 0, ""N_on_8"": 0, ""N_on_9"": 0}",2489,2493,2477,2481,2488,2481,2489,2477,2482,40250,0,0,0,0,0,0,0,0,0,187343
UCB clean,3,ok,250000,50,249950,0,0.000140028005601,249915,19804.9881347,0,,,,clean_no_attack,"{""n_1"": 0, ""n_10"": 0, ""n_2"": 0, ""n_3"": 0, ""n_4"": 0, ""n_5"": 0, ""n_6"": 0, ""n_7"": 0, ""n_8"": 0, ""n_9"": 0}","{""N_on_1"": 206399, ""N_on_10"": 35, ""N_on_2"": 13202, ""N_on_3"": 8208, ""N_on_4"": 6099, ""N_on_5"": 4885, ""N_on_6"": 4576, ""N_on_7"": 2681, ""N_on_8"": 2830, ""N_on_9"": 1035}",0,0,0,0,0,0,0,0,0,0,206399,13202,8208,6099,4885,4576,2681,2830,1035,35
TS clean,3,ok,250000,50,249950,0,8.80176035207e-05,249928,19804.9881347,0,,,,clean_no_attack,"{""n_1"": 0, ""n_10"": 0, ""n_2"": 0, ""n_3"": 0, ""n_4"": 0, ""n_5"": 0, ""n_6"": 0, ""n_7"": 0, ""n_8"": 0, ""n_9"": 0}","{""N_on_1"": 231146, ""N_on_10"": 22, ""N_on_2"": 5154, ""N_on_3"": 3129, ""N_on_4"": 3025, ""N_on_5"": 2421, ""N_on_6"": 1936, ""N_on_7"": 1447, ""N_on_8"": 1346, ""N_on_9"": 324}",0,0,0,0,0,0,0,0,0,0,231146,5154,3129,3025,2421,1936,1447,1346,324,22
UCB appendix,3,ok,500000,77998,422002,77948,1,0,32012.3352326,2.43493639042,0.0886426608343,0,0,certificate,"{""n_1"": 3266, ""n_10"": 48633, ""n_2"": 3272, ""n_3"": 3245, ""n_4"": 3252, ""n_5"": 3263, ""n_6"": 3252, ""n_7"": 3266, ""n_8"": 3245, ""n_9"": 3254}","{""N_on_1"": 0, ""N_on_10"": 422002, ""N_on_2"": 0, ""N_on_3"": 0, ""N_on_4"": 0, ""N_on_5"": 0, ""N_on_6"": 0, ""N_on_7"": 0, ""N_on_8"": 0, ""N_on_9"": 0}",3266,3272,3245,3252,3263,3252,3266,3245,3254,48633,0,0,0,0,0,0,0,0,0,422002
UCB direct,3,ok,500000,70796,429204,70746,1,0,32012.3352326,2.20996061318,0.100801314431,0,0,certificate,"{""n_1"": 2984, ""n_10"": 43959, ""n_2"": 2991, ""n_3"": 2965, ""n_4"": 2971, ""n_5"": 2982, ""n_6"": 2971, ""n_7"": 2984, ""n_8"": 2965, ""n_9"": 2974}","{""N_on_1"": 0, ""N_on_10"": 429204, ""N_on_2"": 0, ""N_on_3"": 0, ""N_on_4"": 0, ""N_on_5"": 0, ""N_on_6"": 0, ""N_on_7"": 0, ""N_on_8"": 0, ""N_on_9"": 0}",2984,2991,2965,2971,2982,2971,2984,2965,2974,43959,0,0,0,0,0,0,0,0,0,429204
TS appendix,3,ok,500000,116638,383362,116588,1,0,32012.3352326,3.64197110748,0.121602991865,0,0,certificate,"{""n_1"": 4493, ""n_10"": 76211, ""n_2"": 4498, ""n_3"": 4477, ""n_4"": 4482, ""n_5"": 4491, ""n_6"": 4482, ""n_7"": 4493, ""n_8"": 4477, ""n_9"": 4484}","{""N_on_1"": 0, ""N_on_10"": 383362, ""N_on_2"": 0, ""N_on_3"": 0, ""N_on_4"": 0, ""N_on_5"": 0, ""N_on_6"": 0, ""N_on_7"": 0, ""N_on_8"": 0, ""N_on_9"": 0}",4493,4498,4477,4482,4491,4482,4493,4477,4484,76211,0,0,0,0,0,0,0,0,0,383362
TS direct,3,ok,500000,101314,398686,101264,1,0,32012.3352326,3.16328063118,0.130300000074,0,0,certificate,"{""n_1"": 3916, ""n_10"": 66075, ""n_2"": 3921, ""n_3"": 3901, ""n_4"": 3906, ""n_5"": 3914, ""n_6"": 3906, ""n_7"": 3916, ""n_8"": 3901, ""n_9"": 3908}","{""N_on_1"": 0, ""N_on_10"": 398686, ""N_on_2"": 0, ""N_on_3"": 0, ""N_on_4"": 0, ""N_on_5"": 0, ""N_on_6"": 0, ""N_on_7"": 0, ""N_on_8"": 0, ""N_on_9"": 0}",3916,3921,3901,3906,3914,3906,3916,3901,3908,66075,0,0,0,0,0,0,0,0,0,398686
UCB clean,3,ok,500000,50,499950,0,7.40074007401e-05,499913,32012.3352326,0,,,,clean_no_attack,"{""n_1"": 0, ""n_10"": 0, ""n_2"": 0, ""n_3"": 0, ""n_4"": 0, ""n_5"": 0, ""n_6"": 0, ""n_7"": 0, ""n_8"": 0, ""n_9"": 0}","{""N_on_1"": 448706, ""N_on_10"": 37, ""N_on_2"": 16293, ""N_on_3"": 9457, ""N_on_4"": 6744, ""N_on_5"": 5805, ""N_on_6"": 5412, ""N_on_7"": 3170, ""N_on_8"": 3210, ""N_on_9"": 1116}",0,0,0,0,0,0,0,0,0,0,448706,16293,9457,6744,5805,5412,3170,3210,1116,37
TS clean,3,ok,500000,50,499950,0,4.600460046e-05,499927,32012.3352326,0,,,,clean_no_attack,"{""n_1"": 0, ""n_10"": 0, ""n_2"": 0, ""n_3"": 0, ""n_4"": 0, ""n_5"": 0, ""n_6"": 0, ""n_7"": 0, ""n_8"": 0, ""n_9"": 0}","{""N_on_1"": 478583, ""N_on_10"": 23, ""N_on_2"": 5793, ""N_on_3"": 3617, ""N_on_4"": 3493, ""N_on_5"": 2690, ""N_on_6"": 2230, ""N_on_7"": 1628, ""N_on_8"": 1523, ""N_on_9"": 370}",0,0,0,0,0,0,0,0,0,0,478583,5793,3617,3493,2690,2230,1628,1523,370,23
UCB appendix,3,ok,1000000,124949,875051,124899,1,0,51695.8459325,2.41603551982,0.0730165683558,0,0,certificate,"{""n_1"": 5136, ""n_10"": 78768, ""n_2"": 5144, ""n_3"": 5111, ""n_4"": 5119, ""n_5"": 5133, ""n_6"": 5119, ""n_7"": 5136, ""n_8"": 5111, ""n_9"": 5122}","{""N_on_1"": 0, ""N_on_10"": 875051, ""N_on_2"": 0, ""N_on_3"": 0, ""N_on_4"": 0, ""N_on_5"": 0, ""N_on_6"": 0, ""N_on_7"": 0, ""N_on_8"": 0, ""N_on_9"": 0}",5136,5144,5111,5119,5133,5119,5136,5111,5122,78768,0,0,0,0,0,0,0,0,0,875051
UCB direct,3,ok,1000000,115509,884491,115459,1,0,51695.8459325,2.23342897127,0.0817334568271,0,0,certificate,"{""n_1"": 4751, ""n_10"": 72787, ""n_2"": 4759, ""n_3"": 4727, ""n_4"": 4735, ""n_5"": 4749, ""n_6"": 4735, ""n_7"": 4751, ""n_8"": 4727, ""n_9"": 4738}","{""N_on_1"": 0, ""N_on_10"": 884491, ""N_on_2"": 0, ""N_on_3"": 0, ""N_on_4"": 0, ""N_on_5"": 0, ""N_on_6"": 0, ""N_on_7"": 0, ""N_on_8"": 0, ""N_on_9"": 0}",4751,4759,4727,4735,4749,4735,4751,4727,4738,72787,0,0,0,0,0,0,0,0,0,884491
TS appendix,3,ok,1000000,182944,817056,182894,1,0,51695.8459325,3.53788581463,0.0996107713472,0,0,certificate,"{""n_1"": 6958, ""n_10"": 120342, ""n_2"": 6965, ""n_3"": 6939, ""n_4"": 6945, ""n_5"": 6956, ""n_6"": 6945, ""n_7"": 6958, ""n_8"": 6939, ""n_9"": 6947}","{""N_on_1"": 0, ""N_on_10"": 817056, ""N_on_2"": 0, ""N_on_3"": 0, ""N_on_4"": 0, ""N_on_5"": 0, ""N_on_6"": 0, ""N_on_7"": 0, ""N_on_8"": 0, ""N_on_9"": 0}",6958,6965,6939,6945,6956,6945,6958,6939,6947,120342,0,0,0,0,0,0,0,0,0,817056
TS direct,3,ok,1000000,163473,836527,163423,1,0,51695.8459325,3.16124046434,0.105100000079,0,0,certificate,"{""n_1"": 6253, ""n_10"": 107213, ""n_2"": 6260, ""n_3"": 6234, ""n_4"": 6241, ""n_5"": 6251, ""n_6"": 6241, ""n_7"": 6253, ""n_8"": 6234, ""n_9"": 6243}","{""N_on_1"": 0, ""N_on_10"": 836527, ""N_on_2"": 0, ""N_on_3"": 0, ""N_on_4"": 0, ""N_on_5"": 0, ""N_on_6"": 0, ""N_on_7"": 0, ""N_on_8"": 0, ""N_on_9"": 0}",6253,6260,6234,6241,6251,6241,6253,6234,6243,107213,0,0,0,0,0,0,0,0,0,836527
UCB clean,3,ok,1000000,50,999950,0,4.00020001e-05,999910,51695.8459325,0,,,,clean_no_attack,"{""n_1"": 0, ""n_10"": 0, ""n_2"": 0, ""n_3"": 0, ""n_4"": 0, ""n_5"": 0, ""n_6"": 0, ""n_7"": 0, ""n_8"": 0, ""n_9"": 0}","{""N_on_1"": 941452, ""N_on_10"": 40, ""N_on_2"": 18873, ""N_on_3"": 10813, ""N_on_4"": 7613, ""N_on_5"": 6567, ""N_on_6"": 6490, ""N_on_7"": 3449, ""N_on_8"": 3467, ""N_on_9"": 1186}",0,0,0,0,0,0,0,0,0,0,941452,18873,10813,7613,6567,6490,3449,3467,1186,40
TS clean,3,ok,1000000,50,999950,0,2.30011500575e-05,999927,51695.8459325,0,,,,clean_no_attack,"{""n_1"": 0, ""n_10"": 0, ""n_2"": 0, ""n_3"": 0, ""n_4"": 0, ""n_5"": 0, ""n_6"": 0, ""n_7"": 0, ""n_8"": 0, ""n_9"": 0}","{""N_on_1"": 976141, ""N_on_10"": 23, ""N_on_2"": 6430, ""N_on_3"": 3996, ""N_on_4"": 3899, ""N_on_5"": 3059, ""N_on_6"": 2501, ""N_on_7"": 1800, ""N_on_8"": 1684, ""N_on_9"": 417}",0,0,0,0,0,0,0,0,0,0,976141,6430,3996,3899,3059,2501,1800,1684,417,23
UCB appendix,3,ok,2500000,233335,2266665,233285,1,0,97284.8670799,2.39795774001,0.0561783502201,0,0,certificate,"{""n_1"": 9400, ""n_10"": 148806, ""n_2"": 9411, ""n_3"": 9367, ""n_4"": 9378, ""n_5"": 9396, ""n_6"": 9378, ""n_7"": 9400, ""n_8"": 9367, ""n_9"": 9382}","{""N_on_1"": 0, ""N_on_10"": 2266665, ""N_on_2"": 0, ""N_on_3"": 0, ""N_on_4"": 0, ""N_on_5"": 0, ""N_on_6"": 0, ""N_on_7"": 0, ""N_on_8"": 0, ""N_on_9"": 0}",9400,9411,9367,9378,9396,9378,9400,9367,9382,148806,0,0,0,0,0,0,0,0,0,2266665
UCB direct,3,ok,2500000,219870,2280130,219820,1,0,97284.8670799,2.25954977992,0.0615922864497,0,0,certificate,"{""n_1"": 8870, ""n_10"": 140112, ""n_2"": 8880, ""n_3"": 8837, ""n_4"": 8848, ""n_5"": 8866, ""n_6"": 8848, ""n_7"": 8870, ""n_8"": 8837, ""n_9"": 8852}","{""N_on_1"": 0, ""N_on_10"": 2280130, ""N_on_2"": 0, ""N_on_3"": 0, ""N_on_4"": 0, ""N_on_5"": 0, ""N_on_6"": 0, ""N_on_7"": 0, ""N_on_8"": 0, ""N_on_9"": 0}",8870,8880,8837,8848,8866,8848,8870,8837,8852,140112,0,0,0,0,0,0,0,0,0,2280130
TS appendix,3,ok,2500000,333728,2166272,333678,1,0,97284.8670799,3.42990652108,0.0760616245063,0,0,certificate,"{""n_1"": 12536, ""n_10"": 220948, ""n_2"": 12545, ""n_3"": 12510, ""n_4"": 12519, ""n_5"": 12533, ""n_6"": 12519, ""n_7"": 12536, ""n_8"": 12510, ""n_9"": 12522}","{""N_on_1"": 0, ""N_on_10"": 2166272, ""N_on_2"": 0, ""N_on_3"": 0, ""N_on_4"": 0, ""N_on_5"": 0, ""N_on_6"": 0, ""N_on_7"": 0, ""N_on_8"": 0, ""N_on_9"": 0}",12536,12545,12510,12519,12533,12519,12536,12510,12522,220948,0,0,0,0,0,0,0,0,0,2166272
TS direct,3,ok,2500000,306929,2193071,306879,1,0,97284.8670799,3.15443716182,0.0792000000842,0,0,certificate,"{""n_1"": 11565, ""n_10"": 202886, ""n_2"": 11574, ""n_3"": 11540, ""n_4"": 11548, ""n_5"": 11562, ""n_6"": 11548, ""n_7"": 11565, ""n_8"": 11540, ""n_9"": 11551}","{""N_on_1"": 0, ""N_on_10"": 2193071, ""N_on_2"": 0, ""N_on_3"": 0, ""N_on_4"": 0, ""N_on_5"": 0, ""N_on_6"": 0, ""N_on_7"": 0, ""N_on_8"": 0, ""N_on_9"": 0}",11565,11574,11540,11548,11562,11548,11565,11540,11551,202886,0,0,0,0,0,0,0,0,0,2193071
UCB clean,3,ok,2500000,50,2499950,0,1.68003360067e-05,2499908,97284.8670799,0,,,,clean_no_attack,"{""n_1"": 0, ""n_10"": 0, ""n_2"": 0, ""n_3"": 0, ""n_4"": 0, ""n_5"": 0, ""n_6"": 0, ""n_7"": 0, ""n_8"": 0, ""n_9"": 0}","{""N_on_1"": 2433206, ""N_on_10"": 42, ""N_on_2"": 22073, ""N_on_3"": 12522, ""N_on_4"": 8474, ""N_on_5"": 7731, ""N_on_6"": 7038, ""N_on_7"": 3806, ""N_on_8"": 3796, ""N_on_9"": 1262}",0,0,0,0,0,0,0,0,0,0,2433206,22073,12522,8474,7731,7038,3806,3796,1262,42
TS clean,3,ok,2500000,50,2499950,0,1.12002240045e-05,2499922,97284.8670799,0,,,,clean_no_attack,"{""n_1"": 0, ""n_10"": 0, ""n_2"": 0, ""n_3"": 0, ""n_4"": 0, ""n_5"": 0, ""n_6"": 0, ""n_7"": 0, ""n_8"": 0, ""n_9"": 0}","{""N_on_1"": 2472772, ""N_on_10"": 28, ""N_on_2"": 7409, ""N_on_3"": 4501, ""N_on_4"": 4295, ""N_on_5"": 3615, ""N_on_6"": 2932, ""N_on_7"": 2025, ""N_on_8"": 1914, ""N_on_9"": 459}",0,0,0,0,0,0,0,0,0,0,2472772,7409,4501,4295,3615,2932,2025,1914,459,28
UCB appendix,3,ok,5000000,374571,4625429,374521,1,0,156815.111138,2.38829662067,0.0459018857557,0,0,certificate,"{""n_1"": 14902, ""n_10"": 240552, ""n_2"": 14916, ""n_3"": 14861, ""n_4"": 14875, ""n_5"": 14898, ""n_6"": 14875, ""n_7"": 14902, ""n_8"": 14861, ""n_9"": 14879}","{""N_on_1"": 0, ""N_on_10"": 4625429, ""N_on_2"": 0, ""N_on_3"": 0, ""N_on_4"": 0, ""N_on_5"": 0, ""N_on_6"": 0, ""N_on_7"": 0, ""N_on_8"": 0, ""N_on_9"": 0}",14902,14916,14861,14875,14898,14875,14902,14861,14879,240552,0,0,0,0,0,0,0,0,0,4625429
UCB direct,3,ok,5000000,356985,4643015,356935,1,0,156815.111138,2.27615181605,0.0496781009536,0,0,certificate,"{""n_1"": 14228, ""n_10"": 229031, ""n_2"": 14241, ""n_3"": 14188, ""n_4"": 14201, ""n_5"": 14223, ""n_6"": 14201, ""n_7"": 14228, ""n_8"": 14188, ""n_9"": 14206}","{""N_on_1"": 0, ""N_on_10"": 4643015, ""N_on_2"": 0, ""N_on_3"": 0, ""N_on_4"": 0, ""N_on_5"": 0, ""N_on_6"": 0, ""N_on_7"": 0, ""N_on_8"": 0, ""N_on_9"": 0}",14228,14241,14188,14201,14223,14201,14228,14188,14206,229031,0,0,0,0,0,0,0,0,0,4643015
TS appendix,3,ok,5000000,527768,4472232,527718,1,0,156815.111138,3.36522415583,0.0617950815057,0,0,certificate,"{""n_1"": 19689, ""n_10"": 350633, ""n_2"": 19700, ""n_3"": 19657, ""n_4"": 19668, ""n_5"": 19686, ""n_6"": 19668, ""n_7"": 19689, ""n_8"": 19657, ""n_9"": 19671}","{""N_on_1"": 0, ""N_on_10"": 4472232, ""N_on_2"": 0, ""N_on_3"": 0, ""N_on_4"": 0, ""N_on_5"": 0, ""N_on_6"": 0, ""N_on_7"": 0, ""N_on_8"": 0, ""N_on_9"": 0}",19689,19700,19657,19668,19686,19668,19689,19657,19671,350633,0,0,0,0,0,0,0,0,0,4472232
TS direct,3,ok,5000000,493597,4506403,493547,1,0,156815.111138,3.14731785999,0.0638500000872,0,0,certificate,"{""n_1"": 18445, ""n_10"": 327655, ""n_2"": 18456, ""n_3"": 18414, ""n_4"": 18424, ""n_5"": 18442, ""n_6"": 18424, ""n_7"": 18445, ""n_8"": 18414, ""n_9"": 18428}","{""N_on_1"": 0, ""N_on_10"": 4506403, ""N_on_2"": 0, ""N_on_3"": 0, ""N_on_4"": 0, ""N_on_5"": 0, ""N_on_6"": 0, ""N_on_7"": 0, ""N_on_8"": 0, ""N_on_9"": 0}",18445,18456,18414,18424,18442,18424,18445,18414,18428,327655,0,0,0,0,0,0,0,0,0,4506403
UCB clean,3,ok,5000000,50,4999950,0,9.0000900009e-06,4999905,156815.111138,0,,,,clean_no_attack,"{""n_1"": 0, ""n_10"": 0, ""n_2"": 0, ""n_3"": 0, ""n_4"": 0, ""n_5"": 0, ""n_6"": 0, ""n_7"": 0, ""n_8"": 0, ""n_9"": 0}","{""N_on_1"": 4927913, ""N_on_10"": 45, ""N_on_2"": 24283, ""N_on_3"": 13319, ""N_on_4"": 8962, ""N_on_5"": 8215, ""N_on_6"": 7588, ""N_on_7"": 4134, ""N_on_8"": 4170, ""N_on_9"": 1321}",0,0,0,0,0,0,0,0,0,0,4927913,24283,13319,8962,8215,7588,4134,4170,1321,45
TS clean,3,ok,5000000,50,4999950,0,5.60005600056e-06,4999922,156815.111138,0,,,,clean_no_attack,"{""n_1"": 0, ""n_10"": 0, ""n_2"": 0, ""n_3"": 0, ""n_4"": 0, ""n_5"": 0, ""n_6"": 0, ""n_7"": 0, ""n_8"": 0, ""n_9"": 0}","{""N_on_1"": 4970120, ""N_on_10"": 28, ""N_on_2"": 8284, ""N_on_3"": 4848, ""N_on_4"": 4665, ""N_on_5"": 3929, ""N_on_6"": 3208, ""N_on_7"": 2292, ""N_on_8"": 2088, ""N_on_9"": 488}",0,0,0,0,0,0,0,0,0,0,4970120,8284,4848,4665,3929,3208,2292,2088,488,28
UCB appendix,3,ok,10000000,601574,9398426,601524,1,0,252602.65421,2.38130514456,0.0374038299672,0,0,certificate,"{""n_1"": 23682, ""n_10"": 388573, ""n_2"": 23699, ""n_3"": 23631, ""n_4"": 23648, ""n_5"": 23676, ""n_6"": 23648, ""n_7"": 23682, ""n_8"": 23631, ""n_9"": 23654}","{""N_on_1"": 0, ""N_on_10"": 9398426, ""N_on_2"": 0, ""N_on_3"": 0, ""N_on_4"": 0, ""N_on_5"": 0, ""N_on_6"": 0, ""N_on_7"": 0, ""N_on_8"": 0, ""N_on_9"": 0}",23682,23699,23631,23648,23676,23648,23682,23631,23654,388573,0,0,0,0,0,0,0,0,0,9398426
UCB direct,3,ok,10000000,578641,9421359,578591,1,0,252602.65421,2.2905182917,0.0400883062563,0,0,certificate,"{""n_1"": 22772, ""n_10"": 373826, ""n_2"": 22789, ""n_3"": 22722, ""n_4"": 22739, ""n_5"": 22766, ""n_6"": 22739, ""n_7"": 22772, ""n_8"": 22722, ""n_9"": 22744}","{""N_on_1"": 0, ""N_on_10"": 9421359, ""N_on_2"": 0, ""N_on_3"": 0, ""N_on_4"": 0, ""N_on_5"": 0, ""N_on_6"": 0, ""N_on_7"": 0, ""N_on_8"": 0, ""N_on_9"": 0}",22772,22789,22722,22739,22766,22739,22772,22722,22744,373826,0,0,0,0,0,0,0,0,0,9421359
TS appendix,3,ok,10000000,836626,9163374,836576,1,0,252602.65421,3.31182585003,0.0500758851924,0,0,certificate,"{""n_1"": 31051, ""n_10"": 557259, ""n_2"": 31065, ""n_3"": 31012, ""n_4"": 31025, ""n_5"": 31047, ""n_6"": 31025, ""n_7"": 31051, ""n_8"": 31012, ""n_9"": 31029}","{""N_on_1"": 0, ""N_on_10"": 9163374, ""N_on_2"": 0, ""N_on_3"": 0, ""N_on_4"": 0, ""N_on_5"": 0, ""N_on_6"": 0, ""N_on_7"": 0, ""N_on_8"": 0, ""N_on_9"": 0}",31051,31065,31012,31025,31047,31025,31051,31012,31029,557259,0,0,0,0,0,0,0,0,0,9163374
TS direct,3,ok,10000000,793012,9206988,792962,1,0,252602.65421,3.13916733171,0.0514000000897,0,0,certificate,"{""n_1"": 29475, ""n_10"": 527829, ""n_2"": 29488, ""n_3"": 29436, ""n_4"": 29449, ""n_5"": 29471, ""n_6"": 29449, ""n_7"": 29475, ""n_8"": 29436, ""n_9"": 29454}","{""N_on_1"": 0, ""N_on_10"": 9206988, ""N_on_2"": 0, ""N_on_3"": 0, ""N_on_4"": 0, ""N_on_5"": 0, ""N_on_6"": 0, ""N_on_7"": 0, ""N_on_8"": 0, ""N_on_9"": 0}",29475,29488,29436,29449,29471,29449,29475,29436,29454,527829,0,0,0,0,0,0,0,0,0,9206988
UCB clean,3,ok,10000000,50,9999950,0,4.70002350012e-06,9999903,252602.65421,0,,,,clean_no_attack,"{""n_1"": 0, ""n_10"": 0, ""n_2"": 0, ""n_3"": 0, ""n_4"": 0, ""n_5"": 0, ""n_6"": 0, ""n_7"": 0, ""n_8"": 0, ""n_9"": 0}","{""N_on_1"": 9922838, ""N_on_10"": 47, ""N_on_2"": 26069, ""N_on_3"": 14692, ""N_on_4"": 9787, ""N_on_5"": 8641, ""N_on_6"": 7909, ""N_on_7"": 4273, ""N_on_8"": 4315, ""N_on_9"": 1379}",0,0,0,0,0,0,0,0,0,0,9922838,26069,14692,9787,8641,7909,4273,4315,1379,47
TS clean,3,ok,10000000,50,9999950,0,2.90001450007e-06,9999921,252602.65421,0,,,,clean_no_attack,"{""n_1"": 0, ""n_10"": 0, ""n_2"": 0, ""n_3"": 0, ""n_4"": 0, ""n_5"": 0, ""n_6"": 0, ""n_7"": 0, ""n_8"": 0, ""n_9"": 0}","{""N_on_1"": 9967088, ""N_on_10"": 29, ""N_on_2"": 9258, ""N_on_3"": 5346, ""N_on_4"": 5031, ""N_on_5"": 4373, ""N_on_6"": 3487, ""N_on_7"": 2565, ""N_on_8"": 2241, ""N_on_9"": 532}",0,0,0,0,0,0,0,0,0,0,9967088,9258,5346,5031,4373,3487,2565,2241,532,29
UCB appendix,3,ok,15000000,793789,14206211,793739,1,0,333755.721884,2.37820342231,0.0331455287293,0,0,certificate,"{""n_1"": 31080, ""n_10"": 514228, ""n_2"": 31099, ""n_3"": 31023, ""n_4"": 31042, ""n_5"": 31074, ""n_6"": 31042, ""n_7"": 31080, ""n_8"": 31023, ""n_9"": 31048}","{""N_on_1"": 0, ""N_on_10"": 14206211, ""N_on_2"": 0, ""N_on_3"": 0, ""N_on_4"": 0, ""N_on_5"": 0, ""N_on_6"": 0, ""N_on_7"": 0, ""N_on_8"": 0, ""N_on_9"": 0}",31080,31099,31023,31042,31074,31042,31080,31023,31048,514228,0,0,0,0,0,0,0,0,0,14206211
UCB direct,3,ok,15000000,767026,14232974,766976,1,0,333755.721884,2.29801603302,0.0352905734965,0,0,certificate,"{""n_1"": 30086, ""n_10"": 496408, ""n_2"": 30105, ""n_3"": 30030, ""n_4"": 30048, ""n_5"": 30080, ""n_6"": 30048, ""n_7"": 30086, ""n_8"": 30030, ""n_9"": 30055}","{""N_on_1"": 0, ""N_on_10"": 14232974, ""N_on_2"": 0, ""N_on_3"": 0, ""N_on_4"": 0, ""N_on_5"": 0, ""N_on_6"": 0, ""N_on_7"": 0, ""N_on_8"": 0, ""N_on_9"": 0}",30086,30105,30030,30048,30080,30048,30086,30030,30055,496408,0,0,0,0,0,0,0,0,0,14232974
TS appendix,3,ok,15000000,1096398,13903602,1096348,1,0,333755.721884,3.28488151098,0.0442352461656,0,0,certificate,"{""n_1"": 40597, ""n_10"": 731140, ""n_2"": 40612, ""n_3"": 40552, ""n_4"": 40567, ""n_5"": 40592, ""n_6"": 40567, ""n_7"": 40597, ""n_8"": 40552, ""n_9"": 40572}","{""N_on_1"": 0, ""N_on_10"": 13903602, ""N_on_2"": 0, ""N_on_3"": 0, ""N_on_4"": 0, ""N_on_5"": 0, ""N_on_6"": 0, ""N_on_7"": 0, ""N_on_8"": 0, ""N_on_9"": 0}",40597,40612,40552,40567,40592,40567,40597,40552,40572,731140,0,0,0,0,0,0,0,0,0,13903602
TS direct,3,ok,15000000,1046075,13953925,1046025,1,0,333755.721884,3.13410357161,0.0453000000909,0,0,certificate,"{""n_1"": 38714, ""n_10"": 697759, ""n_2"": 38729, ""n_3"": 38670, ""n_4"": 38685, ""n_5"": 38709, ""n_6"": 38685, ""n_7"": 38714, ""n_8"": 38670, ""n_9"": 38690}","{""N_on_1"": 0, ""N_on_10"": 13953925, ""N_on_2"": 0, ""N_on_3"": 0, ""N_on_4"": 0, ""N_on_5"": 0, ""N_on_6"": 0, ""N_on_7"": 0, ""N_on_8"": 0, ""N_on_9"": 0}",38714,38729,38670,38685,38709,38685,38714,38670,38690,697759,0,0,0,0,0,0,0,0,0,13953925
UCB clean,3,ok,15000000,50,14999950,0,3.26667755559e-06,14999901,333755.721884,0,,,,clean_no_attack,"{""n_1"": 0, ""n_10"": 0, ""n_2"": 0, ""n_3"": 0, ""n_4"": 0, ""n_5"": 0, ""n_6"": 0, ""n_7"": 0, ""n_8"": 0, ""n_9"": 0}","{""N_on_1"": 14919955, ""N_on_10"": 49, ""N_on_2"": 27059, ""N_on_3"": 15277, ""N_on_4"": 10271, ""N_on_5"": 8892, ""N_on_6"": 8240, ""N_on_7"": 4409, ""N_on_8"": 4407, ""N_on_9"": 1391}",0,0,0,0,0,0,0,0,0,0,14919955,27059,15277,10271,8892,8240,4409,4407,1391,49
TS clean,3,ok,15000000,50,14999950,0,1.9333397778e-06,14999921,333755.721884,0,,,,clean_no_attack,"{""n_1"": 0, ""n_10"": 0, ""n_2"": 0, ""n_3"": 0, ""n_4"": 0, ""n_5"": 0, ""n_6"": 0, ""n_7"": 0, ""n_8"": 0, ""n_9"": 0}","{""N_on_1"": 14965406, ""N_on_10"": 29, ""N_on_2"": 9819, ""N_on_3"": 5656, ""N_on_4"": 5229, ""N_on_5"": 4570, ""N_on_6"": 3677, ""N_on_7"": 2672, ""N_on_8"": 2340, ""N_on_9"": 552}",0,0,0,0,0,0,0,0,0,0,14965406,9819,5656,5229,4570,3677,2672,2340,552,29
UCB appendix,3,ok,20000000,966406,19033594,966356,1,0,406649.214352,2.37638722982,0.0304079657673,0,0,certificate,"{""n_1"": 37706, ""n_10"": 627233, ""n_2"": 37727, ""n_3"": 37643, ""n_4"": 37664, ""n_5"": 37699, ""n_6"": 37664, ""n_7"": 37706, ""n_8"": 37643, ""n_9"": 37671}","{""N_on_1"": 0, ""N_on_10"": 19033594, ""N_on_2"": 0, ""N_on_3"": 0, ""N_on_4"": 0, ""N_on_5"": 0, ""N_on_6"": 0, ""N_on_7"": 0, ""N_on_8"": 0, ""N_on_9"": 0}",37706,37727,37643,37664,37699,37664,37706,37643,37671,627233,0,0,0,0,0,0,0,0,0,19033594
UCB direct,3,ok,20000000,936549,19063451,936499,1,0,406649.214352,2.30296522641,0.0322535928356,0,0,certificate,"{""n_1"": 36617, ""n_10"": 607172, ""n_2"": 36638, ""n_3"": 36555, ""n_4"": 36576, ""n_5"": 36610, ""n_6"": 36576, ""n_7"": 36617, ""n_8"": 36555, ""n_9"": 36583}","{""N_on_1"": 0, ""N_on_10"": 19063451, ""N_on_2"": 0, ""N_on_3"": 0, ""N_on_4"": 0, ""N_on_5"": 0, ""N_on_6"": 0, ""N_on_7"": 0, ""N_on_8"": 0, ""N_on_9"": 0}",36617,36638,36555,36576,36610,36576,36617,36555,36583,607172,0,0,0,0,0,0,0,0,0,19063451
TS appendix,3,ok,20000000,1328747,18671253,1328697,1,0,406649.214352,3.26742792831,0.040493096507,0,0,certificate,"{""n_1"": 49131, ""n_10"": 886702, ""n_2"": 49147, ""n_3"": 49081, ""n_4"": 49098, ""n_5"": 49125, ""n_6"": 49098, ""n_7"": 49131, ""n_8"": 49081, ""n_9"": 49103}","{""N_on_1"": 0, ""N_on_10"": 18671253, ""N_on_2"": 0, ""N_on_3"": 0, ""N_on_4"": 0, ""N_on_5"": 0, ""N_on_6"": 0, ""N_on_7"": 0, ""N_on_8"": 0, ""N_on_9"": 0}",49131,49147,49081,49098,49125,49098,49131,49081,49103,886702,0,0,0,0,0,0,0,0,0,18671253
TS direct,3,ok,20000000,1273040,18726960,1272990,1,0,406649.214352,3.13043762307,0.0413500000917,0,0,certificate,"{""n_1"": 47119, ""n_10"": 849100, ""n_2"": 47135, ""n_3"": 47070, ""n_4"": 47086, ""n_5"": 47113, ""n_6"": 47086, ""n_7"": 47119, ""n_8"": 47070, ""n_9"": 47092}","{""N_on_1"": 0, ""N_on_10"": 18726960, ""N_on_2"": 0, ""N_on_3"": 0, ""N_on_4"": 0, ""N_on_5"": 0, ""N_on_6"": 0, ""N_on_7"": 0, ""N_on_8"": 0, ""N_on_9"": 0}",47119,47135,47070,47086,47113,47086,47119,47070,47092,849100,0,0,0,0,0,0,0,0,0,18726960
UCB clean,3,ok,20000000,50,19999950,0,2.50000625002e-06,19999900,406649.214352,0,,,,clean_no_attack,"{""n_1"": 0, ""n_10"": 0, ""n_2"": 0, ""n_3"": 0, ""n_4"": 0, ""n_5"": 0, ""n_6"": 0, ""n_7"": 0, ""n_8"": 0, ""n_9"": 0}","{""N_on_1"": 19917380, ""N_on_10"": 50, ""N_on_2"": 28026, ""N_on_3"": 15747, ""N_on_4"": 10705, ""N_on_5"": 9166, ""N_on_6"": 8412, ""N_on_7"": 4579, ""N_on_8"": 4471, ""N_on_9"": 1414}",0,0,0,0,0,0,0,0,0,0,19917380,28026,15747,10705,9166,8412,4579,4471,1414,50
TS clean,3,ok,20000000,50,19999950,0,1.50000375001e-06,19999920,406649.214352,0,,,,clean_no_attack,"{""n_1"": 0, ""n_10"": 0, ""n_2"": 0, ""n_3"": 0, ""n_4"": 0, ""n_5"": 0, ""n_6"": 0, ""n_7"": 0, ""n_8"": 0, ""n_9"": 0}","{""N_on_1"": 19964170, ""N_on_10"": 30, ""N_on_2"": 10280, ""N_on_3"": 5882, ""N_on_4"": 5360, ""N_on_5"": 4711, ""N_on_6"": 3786, ""N_on_7"": 2762, ""N_on_8"": 2400, ""N_on_9"": 569}",0,0,0,0,0,0,0,0,0,0,19964170,10280,5882,5360,4711,3786,2762,2400,569,30
UCB appendix,3,ok,25000000,1125773,23874227,1125723,1,0,473953.247914,2.37517730906,0.0284344102658,0,0,certificate,"{""n_1"": 43812, ""n_10"": 731665, ""n_2"": 43834, ""n_3"": 43744, ""n_4"": 43767, ""n_5"": 43804, ""n_6"": 43767, ""n_7"": 43812, ""n_8"": 43744, ""n_9"": 43774}","{""N_on_1"": 0, ""N_on_10"": 23874227, ""N_on_2"": 0, ""N_on_3"": 0, ""N_on_4"": 0, ""N_on_5"": 0, ""N_on_6"": 0, ""N_on_7"": 0, ""N_on_8"": 0, ""N_on_9"": 0}",43812,43834,43744,43767,43804,43767,43812,43744,43774,731665,0,0,0,0,0,0,0,0,0,23874227
UCB direct,3,ok,25000000,1093275,23906725,1093225,1,0,473953.247914,2.30660936456,0.0301022071606,0,0,certificate,"{""n_1"": 42573, ""n_10"": 710311, ""n_2"": 42595, ""n_3"": 42507, ""n_4"": 42529, ""n_5"": 42565, ""n_6"": 42529, ""n_7"": 42573, ""n_8"": 42507, ""n_9"": 42536}","{""N_on_1"": 0, ""N_on_10"": 23906725, ""N_on_2"": 0, ""N_on_3"": 0, ""N_on_4"": 0, ""N_on_5"": 0, ""N_on_6"": 0, ""N_on_7"": 0, ""N_on_8"": 0, ""N_on_9"": 0}",42573,42595,42507,42529,42565,42529,42573,42507,42536,710311,0,0,0,0,0,0,0,0,0,23906725
TS appendix,3,ok,25000000,1542646,23457354,1542596,1,0,473953.247914,3.2547429663,0.0378019496073,0,0,certificate,"{""n_1"": 56984, ""n_10"": 1029933, ""n_2"": 57002, ""n_3"": 56931, ""n_4"": 56949, ""n_5"": 56978, ""n_6"": 56949, ""n_7"": 56984, ""n_8"": 56931, ""n_9"": 56955}","{""N_on_1"": 0, ""N_on_10"": 23457354, ""N_on_2"": 0, ""N_on_3"": 0, ""N_on_4"": 0, ""N_on_5"": 0, ""N_on_6"": 0, ""N_on_7"": 0, ""N_on_8"": 0, ""N_on_9"": 0}",56984,57002,56931,56949,56978,56949,56984,56931,56955,1029933,0,0,0,0,0,0,0,0,0,23457354
TS direct,3,ok,25000000,1482368,23517632,1482318,1,0,473953.247914,3.12756164564,0.0385500000923,0,0,certificate,"{""n_1"": 54797, ""n_10"": 989330, ""n_2"": 54815, ""n_3"": 54746, ""n_4"": 54763, ""n_5"": 54792, ""n_6"": 54763, ""n_7"": 54797, ""n_8"": 54746, ""n_9"": 54769}","{""N_on_1"": 0, ""N_on_10"": 23517632, ""N_on_2"": 0, ""N_on_3"": 0, ""N_on_4"": 0, ""N_on_5"": 0, ""N_on_6"": 0, ""N_on_7"": 0, ""N_on_8"": 0, ""N_on_9"": 0}",54797,54815,54746,54763,54792,54763,54797,54746,54769,989330,0,0,0,0,0,0,0,0,0,23517632
UCB clean,3,ok,25000000,50,24999950,0,2.04000408001e-06,24999899,473953.247914,0,,,,clean_no_attack,"{""n_1"": 0, ""n_10"": 0, ""n_2"": 0, ""n_3"": 0, ""n_4"": 0, ""n_5"": 0, ""n_6"": 0, ""n_7"": 0, ""n_8"": 0, ""n_9"": 0}","{""N_on_1"": 24915276, ""N_on_10"": 51, ""N_on_2"": 29043, ""N_on_3"": 16181, ""N_on_4"": 10753, ""N_on_5"": 9356, ""N_on_6"": 8720, ""N_on_7"": 4636, ""N_on_8"": 4494, ""N_on_9"": 1440}",0,0,0,0,0,0,0,0,0,0,24915276,29043,16181,10753,9356,8720,4636,4494,1440,51
TS clean,3,ok,25000000,50,24999950,0,1.28000256001e-06,24999918,473953.247914,0,,,,clean_no_attack,"{""n_1"": 0, ""n_10"": 0, ""n_2"": 0, ""n_3"": 0, ""n_4"": 0, ""n_5"": 0, ""n_6"": 0, ""n_7"": 0, ""n_8"": 0, ""n_9"": 0}","{""N_on_1"": 24963252, ""N_on_10"": 32, ""N_on_2"": 10595, ""N_on_3"": 6015, ""N_on_4"": 5474, ""N_on_5"": 4825, ""N_on_6"": 3885, ""N_on_7"": 2827, ""N_on_8"": 2457, ""N_on_9"": 588}",0,0,0,0,0,0,0,0,0,0,24963252,10595,6015,5474,4825,3885,2827,2457,588,32
UCB appendix,4,ok,100000,26338,73662,26288,1,0,10480.8192431,2.50820087535,0.136640802994,0,0,certificate,"{""n_1"": 1167, ""n_10"": 15827, ""n_2"": 1159, ""n_3"": 1169, ""n_4"": 1163, ""n_5"": 1160, ""n_6"": 1169, ""n_7"": 1156, ""n_8"": 1159, ""n_9"": 1159}","{""N_on_1"": 0, ""N_on_10"": 73662, ""N_on_2"": 0, ""N_on_3"": 0, ""N_on_4"": 0, ""N_on_5"": 0, ""N_on_6"": 0, ""N_on_7"": 0, ""N_on_8"": 0, ""N_on_9"": 0}",1167,1159,1169,1163,1160,1169,1156,1159,1159,15827,0,0,0,0,0,0,0,0,0,73662
UCB direct,4,ok,100000,22507,77493,22457,1,0,10480.8192431,2.14267601407,0.163722950117,0,0,certificate,"{""n_1"": 1018, ""n_10"": 13338, ""n_2"": 1010, ""n_3"": 1019, ""n_4"": 1014, ""n_5"": 1011, ""n_6"": 1019, ""n_7"": 1008, ""n_8"": 1010, ""n_9"": 1010}","{""N_on_1"": 0, ""N_on_10"": 77493, ""N_on_2"": 0, ""N_on_3"": 0, ""N_on_4"": 0, ""N_on_5"": 0, ""N_on_6"": 0, ""N_on_7"": 0, ""N_on_8"": 0, ""N_on_9"": 0}",1018,1010,1019,1014,1011,1019,1008,1010,1010,13338,0,0,0,0,0,0,0,0,0,77493
TS appendix,4,ok,100000,41974,58026,41924,1,0,10480.8192431,4.00006898579,0.189423966052,0,0,certificate,"{""n_1"": 1691, ""n_10"": 26744, ""n_2"": 1684, ""n_3"": 1692, ""n_4"": 1687, ""n_5"": 1685, ""n_6"": 1692, ""n_7"": 1681, ""n_8"": 1684, ""n_9"": 1684}","{""N_on_1"": 0, ""N_on_10"": 58026, ""N_on_2"": 0, ""N_on_3"": 0, ""N_on_4"": 0, ""N_on_5"": 0, ""N_on_6"": 0, ""N_on_7"": 0, ""N_on_8"": 0, ""N_on_9"": 0}",1691,1684,1692,1687,1685,1692,1681,1684,1684,26744,0,0,0,0,0,0,0,0,0,58026
TS direct,4,ok,100000,33082,66918,33032,1,0,10480.8192431,3.15166202506,0.211300000058,0,0,certificate,"{""n_1"": 1361, ""n_10"": 20815, ""n_2"": 1355, ""n_3"": 1362, ""n_4"": 1358, ""n_5"": 1356, ""n_6"": 1362, ""n_7"": 1353, ""n_8"": 1355, ""n_9"": 1355}","{""N_on_1"": 0, ""N_on_10"": 66918, ""N_on_2"": 0, ""N_on_3"": 0, ""N_on_4"": 0, ""N_on_5"": 0, ""N_on_6"": 0, ""N_on_7"": 0, ""N_on_8"": 0, ""N_on_9"": 0}",1361,1355,1362,1358,1356,1362,1353,1355,1355,20815,0,0,0,0,0,0,0,0,0,66918
UCB clean,4,ok,100000,50,99950,0,0.000300150075038,99920,10480.8192431,0,,,,clean_no_attack,"{""n_1"": 0, ""n_10"": 0, ""n_2"": 0, ""n_3"": 0, ""n_4"": 0, ""n_5"": 0, ""n_6"": 0, ""n_7"": 0, ""n_8"": 0, ""n_9"": 0}","{""N_on_1"": 69039, ""N_on_10"": 30, ""N_on_2"": 7660, ""N_on_3"": 5933, ""N_on_4"": 4513, ""N_on_5"": 4375, ""N_on_6"": 3375, ""N_on_7"": 2625, ""N_on_8"": 1704, ""N_on_9"": 696}",0,0,0,0,0,0,0,0,0,0,69039,7660,5933,4513,4375,3375,2625,1704,696,30
TS clean,4,ok,100000,50,99950,0,0.000180090045023,99932,10480.8192431,0,,,,clean_no_attack,"{""n_1"": 0, ""n_10"": 0, ""n_2"": 0, ""n_3"": 0, ""n_4"": 0, ""n_5"": 0, ""n_6"": 0, ""n_7"": 0, ""n_8"": 0, ""n_9"": 0}","{""N_on_1"": 85943, ""N_on_10"": 18, ""N_on_2"": 3362, ""N_on_3"": 2265, ""N_on_4"": 1955, ""N_on_5"": 1858, ""N_on_6"": 1912, ""N_on_7"": 1365, ""N_on_8"": 881, ""N_on_9"": 391}",0,0,0,0,0,0,0,0,0,0,85943,3362,2265,1955,1858,1912,1365,881,391,18
UCB appendix,4,ok,250000,48829,201171,48779,1,0,19804.9881347,2.46296537359,0.107202667531,0,0,certificate,"{""n_1"": 2091, ""n_10"": 30019, ""n_2"": 2080, ""n_3"": 2093, ""n_4"": 2085, ""n_5"": 2082, ""n_6"": 2093, ""n_7"": 2076, ""n_8"": 2080, ""n_9"": 2080}","{""N_on_1"": 0, ""N_on_10"": 201171, ""N_on_2"": 0, ""N_on_3"": 0, ""N_on_4"": 0, ""N_on_5"": 0, ""N_on_6"": 0, ""N_on_7"": 0, ""N_on_8"": 0, ""N_on_9"": 0}",2091,2080,2093,2085,2082,2093,2076,2080,2080,30019,0,0,0,0,0,0,0,0,0,201171
UCB direct,4,ok,250000,43332,206668,43282,1,0,19804.9881347,2.18540903462,0.124448591239,0,0,certificate,"{""n_1"": 1875, ""n_10"": 26460, ""n_2"": 1865, ""n_3"": 1877, ""n_4"": 1870, ""n_5"": 1867, ""n_6"": 1877, ""n_7"": 1861, ""n_8"": 1865, ""n_9"": 1865}","{""N_on_1"": 0, ""N_on_10"": 206668, ""N_on_2"": 0, ""N_on_3"": 0, ""N_on_4"": 0, ""N_on_5"": 0, ""N_on_6"": 0, ""N_on_7"": 0, ""N_on_8"": 0, ""N_on_9"": 0}",1875,1865,1877,1870,1867,1877,1861,1865,1865,26460,0,0,0,0,0,0,0,0,0,206668
TS appendix,4,ok,250000,74802,175198,74752,1,0,19804.9881347,3.77440266521,0.147781508761,0,0,certificate,"{""n_1"": 2930, ""n_10"": 48428, ""n_2"": 2921, ""n_3"": 2932, ""n_4"": 2926, ""n_5"": 2923, ""n_6"": 2932, ""n_7"": 2918, ""n_8"": 2921, ""n_9"": 2921}","{""N_on_1"": 0, ""N_on_10"": 175198, ""N_on_2"": 0, ""N_on_3"": 0, ""N_on_4"": 0, ""N_on_5"": 0, ""N_on_6"": 0, ""N_on_7"": 0, ""N_on_8"": 0, ""N_on_9"": 0}",2930,2921,2932,2926,2923,2932,2918,2921,2921,48428,0,0,0,0,0,0,0,0,0,175198
TS direct,4,ok,250000,62699,187301,62649,1,0,19804.9881347,3.16329399311,0.160500000068,0,0,certificate,"{""n_1"": 2487, ""n_10"": 40310, ""n_2"": 2479, ""n_3"": 2488, ""n_4"": 2483, ""n_5"": 2480, ""n_6"": 2488, ""n_7"": 2476, ""n_8"": 2479, ""n_9"": 2479}","{""N_on_1"": 0, ""N_on_10"": 187301, ""N_on_2"": 0, ""N_on_3"": 0, ""N_on_4"": 0, ""N_on_5"": 0, ""N_on_6"": 0, ""N_on_7"": 0, ""N_on_8"": 0, ""N_on_9"": 0}",2487,2479,2488,2483,2480,2488,2476,2479,2479,40310,0,0,0,0,0,0,0,0,0,187301
UCB clean,4,ok,250000,50,249950,0,0.000132026405281,249917,19804.9881347,0,,,,clean_no_attack,"{""n_1"": 0, ""n_10"": 0, ""n_2"": 0, ""n_3"": 0, ""n_4"": 0, ""n_5"": 0, ""n_6"": 0, ""n_7"": 0, ""n_8"": 0, ""n_9"": 0}","{""N_on_1"": 207328, ""N_on_10"": 33, ""N_on_2"": 11462, ""N_on_3"": 8018, ""N_on_4"": 6001, ""N_on_5"": 5603, ""N_on_6"": 4857, ""N_on_7"": 3550, ""N_on_8"": 2209, ""N_on_9"": 889}",0,0,0,0,0,0,0,0,0,0,207328,11462,8018,6001,5603,4857,3550,2209,889,33
TS clean,4,ok,250000,50,249950,0,8.40168033607e-05,249929,19804.9881347,0,,,,clean_no_attack,"{""n_1"": 0, ""n_10"": 0, ""n_2"": 0, ""n_3"": 0, ""n_4"": 0, ""n_5"": 0, ""n_6"": 0, ""n_7"": 0, ""n_8"": 0, ""n_9"": 0}","{""N_on_1"": 232414, ""N_on_10"": 21, ""N_on_2"": 4287, ""N_on_3"": 3001, ""N_on_4"": 2337, ""N_on_5"": 2349, ""N_on_6"": 2302, ""N_on_7"": 1656, ""N_on_8"": 1140, ""N_on_9"": 443}",0,0,0,0,0,0,0,0,0,0,232414,4287,3001,2337,2349,2302,1656,1140,443,21
UCB appendix,4,ok,500000,78081,421919,78031,1,0,32012.3352326,2.43752914097,0.0886869589668,0,0,certificate,"{""n_1"": 3272, ""n_10"": 48659, ""n_2"": 3258, ""n_3"": 3274, ""n_4"": 3265, ""n_5"": 3260, ""n_6"": 3274, ""n_7"": 3253, ""n_8"": 3258, ""n_9"": 3258}","{""N_on_1"": 0, ""N_on_10"": 421919, ""N_on_2"": 0, ""N_on_3"": 0, ""N_on_4"": 0, ""N_on_5"": 0, ""N_on_6"": 0, ""N_on_7"": 0, ""N_on_8"": 0, ""N_on_9"": 0}",3272,3258,3274,3265,3260,3274,3253,3258,3258,48659,0,0,0,0,0,0,0,0,0,421919
UCB direct,4,ok,500000,70869,429131,70819,1,0,32012.3352326,2.21224098415,0.100712892225,0,0,certificate,"{""n_1"": 2998, ""n_10"": 43904, ""n_2"": 2985, ""n_3"": 3001, ""n_4"": 2992, ""n_5"": 2987, ""n_6"": 3001, ""n_7"": 2981, ""n_8"": 2985, ""n_9"": 2985}","{""N_on_1"": 0, ""N_on_10"": 429131, ""N_on_2"": 0, ""N_on_3"": 0, ""N_on_4"": 0, ""N_on_5"": 0, ""N_on_6"": 0, ""N_on_7"": 0, ""N_on_8"": 0, ""N_on_9"": 0}",2998,2985,3001,2992,2987,3001,2981,2985,2985,43904,0,0,0,0,0,0,0,0,0,429131
TS appendix,4,ok,500000,116705,383295,116655,1,0,32012.3352326,3.6440640507,0.121634305703,0,0,certificate,"{""n_1"": 4498, ""n_10"": 76232, ""n_2"": 4487, ""n_3"": 4500, ""n_4"": 4492, ""n_5"": 4489, ""n_6"": 4500, ""n_7"": 4483, ""n_8"": 4487, ""n_9"": 4487}","{""N_on_1"": 0, ""N_on_10"": 383295, ""N_on_2"": 0, ""N_on_3"": 0, ""N_on_4"": 0, ""N_on_5"": 0, ""N_on_6"": 0, ""N_on_7"": 0, ""N_on_8"": 0, ""N_on_9"": 0}",4498,4487,4500,4492,4489,4500,4483,4487,4487,76232,0,0,0,0,0,0,0,0,0,383295
TS direct,4,ok,500000,101368,398632,101318,1,0,32012.3352326,3.16496748094,0.130050000074,0,0,certificate,"{""n_1"": 3938, ""n_10"": 65932, ""n_2"": 3928, ""n_3"": 3939, ""n_4"": 3933, ""n_5"": 3929, ""n_6"": 3939, ""n_7"": 3924, ""n_8"": 3928, ""n_9"": 3928}","{""N_on_1"": 0, ""N_on_10"": 398632, ""N_on_2"": 0, ""N_on_3"": 0, ""N_on_4"": 0, ""N_on_5"": 0, ""N_on_6"": 0, ""N_on_7"": 0, ""N_on_8"": 0, ""N_on_9"": 0}",3938,3928,3939,3933,3929,3939,3924,3928,3928,65932,0,0,0,0,0,0,0,0,0,398632
UCB clean,4,ok,500000,50,499950,0,7.20072007201e-05,499914,32012.3352326,0,,,,clean_no_attack,"{""n_1"": 0, ""n_10"": 0, ""n_2"": 0, ""n_3"": 0, ""n_4"": 0, ""n_5"": 0, ""n_6"": 0, ""n_7"": 0, ""n_8"": 0, ""n_9"": 0}","{""N_on_1"": 448323, ""N_on_10"": 36, ""N_on_2"": 15244, ""N_on_3"": 9703, ""N_on_4"": 7085, ""N_on_5"": 6489, ""N_on_6"": 5666, ""N_on_7"": 3988, ""N_on_8"": 2462, ""N_on_9"": 954}",0,0,0,0,0,0,0,0,0,0,448323,15244,9703,7085,6489,5666,3988,2462,954,36
TS clean,4,ok,500000,50,499950,0,4.200420042e-05,499929,32012.3352326,0,,,,clean_no_attack,"{""n_1"": 0, ""n_10"": 0, ""n_2"": 0, ""n_3"": 0, ""n_4"": 0, ""n_5"": 0, ""n_6"": 0, ""n_7"": 0, ""n_8"": 0, ""n_9"": 0}","{""N_on_1"": 480181, ""N_on_10"": 21, ""N_on_2"": 4833, ""N_on_3"": 3445, ""N_on_4"": 2603, ""N_on_5"": 2713, ""N_on_6"": 2565, ""N_on_7"": 1824, ""N_on_8"": 1289, ""N_on_9"": 476}",0,0,0,0,0,0,0,0,0,0,480181,4833,3445,2603,2713,2565,1824,1289,476,21
UCB appendix,4,ok,1000000,125054,874946,125004,1,0,51695.8459325,2.41806663079,0.0730450074725,0,0,certificate,"{""n_1"": 5143, ""n_10"": 78802, ""n_2"": 5127, ""n_3"": 5146, ""n_4"": 5135, ""n_5"": 5130, ""n_6"": 5146, ""n_7"": 5121, ""n_8"": 5127, ""n_9"": 5127}","{""N_on_1"": 0, ""N_on_10"": 874946, ""N_on_2"": 0, ""N_on_3"": 0, ""N_on_4"": 0, ""N_on_5"": 0, ""N_on_6"": 0, ""N_on_7"": 0, ""N_on_8"": 0, ""N_on_9"": 0}",5143,5127,5146,5135,5130,5146,5121,5127,5127,78802,0,0,0,0,0,0,0,0,0,874946
UCB direct,4,ok,1000000,115602,884398,115552,1,0,51695.8459325,2.23522795528,0.0816440329138,0,0,certificate,"{""n_1"": 4773, ""n_10"": 72687, ""n_2"": 4756, ""n_3"": 4775, ""n_4"": 4764, ""n_5"": 4759, ""n_6"": 4775, ""n_7"": 4751, ""n_8"": 4756, ""n_9"": 4756}","{""N_on_1"": 0, ""N_on_10"": 884398, ""N_on_2"": 0, ""N_on_3"": 0, ""N_on_4"": 0, ""N_on_5"": 0, ""N_on_6"": 0, ""N_on_7"": 0, ""N_on_8"": 0, ""N_on_9"": 0}",4773,4756,4775,4764,4759,4775,4751,4756,4756,72687,0,0,0,0,0,0,0,0,0,884398
TS appendix,4,ok,1000000,183028,816972,182978,1,0,51695.8459325,3.53951070341,0.0996313030158,0,0,certificate,"{""n_1"": 6965, ""n_10"": 120368, ""n_2"": 6951, ""n_3"": 6967, ""n_4"": 6958, ""n_5"": 6953, ""n_6"": 6967, ""n_7"": 6947, ""n_8"": 6951, ""n_9"": 6951}","{""N_on_1"": 0, ""N_on_10"": 816972, ""N_on_2"": 0, ""N_on_3"": 0, ""N_on_4"": 0, ""N_on_5"": 0, ""N_on_6"": 0, ""N_on_7"": 0, ""N_on_8"": 0, ""N_on_9"": 0}",6965,6951,6967,6958,6953,6967,6947,6951,6951,120368,0,0,0,0,0,0,0,0,0,816972
TS direct,4,ok,1000000,163542,836458,163492,1,0,51695.8459325,3.16257519441,0.105150000079,0,0,certificate,"{""n_1"": 6256, ""n_10"": 107257, ""n_2"": 6243, ""n_3"": 6258, ""n_4"": 6250, ""n_5"": 6245, ""n_6"": 6258, ""n_7"": 6239, ""n_8"": 6243, ""n_9"": 6243}","{""N_on_1"": 0, ""N_on_10"": 836458, ""N_on_2"": 0, ""N_on_3"": 0, ""N_on_4"": 0, ""N_on_5"": 0, ""N_on_6"": 0, ""N_on_7"": 0, ""N_on_8"": 0, ""N_on_9"": 0}",6256,6243,6258,6250,6245,6258,6239,6243,6243,107257,0,0,0,0,0,0,0,0,0,836458
UCB clean,4,ok,1000000,50,999950,0,3.8001900095e-05,999912,51695.8459325,0,,,,clean_no_attack,"{""n_1"": 0, ""n_10"": 0, ""n_2"": 0, ""n_3"": 0, ""n_4"": 0, ""n_5"": 0, ""n_6"": 0, ""n_7"": 0, ""n_8"": 0, ""n_9"": 0}","{""N_on_1"": 941390, ""N_on_10"": 38, ""N_on_2"": 17667, ""N_on_3"": 10928, ""N_on_4"": 7971, ""N_on_5"": 7359, ""N_on_6"": 6300, ""N_on_7"": 4339, ""N_on_8"": 2902, ""N_on_9"": 1056}",0,0,0,0,0,0,0,0,0,0,941390,17667,10928,7971,7359,6300,4339,2902,1056,38
TS clean,4,ok,1000000,50,999950,0,2.400120006e-05,999926,51695.8459325,0,,,,clean_no_attack,"{""n_1"": 0, ""n_10"": 0, ""n_2"": 0, ""n_3"": 0, ""n_4"": 0, ""n_5"": 0, ""n_6"": 0, ""n_7"": 0, ""n_8"": 0, ""n_9"": 0}","{""N_on_1"": 977905, ""N_on_10"": 24, ""N_on_2"": 5476, ""N_on_3"": 3866, ""N_on_4"": 2863, ""N_on_5"": 3041, ""N_on_6"": 2872, ""N_on_7"": 1973, ""N_on_8"": 1406, ""N_on_9"": 524}",0,0,0,0,0,0,0,0,0,0,977905,5476,3866,2863,3041,2872,1973,1406,524,24
UCB appendix,4,ok,2500000,233473,2266527,233423,1,0,97284.8670799,2.39937625456,0.0561940459995,0,0,certificate,"{""n_1"": 9410, ""n_10"": 148850, ""n_2"": 9388, ""n_3"": 9414, ""n_4"": 9399, ""n_5"": 9392, ""n_6"": 9414, ""n_7"": 9380, ""n_8"": 9388, ""n_9"": 9388}","{""N_on_1"": 0, ""N_on_10"": 2266527, ""N_on_2"": 0, ""N_on_3"": 0, ""N_on_4"": 0, ""N_on_5"": 0, ""N_on_6"": 0, ""N_on_7"": 0, ""N_on_8"": 0, ""N_on_9"": 0}",9410,9388,9414,9399,9392,9414,9380,9388,9388,148850,0,0,0,0,0,0,0,0,0,2266527
UCB direct,4,ok,2500000,219993,2280007,219943,1,0,97284.8670799,2.26081410811,0.0615015761605,0,0,certificate,"{""n_1"": 8910, ""n_10"": 139871, ""n_2"": 8888, ""n_3"": 8913, ""n_4"": 8899, ""n_5"": 8892, ""n_6"": 8913, ""n_7"": 8881, ""n_8"": 8888, ""n_9"": 8888}","{""N_on_1"": 0, ""N_on_10"": 2280007, ""N_on_2"": 0, ""N_on_3"": 0, ""N_on_4"": 0, ""N_on_5"": 0, ""N_on_6"": 0, ""N_on_7"": 0, ""N_on_8"": 0, ""N_on_9"": 0}",8910,8888,8913,8899,8892,8913,8881,8888,8888,139871,0,0,0,0,0,0,0,0,0,2280007
TS appendix,4,ok,2500000,333836,2166164,333786,1,0,97284.8670799,3.43101666291,0.0760732045729,0,0,certificate,"{""n_1"": 12544, ""n_10"": 220982, ""n_2"": 12527, ""n_3"": 12547, ""n_4"": 12535, ""n_5"": 12529, ""n_6"": 12547, ""n_7"": 12521, ""n_8"": 12527, ""n_9"": 12527}","{""N_on_1"": 0, ""N_on_10"": 2166164, ""N_on_2"": 0, ""N_on_3"": 0, ""N_on_4"": 0, ""N_on_5"": 0, ""N_on_6"": 0, ""N_on_7"": 0, ""N_on_8"": 0, ""N_on_9"": 0}",12544,12527,12547,12535,12529,12547,12521,12527,12527,220982,0,0,0,0,0,0,0,0,0,2166164
TS direct,4,ok,2500000,307026,2192974,306976,1,0,97284.8670799,3.15543423365,0.0792000000842,0,0,certificate,"{""n_1"": 11576, ""n_10"": 202878, ""n_2"": 11560, ""n_3"": 11579, ""n_4"": 11568, ""n_5"": 11562, ""n_6"": 11579, ""n_7"": 11554, ""n_8"": 11560, ""n_9"": 11560}","{""N_on_1"": 0, ""N_on_10"": 2192974, ""N_on_2"": 0, ""N_on_3"": 0, ""N_on_4"": 0, ""N_on_5"": 0, ""N_on_6"": 0, ""N_on_7"": 0, ""N_on_8"": 0, ""N_on_9"": 0}",11576,11560,11579,11568,11562,11579,11554,11560,11560,202878,0,0,0,0,0,0,0,0,0,2192974
UCB clean,4,ok,2500000,50,2499950,0,1.64003280066e-05,2499909,97284.8670799,0,,,,clean_no_attack,"{""n_1"": 0, ""n_10"": 0, ""n_2"": 0, ""n_3"": 0, ""n_4"": 0, ""n_5"": 0, ""n_6"": 0, ""n_7"": 0, ""n_8"": 0, ""n_9"": 0}","{""N_on_1"": 2432403, ""N_on_10"": 41, ""N_on_2"": 21650, ""N_on_3"": 12336, ""N_on_4"": 8858, ""N_on_5"": 8254, ""N_on_6"": 7154, ""N_on_7"": 4859, ""N_on_8"": 3261, ""N_on_9"": 1134}",0,0,0,0,0,0,0,0,0,0,2432403,21650,12336,8858,8254,7154,4859,3261,1134,41
TS clean,4,ok,2500000,50,2499950,0,1.08002160043e-05,2499923,97284.8670799,0,,,,clean_no_attack,"{""n_1"": 0, ""n_10"": 0, ""n_2"": 0, ""n_3"": 0, ""n_4"": 0, ""n_5"": 0, ""n_6"": 0, ""n_7"": 0, ""n_8"": 0, ""n_9"": 0}","{""N_on_1"": 2474396, ""N_on_10"": 27, ""N_on_2"": 6602, ""N_on_3"": 4408, ""N_on_4"": 3355, ""N_on_5"": 3484, ""N_on_6"": 3319, ""N_on_7"": 2188, ""N_on_8"": 1591, ""N_on_9"": 580}",0,0,0,0,0,0,0,0,0,0,2474396,6602,4408,3355,3484,3319,2188,1591,580,27
UCB appendix,4,ok,5000000,374740,4625260,374690,1,0,156815.111138,2.38937432293,0.0459118453309,0,0,certificate,"{""n_1"": 14914, ""n_10"": 240606, ""n_2"": 14887, ""n_3"": 14919, ""n_4"": 14901, ""n_5"": 14892, ""n_6"": 14919, ""n_7"": 14878, ""n_8"": 14887, ""n_9"": 14887}","{""N_on_1"": 0, ""N_on_10"": 4625260, ""N_on_2"": 0, ""N_on_3"": 0, ""N_on_4"": 0, ""N_on_5"": 0, ""N_on_6"": 0, ""N_on_7"": 0, ""N_on_8"": 0, ""N_on_9"": 0}",14914,14887,14919,14901,14892,14919,14878,14887,14887,240606,0,0,0,0,0,0,0,0,0,4625260
UCB direct,4,ok,5000000,357141,4642859,357091,1,0,156815.111138,2.27714661814,0.0496781009536,0,0,certificate,"{""n_1"": 14246, ""n_10"": 229023, ""n_2"": 14219, ""n_3"": 14250, ""n_4"": 14232, ""n_5"": 14223, ""n_6"": 14250, ""n_7"": 14210, ""n_8"": 14219, ""n_9"": 14219}","{""N_on_1"": 0, ""N_on_10"": 4642859, ""N_on_2"": 0, ""N_on_3"": 0, ""N_on_4"": 0, ""N_on_5"": 0, ""N_on_6"": 0, ""N_on_7"": 0, ""N_on_8"": 0, ""N_on_9"": 0}",14246,14219,14250,14232,14223,14250,14210,14219,14219,229023,0,0,0,0,0,0,0,0,0,4642859
TS appendix,4,ok,5000000,527898,4472102,527848,1,0,156815.111138,3.36605315757,0.0618025238143,0,0,certificate,"{""n_1"": 19699, ""n_10"": 350675, ""n_2"": 19677, ""n_3"": 19702, ""n_4"": 19688, ""n_5"": 19681, ""n_6"": 19702, ""n_7"": 19670, ""n_8"": 19677, ""n_9"": 19677}","{""N_on_1"": 0, ""N_on_10"": 4472102, ""N_on_2"": 0, ""N_on_3"": 0, ""N_on_4"": 0, ""N_on_5"": 0, ""N_on_6"": 0, ""N_on_7"": 0, ""N_on_8"": 0, ""N_on_9"": 0}",19699,19677,19702,19688,19681,19702,19670,19677,19677,350675,0,0,0,0,0,0,0,0,0,4472102
TS direct,4,ok,5000000,493718,4506282,493668,1,0,156815.111138,3.1480894693,0.0637500000872,0,0,certificate,"{""n_1"": 18517, ""n_10"": 327129, ""n_2"": 18496, ""n_3"": 18520, ""n_4"": 18506, ""n_5"": 18499, ""n_6"": 18520, ""n_7"": 18489, ""n_8"": 18496, ""n_9"": 18496}","{""N_on_1"": 0, ""N_on_10"": 4506282, ""N_on_2"": 0, ""N_on_3"": 0, ""N_on_4"": 0, ""N_on_5"": 0, ""N_on_6"": 0, ""N_on_7"": 0, ""N_on_8"": 0, ""N_on_9"": 0}",18517,18496,18520,18506,18499,18520,18489,18496,18496,327129,0,0,0,0,0,0,0,0,0,4506282
UCB clean,4,ok,5000000,50,4999950,0,8.80008800088e-06,4999906,156815.111138,0,,,,clean_no_attack,"{""n_1"": 0, ""n_10"": 0, ""n_2"": 0, ""n_3"": 0, ""n_4"": 0, ""n_5"": 0, ""n_6"": 0, ""n_7"": 0, ""n_8"": 0, ""n_9"": 0}","{""N_on_1"": 4926121, ""N_on_10"": 44, ""N_on_2"": 23914, ""N_on_3"": 13188, ""N_on_4"": 9651, ""N_on_5"": 9083, ""N_on_6"": 8200, ""N_on_7"": 5166, ""N_on_8"": 3382, ""N_on_9"": 1201}",0,0,0,0,0,0,0,0,0,0,4926121,23914,13188,9651,9083,8200,5166,3382,1201,44
TS clean,4,ok,5000000,50,4999950,0,6.0000600006e-06,4999920,156815.111138,0,,,,clean_no_attack,"{""n_1"": 0, ""n_10"": 0, ""n_2"": 0, ""n_3"": 0, ""n_4"": 0, ""n_5"": 0, ""n_6"": 0, ""n_7"": 0, ""n_8"": 0, ""n_9"": 0}","{""N_on_1"": 4971567, ""N_on_10"": 30, ""N_on_2"": 7515, ""N_on_3"": 4867, ""N_on_4"": 3783, ""N_on_5"": 3830, ""N_on_6"": 3581, ""N_on_7"": 2398, ""N_on_8"": 1753, ""N_on_9"": 626}",0,0,0,0,0,0,0,0,0,0,4971567,7515,4867,3783,3830,3581,2398,1753,626,30
UCB appendix,4,ok,10000000,601782,9398218,601732,1,0,252602.65421,2.38212857217,0.0374101272965,0,0,certificate,"{""n_1"": 23697, ""n_10"": 388641, ""n_2"": 23663, ""n_3"": 23702, ""n_4"": 23680, ""n_5"": 23669, ""n_6"": 23702, ""n_7"": 23652, ""n_8"": 23663, ""n_9"": 23663}","{""N_on_1"": 0, ""N_on_10"": 9398218, ""N_on_2"": 0, ""N_on_3"": 0, ""N_on_4"": 0, ""N_on_5"": 0, ""N_on_6"": 0, ""N_on_7"": 0, ""N_on_8"": 0, ""N_on_9"": 0}",23697,23663,23702,23680,23669,23702,23652,23663,23663,388641,0,0,0,0,0,0,0,0,0,9398218
UCB direct,4,ok,10000000,578838,9421162,578788,1,0,252602.65421,2.29129817266,0.0400883062563,0,0,certificate,"{""n_1"": 22794, ""n_10"": 373817, ""n_2"": 22761, ""n_3"": 22800, ""n_4"": 22778, ""n_5"": 22766, ""n_6"": 22800, ""n_7"": 22750, ""n_8"": 22761, ""n_9"": 22761}","{""N_on_1"": 0, ""N_on_10"": 9421162, ""N_on_2"": 0, ""N_on_3"": 0, ""N_on_4"": 0, ""N_on_5"": 0, ""N_on_6"": 0, ""N_on_7"": 0, ""N_on_8"": 0, ""N_on_9"": 0}",22794,22761,22800,22778,22766,22800,22750,22761,22761,373817,0,0,0,0,0,0,0,0,0,9421162
TS appendix,4,ok,10000000,836791,9163209,836741,1,0,252602.65421,3.31247904982,0.0500806388489,0,0,certificate,"{""n_1"": 31063, ""n_10"": 557312, ""n_2"": 31037, ""n_3"": 31068, ""n_4"": 31050, ""n_5"": 31041, ""n_6"": 31068, ""n_7"": 31028, ""n_8"": 31037, ""n_9"": 31037}","{""N_on_1"": 0, ""N_on_10"": 9163209, ""N_on_2"": 0, ""N_on_3"": 0, ""N_on_4"": 0, ""N_on_5"": 0, ""N_on_6"": 0, ""N_on_7"": 0, ""N_on_8"": 0, ""N_on_9"": 0}",31063,31037,31068,31050,31041,31068,31028,31037,31037,557312,0,0,0,0,0,0,0,0,0,9163209
TS direct,4,ok,10000000,793163,9206837,793113,1,0,252602.65421,3.13976510849,0.0514500000897,0,0,certificate,"{""n_1"": 29435, ""n_10"": 528334, ""n_2"": 29409, ""n_3"": 29440, ""n_4"": 29422, ""n_5"": 29414, ""n_6"": 29440, ""n_7"": 29401, ""n_8"": 29409, ""n_9"": 29409}","{""N_on_1"": 0, ""N_on_10"": 9206837, ""N_on_2"": 0, ""N_on_3"": 0, ""N_on_4"": 0, ""N_on_5"": 0, ""N_on_6"": 0, ""N_on_7"": 0, ""N_on_8"": 0, ""N_on_9"": 0}",29435,29409,29440,29422,29414,29440,29401,29409,29409,528334,0,0,0,0,0,0,0,0,0,9206837
UCB clean,4,ok,10000000,50,9999950,0,4.60002300012e-06,9999904,252602.65421,0,,,,clean_no_attack,"{""n_1"": 0, ""n_10"": 0, ""n_2"": 0, ""n_3"": 0, ""n_4"": 0, ""n_5"": 0, ""n_6"": 0, ""n_7"": 0, ""n_8"": 0, ""n_9"": 0}","{""N_on_1"": 9919900, ""N_on_10"": 46, ""N_on_2"": 25753, ""N_on_3"": 14158, ""N_on_4"": 10852, ""N_on_5"": 10040, ""N_on_6"": 8943, ""N_on_7"": 5423, ""N_on_8"": 3589, ""N_on_9"": 1246}",0,0,0,0,0,0,0,0,0,0,9919900,25753,14158,10852,10040,8943,5423,3589,1246,46
TS clean,4,ok,10000000,50,9999950,0,3.10001550008e-06,9999919,252602.65421,0,,,,clean_no_attack,"{""n_1"": 0, ""n_10"": 0, ""n_2"": 0, ""n_3"": 0, ""n_4"": 0, ""n_5"": 0, ""n_6"": 0, ""n_7"": 0, ""n_8"": 0, ""n_9"": 0}","{""N_on_1"": 9968473, ""N_on_10"": 31, ""N_on_2"": 8428, ""N_on_3"": 5370, ""N_on_4"": 4231, ""N_on_5"": 4247, ""N_on_6"": 3961, ""N_on_7"": 2582, ""N_on_8"": 1945, ""N_on_9"": 682}",0,0,0,0,0,0,0,0,0,0,9968473,8428,5370,4231,4247,3961,2582,1945,682,31
UCB appendix,4,ok,15000000,794026,14205974,793976,1,0,333755.721884,2.3789135225,0.0331503379003,0,0,certificate,"{""n_1"": 31097, ""n_10"": 514305, ""n_2"": 31059, ""n_3"": 31104, ""n_4"": 31078, ""n_5"": 31065, ""n_6"": 31104, ""n_7"": 31046, ""n_8"": 31059, ""n_9"": 31059}","{""N_on_1"": 0, ""N_on_10"": 14205974, ""N_on_2"": 0, ""N_on_3"": 0, ""N_on_4"": 0, ""N_on_5"": 0, ""N_on_6"": 0, ""N_on_7"": 0, ""N_on_8"": 0, ""N_on_9"": 0}",31097,31059,31104,31078,31065,31104,31046,31059,31059,514305,0,0,0,0,0,0,0,0,0,14205974
UCB direct,4,ok,15000000,767247,14232753,767197,1,0,333755.721884,2.29867819395,0.0352905734965,0,0,certificate,"{""n_1"": 30111, ""n_10"": 496400, ""n_2"": 30073, ""n_3"": 30117, ""n_4"": 30092, ""n_5"": 30080, ""n_6"": 30117, ""n_7"": 30061, ""n_8"": 30073, ""n_9"": 30073}","{""N_on_1"": 0, ""N_on_10"": 14232753, ""N_on_2"": 0, ""N_on_3"": 0, ""N_on_4"": 0, ""N_on_5"": 0, ""N_on_6"": 0, ""N_on_7"": 0, ""N_on_8"": 0, ""N_on_9"": 0}",30111,30073,30117,30092,30080,30117,30061,30073,30073,496400,0,0,0,0,0,0,0,0,0,14232753
TS appendix,4,ok,15000000,1096584,13903416,1096534,1,0,333755.721884,3.2854388048,0.0442388961373,0,0,certificate,"{""n_1"": 40611, ""n_10"": 731200, ""n_2"": 40580, ""n_3"": 40616, ""n_4"": 40596, ""n_5"": 40585, ""n_6"": 40616, ""n_7"": 40570, ""n_8"": 40580, ""n_9"": 40580}","{""N_on_1"": 0, ""N_on_10"": 13903416, ""N_on_2"": 0, ""N_on_3"": 0, ""N_on_4"": 0, ""N_on_5"": 0, ""N_on_6"": 0, ""N_on_7"": 0, ""N_on_8"": 0, ""N_on_9"": 0}",40611,40580,40616,40596,40585,40616,40570,40580,40580,731200,0,0,0,0,0,0,0,0,0,13903416
TS direct,4,ok,15000000,1046250,13953750,1046200,1,0,333755.721884,3.13462790719,0.0452500000909,0,0,certificate,"{""n_1"": 38819, ""n_10"": 696983, ""n_2"": 38790, ""n_3"": 38824, ""n_4"": 38805, ""n_5"": 38795, ""n_6"": 38824, ""n_7"": 38780, ""n_8"": 38790, ""n_9"": 38790}","{""N_on_1"": 0, ""N_on_10"": 13953750, ""N_on_2"": 0, ""N_on_3"": 0, ""N_on_4"": 0, ""N_on_5"": 0, ""N_on_6"": 0, ""N_on_7"": 0, ""N_on_8"": 0, ""N_on_9"": 0}",38819,38790,38824,38805,38795,38824,38780,38790,38790,696983,0,0,0,0,0,0,0,0,0,13953750
UCB clean,4,ok,15000000,50,14999950,0,3.13334377781e-06,14999903,333755.721884,0,,,,clean_no_attack,"{""n_1"": 0, ""n_10"": 0, ""n_2"": 0, ""n_3"": 0, ""n_4"": 0, ""n_5"": 0, ""n_6"": 0, ""n_7"": 0, ""n_8"": 0, ""n_9"": 0}","{""N_on_1"": 14917238, ""N_on_10"": 47, ""N_on_2"": 26548, ""N_on_3"": 14842, ""N_on_4"": 11135, ""N_on_5"": 10284, ""N_on_6"": 9251, ""N_on_7"": 5543, ""N_on_8"": 3755, ""N_on_9"": 1307}",0,0,0,0,0,0,0,0,0,0,14917238,26548,14842,11135,10284,9251,5543,3755,1307,47
TS clean,4,ok,15000000,50,14999950,0,2.06667355558e-06,14999919,333755.721884,0,,,,clean_no_attack,"{""n_1"": 0, ""n_10"": 0, ""n_2"": 0, ""n_3"": 0, ""n_4"": 0, ""n_5"": 0, ""n_6"": 0, ""n_7"": 0, ""n_8"": 0, ""n_9"": 0}","{""N_on_1"": 14966651, ""N_on_10"": 31, ""N_on_2"": 8966, ""N_on_3"": 5684, ""N_on_4"": 4471, ""N_on_5"": 4568, ""N_on_6"": 4110, ""N_on_7"": 2699, ""N_on_8"": 2056, ""N_on_9"": 714}",0,0,0,0,0,0,0,0,0,0,14966651,8966,5684,4471,4568,4110,2699,2056,714,31
UCB appendix,4,ok,20000000,966668,19033332,966618,1,0,406649.214352,2.37703151976,0.0304119358601,0,0,certificate,"{""n_1"": 37725, ""n_10"": 627317, ""n_2"": 37683, ""n_3"": 37732, ""n_4"": 37704, ""n_5"": 37690, ""n_6"": 37732, ""n_7"": 37669, ""n_8"": 37683, ""n_9"": 37683}","{""N_on_1"": 0, ""N_on_10"": 19033332, ""N_on_2"": 0, ""N_on_3"": 0, ""N_on_4"": 0, ""N_on_5"": 0, ""N_on_6"": 0, ""N_on_7"": 0, ""N_on_8"": 0, ""N_on_9"": 0}",37725,37683,37732,37704,37690,37732,37669,37683,37683,627317,0,0,0,0,0,0,0,0,0,19033332
UCB direct,4,ok,20000000,936793,19063207,936743,1,0,406649.214352,2.30356525216,0.0322535928356,0,0,certificate,"{""n_1"": 36644, ""n_10"": 607164, ""n_2"": 36603, ""n_3"": 36651, ""n_4"": 36624, ""n_5"": 36610, ""n_6"": 36651, ""n_7"": 36590, ""n_8"": 36603, ""n_9"": 36603}","{""N_on_1"": 0, ""N_on_10"": 19063207, ""N_on_2"": 0, ""N_on_3"": 0, ""N_on_4"": 0, ""N_on_5"": 0, ""N_on_6"": 0, ""N_on_7"": 0, ""N_on_8"": 0, ""N_on_9"": 0}",36644,36603,36651,36624,36610,36651,36590,36603,36603,607164,0,0,0,0,0,0,0,0,0,19063207
TS appendix,4,ok,20000000,1328949,18671051,1328899,1,0,406649.214352,3.26792467094,0.0404961198133,0,0,certificate,"{""n_1"": 49145, ""n_10"": 886768, ""n_2"": 49112, ""n_3"": 49151, ""n_4"": 49129, ""n_5"": 49118, ""n_6"": 49151, ""n_7"": 49101, ""n_8"": 49112, ""n_9"": 49112}","{""N_on_1"": 0, ""N_on_10"": 18671051, ""N_on_2"": 0, ""N_on_3"": 0, ""N_on_4"": 0, ""N_on_5"": 0, ""N_on_6"": 0, ""N_on_7"": 0, ""N_on_8"": 0, ""N_on_9"": 0}",49145,49112,49151,49129,49118,49151,49101,49112,49112,886768,0,0,0,0,0,0,0,0,0,18671051
TS direct,4,ok,20000000,1273229,18726771,1273179,1,0,406649.214352,3.13090239712,0.0413500000917,0,0,certificate,"{""n_1"": 47140, ""n_10"": 849091, ""n_2"": 47108, ""n_3"": 47145, ""n_4"": 47124, ""n_5"": 47113, ""n_6"": 47145, ""n_7"": 47097, ""n_8"": 47108, ""n_9"": 47108}","{""N_on_1"": 0, ""N_on_10"": 18726771, ""N_on_2"": 0, ""N_on_3"": 0, ""N_on_4"": 0, ""N_on_5"": 0, ""N_on_6"": 0, ""N_on_7"": 0, ""N_on_8"": 0, ""N_on_9"": 0}",47140,47108,47145,47124,47113,47145,47097,47108,47108,849091,0,0,0,0,0,0,0,0,0,18726771
UCB clean,4,ok,20000000,50,19999950,0,2.40000600002e-06,19999902,406649.214352,0,,,,clean_no_attack,"{""n_1"": 0, ""n_10"": 0, ""n_2"": 0, ""n_3"": 0, ""n_4"": 0, ""n_5"": 0, ""n_6"": 0, ""n_7"": 0, ""n_8"": 0, ""n_9"": 0}","{""N_on_1"": 19915311, ""N_on_10"": 48, ""N_on_2"": 27001, ""N_on_3"": 15239, ""N_on_4"": 11609, ""N_on_5"": 10519, ""N_on_6"": 9342, ""N_on_7"": 5668, ""N_on_8"": 3865, ""N_on_9"": 1348}",0,0,0,0,0,0,0,0,0,0,19915311,27001,15239,11609,10519,9342,5668,3865,1348,48
TS clean,4,ok,20000000,50,19999950,0,1.55000387501e-06,19999919,406649.214352,0,,,,clean_no_attack,"{""n_1"": 0, ""n_10"": 0, ""n_2"": 0, ""n_3"": 0, ""n_4"": 0, ""n_5"": 0, ""n_6"": 0, ""n_7"": 0, ""n_8"": 0, ""n_9"": 0}","{""N_on_1"": 19965456, ""N_on_10"": 31, ""N_on_2"": 9300, ""N_on_3"": 5861, ""N_on_4"": 4642, ""N_on_5"": 4799, ""N_on_6"": 4224, ""N_on_7"": 2789, ""N_on_8"": 2114, ""N_on_9"": 734}",0,0,0,0,0,0,0,0,0,0,19965456,9300,5861,4642,4799,4224,2789,2114,734,31
UCB appendix,4,ok,25000000,1126051,23873949,1126001,1,0,473953.247914,2.37576386481,0.0284378317575,0,0,certificate,"{""n_1"": 43831, ""n_10"": 731756, ""n_2"": 43787, ""n_3"": 43839, ""n_4"": 43809, ""n_5"": 43794, ""n_6"": 43839, ""n_7"": 43772, ""n_8"": 43787, ""n_9"": 43787}","{""N_on_1"": 0, ""N_on_10"": 23873949, ""N_on_2"": 0, ""N_on_3"": 0, ""N_on_4"": 0, ""N_on_5"": 0, ""N_on_6"": 0, ""N_on_7"": 0, ""N_on_8"": 0, ""N_on_9"": 0}",43831,43787,43839,43809,43794,43839,43772,43787,43787,731756,0,0,0,0,0,0,0,0,0,23873949
UCB direct,4,ok,25000000,1093537,23906463,1093487,1,0,473953.247914,2.3071621617,0.0301022071606,0,0,certificate,"{""n_1"": 42602, ""n_10"": 710303, ""n_2"": 42558, ""n_3"": 42610, ""n_4"": 42580, ""n_5"": 42565, ""n_6"": 42610, ""n_7"": 42543, ""n_8"": 42558, ""n_9"": 42558}","{""N_on_1"": 0, ""N_on_10"": 23906463, ""N_on_2"": 0, ""N_on_3"": 0, ""N_on_4"": 0, ""N_on_5"": 0, ""N_on_6"": 0, ""N_on_7"": 0, ""N_on_8"": 0, ""N_on_9"": 0}",42602,42558,42610,42580,42565,42610,42543,42558,42558,710303,0,0,0,0,0,0,0,0,0,23906463
TS appendix,4,ok,25000000,1542867,23457133,1542817,1,0,473953.247914,3.25520925701,0.0378045611169,0,0,certificate,"{""n_1"": 57000, ""n_10"": 1030004, ""n_2"": 56965, ""n_3"": 57006, ""n_4"": 56982, ""n_5"": 56971, ""n_6"": 57006, ""n_7"": 56953, ""n_8"": 56965, ""n_9"": 56965}","{""N_on_1"": 0, ""N_on_10"": 23457133, ""N_on_2"": 0, ""N_on_3"": 0, ""N_on_4"": 0, ""N_on_5"": 0, ""N_on_6"": 0, ""N_on_7"": 0, ""N_on_8"": 0, ""N_on_9"": 0}",57000,56965,57006,56982,56971,57006,56953,56965,56965,1030004,0,0,0,0,0,0,0,0,0,23457133
TS direct,4,ok,25000000,1482570,23517430,1482520,1,0,473953.247914,3.12798784801,0.0386000000923,0,0,certificate,"{""n_1"": 54679, ""n_10"": 990597, ""n_2"": 54644, ""n_3"": 54684, ""n_4"": 54661, ""n_5"": 54650, ""n_6"": 54684, ""n_7"": 54633, ""n_8"": 54644, ""n_9"": 54644}","{""N_on_1"": 0, ""N_on_10"": 23517430, ""N_on_2"": 0, ""N_on_3"": 0, ""N_on_4"": 0, ""N_on_5"": 0, ""N_on_6"": 0, ""N_on_7"": 0, ""N_on_8"": 0, ""N_on_9"": 0}",54679,54644,54684,54661,54650,54684,54633,54644,54644,990597,0,0,0,0,0,0,0,0,0,23517430
UCB clean,4,ok,25000000,50,24999950,0,1.96000392001e-06,24999901,473953.247914,0,,,,clean_no_attack,"{""n_1"": 0, ""n_10"": 0, ""n_2"": 0, ""n_3"": 0, ""n_4"": 0, ""n_5"": 0, ""n_6"": 0, ""n_7"": 0, ""n_8"": 0, ""n_9"": 0}","{""N_on_1"": 24914010, ""N_on_10"": 49, ""N_on_2"": 27357, ""N_on_3"": 15428, ""N_on_4"": 11950, ""N_on_5"": 10746, ""N_on_6"": 9433, ""N_on_7"": 5693, ""N_on_8"": 3905, ""N_on_9"": 1379}",0,0,0,0,0,0,0,0,0,0,24914010,27357,15428,11950,10746,9433,5693,3905,1379,49
TS clean,4,ok,25000000,50,24999950,0,1.32000264001e-06,24999917,473953.247914,0,,,,clean_no_attack,"{""n_1"": 0, ""n_10"": 0, ""n_2"": 0, ""n_3"": 0, ""n_4"": 0, ""n_5"": 0, ""n_6"": 0, ""n_7"": 0, ""n_8"": 0, ""n_9"": 0}","{""N_on_1"": 24964462, ""N_on_10"": 33, ""N_on_2"": 9589, ""N_on_3"": 6020, ""N_on_4"": 4768, ""N_on_5"": 4973, ""N_on_6"": 4327, ""N_on_7"": 2856, ""N_on_8"": 2168, ""N_on_9"": 754}",0,0,0,0,0,0,0,0,0,0,24964462,9589,6020,4768,4973,4327,2856,2168,754,33
UCB appendix,5,ok,100000,26276,73724,26226,1,0,10480.8192431,2.50228530725,0.136504158272,0,0,certificate,"{""n_1"": 1155, ""n_10"": 15809, ""n_2"": 1162, ""n_3"": 1149, ""n_4"": 1162, ""n_5"": 1156, ""n_6"": 1162, ""n_7"": 1164, ""n_8"": 1152, ""n_9"": 1155}","{""N_on_1"": 0, ""N_on_10"": 73724, ""N_on_2"": 0, ""N_on_3"": 0, ""N_on_4"": 0, ""N_on_5"": 0, ""N_on_6"": 0, ""N_on_7"": 0, ""N_on_8"": 0, ""N_on_9"": 0}",1155,1162,1149,1162,1156,1162,1164,1152,1155,15809,0,0,0,0,0,0,0,0,0,73724
UCB direct,5,ok,100000,22460,77540,22410,1,0,10480.8192431,2.1381916318,0.163808939061,0,0,certificate,"{""n_1"": 1004, ""n_10"": 13356, ""n_2"": 1010, ""n_3"": 998, ""n_4"": 1010, ""n_5"": 1005, ""n_6"": 1010, ""n_7"": 1012, ""n_8"": 1001, ""n_9"": 1004}","{""N_on_1"": 0, ""N_on_10"": 77540, ""N_on_2"": 0, ""N_on_3"": 0, ""N_on_4"": 0, ""N_on_5"": 0, ""N_on_6"": 0, ""N_on_7"": 0, ""N_on_8"": 0, ""N_on_9"": 0}",1004,1010,998,1010,1005,1010,1012,1001,1004,13356,0,0,0,0,0,0,0,0,0,77540
TS appendix,5,ok,100000,41924,58076,41874,1,0,10480.8192431,3.99529836635,0.189334095172,0,0,certificate,"{""n_1"": 1681, ""n_10"": 26730, ""n_2"": 1686, ""n_3"": 1676, ""n_4"": 1686, ""n_5"": 1682, ""n_6"": 1686, ""n_7"": 1688, ""n_8"": 1678, ""n_9"": 1681}","{""N_on_1"": 0, ""N_on_10"": 58076, ""N_on_2"": 0, ""N_on_3"": 0, ""N_on_4"": 0, ""N_on_5"": 0, ""N_on_6"": 0, ""N_on_7"": 0, ""N_on_8"": 0, ""N_on_9"": 0}",1681,1686,1676,1686,1682,1686,1688,1678,1681,26730,0,0,0,0,0,0,0,0,0,58076
TS direct,5,ok,100000,33048,66952,32998,1,0,10480.8192431,3.14841800384,0.211600000058,0,0,certificate,"{""n_1"": 1347, ""n_10"": 20859, ""n_2"": 1352, ""n_3"": 1343, ""n_4"": 1352, ""n_5"": 1348, ""n_6"": 1352, ""n_7"": 1353, ""n_8"": 1345, ""n_9"": 1347}","{""N_on_1"": 0, ""N_on_10"": 66952, ""N_on_2"": 0, ""N_on_3"": 0, ""N_on_4"": 0, ""N_on_5"": 0, ""N_on_6"": 0, ""N_on_7"": 0, ""N_on_8"": 0, ""N_on_9"": 0}",1347,1352,1343,1352,1348,1352,1353,1345,1347,20859,0,0,0,0,0,0,0,0,0,66952
UCB clean,5,ok,100000,50,99950,0,0.000300150075038,99920,10480.8192431,0,,,,clean_no_attack,"{""n_1"": 0, ""n_10"": 0, ""n_2"": 0, ""n_3"": 0, ""n_4"": 0, ""n_5"": 0, ""n_6"": 0, ""n_7"": 0, ""n_8"": 0, ""n_9"": 0}","{""N_on_1"": 67720, ""N_on_10"": 30, ""N_on_2"": 8409, ""N_on_3"": 5079, ""N_on_4"": 4276, ""N_on_5"": 5126, ""N_on_6"": 3923, ""N_on_7"": 2600, ""N_on_8"": 1993, ""N_on_9"": 794}",0,0,0,0,0,0,0,0,0,0,67720,8409,5079,4276,5126,3923,2600,1993,794,30
TS clean,5,ok,100000,50,99950,0,0.000190095047524,99931,10480.8192431,0,,,,clean_no_attack,"{""n_1"": 0, ""n_10"": 0, ""n_2"": 0, ""n_3"": 0, ""n_4"": 0, ""n_5"": 0, ""n_6"": 0, ""n_7"": 0, ""n_8"": 0, ""n_9"": 0}","{""N_on_1"": 86276, ""N_on_10"": 19, ""N_on_2"": 3017, ""N_on_3"": 2522, ""N_on_4"": 2218, ""N_on_5"": 1747, ""N_on_6"": 1779, ""N_on_7"": 1187, ""N_on_8"": 831, ""N_on_9"": 354}",0,0,0,0,0,0,0,0,0,0,86276,3017,2522,2218,1747,1779,1187,831,354,19
UCB appendix,5,ok,250000,48749,201251,48699,1,0,19804.9881347,2.45892598717,0.107124885764,0,0,certificate,"{""n_1"": 2075, ""n_10"": 29995, ""n_2"": 2084, ""n_3"": 2068, ""n_4"": 2084, ""n_5"": 2077, ""n_6"": 2084, ""n_7"": 2086, ""n_8"": 2071, ""n_9"": 2075}","{""N_on_1"": 0, ""N_on_10"": 201251, ""N_on_2"": 0, ""N_on_3"": 0, ""N_on_4"": 0, ""N_on_5"": 0, ""N_on_6"": 0, ""N_on_7"": 0, ""N_on_8"": 0, ""N_on_9"": 0}",2075,2084,2068,2084,2077,2084,2086,2071,2075,29995,0,0,0,0,0,0,0,0,0,201251
UCB direct,5,ok,250000,43266,206734,43216,1,0,19804.9881347,2.18207654083,0.124361197566,0,0,certificate,"{""n_1"": 1860, ""n_10"": 26446, ""n_2"": 1869, ""n_3"": 1853, ""n_4"": 1869, ""n_5"": 1862, ""n_6"": 1869, ""n_7"": 1871, ""n_8"": 1857, ""n_9"": 1860}","{""N_on_1"": 0, ""N_on_10"": 206734, ""N_on_2"": 0, ""N_on_3"": 0, ""N_on_4"": 0, ""N_on_5"": 0, ""N_on_6"": 0, ""N_on_7"": 0, ""N_on_8"": 0, ""N_on_9"": 0}",1860,1869,1853,1869,1862,1869,1871,1857,1860,26446,0,0,0,0,0,0,0,0,0,206734
TS appendix,5,ok,250000,74738,175262,74688,1,0,19804.9881347,3.77117115608,0.147727963234,0,0,certificate,"{""n_1"": 2917, ""n_10"": 48409, ""n_2"": 2925, ""n_3"": 2911, ""n_4"": 2925, ""n_5"": 2919, ""n_6"": 2925, ""n_7"": 2926, ""n_8"": 2914, ""n_9"": 2917}","{""N_on_1"": 0, ""N_on_10"": 175262, ""N_on_2"": 0, ""N_on_3"": 0, ""N_on_4"": 0, ""N_on_5"": 0, ""N_on_6"": 0, ""N_on_7"": 0, ""N_on_8"": 0, ""N_on_9"": 0}",2917,2925,2911,2925,2919,2925,2926,2914,2917,48409,0,0,0,0,0,0,0,0,0,175262
TS direct,5,ok,250000,62652,187348,62602,1,0,19804.9881347,3.16092085359,0.160250000068,0,0,certificate,"{""n_1"": 2481, ""n_10"": 40251, ""n_2"": 2488, ""n_3"": 2476, ""n_4"": 2488, ""n_5"": 2482, ""n_6"": 2488, ""n_7"": 2489, ""n_8"": 2478, ""n_9"": 2481}","{""N_on_1"": 0, ""N_on_10"": 187348, ""N_on_2"": 0, ""N_on_3"": 0, ""N_on_4"": 0, ""N_on_5"": 0, ""N_on_6"": 0, ""N_on_7"": 0, ""N_on_8"": 0, ""N_on_9"": 0}",2481,2488,2476,2488,2482,2488,2489,2478,2481,40251,0,0,0,0,0,0,0,0,0,187348
UCB clean,5,ok,250000,50,249950,0,0.000132026405281,249917,19804.9881347,0,,,,clean_no_attack,"{""n_1"": 0, ""n_10"": 0, ""n_2"": 0, ""n_3"": 0, ""n_4"": 0, ""n_5"": 0, ""n_6"": 0, ""n_7"": 0, ""n_8"": 0, ""n_9"": 0}","{""N_on_1"": 206164, ""N_on_10"": 33, ""N_on_2"": 12985, ""N_on_3"": 6641, ""N_on_4"": 5824, ""N_on_5"": 6538, ""N_on_6"": 4755, ""N_on_7"": 3428, ""N_on_8"": 2614, ""N_on_9"": 968}",0,0,0,0,0,0,0,0,0,0,206164,12985,6641,5824,6538,4755,3428,2614,968,33
TS clean,5,ok,250000,50,249950,0,8.80176035207e-05,249928,19804.9881347,0,,,,clean_no_attack,"{""n_1"": 0, ""n_10"": 0, ""n_2"": 0, ""n_3"": 0, ""n_4"": 0, ""n_5"": 0, ""n_6"": 0, ""n_7"": 0, ""n_8"": 0, ""n_9"": 0}","{""N_on_1"": 233082, ""N_on_10"": 22, ""N_on_2"": 3950, ""N_on_3"": 3159, ""N_on_4"": 2664, ""N_on_5"": 2131, ""N_on_6"": 2067, ""N_on_7"": 1439, ""N_on_8"": 1007, ""N_on_9"": 429}",0,0,0,0,0,0,0,0,0,0,233082,3950,3159,2664,2131,2067,1439,1007,429,22
UCB appendix,5,ok,500000,77987,422013,77937,1,0,32012.3352326,2.43459277287,0.0886366746923,0,0,certificate,"{""n_1"": 3252, ""n_10"": 48629, ""n_2"": 3264, ""n_3"": 3243, ""n_4"": 3264, ""n_5"": 3255, ""n_6"": 3264, ""n_7"": 3266, ""n_8"": 3248, ""n_9"": 3252}","{""N_on_1"": 0, ""N_on_10"": 422013, ""N_on_2"": 0, ""N_on_3"": 0, ""N_on_4"": 0, ""N_on_5"": 0, ""N_on_6"": 0, ""N_on_7"": 0, ""N_on_8"": 0, ""N_on_9"": 0}",3252,3264,3243,3264,3255,3264,3266,3248,3252,48629,0,0,0,0,0,0,0,0,0,422013
UCB direct,5,ok,500000,70786,429214,70736,1,0,32012.3352326,2.2096482336,0.100801314431,0,0,certificate,"{""n_1"": 2971, ""n_10"": 43960, ""n_2"": 2982, ""n_3"": 2963, ""n_4"": 2982, ""n_5"": 2974, ""n_6"": 2982, ""n_7"": 2984, ""n_8"": 2967, ""n_9"": 2971}","{""N_on_1"": 0, ""N_on_10"": 429214, ""N_on_2"": 0, ""N_on_3"": 0, ""N_on_4"": 0, ""N_on_5"": 0, ""N_on_6"": 0, ""N_on_7"": 0, ""N_on_8"": 0, ""N_on_9"": 0}",2971,2982,2963,2982,2974,2982,2984,2967,2971,43960,0,0,0,0,0,0,0,0,0,429214
TS appendix,5,ok,500000,116627,383373,116577,1,0,32012.3352326,3.64162748994,0.121598760655,0,0,certificate,"{""n_1"": 4482, ""n_10"": 76209, ""n_2"": 4491, ""n_3"": 4475, ""n_4"": 4491, ""n_5"": 4484, ""n_6"": 4491, ""n_7"": 4493, ""n_8"": 4479, ""n_9"": 4482}","{""N_on_1"": 0, ""N_on_10"": 383373, ""N_on_2"": 0, ""N_on_3"": 0, ""N_on_4"": 0, ""N_on_5"": 0, ""N_on_6"": 0, ""N_on_7"": 0, ""N_on_8"": 0, ""N_on_9"": 0}",4482,4491,4475,4491,4484,4491,4493,4479,4482,76209,0,0,0,0,0,0,0,0,0,383373
TS direct,5,ok,500000,101306,398694,101256,1,0,32012.3352326,3.16303072751,0.130000000074,0,0,certificate,"{""n_1"": 3924, ""n_10"": 65915, ""n_2"": 3932, ""n_3"": 3917, ""n_4"": 3932, ""n_5"": 3926, ""n_6"": 3932, ""n_7"": 3934, ""n_8"": 3920, ""n_9"": 3924}","{""N_on_1"": 0, ""N_on_10"": 398694, ""N_on_2"": 0, ""N_on_3"": 0, ""N_on_4"": 0, ""N_on_5"": 0, ""N_on_6"": 0, ""N_on_7"": 0, ""N_on_8"": 0, ""N_on_9"": 0}",3924,3932,3917,3932,3926,3932,3934,3920,3924,65915,0,0,0,0,0,0,0,0,0,398694
UCB clean,5,ok,500000,50,499950,0,7.20072007201e-05,499914,32012.3352326,0,,,,clean_no_attack,"{""n_1"": 0, ""n_10"": 0, ""n_2"": 0, ""n_3"": 0, ""n_4"": 0, ""n_5"": 0, ""n_6"": 0, ""n_7"": 0, ""n_8"": 0, ""n_9"": 0}","{""N_on_1"": 446509, ""N_on_10"": 36, ""N_on_2"": 16696, ""N_on_3"": 8673, ""N_on_4"": 6990, ""N_on_5"": 7391, ""N_on_6"": 5886, ""N_on_7"": 3756, ""N_on_8"": 2932, ""N_on_9"": 1081}",0,0,0,0,0,0,0,0,0,0,446509,16696,8673,6990,7391,5886,3756,2932,1081,36
TS clean,5,ok,500000,50,499950,0,4.600460046e-05,499927,32012.3352326,0,,,,clean_no_attack,"{""n_1"": 0, ""n_10"": 0, ""n_2"": 0, ""n_3"": 0, ""n_4"": 0, ""n_5"": 0, ""n_6"": 0, ""n_7"": 0, ""n_8"": 0, ""n_9"": 0}","{""N_on_1"": 480602, ""N_on_10"": 23, ""N_on_2"": 4619, ""N_on_3"": 3551, ""N_on_4"": 3065, ""N_on_5"": 2470, ""N_on_6"": 2372, ""N_on_7"": 1611, ""N_on_8"": 1161, ""N_on_9"": 476}",0,0,0,0,0,0,0,0,0,0,480602,4619,3551,3065,2470,2372,1611,1161,476,23
UCB appendix,5,ok,1000000,124936,875064,124886,1,0,51695.8459325,2.41578404894,0.0730127255819,0,0,certificate,"{""n_1"": 5120, ""n_10"": 78764, ""n_2"": 5134, ""n_3"": 5108, ""n_4"": 5134, ""n_5"": 5122, ""n_6"": 5134, ""n_7"": 5136, ""n_8"": 5114, ""n_9"": 5120}","{""N_on_1"": 0, ""N_on_10"": 875064, ""N_on_2"": 0, ""N_on_3"": 0, ""N_on_4"": 0, ""N_on_5"": 0, ""N_on_6"": 0, ""N_on_7"": 0, ""N_on_8"": 0, ""N_on_9"": 0}",5120,5134,5108,5134,5122,5134,5136,5114,5120,78764,0,0,0,0,0,0,0,0,0,875064
UCB direct,5,ok,1000000,115498,884502,115448,1,0,51695.8459325,2.23321618822,0.0818228807404,0,0,certificate,"{""n_1"": 4725, ""n_10"": 72881, ""n_2"": 4738, ""n_3"": 4714, ""n_4"": 4738, ""n_5"": 4728, ""n_6"": 4738, ""n_7"": 4741, ""n_8"": 4720, ""n_9"": 4725}","{""N_on_1"": 0, ""N_on_10"": 884502, ""N_on_2"": 0, ""N_on_3"": 0, ""N_on_4"": 0, ""N_on_5"": 0, ""N_on_6"": 0, ""N_on_7"": 0, ""N_on_8"": 0, ""N_on_9"": 0}",4725,4738,4714,4738,4728,4738,4741,4720,4725,72881,0,0,0,0,0,0,0,0,0,884502
TS appendix,5,ok,1000000,182937,817063,182887,1,0,51695.8459325,3.53775040724,0.0996079964224,0,0,certificate,"{""n_1"": 6946, ""n_10"": 120339, ""n_2"": 6957, ""n_3"": 6937, ""n_4"": 6957, ""n_5"": 6948, ""n_6"": 6957, ""n_7"": 6959, ""n_8"": 6941, ""n_9"": 6946}","{""N_on_1"": 0, ""N_on_10"": 817063, ""N_on_2"": 0, ""N_on_3"": 0, ""N_on_4"": 0, ""N_on_5"": 0, ""N_on_6"": 0, ""N_on_7"": 0, ""N_on_8"": 0, ""N_on_9"": 0}",6946,6957,6937,6957,6948,6957,6959,6941,6946,120339,0,0,0,0,0,0,0,0,0,817063
TS direct,5,ok,1000000,163464,836536,163414,1,0,51695.8459325,3.16106636911,0.105100000079,0,0,certificate,"{""n_1"": 6241, ""n_10"": 107214, ""n_2"": 6251, ""n_3"": 6232, ""n_4"": 6251, ""n_5"": 6243, ""n_6"": 6251, ""n_7"": 6253, ""n_8"": 6237, ""n_9"": 6241}","{""N_on_1"": 0, ""N_on_10"": 836536, ""N_on_2"": 0, ""N_on_3"": 0, ""N_on_4"": 0, ""N_on_5"": 0, ""N_on_6"": 0, ""N_on_7"": 0, ""N_on_8"": 0, ""N_on_9"": 0}",6241,6251,6232,6251,6243,6251,6253,6237,6241,107214,0,0,0,0,0,0,0,0,0,836536
UCB clean,5,ok,1000000,50,999950,0,3.8001900095e-05,999912,51695.8459325,0,,,,clean_no_attack,"{""n_1"": 0, ""n_10"": 0, ""n_2"": 0, ""n_3"": 0, ""n_4"": 0, ""n_5"": 0, ""n_6"": 0, ""n_7"": 0, ""n_8"": 0, ""n_9"": 0}","{""N_on_1"": 938127, ""N_on_10"": 38, ""N_on_2"": 19685, ""N_on_3"": 10076, ""N_on_4"": 8450, ""N_on_5"": 8401, ""N_on_6"": 6616, ""N_on_7"": 4150, ""N_on_8"": 3221, ""N_on_9"": 1186}",0,0,0,0,0,0,0,0,0,0,938127,19685,10076,8450,8401,6616,4150,3221,1186,38
TS clean,5,ok,1000000,50,999950,0,2.30011500575e-05,999927,51695.8459325,0,,,,clean_no_attack,"{""n_1"": 0, ""n_10"": 0, ""n_2"": 0, ""n_3"": 0, ""n_4"": 0, ""n_5"": 0, ""n_6"": 0, ""n_7"": 0, ""n_8"": 0, ""n_9"": 0}","{""N_on_1"": 978221, ""N_on_10"": 23, ""N_on_2"": 5311, ""N_on_3"": 3854, ""N_on_4"": 3553, ""N_on_5"": 2790, ""N_on_6"": 2631, ""N_on_7"": 1752, ""N_on_8"": 1290, ""N_on_9"": 525}",0,0,0,0,0,0,0,0,0,0,978221,5311,3854,3553,2790,2631,1752,1290,525,23
UCB appendix,5,ok,2500000,233317,2266683,233267,1,0,97284.8670799,2.39777271637,0.0561762298491,0,0,certificate,"{""n_1"": 9379, ""n_10"": 148800, ""n_2"": 9397, ""n_3"": 9364, ""n_4"": 9397, ""n_5"": 9382, ""n_6"": 9397, ""n_7"": 9401, ""n_8"": 9371, ""n_9"": 9379}","{""N_on_1"": 0, ""N_on_10"": 2266683, ""N_on_2"": 0, ""N_on_3"": 0, ""N_on_4"": 0, ""N_on_5"": 0, ""N_on_6"": 0, ""N_on_7"": 0, ""N_on_8"": 0, ""N_on_9"": 0}",9379,9397,9364,9397,9382,9397,9401,9371,9379,148800,0,0,0,0,0,0,0,0,0,2266683
UCB direct,5,ok,2500000,219853,2280147,219803,1,0,97284.8670799,2.25937503537,0.0617737070281,0,0,certificate,"{""n_1"": 8796, ""n_10"": 140580, ""n_2"": 8814, ""n_3"": 8782, ""n_4"": 8814, ""n_5"": 8800, ""n_6"": 8814, ""n_7"": 8818, ""n_8"": 8789, ""n_9"": 8796}","{""N_on_1"": 0, ""N_on_10"": 2280147, ""N_on_2"": 0, ""N_on_3"": 0, ""N_on_4"": 0, ""N_on_5"": 0, ""N_on_6"": 0, ""N_on_7"": 0, ""N_on_8"": 0, ""N_on_9"": 0}",8796,8814,8782,8814,8800,8814,8818,8789,8796,140580,0,0,0,0,0,0,0,0,0,2280147
TS appendix,5,ok,2500000,333713,2166287,333663,1,0,97284.8670799,3.42975233472,0.0760600607643,0,0,certificate,"{""n_1"": 12519, ""n_10"": 220943, ""n_2"": 12534, ""n_3"": 12508, ""n_4"": 12534, ""n_5"": 12522, ""n_6"": 12534, ""n_7"": 12537, ""n_8"": 12513, ""n_9"": 12519}","{""N_on_1"": 0, ""N_on_10"": 2166287, ""N_on_2"": 0, ""N_on_3"": 0, ""N_on_4"": 0, ""N_on_5"": 0, ""N_on_6"": 0, ""N_on_7"": 0, ""N_on_8"": 0, ""N_on_9"": 0}",12519,12534,12508,12534,12522,12534,12537,12513,12519,220943,0,0,0,0,0,0,0,0,0,2166287
TS direct,5,ok,2500000,306915,2193085,306865,1,0,97284.8670799,3.15429325455,0.0792000000842,0,0,certificate,"{""n_1"": 11548, ""n_10"": 202887, ""n_2"": 11562, ""n_3"": 11537, ""n_4"": 11562, ""n_5"": 11551, ""n_6"": 11562, ""n_7"": 11565, ""n_8"": 11543, ""n_9"": 11548}","{""N_on_1"": 0, ""N_on_10"": 2193085, ""N_on_2"": 0, ""N_on_3"": 0, ""N_on_4"": 0, ""N_on_5"": 0, ""N_on_6"": 0, ""N_on_7"": 0, ""N_on_8"": 0, ""N_on_9"": 0}",11548,11562,11537,11562,11551,11562,11565,11543,11548,202887,0,0,0,0,0,0,0,0,0,2193085
UCB clean,5,ok,2500000,50,2499950,0,1.64003280066e-05,2499909,97284.8670799,0,,,,clean_no_attack,"{""n_1"": 0, ""n_10"": 0, ""n_2"": 0, ""n_3"": 0, ""n_4"": 0, ""n_5"": 0, ""n_6"": 0, ""n_7"": 0, ""n_8"": 0, ""n_9"": 0}","{""N_on_1"": 2429234, ""N_on_10"": 41, ""N_on_2"": 23000, ""N_on_3"": 11712, ""N_on_4"": 9609, ""N_on_5"": 9194, ""N_on_6"": 7450, ""N_on_7"": 4923, ""N_on_8"": 3509, ""N_on_9"": 1278}",0,0,0,0,0,0,0,0,0,0,2429234,23000,11712,9609,9194,7450,4923,3509,1278,41
TS clean,5,ok,2500000,50,2499950,0,9.20018400368e-06,2499927,97284.8670799,0,,,,clean_no_attack,"{""n_1"": 0, ""n_10"": 0, ""n_2"": 0, ""n_3"": 0, ""n_4"": 0, ""n_5"": 0, ""n_6"": 0, ""n_7"": 0, ""n_8"": 0, ""n_9"": 0}","{""N_on_1"": 2475128, ""N_on_10"": 23, ""N_on_2"": 6095, ""N_on_3"": 4427, ""N_on_4"": 4137, ""N_on_5"": 3220, ""N_on_6"": 2967, ""N_on_7"": 1932, ""N_on_8"": 1448, ""N_on_9"": 573}",0,0,0,0,0,0,0,0,0,0,2475128,6095,4427,4137,3220,2967,1932,1448,573,23
UCB appendix,5,ok,5000000,374547,4625453,374497,1,0,156815.111138,2.38814357419,0.0459005402683,0,0,certificate,"{""n_1"": 14876, ""n_10"": 240544, ""n_2"": 14898, ""n_3"": 14857, ""n_4"": 14898, ""n_5"": 14880, ""n_6"": 14898, ""n_7"": 14903, ""n_8"": 14867, ""n_9"": 14876}","{""N_on_1"": 0, ""N_on_10"": 4625453, ""N_on_2"": 0, ""N_on_3"": 0, ""N_on_4"": 0, ""N_on_5"": 0, ""N_on_6"": 0, ""N_on_7"": 0, ""N_on_8"": 0, ""N_on_9"": 0}",14876,14898,14857,14898,14880,14898,14903,14867,14876,240544,0,0,0,0,0,0,0,0,0,4625453
UCB direct,5,ok,5000000,356962,4643038,356912,1,0,156815.111138,2.27600514651,0.0496781009536,0,0,certificate,"{""n_1"": 14201, ""n_10"": 229032, ""n_2"": 14223, ""n_3"": 14183, ""n_4"": 14223, ""n_5"": 14206, ""n_6"": 14223, ""n_7"": 14228, ""n_8"": 14192, ""n_9"": 14201}","{""N_on_1"": 0, ""N_on_10"": 4643038, ""N_on_2"": 0, ""N_on_3"": 0, ""N_on_4"": 0, ""N_on_5"": 0, ""N_on_6"": 0, ""N_on_7"": 0, ""N_on_8"": 0, ""N_on_9"": 0}",14201,14223,14183,14223,14206,14223,14228,14192,14201,229032,0,0,0,0,0,0,0,0,0,4643038
TS appendix,5,ok,5000000,527748,4472252,527698,1,0,156815.111138,3.3650966171,0.0617940768032,0,0,certificate,"{""n_1"": 19668, ""n_10"": 350627, ""n_2"": 19686, ""n_3"": 19654, ""n_4"": 19686, ""n_5"": 19672, ""n_6"": 19686, ""n_7"": 19690, ""n_8"": 19661, ""n_9"": 19668}","{""N_on_1"": 0, ""N_on_10"": 4472252, ""N_on_2"": 0, ""N_on_3"": 0, ""N_on_4"": 0, ""N_on_5"": 0, ""N_on_6"": 0, ""N_on_7"": 0, ""N_on_8"": 0, ""N_on_9"": 0}",19668,19686,19654,19686,19672,19686,19690,19661,19668,350627,0,0,0,0,0,0,0,0,0,4472252
TS direct,5,ok,5000000,493581,4506419,493531,1,0,156815.111138,3.147215829,0.0638500000872,0,0,certificate,"{""n_1"": 18424, ""n_10"": 327656, ""n_2"": 18442, ""n_3"": 18411, ""n_4"": 18442, ""n_5"": 18428, ""n_6"": 18442, ""n_7"": 18445, ""n_8"": 18417, ""n_9"": 18424}","{""N_on_1"": 0, ""N_on_10"": 4506419, ""N_on_2"": 0, ""N_on_3"": 0, ""N_on_4"": 0, ""N_on_5"": 0, ""N_on_6"": 0, ""N_on_7"": 0, ""N_on_8"": 0, ""N_on_9"": 0}",18424,18442,18411,18442,18428,18442,18445,18417,18424,327656,0,0,0,0,0,0,0,0,0,4506419
UCB clean,5,ok,5000000,50,4999950,0,8.60008600086e-06,4999907,156815.111138,0,,,,clean_no_attack,"{""n_1"": 0, ""n_10"": 0, ""n_2"": 0, ""n_3"": 0, ""n_4"": 0, ""n_5"": 0, ""n_6"": 0, ""n_7"": 0, ""n_8"": 0, ""n_9"": 0}","{""N_on_1"": 4923769, ""N_on_10"": 43, ""N_on_2"": 25025, ""N_on_3"": 12628, ""N_on_4"": 10279, ""N_on_5"": 9823, ""N_on_6"": 7907, ""N_on_7"": 5444, ""N_on_8"": 3710, ""N_on_9"": 1322}",0,0,0,0,0,0,0,0,0,0,4923769,25025,12628,10279,9823,7907,5444,3710,1322,43
TS clean,5,ok,5000000,50,4999950,0,5.40005400054e-06,4999923,156815.111138,0,,,,clean_no_attack,"{""n_1"": 0, ""n_10"": 0, ""n_2"": 0, ""n_3"": 0, ""n_4"": 0, ""n_5"": 0, ""n_6"": 0, ""n_7"": 0, ""n_8"": 0, ""n_9"": 0}","{""N_on_1"": 4972424, ""N_on_10"": 27, ""N_on_2"": 6704, ""N_on_3"": 4941, ""N_on_4"": 4699, ""N_on_5"": 3571, ""N_on_6"": 3223, ""N_on_7"": 2132, ""N_on_8"": 1615, ""N_on_9"": 614}",0,0,0,0,0,0,0,0,0,0,4972424,6704,4941,4699,3571,3223,2132,1615,614,27
UCB appendix,5,ok,10000000,601545,9398455,601495,1,0,252602.65421,2.38119033975,0.0374029797004,0,0,certificate,"{""n_1"": 23649, ""n_10"": 388564, ""n_2"": 23677, ""n_3"": 23626, ""n_4"": 23677, ""n_5"": 23655, ""n_6"": 23677, ""n_7"": 23683, ""n_8"": 23638, ""n_9"": 23649}","{""N_on_1"": 0, ""N_on_10"": 9398455, ""N_on_2"": 0, ""N_on_3"": 0, ""N_on_4"": 0, ""N_on_5"": 0, ""N_on_6"": 0, ""N_on_7"": 0, ""N_on_8"": 0, ""N_on_9"": 0}",23649,23677,23626,23677,23655,23677,23683,23638,23649,388564,0,0,0,0,0,0,0,0,0,9398455
UCB direct,5,ok,10000000,578614,9421386,578564,1,0,252602.65421,2.29041140446,0.0400883062563,0,0,certificate,"{""n_1"": 22739, ""n_10"": 373827, ""n_2"": 22766, ""n_3"": 22717, ""n_4"": 22766, ""n_5"": 22744, ""n_6"": 22766, ""n_7"": 22772, ""n_8"": 22728, ""n_9"": 22739}","{""N_on_1"": 0, ""N_on_10"": 9421386, ""N_on_2"": 0, ""N_on_3"": 0, ""N_on_4"": 0, ""N_on_5"": 0, ""N_on_6"": 0, ""N_on_7"": 0, ""N_on_8"": 0, ""N_on_9"": 0}",22739,22766,22717,22766,22744,22766,22772,22728,22739,373827,0,0,0,0,0,0,0,0,0,9421386
TS appendix,5,ok,10000000,836605,9163395,836555,1,0,252602.65421,3.31174271552,0.050075242646,0,0,certificate,"{""n_1"": 31026, ""n_10"": 557252, ""n_2"": 31048, ""n_3"": 31008, ""n_4"": 31048, ""n_5"": 31030, ""n_6"": 31048, ""n_7"": 31052, ""n_8"": 31017, ""n_9"": 31026}","{""N_on_1"": 0, ""N_on_10"": 9163395, ""N_on_2"": 0, ""N_on_3"": 0, ""N_on_4"": 0, ""N_on_5"": 0, ""N_on_6"": 0, ""N_on_7"": 0, ""N_on_8"": 0, ""N_on_9"": 0}",31026,31048,31008,31048,31030,31048,31052,31017,31026,557252,0,0,0,0,0,0,0,0,0,9163395
TS direct,5,ok,10000000,792993,9207007,792943,1,0,252602.65421,3.13909211477,0.0514000000897,0,0,certificate,"{""n_1"": 29449, ""n_10"": 527830, ""n_2"": 29471, ""n_3"": 29432, ""n_4"": 29471, ""n_5"": 29454, ""n_6"": 29471, ""n_7"": 29475, ""n_8"": 29441, ""n_9"": 29449}","{""N_on_1"": 0, ""N_on_10"": 9207007, ""N_on_2"": 0, ""N_on_3"": 0, ""N_on_4"": 0, ""N_on_5"": 0, ""N_on_6"": 0, ""N_on_7"": 0, ""N_on_8"": 0, ""N_on_9"": 0}",29449,29471,29432,29471,29454,29471,29475,29441,29449,527830,0,0,0,0,0,0,0,0,0,9207007
UCB clean,5,ok,10000000,50,9999950,0,4.50002250011e-06,9999905,252602.65421,0,,,,clean_no_attack,"{""n_1"": 0, ""n_10"": 0, ""n_2"": 0, ""n_3"": 0, ""n_4"": 0, ""n_5"": 0, ""n_6"": 0, ""n_7"": 0, ""n_8"": 0, ""n_9"": 0}","{""N_on_1"": 9918309, ""N_on_10"": 45, ""N_on_2"": 27048, ""N_on_3"": 13663, ""N_on_4"": 10990, ""N_on_5"": 10538, ""N_on_6"": 8371, ""N_on_7"": 5681, ""N_on_8"": 3946, ""N_on_9"": 1359}",0,0,0,0,0,0,0,0,0,0,9918309,27048,13663,10990,10538,8371,5681,3946,1359,45
TS clean,5,ok,10000000,50,9999950,0,2.90001450007e-06,9999921,252602.65421,0,,,,clean_no_attack,"{""n_1"": 0, ""n_10"": 0, ""n_2"": 0, ""n_3"": 0, ""n_4"": 0, ""n_5"": 0, ""n_6"": 0, ""n_7"": 0, ""n_8"": 0, ""n_9"": 0}","{""N_on_1"": 9969443, ""N_on_10"": 29, ""N_on_2"": 7657, ""N_on_3"": 5497, ""N_on_4"": 5139, ""N_on_5"": 3882, ""N_on_6"": 3538, ""N_on_7"": 2321, ""N_on_8"": 1790, ""N_on_9"": 654}",0,0,0,0,0,0,0,0,0,0,9969443,7657,5497,5139,3882,3538,2321,1790,654,29
UCB appendix,5,ok,15000000,793758,14206242,793708,1,0,333755.721884,2.37811054001,0.0331448781425,0,0,certificate,"{""n_1"": 31043, ""n_10"": 514217, ""n_2"": 31075, ""n_3"": 31018, ""n_4"": 31075, ""n_5"": 31050, ""n_6"": 31075, ""n_7"": 31082, ""n_8"": 31030, ""n_9"": 31043}","{""N_on_1"": 0, ""N_on_10"": 14206242, ""N_on_2"": 0, ""N_on_3"": 0, ""N_on_4"": 0, ""N_on_5"": 0, ""N_on_6"": 0, ""N_on_7"": 0, ""N_on_8"": 0, ""N_on_9"": 0}",31043,31075,31018,31075,31050,31075,31082,31030,31043,514217,0,0,0,0,0,0,0,0,0,14206242
UCB direct,5,ok,15000000,766995,14233005,766945,1,0,333755.721884,2.29792315072,0.0352905734965,0,0,certificate,"{""n_1"": 30048, ""n_10"": 496409, ""n_2"": 30080, ""n_3"": 30023, ""n_4"": 30080, ""n_5"": 30055, ""n_6"": 30080, ""n_7"": 30086, ""n_8"": 30036, ""n_9"": 30048}","{""N_on_1"": 0, ""N_on_10"": 14233005, ""N_on_2"": 0, ""N_on_3"": 0, ""N_on_4"": 0, ""N_on_5"": 0, ""N_on_6"": 0, ""N_on_7"": 0, ""N_on_8"": 0, ""N_on_9"": 0}",30048,30080,30023,30080,30055,30080,30086,30036,30048,496409,0,0,0,0,0,0,0,0,0,14233005
TS appendix,5,ok,15000000,1096374,13903626,1096324,1,0,333755.721884,3.2848096021,0.044234752924,0,0,certificate,"{""n_1"": 40568, ""n_10"": 731132, ""n_2"": 40593, ""n_3"": 40548, ""n_4"": 40593, ""n_5"": 40573, ""n_6"": 40593, ""n_7"": 40598, ""n_8"": 40558, ""n_9"": 40568}","{""N_on_1"": 0, ""N_on_10"": 13903626, ""N_on_2"": 0, ""N_on_3"": 0, ""N_on_4"": 0, ""N_on_5"": 0, ""N_on_6"": 0, ""N_on_7"": 0, ""N_on_8"": 0, ""N_on_9"": 0}",40568,40593,40548,40593,40573,40593,40598,40558,40568,731132,0,0,0,0,0,0,0,0,0,13903626
TS direct,5,ok,15000000,1046052,13953948,1046002,1,0,333755.721884,3.13403465893,0.0453000000909,0,0,certificate,"{""n_1"": 38685, ""n_10"": 697761, ""n_2"": 38709, ""n_3"": 38665, ""n_4"": 38709, ""n_5"": 38690, ""n_6"": 38709, ""n_7"": 38714, ""n_8"": 38675, ""n_9"": 38685}","{""N_on_1"": 0, ""N_on_10"": 13953948, ""N_on_2"": 0, ""N_on_3"": 0, ""N_on_4"": 0, ""N_on_5"": 0, ""N_on_6"": 0, ""N_on_7"": 0, ""N_on_8"": 0, ""N_on_9"": 0}",38685,38709,38665,38709,38690,38709,38714,38675,38685,697761,0,0,0,0,0,0,0,0,0,13953948
UCB clean,5,ok,15000000,50,14999950,0,3.06667688892e-06,14999904,333755.721884,0,,,,clean_no_attack,"{""n_1"": 0, ""n_10"": 0, ""n_2"": 0, ""n_3"": 0, ""n_4"": 0, ""n_5"": 0, ""n_6"": 0, ""n_7"": 0, ""n_8"": 0, ""n_9"": 0}","{""N_on_1"": 14914918, ""N_on_10"": 46, ""N_on_2"": 28788, ""N_on_3"": 14045, ""N_on_4"": 11325, ""N_on_5"": 10922, ""N_on_6"": 8534, ""N_on_7"": 5841, ""N_on_8"": 4141, ""N_on_9"": 1390}",0,0,0,0,0,0,0,0,0,0,14914918,28788,14045,11325,10922,8534,5841,4141,1390,46
TS clean,5,ok,15000000,50,14999950,0,2.13334044447e-06,14999918,333755.721884,0,,,,clean_no_attack,"{""n_1"": 0, ""n_10"": 0, ""n_2"": 0, ""n_3"": 0, ""n_4"": 0, ""n_5"": 0, ""n_6"": 0, ""n_7"": 0, ""n_8"": 0, ""n_9"": 0}","{""N_on_1"": 14967754, ""N_on_10"": 32, ""N_on_2"": 8112, ""N_on_3"": 5798, ""N_on_4"": 5398, ""N_on_5"": 4063, ""N_on_6"": 3746, ""N_on_7"": 2451, ""N_on_8"": 1921, ""N_on_9"": 675}",0,0,0,0,0,0,0,0,0,0,14967754,8112,5798,5398,4063,3746,2451,1921,675,32
UCB appendix,5,ok,20000000,966373,19033627,966323,1,0,406649.214352,2.37630607879,0.0304074295968,0,0,certificate,"{""n_1"": 37666, ""n_10"": 627221, ""n_2"": 37700, ""n_3"": 37638, ""n_4"": 37700, ""n_5"": 37673, ""n_6"": 37700, ""n_7"": 37707, ""n_8"": 37652, ""n_9"": 37666}","{""N_on_1"": 0, ""N_on_10"": 19033627, ""N_on_2"": 0, ""N_on_3"": 0, ""N_on_4"": 0, ""N_on_5"": 0, ""N_on_6"": 0, ""N_on_7"": 0, ""N_on_8"": 0, ""N_on_9"": 0}",37666,37700,37638,37700,37673,37700,37707,37652,37666,627221,0,0,0,0,0,0,0,0,0,19033627
UCB direct,5,ok,20000000,936515,19063485,936465,1,0,406649.214352,2.30288161627,0.0322535928356,0,0,certificate,"{""n_1"": 36576, ""n_10"": 607173, ""n_2"": 36610, ""n_3"": 36548, ""n_4"": 36610, ""n_5"": 36583, ""n_6"": 36610, ""n_7"": 36617, ""n_8"": 36562, ""n_9"": 36576}","{""N_on_1"": 0, ""N_on_10"": 19063485, ""N_on_2"": 0, ""N_on_3"": 0, ""N_on_4"": 0, ""N_on_5"": 0, ""N_on_6"": 0, ""N_on_7"": 0, ""N_on_8"": 0, ""N_on_9"": 0}",36576,36610,36548,36610,36583,36610,36617,36562,36576,607173,0,0,0,0,0,0,0,0,0,19063485
TS appendix,5,ok,20000000,1328720,18671280,1328670,1,0,406649.214352,3.26736153202,0.0404926878209,0,0,certificate,"{""n_1"": 49099, ""n_10"": 886693, ""n_2"": 49126, ""n_3"": 49077, ""n_4"": 49126, ""n_5"": 49104, ""n_6"": 49126, ""n_7"": 49132, ""n_8"": 49088, ""n_9"": 49099}","{""N_on_1"": 0, ""N_on_10"": 18671280, ""N_on_2"": 0, ""N_on_3"": 0, ""N_on_4"": 0, ""N_on_5"": 0, ""N_on_6"": 0, ""N_on_7"": 0, ""N_on_8"": 0, ""N_on_9"": 0}",49099,49126,49077,49126,49104,49126,49132,49088,49099,886693,0,0,0,0,0,0,0,0,0,18671280
TS direct,5,ok,20000000,1273014,18726986,1272964,1,0,406649.214352,3.1303736859,0.0413500000917,0,0,certificate,"{""n_1"": 47086, ""n_10"": 849101, ""n_2"": 47113, ""n_3"": 47065, ""n_4"": 47113, ""n_5"": 47092, ""n_6"": 47113, ""n_7"": 47119, ""n_8"": 47076, ""n_9"": 47086}","{""N_on_1"": 0, ""N_on_10"": 18726986, ""N_on_2"": 0, ""N_on_3"": 0, ""N_on_4"": 0, ""N_on_5"": 0, ""N_on_6"": 0, ""N_on_7"": 0, ""N_on_8"": 0, ""N_on_9"": 0}",47086,47113,47065,47113,47092,47113,47119,47076,47086,849101,0,0,0,0,0,0,0,0,0,18726986
UCB clean,5,ok,20000000,50,19999950,0,2.35000587501e-06,19999903,406649.214352,0,,,,clean_no_attack,"{""n_1"": 0, ""n_10"": 0, ""n_2"": 0, ""n_3"": 0, ""n_4"": 0, ""n_5"": 0, ""n_6"": 0, ""n_7"": 0, ""n_8"": 0, ""n_9"": 0}","{""N_on_1"": 19913079, ""N_on_10"": 47, ""N_on_2"": 29469, ""N_on_3"": 14309, ""N_on_4"": 11571, ""N_on_5"": 11141, ""N_on_6"": 8765, ""N_on_7"": 5948, ""N_on_8"": 4216, ""N_on_9"": 1405}",0,0,0,0,0,0,0,0,0,0,19913079,29469,14309,11571,11141,8765,5948,4216,1405,47
TS clean,5,ok,20000000,50,19999950,0,1.75000437501e-06,19999915,406649.214352,0,,,,clean_no_attack,"{""n_1"": 0, ""n_10"": 0, ""n_2"": 0, ""n_3"": 0, ""n_4"": 0, ""n_5"": 0, ""n_6"": 0, ""n_7"": 0, ""n_8"": 0, ""n_9"": 0}","{""N_on_1"": 19966713, ""N_on_10"": 35, ""N_on_2"": 8391, ""N_on_3"": 5957, ""N_on_4"": 5545, ""N_on_5"": 4175, ""N_on_6"": 3912, ""N_on_7"": 2529, ""N_on_8"": 2006, ""N_on_9"": 687}",0,0,0,0,0,0,0,0,0,0,19966713,8391,5957,5545,4175,3912,2529,2006,687,35
UCB appendix,5,ok,25000000,1125734,23874266,1125684,1,0,473953.247914,2.37509502246,0.0284339494149,0,0,certificate,"{""n_1"": 43768, ""n_10"": 731653, ""n_2"": 43805, ""n_3"": 43738, ""n_4"": 43805, ""n_5"": 43776, ""n_6"": 43805, ""n_7"": 43813, ""n_8"": 43753, ""n_9"": 43768}","{""N_on_1"": 0, ""N_on_10"": 23874266, ""N_on_2"": 0, ""N_on_3"": 0, ""N_on_4"": 0, ""N_on_5"": 0, ""N_on_6"": 0, ""N_on_7"": 0, ""N_on_8"": 0, ""N_on_9"": 0}",43768,43805,43738,43805,43776,43805,43813,43753,43768,731653,0,0,0,0,0,0,0,0,0,23874266
UCB direct,5,ok,25000000,1093237,23906763,1093187,1,0,473953.247914,2.30652918787,0.0301022071606,0,0,certificate,"{""n_1"": 42529, ""n_10"": 710312, ""n_2"": 42565, ""n_3"": 42499, ""n_4"": 42565, ""n_5"": 42536, ""n_6"": 42565, ""n_7"": 42573, ""n_8"": 42514, ""n_9"": 42529}","{""N_on_1"": 0, ""N_on_10"": 23906763, ""N_on_2"": 0, ""N_on_3"": 0, ""N_on_4"": 0, ""N_on_5"": 0, ""N_on_6"": 0, ""N_on_7"": 0, ""N_on_8"": 0, ""N_on_9"": 0}",42529,42565,42499,42565,42536,42565,42573,42514,42529,710312,0,0,0,0,0,0,0,0,0,23906763
TS appendix,5,ok,25000000,1542617,23457383,1542567,1,0,473953.247914,3.25468177883,0.0378015970789,0,0,certificate,"{""n_1"": 56950, ""n_10"": 1029924, ""n_2"": 56979, ""n_3"": 56927, ""n_4"": 56979, ""n_5"": 56956, ""n_6"": 56979, ""n_7"": 56985, ""n_8"": 56938, ""n_9"": 56950}","{""N_on_1"": 0, ""N_on_10"": 23457383, ""N_on_2"": 0, ""N_on_3"": 0, ""N_on_4"": 0, ""N_on_5"": 0, ""N_on_6"": 0, ""N_on_7"": 0, ""N_on_8"": 0, ""N_on_9"": 0}",56950,56979,56927,56979,56956,56979,56985,56938,56950,1029924,0,0,0,0,0,0,0,0,0,23457383
TS direct,5,ok,25000000,1482340,23517660,1482290,1,0,473953.247914,3.12750256808,0.0385500000923,0,0,certificate,"{""n_1"": 54763, ""n_10"": 989331, ""n_2"": 54792, ""n_3"": 54740, ""n_4"": 54792, ""n_5"": 54769, ""n_6"": 54792, ""n_7"": 54797, ""n_8"": 54751, ""n_9"": 54763}","{""N_on_1"": 0, ""N_on_10"": 23517660, ""N_on_2"": 0, ""N_on_3"": 0, ""N_on_4"": 0, ""N_on_5"": 0, ""N_on_6"": 0, ""N_on_7"": 0, ""N_on_8"": 0, ""N_on_9"": 0}",54763,54792,54740,54792,54769,54792,54797,54751,54763,989331,0,0,0,0,0,0,0,0,0,23517660
UCB clean,5,ok,25000000,50,24999950,0,1.92000384001e-06,24999902,473953.247914,0,,,,clean_no_attack,"{""n_1"": 0, ""n_10"": 0, ""n_2"": 0, ""n_3"": 0, ""n_4"": 0, ""n_5"": 0, ""n_6"": 0, ""n_7"": 0, ""n_8"": 0, ""n_9"": 0}","{""N_on_1"": 24910699, ""N_on_10"": 48, ""N_on_2"": 30785, ""N_on_3"": 14670, ""N_on_4"": 11766, ""N_on_5"": 11247, ""N_on_6"": 8986, ""N_on_7"": 6035, ""N_on_8"": 4271, ""N_on_9"": 1443}",0,0,0,0,0,0,0,0,0,0,24910699,30785,14670,11766,11247,8986,6035,4271,1443,48
TS clean,5,ok,25000000,50,24999950,0,1.40000280001e-06,24999915,473953.247914,0,,,,clean_no_attack,"{""n_1"": 0, ""n_10"": 0, ""n_2"": 0, ""n_3"": 0, ""n_4"": 0, ""n_5"": 0, ""n_6"": 0, ""n_7"": 0, ""n_8"": 0, ""n_9"": 0}","{""N_on_1"": 24965873, ""N_on_10"": 35, ""N_on_2"": 8629, ""N_on_3"": 6088, ""N_on_4"": 5662, ""N_on_5"": 4264, ""N_on_6"": 4067, ""N_on_7"": 2567, ""N_on_8"": 2068, ""N_on_9"": 697}",0,0,0,0,0,0,0,0,0,0,24965873,8629,6088,5662,4264,4067,2567,2068,697,35
UCB appendix,6,ok,100000,26279,73721,26229,1,0,10480.8192431,2.50257154442,0.136510649661,0,0,certificate,"{""n_1"": 1163, ""n_10"": 15810, ""n_2"": 1155, ""n_3"": 1169, ""n_4"": 1151, ""n_5"": 1156, ""n_6"": 1155, ""n_7"": 1168, ""n_8"": 1159, ""n_9"": 1143}","{""N_on_1"": 0, ""N_on_10"": 73721, ""N_on_2"": 0, ""N_on_3"": 0, ""N_on_4"": 0, ""N_on_5"": 0, ""N_on_6"": 0, ""N_on_7"": 0, ""N_on_8"": 0, ""N_on_9"": 0}",1163,1155,1169,1151,1156,1155,1168,1159,1143,15810,0,0,0,0,0,0,0,0,0,73721
UCB direct,6,ok,100000,22463,77537,22413,1,0,10480.8192431,2.13847786896,0.163378994339,0,0,certificate,"{""n_1"": 1017, ""n_10"": 13309, ""n_2"": 1009, ""n_3"": 1022, ""n_4"": 1005, ""n_5"": 1010, ""n_6"": 1009, ""n_7"": 1021, ""n_8"": 1013, ""n_9"": 998}","{""N_on_1"": 0, ""N_on_10"": 77537, ""N_on_2"": 0, ""N_on_3"": 0, ""N_on_4"": 0, ""N_on_5"": 0, ""N_on_6"": 0, ""N_on_7"": 0, ""N_on_8"": 0, ""N_on_9"": 0}",1017,1009,1022,1005,1010,1009,1021,1013,998,13309,0,0,0,0,0,0,0,0,0,77537
TS appendix,6,ok,100000,41924,58076,41874,1,0,10480.8192431,3.99529836635,0.189338372601,0,0,certificate,"{""n_1"": 1687, ""n_10"": 26730, ""n_2"": 1680, ""n_3"": 1692, ""n_4"": 1677, ""n_5"": 1682, ""n_6"": 1680, ""n_7"": 1691, ""n_8"": 1684, ""n_9"": 1671}","{""N_on_1"": 0, ""N_on_10"": 58076, ""N_on_2"": 0, ""N_on_3"": 0, ""N_on_4"": 0, ""N_on_5"": 0, ""N_on_6"": 0, ""N_on_7"": 0, ""N_on_8"": 0, ""N_on_9"": 0}",1687,1680,1692,1677,1682,1680,1691,1684,1671,26730,0,0,0,0,0,0,0,0,0,58076
TS direct,6,ok,100000,33051,66949,33001,1,0,10480.8192431,3.14870424101,0.211300000058,0,0,certificate,"{""n_1"": 1357, ""n_10"": 20824, ""n_2"": 1351, ""n_3"": 1361, ""n_4"": 1348, ""n_5"": 1352, ""n_6"": 1351, ""n_7"": 1360, ""n_8"": 1354, ""n_9"": 1343}","{""N_on_1"": 0, ""N_on_10"": 66949, ""N_on_2"": 0, ""N_on_3"": 0, ""N_on_4"": 0, ""N_on_5"": 0, ""N_on_6"": 0, ""N_on_7"": 0, ""N_on_8"": 0, ""N_on_9"": 0}",1357,1351,1361,1348,1352,1351,1360,1354,1343,20824,0,0,0,0,0,0,0,0,0,66949
UCB clean,6,ok,100000,50,99950,0,0.000300150075038,99920,10480.8192431,0,,,,clean_no_attack,"{""n_1"": 0, ""n_10"": 0, ""n_2"": 0, ""n_3"": 0, ""n_4"": 0, ""n_5"": 0, ""n_6"": 0, ""n_7"": 0, ""n_8"": 0, ""n_9"": 0}","{""N_on_1"": 67692, ""N_on_10"": 30, ""N_on_2"": 9458, ""N_on_3"": 4959, ""N_on_4"": 4318, ""N_on_5"": 4242, ""N_on_6"": 3459, ""N_on_7"": 2716, ""N_on_8"": 2244, ""N_on_9"": 832}",0,0,0,0,0,0,0,0,0,0,67692,9458,4959,4318,4242,3459,2716,2244,832,30
TS clean,6,ok,100000,50,99950,0,0.000170085042521,99933,10480.8192431,0,,,,clean_no_attack,"{""n_1"": 0, ""n_10"": 0, ""n_2"": 0, ""n_3"": 0, ""n_4"": 0, ""n_5"": 0, ""n_6"": 0, ""n_7"": 0, ""n_8"": 0, ""n_9"": 0}","{""N_on_1"": 85592, ""N_on_10"": 17, ""N_on_2"": 2471, ""N_on_3"": 3065, ""N_on_4"": 2050, ""N_on_5"": 2259, ""N_on_6"": 1747, ""N_on_7"": 1330, ""N_on_8"": 1113, ""N_on_9"": 306}",0,0,0,0,0,0,0,0,0,0,85592,2471,3065,2050,2259,1747,1330,1113,306,17
UCB appendix,6,ok,250000,48755,201245,48705,1,0,19804.9881347,2.45922894115,0.107128584747,0,0,certificate,"{""n_1"": 2086, ""n_10"": 29996, ""n_2"": 2075, ""n_3"": 2094, ""n_4"": 2069, ""n_5"": 2077, ""n_6"": 2075, ""n_7"": 2092, ""n_8"": 2081, ""n_9"": 2060}","{""N_on_1"": 0, ""N_on_10"": 201245, ""N_on_2"": 0, ""N_on_3"": 0, ""N_on_4"": 0, ""N_on_5"": 0, ""N_on_6"": 0, ""N_on_7"": 0, ""N_on_8"": 0, ""N_on_9"": 0}",2086,2075,2094,2069,2077,2075,2092,2081,2060,29996,0,0,0,0,0,0,0,0,0,201245
UCB direct,6,ok,250000,43269,206731,43219,1,0,19804.9881347,2.18222801782,0.124361197566,0,0,certificate,"{""n_1"": 1871, ""n_10"": 26445, ""n_2"": 1860, ""n_3"": 1878, ""n_4"": 1855, ""n_5"": 1862, ""n_6"": 1860, ""n_7"": 1876, ""n_8"": 1866, ""n_9"": 1846}","{""N_on_1"": 0, ""N_on_10"": 206731, ""N_on_2"": 0, ""N_on_3"": 0, ""N_on_4"": 0, ""N_on_5"": 0, ""N_on_6"": 0, ""N_on_7"": 0, ""N_on_8"": 0, ""N_on_9"": 0}",1871,1860,1878,1855,1862,1860,1876,1866,1846,26445,0,0,0,0,0,0,0,0,0,206731
TS appendix,6,ok,250000,74742,175258,74692,1,0,19804.9881347,3.7713731254,0.147730512504,0,0,certificate,"{""n_1"": 2926, ""n_10"": 48410, ""n_2"": 2917, ""n_3"": 2932, ""n_4"": 2913, ""n_5"": 2919, ""n_6"": 2917, ""n_7"": 2931, ""n_8"": 2922, ""n_9"": 2905}","{""N_on_1"": 0, ""N_on_10"": 175258, ""N_on_2"": 0, ""N_on_3"": 0, ""N_on_4"": 0, ""N_on_5"": 0, ""N_on_6"": 0, ""N_on_7"": 0, ""N_on_8"": 0, ""N_on_9"": 0}",2926,2917,2932,2913,2919,2917,2931,2922,2905,48410,0,0,0,0,0,0,0,0,0,175258
TS direct,6,ok,250000,62654,187346,62604,1,0,19804.9881347,3.16102183825,0.160250000068,0,0,certificate,"{""n_1"": 2489, ""n_10"": 40251, ""n_2"": 2481, ""n_3"": 2495, ""n_4"": 2477, ""n_5"": 2482, ""n_6"": 2481, ""n_7"": 2493, ""n_8"": 2485, ""n_9"": 2470}","{""N_on_1"": 0, ""N_on_10"": 187346, ""N_on_2"": 0, ""N_on_3"": 0, ""N_on_4"": 0, ""N_on_5"": 0, ""N_on_6"": 0, ""N_on_7"": 0, ""N_on_8"": 0, ""N_on_9"": 0}",2489,2481,2495,2477,2482,2481,2493,2485,2470,40251,0,0,0,0,0,0,0,0,0,187346
UCB clean,6,ok,250000,50,249950,0,0.000132026405281,249917,19804.9881347,0,,,,clean_no_attack,"{""n_1"": 0, ""n_10"": 0, ""n_2"": 0, ""n_3"": 0, ""n_4"": 0, ""n_5"": 0, ""n_6"": 0, ""n_7"": 0, ""n_8"": 0, ""n_9"": 0}","{""N_on_1"": 206497, ""N_on_10"": 33, ""N_on_2"": 13160, ""N_on_3"": 6887, ""N_on_4"": 5719, ""N_on_5"": 5859, ""N_on_6"": 4823, ""N_on_7"": 3375, ""N_on_8"": 2632, ""N_on_9"": 965}",0,0,0,0,0,0,0,0,0,0,206497,13160,6887,5719,5859,4823,3375,2632,965,33
TS clean,6,ok,250000,50,249950,0,8.40168033607e-05,249929,19804.9881347,0,,,,clean_no_attack,"{""n_1"": 0, ""n_10"": 0, ""n_2"": 0, ""n_3"": 0, ""n_4"": 0, ""n_5"": 0, ""n_6"": 0, ""n_7"": 0, ""n_8"": 0, ""n_9"": 0}","{""N_on_1"": 231841, ""N_on_10"": 21, ""N_on_2"": 3598, ""N_on_3"": 3873, ""N_on_4"": 2498, ""N_on_5"": 2712, ""N_on_6"": 2173, ""N_on_7"": 1576, ""N_on_8"": 1291, ""N_on_9"": 367}",0,0,0,0,0,0,0,0,0,0,231841,3598,3873,2498,2712,2173,1576,1291,367,21
UCB appendix,6,ok,500000,77991,422009,77941,1,0,32012.3352326,2.43471772471,0.0886390674665,0,0,certificate,"{""n_1"": 3266, ""n_10"": 48631, ""n_2"": 3252, ""n_3"": 3275, ""n_4"": 3245, ""n_5"": 3254, ""n_6"": 3252, ""n_7"": 3273, ""n_8"": 3259, ""n_9"": 3234}","{""N_on_1"": 0, ""N_on_10"": 422009, ""N_on_2"": 0, ""N_on_3"": 0, ""N_on_4"": 0, ""N_on_5"": 0, ""N_on_6"": 0, ""N_on_7"": 0, ""N_on_8"": 0, ""N_on_9"": 0}",3266,3252,3275,3245,3254,3252,3273,3259,3234,48631,0,0,0,0,0,0,0,0,0,422009
UCB direct,6,ok,500000,70790,429210,70740,1,0,32012.3352326,2.20977318543,0.100801314431,0,0,certificate,"{""n_1"": 2984, ""n_10"": 43959, ""n_2"": 2971, ""n_3"": 2993, ""n_4"": 2965, ""n_5"": 2974, ""n_6"": 2971, ""n_7"": 2991, ""n_8"": 2978, ""n_9"": 2954}","{""N_on_1"": 0, ""N_on_10"": 429210, ""N_on_2"": 0, ""N_on_3"": 0, ""N_on_4"": 0, ""N_on_5"": 0, ""N_on_6"": 0, ""N_on_7"": 0, ""N_on_8"": 0, ""N_on_9"": 0}",2984,2971,2993,2965,2974,2971,2991,2978,2954,43959,0,0,0,0,0,0,0,0,0,429210
TS appendix,6,ok,500000,116633,383367,116583,1,0,32012.3352326,3.64181491769,0.121600452489,0,0,certificate,"{""n_1"": 4493, ""n_10"": 76210, ""n_2"": 4482, ""n_3"": 4500, ""n_4"": 4477, ""n_5"": 4484, ""n_6"": 4482, ""n_7"": 4499, ""n_8"": 4488, ""n_9"": 4468}","{""N_on_1"": 0, ""N_on_10"": 383367, ""N_on_2"": 0, ""N_on_3"": 0, ""N_on_4"": 0, ""N_on_5"": 0, ""N_on_6"": 0, ""N_on_7"": 0, ""N_on_8"": 0, ""N_on_9"": 0}",4493,4482,4500,4477,4484,4482,4499,4488,4468,76210,0,0,0,0,0,0,0,0,0,383367
TS direct,6,ok,500000,101310,398690,101260,1,0,32012.3352326,3.16315567934,0.130100000074,0,0,certificate,"{""n_1"": 3928, ""n_10"": 65968, ""n_2"": 3918, ""n_3"": 3935, ""n_4"": 3913, ""n_5"": 3920, ""n_6"": 3918, ""n_7"": 3933, ""n_8"": 3923, ""n_9"": 3904}","{""N_on_1"": 0, ""N_on_10"": 398690, ""N_on_2"": 0, ""N_on_3"": 0, ""N_on_4"": 0, ""N_on_5"": 0, ""N_on_6"": 0, ""N_on_7"": 0, ""N_on_8"": 0, ""N_on_9"": 0}",3928,3918,3935,3913,3920,3918,3933,3923,3904,65968,0,0,0,0,0,0,0,0,0,398690
UCB clean,6,ok,500000,50,499950,0,7.00070007001e-05,499915,32012.3352326,0,,,,clean_no_attack,"{""n_1"": 0, ""n_10"": 0, ""n_2"": 0, ""n_3"": 0, ""n_4"": 0, ""n_5"": 0, ""n_6"": 0, ""n_7"": 0, ""n_8"": 0, ""n_9"": 0}","{""N_on_1"": 448928, ""N_on_10"": 35, ""N_on_2"": 16168, ""N_on_3"": 8109, ""N_on_4"": 6461, ""N_on_5"": 6930, ""N_on_6"": 5561, ""N_on_7"": 3835, ""N_on_8"": 2890, ""N_on_9"": 1033}",0,0,0,0,0,0,0,0,0,0,448928,16168,8109,6461,6930,5561,3835,2890,1033,35
TS clean,6,ok,500000,50,499950,0,4.600460046e-05,499927,32012.3352326,0,,,,clean_no_attack,"{""n_1"": 0, ""n_10"": 0, ""n_2"": 0, ""n_3"": 0, ""n_4"": 0, ""n_5"": 0, ""n_6"": 0, ""n_7"": 0, ""n_8"": 0, ""n_9"": 0}","{""N_on_1"": 478912, ""N_on_10"": 23, ""N_on_2"": 4444, ""N_on_3"": 4583, ""N_on_4"": 2843, ""N_on_5"": 3044, ""N_on_6"": 2413, ""N_on_7"": 1783, ""N_on_8"": 1467, ""N_on_9"": 438}",0,0,0,0,0,0,0,0,0,0,478912,4444,4583,2843,3044,2413,1783,1467,438,23
UCB appendix,6,ok,1000000,124940,875060,124890,1,0,51695.8459325,2.41586142459,0.0730142614429,0,0,certificate,"{""n_1"": 5136, ""n_10"": 78766, ""n_2"": 5119, ""n_3"": 5147, ""n_4"": 5111, ""n_5"": 5122, ""n_6"": 5119, ""n_7"": 5145, ""n_8"": 5128, ""n_9"": 5097}","{""N_on_1"": 0, ""N_on_10"": 875060, ""N_on_2"": 0, ""N_on_3"": 0, ""N_on_4"": 0, ""N_on_5"": 0, ""N_on_6"": 0, ""N_on_7"": 0, ""N_on_8"": 0, ""N_on_9"": 0}",5136,5119,5147,5111,5122,5119,5145,5128,5097,78766,0,0,0,0,0,0,0,0,0,875060
UCB direct,6,ok,1000000,115502,884498,115452,1,0,51695.8459325,2.23329356387,0.0817334568271,0,0,certificate,"{""n_1"": 4751, ""n_10"": 72788, ""n_2"": 4735, ""n_3"": 4762, ""n_4"": 4727, ""n_5"": 4738, ""n_6"": 4735, ""n_7"": 4759, ""n_8"": 4743, ""n_9"": 4714}","{""N_on_1"": 0, ""N_on_10"": 884498, ""N_on_2"": 0, ""N_on_3"": 0, ""N_on_4"": 0, ""N_on_5"": 0, ""N_on_6"": 0, ""N_on_7"": 0, ""N_on_8"": 0, ""N_on_9"": 0}",4751,4735,4762,4727,4738,4735,4759,4743,4714,72788,0,0,0,0,0,0,0,0,0,884498
TS appendix,6,ok,1000000,182939,817061,182889,1,0,51695.8459325,3.53778909506,0.0996091055725,0,0,certificate,"{""n_1"": 6959, ""n_10"": 120340, ""n_2"": 6945, ""n_3"": 6968, ""n_4"": 6939, ""n_5"": 6948, ""n_6"": 6945, ""n_7"": 6965, ""n_8"": 6952, ""n_9"": 6928}","{""N_on_1"": 0, ""N_on_10"": 817061, ""N_on_2"": 0, ""N_on_3"": 0, ""N_on_4"": 0, ""N_on_5"": 0, ""N_on_6"": 0, ""N_on_7"": 0, ""N_on_8"": 0, ""N_on_9"": 0}",6959,6945,6968,6939,6948,6945,6965,6952,6928,120340,0,0,0,0,0,0,0,0,0,817061
TS direct,6,ok,1000000,163468,836532,163418,1,0,51695.8459325,3.16114374477,0.105250000079,0,0,certificate,"{""n_1"": 6236, ""n_10"": 107373, ""n_2"": 6223, ""n_3"": 6244, ""n_4"": 6217, ""n_5"": 6225, ""n_6"": 6223, ""n_7"": 6242, ""n_8"": 6229, ""n_9"": 6206}","{""N_on_1"": 0, ""N_on_10"": 836532, ""N_on_2"": 0, ""N_on_3"": 0, ""N_on_4"": 0, ""N_on_5"": 0, ""N_on_6"": 0, ""N_on_7"": 0, ""N_on_8"": 0, ""N_on_9"": 0}",6236,6223,6244,6217,6225,6223,6242,6229,6206,107373,0,0,0,0,0,0,0,0,0,836532
UCB clean,6,ok,1000000,50,999950,0,3.8001900095e-05,999912,51695.8459325,0,,,,clean_no_attack,"{""n_1"": 0, ""n_10"": 0, ""n_2"": 0, ""n_3"": 0, ""n_4"": 0, ""n_5"": 0, ""n_6"": 0, ""n_7"": 0, ""n_8"": 0, ""n_9"": 0}","{""N_on_1"": 941712, ""N_on_10"": 38, ""N_on_2"": 18778, ""N_on_3"": 9496, ""N_on_4"": 7189, ""N_on_5"": 7749, ""N_on_6"": 6389, ""N_on_7"": 4279, ""N_on_8"": 3207, ""N_on_9"": 1113}",0,0,0,0,0,0,0,0,0,0,941712,18778,9496,7189,7749,6389,4279,3207,1113,38
TS clean,6,ok,1000000,50,999950,0,2.50012500625e-05,999925,51695.8459325,0,,,,clean_no_attack,"{""n_1"": 0, ""n_10"": 0, ""n_2"": 0, ""n_3"": 0, ""n_4"": 0, ""n_5"": 0, ""n_6"": 0, ""n_7"": 0, ""n_8"": 0, ""n_9"": 0}","{""N_on_1"": 976338, ""N_on_10"": 25, ""N_on_2"": 5323, ""N_on_3"": 5030, ""N_on_4"": 3182, ""N_on_5"": 3400, ""N_on_6"": 2620, ""N_on_7"": 1956, ""N_on_8"": 1583, ""N_on_9"": 493}",0,0,0,0,0,0,0,0,0,0,976338,5323,5030,3182,3400,2620,1956,1583,493,25
UCB appendix,6,ok,2500000,233323,2266677,233273,1,0,97284.8670799,2.39783439092,0.0561770775344,0,0,certificate,"{""n_1"": 9401, ""n_10"": 148802, ""n_2"": 9378, ""n_3"": 9415, ""n_4"": 9367, ""n_5"": 9382, ""n_6"": 9378, ""n_7"": 9412, ""n_8"": 9389, ""n_9"": 9349}","{""N_on_1"": 0, ""N_on_10"": 2266677, ""N_on_2"": 0, ""N_on_3"": 0, ""N_on_4"": 0, ""N_on_5"": 0, ""N_on_6"": 0, ""N_on_7"": 0, ""N_on_8"": 0, ""N_on_9"": 0}",9401,9378,9415,9367,9382,9378,9412,9389,9349,148802,0,0,0,0,0,0,0,0,0,2266677
UCB direct,6,ok,2500000,219860,2280140,219810,1,0,97284.8670799,2.25944698901,0.0615015761605,0,0,certificate,"{""n_1"": 8896, ""n_10"": 139879, ""n_2"": 8874, ""n_3"": 8910, ""n_4"": 8863, ""n_5"": 8878, ""n_6"": 8874, ""n_7"": 8906, ""n_8"": 8885, ""n_9"": 8845}","{""N_on_1"": 0, ""N_on_10"": 2280140, ""N_on_2"": 0, ""N_on_3"": 0, ""N_on_4"": 0, ""N_on_5"": 0, ""N_on_6"": 0, ""N_on_7"": 0, ""N_on_8"": 0, ""N_on_9"": 0}",8896,8874,8910,8863,8878,8874,8906,8885,8845,139879,0,0,0,0,0,0,0,0,0,2280140
TS appendix,6,ok,2500000,333718,2166282,333668,1,0,97284.8670799,3.42980373017,0.0760606860491,0,0,certificate,"{""n_1"": 12536, ""n_10"": 220945, ""n_2"": 12519, ""n_3"": 12548, ""n_4"": 12510, ""n_5"": 12522, ""n_6"": 12519, ""n_7"": 12545, ""n_8"": 12528, ""n_9"": 12496}","{""N_on_1"": 0, ""N_on_10"": 2166282, ""N_on_2"": 0, ""N_on_3"": 0, ""N_on_4"": 0, ""N_on_5"": 0, ""N_on_6"": 0, ""N_on_7"": 0, ""N_on_8"": 0, ""N_on_9"": 0}",12536,12519,12548,12510,12522,12519,12545,12528,12496,220945,0,0,0,0,0,0,0,0,0,2166282
TS direct,6,ok,2500000,306922,2193078,306872,1,0,97284.8670799,3.15436520819,0.0792000000842,0,0,certificate,"{""n_1"": 11565, ""n_10"": 202887, ""n_2"": 11548, ""n_3"": 11576, ""n_4"": 11540, ""n_5"": 11551, ""n_6"": 11548, ""n_7"": 11574, ""n_8"": 11557, ""n_9"": 11526}","{""N_on_1"": 0, ""N_on_10"": 2193078, ""N_on_2"": 0, ""N_on_3"": 0, ""N_on_4"": 0, ""N_on_5"": 0, ""N_on_6"": 0, ""N_on_7"": 0, ""N_on_8"": 0, ""N_on_9"": 0}",11565,11548,11576,11540,11551,11548,11574,11557,11526,202887,0,0,0,0,0,0,0,0,0,2193078
UCB clean,6,ok,2500000,50,2499950,0,1.60003200064e-05,2499910,97284.8670799,0,,,,clean_no_attack,"{""n_1"": 0, ""n_10"": 0, ""n_2"": 0, ""n_3"": 0, ""n_4"": 0, ""n_5"": 0, ""n_6"": 0, ""n_7"": 0, ""n_8"": 0, ""n_9"": 0}","{""N_on_1"": 2432421, ""N_on_10"": 40, ""N_on_2"": 22085, ""N_on_3"": 10851, ""N_on_4"": 8316, ""N_on_5"": 9162, ""N_on_6"": 7213, ""N_on_7"": 5059, ""N_on_8"": 3601, ""N_on_9"": 1202}",0,0,0,0,0,0,0,0,0,0,2432421,22085,10851,8316,9162,7213,5059,3601,1202,40
TS clean,6,ok,2500000,50,2499950,0,1.08002160043e-05,2499923,97284.8670799,0,,,,clean_no_attack,"{""n_1"": 0, ""n_10"": 0, ""n_2"": 0, ""n_3"": 0, ""n_4"": 0, ""n_5"": 0, ""n_6"": 0, ""n_7"": 0, ""n_8"": 0, ""n_9"": 0}","{""N_on_1"": 2472738, ""N_on_10"": 27, ""N_on_2"": 6629, ""N_on_3"": 5709, ""N_on_4"": 3631, ""N_on_5"": 3814, ""N_on_6"": 2909, ""N_on_7"": 2163, ""N_on_8"": 1769, ""N_on_9"": 561}",0,0,0,0,0,0,0,0,0,0,2472738,6629,5709,3631,3814,2909,2163,1769,561,27
UCB appendix,6,ok,5000000,374557,4625443,374507,1,0,156815.111138,2.38820734356,0.0459010780383,0,0,certificate,"{""n_1"": 14903, ""n_10"": 240547, ""n_2"": 14875, ""n_3"": 14921, ""n_4"": 14862, ""n_5"": 14880, ""n_6"": 14875, ""n_7"": 14916, ""n_8"": 14889, ""n_9"": 14839}","{""N_on_1"": 0, ""N_on_10"": 4625443, ""N_on_2"": 0, ""N_on_3"": 0, ""N_on_4"": 0, ""N_on_5"": 0, ""N_on_6"": 0, ""N_on_7"": 0, ""N_on_8"": 0, ""N_on_9"": 0}",14903,14875,14921,14862,14880,14875,14916,14889,14839,240547,0,0,0,0,0,0,0,0,0,4625443
UCB direct,6,ok,5000000,356974,4643026,356924,1,0,156815.111138,2.27608166975,0.0496781009536,0,0,certificate,"{""n_1"": 14228, ""n_10"": 229032, ""n_2"": 14201, ""n_3"": 14246, ""n_4"": 14188, ""n_5"": 14206, ""n_6"": 14201, ""n_7"": 14241, ""n_8"": 14215, ""n_9"": 14166}","{""N_on_1"": 0, ""N_on_10"": 4643026, ""N_on_2"": 0, ""N_on_3"": 0, ""N_on_4"": 0, ""N_on_5"": 0, ""N_on_6"": 0, ""N_on_7"": 0, ""N_on_8"": 0, ""N_on_9"": 0}",14228,14201,14246,14188,14206,14201,14241,14215,14166,229032,0,0,0,0,0,0,0,0,0,4643026
TS appendix,6,ok,5000000,527756,4472244,527706,1,0,156815.111138,3.36514763259,0.0617944784526,0,0,certificate,"{""n_1"": 19690, ""n_10"": 350629, ""n_2"": 19668, ""n_3"": 19704, ""n_4"": 19657, ""n_5"": 19672, ""n_6"": 19668, ""n_7"": 19700, ""n_8"": 19679, ""n_9"": 19639}","{""N_on_1"": 0, ""N_on_10"": 4472244, ""N_on_2"": 0, ""N_on_3"": 0, ""N_on_4"": 0, ""N_on_5"": 0, ""N_on_6"": 0, ""N_on_7"": 0, ""N_on_8"": 0, ""N_on_9"": 0}",19690,19668,19704,19657,19672,19668,19700,19679,19639,350629,0,0,0,0,0,0,0,0,0,4472244
TS direct,6,ok,5000000,493588,4506412,493538,1,0,156815.111138,3.14726046756,0.0638000000872,0,0,certificate,"{""n_1"": 18474, ""n_10"": 327397, ""n_2"": 18453, ""n_3"": 18488, ""n_4"": 18443, ""n_5"": 18457, ""n_6"": 18453, ""n_7"": 18484, ""n_8"": 18464, ""n_9"": 18425}","{""N_on_1"": 0, ""N_on_10"": 4506412, ""N_on_2"": 0, ""N_on_3"": 0, ""N_on_4"": 0, ""N_on_5"": 0, ""N_on_6"": 0, ""N_on_7"": 0, ""N_on_8"": 0, ""N_on_9"": 0}",18474,18453,18488,18443,18457,18453,18484,18464,18425,327397,0,0,0,0,0,0,0,0,0,4506412
UCB clean,6,ok,5000000,50,4999950,0,8.60008600086e-06,4999907,156815.111138,0,,,,clean_no_attack,"{""n_1"": 0, ""n_10"": 0, ""n_2"": 0, ""n_3"": 0, ""n_4"": 0, ""n_5"": 0, ""n_6"": 0, ""n_7"": 0, ""n_8"": 0, ""n_9"": 0}","{""N_on_1"": 4924882, ""N_on_10"": 43, ""N_on_2"": 25574, ""N_on_3"": 11820, ""N_on_4"": 9124, ""N_on_5"": 10010, ""N_on_6"": 7951, ""N_on_7"": 5466, ""N_on_8"": 3777, ""N_on_9"": 1303}",0,0,0,0,0,0,0,0,0,0,4924882,25574,11820,9124,10010,7951,5466,3777,1303,43
TS clean,6,ok,5000000,50,4999950,0,5.40005400054e-06,4999923,156815.111138,0,,,,clean_no_attack,"{""n_1"": 0, ""n_10"": 0, ""n_2"": 0, ""n_3"": 0, ""n_4"": 0, ""n_5"": 0, ""n_6"": 0, ""n_7"": 0, ""n_8"": 0, ""n_9"": 0}","{""N_on_1"": 4969777, ""N_on_10"": 27, ""N_on_2"": 7912, ""N_on_3"": 6211, ""N_on_4"": 3992, ""N_on_5"": 4053, ""N_on_6"": 3163, ""N_on_7"": 2336, ""N_on_8"": 1874, ""N_on_9"": 605}",0,0,0,0,0,0,0,0,0,0,4969777,7912,6211,3992,4053,3163,2336,1874,605,27
UCB appendix,6,ok,10000000,601556,9398444,601506,1,0,252602.65421,2.3812338864,0.0374033191565,0,0,certificate,"{""n_1"": 23682, ""n_10"": 388567, ""n_2"": 23649, ""n_3"": 23705, ""n_4"": 23632, ""n_5"": 23654, ""n_6"": 23649, ""n_7"": 23699, ""n_8"": 23665, ""n_9"": 23604}","{""N_on_1"": 0, ""N_on_10"": 9398444, ""N_on_2"": 0, ""N_on_3"": 0, ""N_on_4"": 0, ""N_on_5"": 0, ""N_on_6"": 0, ""N_on_7"": 0, ""N_on_8"": 0, ""N_on_9"": 0}",23682,23649,23705,23632,23654,23649,23699,23665,23604,388567,0,0,0,0,0,0,0,0,0,9398444
UCB direct,6,ok,10000000,578625,9421375,578575,1,0,252602.65421,2.29045495111,0.0400883062563,0,0,certificate,"{""n_1"": 22772, ""n_10"": 373826, ""n_2"": 22739, ""n_3"": 22794, ""n_4"": 22722, ""n_5"": 22744, ""n_6"": 22739, ""n_7"": 22789, ""n_8"": 22755, ""n_9"": 22695}","{""N_on_1"": 0, ""N_on_10"": 9421375, ""N_on_2"": 0, ""N_on_3"": 0, ""N_on_4"": 0, ""N_on_5"": 0, ""N_on_6"": 0, ""N_on_7"": 0, ""N_on_8"": 0, ""N_on_9"": 0}",22772,22739,22794,22722,22744,22739,22789,22755,22695,373826,0,0,0,0,0,0,0,0,0,9421375
TS appendix,6,ok,10000000,836613,9163387,836563,1,0,252602.65421,3.31177438581,0.0500754997474,0,0,certificate,"{""n_1"": 31052, ""n_10"": 557255, ""n_2"": 31025, ""n_3"": 31070, ""n_4"": 31012, ""n_5"": 31030, ""n_6"": 31025, ""n_7"": 31065, ""n_8"": 31039, ""n_9"": 30990}","{""N_on_1"": 0, ""N_on_10"": 9163387, ""N_on_2"": 0, ""N_on_3"": 0, ""N_on_4"": 0, ""N_on_5"": 0, ""N_on_6"": 0, ""N_on_7"": 0, ""N_on_8"": 0, ""N_on_9"": 0}",31052,31025,31070,31012,31030,31025,31065,31039,30990,557255,0,0,0,0,0,0,0,0,0,9163387
TS direct,6,ok,10000000,792999,9207001,792949,1,0,252602.65421,3.13911586749,0.0514000000897,0,0,certificate,"{""n_1"": 29475, ""n_10"": 527829, ""n_2"": 29449, ""n_3"": 29492, ""n_4"": 29436, ""n_5"": 29454, ""n_6"": 29449, ""n_7"": 29488, ""n_8"": 29462, ""n_9"": 29415}","{""N_on_1"": 0, ""N_on_10"": 9207001, ""N_on_2"": 0, ""N_on_3"": 0, ""N_on_4"": 0, ""N_on_5"": 0, ""N_on_6"": 0, ""N_on_7"": 0, ""N_on_8"": 0, ""N_on_9"": 0}",29475,29449,29492,29436,29454,29449,29488,29462,29415,527829,0,0,0,0,0,0,0,0,0,9207001
UCB clean,6,ok,10000000,50,9999950,0,4.50002250011e-06,9999905,252602.65421,0,,,,clean_no_attack,"{""n_1"": 0, ""n_10"": 0, ""n_2"": 0, ""n_3"": 0, ""n_4"": 0, ""n_5"": 0, ""n_6"": 0, ""n_7"": 0, ""n_8"": 0, ""n_9"": 0}","{""N_on_1"": 9919405, ""N_on_10"": 45, ""N_on_2"": 27572, ""N_on_3"": 12593, ""N_on_4"": 9789, ""N_on_5"": 10745, ""N_on_6"": 8716, ""N_on_7"": 5709, ""N_on_8"": 3976, ""N_on_9"": 1400}",0,0,0,0,0,0,0,0,0,0,9919405,27572,12593,9789,10745,8716,5709,3976,1400,45
TS clean,6,ok,10000000,50,9999950,0,3.00001500008e-06,9999920,252602.65421,0,,,,clean_no_attack,"{""n_1"": 0, ""n_10"": 0, ""n_2"": 0, ""n_3"": 0, ""n_4"": 0, ""n_5"": 0, ""n_6"": 0, ""n_7"": 0, ""n_8"": 0, ""n_9"": 0}","{""N_on_1"": 9966848, ""N_on_10"": 30, ""N_on_2"": 9012, ""N_on_3"": 6788, ""N_on_4"": 4344, ""N_on_5"": 4369, ""N_on_6"": 3415, ""N_on_7"": 2483, ""N_on_8"": 2007, ""N_on_9"": 654}",0,0,0,0,0,0,0,0,0,0,9966848,9012,6788,4344,4369,3415,2483,2007,654,30
UCB appendix,6,ok,15000000,793772,14206228,793722,1,0,333755.721884,2.37815248686,0.0331451378768,0,0,certificate,"{""n_1"": 31081, ""n_10"": 514221, ""n_2"": 31043, ""n_3"": 31107, ""n_4"": 31024, ""n_5"": 31049, ""n_6"": 31043, ""n_7"": 31100, ""n_8"": 31062, ""n_9"": 30992}","{""N_on_1"": 0, ""N_on_10"": 14206228, ""N_on_2"": 0, ""N_on_3"": 0, ""N_on_4"": 0, ""N_on_5"": 0, ""N_on_6"": 0, ""N_on_7"": 0, ""N_on_8"": 0, ""N_on_9"": 0}",31081,31043,31107,31024,31049,31043,31100,31062,30992,514221,0,0,0,0,0,0,0,0,0,14206228
UCB direct,6,ok,15000000,767007,14232993,766957,1,0,333755.721884,2.29795910516,0.0352905734965,0,0,certificate,"{""n_1"": 30086, ""n_10"": 496409, ""n_2"": 30048, ""n_3"": 30111, ""n_4"": 30030, ""n_5"": 30055, ""n_6"": 30048, ""n_7"": 30105, ""n_8"": 30067, ""n_9"": 29998}","{""N_on_1"": 0, ""N_on_10"": 14232993, ""N_on_2"": 0, ""N_on_3"": 0, ""N_on_4"": 0, ""N_on_5"": 0, ""N_on_6"": 0, ""N_on_7"": 0, ""N_on_8"": 0, ""N_on_9"": 0}",30086,30048,30111,30030,30055,30048,30105,30067,29998,496409,0,0,0,0,0,0,0,0,0,14232993
TS appendix,6,ok,15000000,1096387,13903613,1096337,1,0,333755.721884,3.28484855275,0.0442349506034,0,0,certificate,"{""n_1"": 40598, ""n_10"": 731135, ""n_2"": 40568, ""n_3"": 40618, ""n_4"": 40553, ""n_5"": 40573, ""n_6"": 40568, ""n_7"": 40613, ""n_8"": 40583, ""n_9"": 40528}","{""N_on_1"": 0, ""N_on_10"": 13903613, ""N_on_2"": 0, ""N_on_3"": 0, ""N_on_4"": 0, ""N_on_5"": 0, ""N_on_6"": 0, ""N_on_7"": 0, ""N_on_8"": 0, ""N_on_9"": 0}",40598,40568,40618,40553,40573,40568,40613,40583,40528,731135,0,0,0,0,0,0,0,0,0,13903613
TS direct,6,ok,15000000,1046062,13953938,1046012,1,0,333755.721884,3.13406462097,0.0452500000909,0,0,certificate,"{""n_1"": 38800, ""n_10"": 696992, ""n_2"": 38770, ""n_3"": 38819, ""n_4"": 38756, ""n_5"": 38775, ""n_6"": 38770, ""n_7"": 38814, ""n_8"": 38785, ""n_9"": 38731}","{""N_on_1"": 0, ""N_on_10"": 13953938, ""N_on_2"": 0, ""N_on_3"": 0, ""N_on_4"": 0, ""N_on_5"": 0, ""N_on_6"": 0, ""N_on_7"": 0, ""N_on_8"": 0, ""N_on_9"": 0}",38800,38770,38819,38756,38775,38770,38814,38785,38731,696992,0,0,0,0,0,0,0,0,0,13953938
UCB clean,6,ok,15000000,50,14999950,0,3.06667688892e-06,14999904,333755.721884,0,,,,clean_no_attack,"{""n_1"": 0, ""n_10"": 0, ""n_2"": 0, ""n_3"": 0, ""n_4"": 0, ""n_5"": 0, ""n_6"": 0, ""n_7"": 0, ""n_8"": 0, ""n_9"": 0}","{""N_on_1"": 14916427, ""N_on_10"": 46, ""N_on_2"": 28766, ""N_on_3"": 12878, ""N_on_4"": 10078, ""N_on_5"": 11209, ""N_on_6"": 9008, ""N_on_7"": 5925, ""N_on_8"": 4146, ""N_on_9"": 1467}",0,0,0,0,0,0,0,0,0,0,14916427,28766,12878,10078,11209,9008,5925,4146,1467,46
TS clean,6,ok,15000000,50,14999950,0,2.06667355558e-06,14999919,333755.721884,0,,,,clean_no_attack,"{""n_1"": 0, ""n_10"": 0, ""n_2"": 0, ""n_3"": 0, ""n_4"": 0, ""n_5"": 0, ""n_6"": 0, ""n_7"": 0, ""n_8"": 0, ""n_9"": 0}","{""N_on_1"": 14965109, ""N_on_10"": 31, ""N_on_2"": 9524, ""N_on_3"": 7275, ""N_on_4"": 4528, ""N_on_5"": 4583, ""N_on_6"": 3559, ""N_on_7"": 2580, ""N_on_8"": 2083, ""N_on_9"": 678}",0,0,0,0,0,0,0,0,0,0,14965109,9524,7275,4528,4583,3559,2580,2083,678,31
UCB appendix,6,ok,20000000,966387,19033613,966337,1,0,406649.214352,2.3763405065,0.0304076442644,0,0,certificate,"{""n_1"": 37707, ""n_10"": 627226, ""n_2"": 37665, ""n_3"": 37735, ""n_4"": 37644, ""n_5"": 37672, ""n_6"": 37665, ""n_7"": 37728, ""n_8"": 37686, ""n_9"": 37609}","{""N_on_1"": 0, ""N_on_10"": 19033613, ""N_on_2"": 0, ""N_on_3"": 0, ""N_on_4"": 0, ""N_on_5"": 0, ""N_on_6"": 0, ""N_on_7"": 0, ""N_on_8"": 0, ""N_on_9"": 0}",37707,37665,37735,37644,37672,37665,37728,37686,37609,627226,0,0,0,0,0,0,0,0,0,19033613
UCB direct,6,ok,20000000,936528,19063472,936478,1,0,406649.214352,2.30291358485,0.0322535928356,0,0,certificate,"{""n_1"": 36617, ""n_10"": 607172, ""n_2"": 36576, ""n_3"": 36644, ""n_4"": 36555, ""n_5"": 36583, ""n_6"": 36576, ""n_7"": 36638, ""n_8"": 36596, ""n_9"": 36521}","{""N_on_1"": 0, ""N_on_10"": 19063472, ""N_on_2"": 0, ""N_on_3"": 0, ""N_on_4"": 0, ""N_on_5"": 0, ""N_on_6"": 0, ""N_on_7"": 0, ""N_on_8"": 0, ""N_on_9"": 0}",36617,36576,36644,36555,36583,36576,36638,36596,36521,607172,0,0,0,0,0,0,0,0,0,19063472
TS appendix,6,ok,20000000,1328730,18671270,1328680,1,0,406649.214352,3.26738612324,0.0404928515908,0,0,certificate,"{""n_1"": 49131, ""n_10"": 886696, ""n_2"": 49098, ""n_3"": 49153, ""n_4"": 49082, ""n_5"": 49104, ""n_6"": 49098, ""n_7"": 49148, ""n_8"": 49115, ""n_9"": 49055}","{""N_on_1"": 0, ""N_on_10"": 18671270, ""N_on_2"": 0, ""N_on_3"": 0, ""N_on_4"": 0, ""N_on_5"": 0, ""N_on_6"": 0, ""N_on_7"": 0, ""N_on_8"": 0, ""N_on_9"": 0}",49131,49098,49153,49082,49104,49098,49148,49115,49055,886696,0,0,0,0,0,0,0,0,0,18671270
TS direct,6,ok,20000000,1273023,18726977,1272973,1,0,406649.214352,3.130395818,0.0413500000917,0,0,certificate,"{""n_1"": 47119, ""n_10"": 849100, ""n_2"": 47086, ""n_3"": 47140, ""n_4"": 47070, ""n_5"": 47092, ""n_6"": 47086, ""n_7"": 47135, ""n_8"": 47102, ""n_9"": 47043}","{""N_on_1"": 0, ""N_on_10"": 18726977, ""N_on_2"": 0, ""N_on_3"": 0, ""N_on_4"": 0, ""N_on_5"": 0, ""N_on_6"": 0, ""N_on_7"": 0, ""N_on_8"": 0, ""N_on_9"": 0}",47119,47086,47140,47070,47092,47086,47135,47102,47043,849100,0,0,0,0,0,0,0,0,0,18726977
UCB clean,6,ok,20000000,50,19999950,0,2.35000587501e-06,19999903,406649.214352,0,,,,clean_no_attack,"{""n_1"": 0, ""n_10"": 0, ""n_2"": 0, ""n_3"": 0, ""n_4"": 0, ""n_5"": 0, ""n_6"": 0, ""n_7"": 0, ""n_8"": 0, ""n_9"": 0}","{""N_on_1"": 19915013, ""N_on_10"": 47, ""N_on_2"": 29202, ""N_on_3"": 13003, ""N_on_4"": 10206, ""N_on_5"": 11370, ""N_on_6"": 9374, ""N_on_7"": 5998, ""N_on_8"": 4247, ""N_on_9"": 1490}",0,0,0,0,0,0,0,0,0,0,19915013,29202,13003,10206,11370,9374,5998,4247,1490,47
TS clean,6,ok,20000000,50,19999950,0,1.65000412501e-06,19999917,406649.214352,0,,,,clean_no_attack,"{""n_1"": 0, ""n_10"": 0, ""n_2"": 0, ""n_3"": 0, ""n_4"": 0, ""n_5"": 0, ""n_6"": 0, ""n_7"": 0, ""n_8"": 0, ""n_9"": 0}","{""N_on_1"": 19963818, ""N_on_10"": 33, ""N_on_2"": 9904, ""N_on_3"": 7552, ""N_on_4"": 4706, ""N_on_5"": 4755, ""N_on_6"": 3716, ""N_on_7"": 2639, ""N_on_8"": 2133, ""N_on_9"": 694}",0,0,0,0,0,0,0,0,0,0,19963818,9904,7552,4706,4755,3716,2639,2133,694,33
UCB appendix,6,ok,25000000,1125751,23874249,1125701,1,0,473953.247914,2.37513089098,0.0284341326845,0,0,certificate,"{""n_1"": 43812, ""n_10"": 731658, ""n_2"": 43768, ""n_3"": 43842, ""n_4"": 43745, ""n_5"": 43775, ""n_6"": 43768, ""n_7"": 43835, ""n_8"": 43790, ""n_9"": 43708}","{""N_on_1"": 0, ""N_on_10"": 23874249, ""N_on_2"": 0, ""N_on_3"": 0, ""N_on_4"": 0, ""N_on_5"": 0, ""N_on_6"": 0, ""N_on_7"": 0, ""N_on_8"": 0, ""N_on_9"": 0}",43812,43768,43842,43745,43775,43768,43835,43790,43708,731658,0,0,0,0,0,0,0,0,0,23874249
UCB direct,6,ok,25000000,1093254,23906746,1093204,1,0,473953.247914,2.30656505639,0.0301022071606,0,0,certificate,"{""n_1"": 42573, ""n_10"": 710312, ""n_2"": 42529, ""n_3"": 42602, ""n_4"": 42507, ""n_5"": 42536, ""n_6"": 42529, ""n_7"": 42595, ""n_8"": 42551, ""n_9"": 42470}","{""N_on_1"": 0, ""N_on_10"": 23906746, ""N_on_2"": 0, ""N_on_3"": 0, ""N_on_4"": 0, ""N_on_5"": 0, ""N_on_6"": 0, ""N_on_7"": 0, ""N_on_8"": 0, ""N_on_9"": 0}",42573,42529,42602,42507,42536,42529,42595,42551,42470,710312,0,0,0,0,0,0,0,0,0,23906746
TS appendix,6,ok,25000000,1542630,23457370,1542580,1,0,473953.247914,3.25470920769,0.037801738221,0,0,certificate,"{""n_1"": 56985, ""n_10"": 1029927, ""n_2"": 56950, ""n_3"": 57008, ""n_4"": 56932, ""n_5"": 56956, ""n_6"": 56950, ""n_7"": 57002, ""n_8"": 56967, ""n_9"": 56903}","{""N_on_1"": 0, ""N_on_10"": 23457370, ""N_on_2"": 0, ""N_on_3"": 0, ""N_on_4"": 0, ""N_on_5"": 0, ""N_on_6"": 0, ""N_on_7"": 0, ""N_on_8"": 0, ""N_on_9"": 0}",56985,56950,57008,56932,56956,56950,57002,56967,56903,1029927,0,0,0,0,0,0,0,0,0,23457370
TS direct,6,ok,25000000,1482350,23517650,1482300,1,0,473953.247914,3.12752366721,0.0386000000923,0,0,certificate,"{""n_1"": 54656, ""n_10"": 990606, ""n_2"": 54621, ""n_3"": 54679, ""n_4"": 54604, ""n_5"": 54627, ""n_6"": 54621, ""n_7"": 54673, ""n_8"": 54638, ""n_9"": 54575}","{""N_on_1"": 0, ""N_on_10"": 23517650, ""N_on_2"": 0, ""N_on_3"": 0, ""N_on_4"": 0, ""N_on_5"": 0, ""N_on_6"": 0, ""N_on_7"": 0, ""N_on_8"": 0, ""N_on_9"": 0}",54656,54621,54679,54604,54627,54621,54673,54638,54575,990606,0,0,0,0,0,0,0,0,0,23517650
UCB clean,6,ok,25000000,50,24999950,0,1.92000384001e-06,24999902,473953.247914,0,,,,clean_no_attack,"{""n_1"": 0, ""n_10"": 0, ""n_2"": 0, ""n_3"": 0, ""n_4"": 0, ""n_5"": 0, ""n_6"": 0, ""n_7"": 0, ""n_8"": 0, ""n_9"": 0}","{""N_on_1"": 24912994, ""N_on_10"": 48, ""N_on_2"": 30238, ""N_on_3"": 13347, ""N_on_4"": 10283, ""N_on_5"": 11592, ""N_on_6"": 9560, ""N_on_7"": 6067, ""N_on_8"": 4317, ""N_on_9"": 1504}",0,0,0,0,0,0,0,0,0,0,24912994,30238,13347,10283,11592,9560,6067,4317,1504,48
TS clean,6,ok,25000000,50,24999950,0,1.32000264001e-06,24999917,473953.247914,0,,,,clean_no_attack,"{""n_1"": 0, ""n_10"": 0, ""n_2"": 0, ""n_3"": 0, ""n_4"": 0, ""n_5"": 0, ""n_6"": 0, ""n_7"": 0, ""n_8"": 0, ""n_9"": 0}","{""N_on_1"": 24962922, ""N_on_10"": 33, ""N_on_2"": 10198, ""N_on_3"": 7701, ""N_on_4"": 4817, ""N_on_5"": 4915, ""N_on_6"": 3784, ""N_on_7"": 2696, ""N_on_8"": 2178, ""N_on_9"": 706}",0,0,0,0,0,0,0,0,0,0,24962922,10198,7701,4817,4915,3784,2696,2178,706,33
UCB appendix,7,ok,100000,26320,73680,26270,1,0,10480.8192431,2.50648345236,0.136601765981,0,0,certificate,"{""n_1"": 1166, ""n_10"": 15822, ""n_2"": 1149, ""n_3"": 1162, ""n_4"": 1164, ""n_5"": 1168, ""n_6"": 1164, ""n_7"": 1165, ""n_8"": 1158, ""n_9"": 1152}","{""N_on_1"": 0, ""N_on_10"": 73680, ""N_on_2"": 0, ""N_on_3"": 0, ""N_on_4"": 0, ""N_on_5"": 0, ""N_on_6"": 0, ""N_on_7"": 0, ""N_on_8"": 0, ""N_on_9"": 0}",1166,1149,1162,1164,1168,1164,1165,1158,1152,15822,0,0,0,0,0,0,0,0,0,73680
UCB direct,7,ok,100000,22495,77505,22445,1,0,10480.8192431,2.1415310654,0.163121027506,0,0,certificate,"{""n_1"": 1024, ""n_10"": 13276, ""n_2"": 1008, ""n_3"": 1020, ""n_4"": 1021, ""n_5"": 1025, ""n_6"": 1021, ""n_7"": 1023, ""n_8"": 1016, ""n_9"": 1011}","{""N_on_1"": 0, ""N_on_10"": 77505, ""N_on_2"": 0, ""N_on_3"": 0, ""N_on_4"": 0, ""N_on_5"": 0, ""N_on_6"": 0, ""N_on_7"": 0, ""N_on_8"": 0, ""N_on_9"": 0}",1024,1008,1020,1021,1025,1021,1023,1016,1011,13276,0,0,0,0,0,0,0,0,0,77505
TS appendix,7,ok,100000,41959,58041,41909,1,0,10480.8192431,3.99863779996,0.189398291151,0,0,certificate,"{""n_1"": 1690, ""n_10"": 26740, ""n_2"": 1676, ""n_3"": 1686, ""n_4"": 1688, ""n_5"": 1691, ""n_6"": 1688, ""n_7"": 1689, ""n_8"": 1683, ""n_9"": 1678}","{""N_on_1"": 0, ""N_on_10"": 58041, ""N_on_2"": 0, ""N_on_3"": 0, ""N_on_4"": 0, ""N_on_5"": 0, ""N_on_6"": 0, ""N_on_7"": 0, ""N_on_8"": 0, ""N_on_9"": 0}",1690,1676,1686,1688,1691,1688,1689,1683,1678,26740,0,0,0,0,0,0,0,0,0,58041
TS direct,7,ok,100000,33072,66928,33022,1,0,10480.8192431,3.15070790117,0.211850000058,0,0,certificate,"{""n_1"": 1353, ""n_10"": 20880, ""n_2"": 1341, ""n_3"": 1350, ""n_4"": 1351, ""n_5"": 1354, ""n_6"": 1351, ""n_7"": 1352, ""n_8"": 1347, ""n_9"": 1343}","{""N_on_1"": 0, ""N_on_10"": 66928, ""N_on_2"": 0, ""N_on_3"": 0, ""N_on_4"": 0, ""N_on_5"": 0, ""N_on_6"": 0, ""N_on_7"": 0, ""N_on_8"": 0, ""N_on_9"": 0}",1353,1341,1350,1351,1354,1351,1352,1347,1343,20880,0,0,0,0,0,0,0,0,0,66928
UCB clean,7,ok,100000,50,99950,0,0.000300150075038,99920,10480.8192431,0,,,,clean_no_attack,"{""n_1"": 0, ""n_10"": 0, ""n_2"": 0, ""n_3"": 0, ""n_4"": 0, ""n_5"": 0, ""n_6"": 0, ""n_7"": 0, ""n_8"": 0, ""n_9"": 0}","{""N_on_1"": 69331, ""N_on_10"": 30, ""N_on_2"": 7458, ""N_on_3"": 5162, ""N_on_4"": 4308, ""N_on_5"": 3961, ""N_on_6"": 3928, ""N_on_7"": 2771, ""N_on_8"": 2244, ""N_on_9"": 757}",0,0,0,0,0,0,0,0,0,0,69331,7458,5162,4308,3961,3928,2771,2244,757,30
TS clean,7,ok,100000,50,99950,0,0.000190095047524,99931,10480.8192431,0,,,,clean_no_attack,"{""n_1"": 0, ""n_10"": 0, ""n_2"": 0, ""n_3"": 0, ""n_4"": 0, ""n_5"": 0, ""n_6"": 0, ""n_7"": 0, ""n_8"": 0, ""n_9"": 0}","{""N_on_1"": 85861, ""N_on_10"": 19, ""N_on_2"": 3696, ""N_on_3"": 2236, ""N_on_4"": 2411, ""N_on_5"": 1887, ""N_on_6"": 1693, ""N_on_7"": 905, ""N_on_8"": 872, ""N_on_9"": 370}",0,0,0,0,0,0,0,0,0,0,85861,3696,2236,2411,1887,1693,905,872,370,19
UCB appendix,7,ok,250000,48806,201194,48756,1,0,19804.9881347,2.46180404999,0.107180444522,0,0,certificate,"{""n_1"": 2090, ""n_10"": 30012, ""n_2"": 2068, ""n_3"": 2084, ""n_4"": 2086, ""n_5"": 2092, ""n_6"": 2086, ""n_7"": 2088, ""n_8"": 2079, ""n_9"": 2071}","{""N_on_1"": 0, ""N_on_10"": 201194, ""N_on_2"": 0, ""N_on_3"": 0, ""N_on_4"": 0, ""N_on_5"": 0, ""N_on_6"": 0, ""N_on_7"": 0, ""N_on_8"": 0, ""N_on_9"": 0}",2090,2068,2084,2086,2092,2086,2088,2079,2071,30012,0,0,0,0,0,0,0,0,0,201194
UCB direct,7,ok,250000,43313,206687,43263,1,0,19804.9881347,2.18444968034,0.12471077226,0,0,certificate,"{""n_1"": 1866, ""n_10"": 26532, ""n_2"": 1845, ""n_3"": 1861, ""n_4"": 1862, ""n_5"": 1868, ""n_6"": 1862, ""n_7"": 1864, ""n_8"": 1855, ""n_9"": 1848}","{""N_on_1"": 0, ""N_on_10"": 206687, ""N_on_2"": 0, ""N_on_3"": 0, ""N_on_4"": 0, ""N_on_5"": 0, ""N_on_6"": 0, ""N_on_7"": 0, ""N_on_8"": 0, ""N_on_9"": 0}",1866,1845,1861,1862,1868,1862,1864,1855,1848,26532,0,0,0,0,0,0,0,0,0,206687
TS appendix,7,ok,250000,74783,175217,74733,1,0,19804.9881347,3.77344331094,0.147766212612,0,0,certificate,"{""n_1"": 2929, ""n_10"": 48423, ""n_2"": 2911, ""n_3"": 2925, ""n_4"": 2926, ""n_5"": 2931, ""n_6"": 2926, ""n_7"": 2928, ""n_8"": 2920, ""n_9"": 2914}","{""N_on_1"": 0, ""N_on_10"": 175217, ""N_on_2"": 0, ""N_on_3"": 0, ""N_on_4"": 0, ""N_on_5"": 0, ""N_on_6"": 0, ""N_on_7"": 0, ""N_on_8"": 0, ""N_on_9"": 0}",2929,2911,2925,2926,2931,2926,2928,2920,2914,48423,0,0,0,0,0,0,0,0,0,175217
TS direct,7,ok,250000,62686,187314,62636,1,0,19804.9881347,3.16263759282,0.160600000068,0,0,certificate,"{""n_1"": 2483, ""n_10"": 40340, ""n_2"": 2466, ""n_3"": 2479, ""n_4"": 2480, ""n_5"": 2484, ""n_6"": 2480, ""n_7"": 2481, ""n_8"": 2474, ""n_9"": 2469}","{""N_on_1"": 0, ""N_on_10"": 187314, ""N_on_2"": 0, ""N_on_3"": 0, ""N_on_4"": 0, ""N_on_5"": 0, ""N_on_6"": 0, ""N_on_7"": 0, ""N_on_8"": 0, ""N_on_9"": 0}",2483,2466,2479,2480,2484,2480,2481,2474,2469,40340,0,0,0,0,0,0,0,0,0,187314
UCB clean,7,ok,250000,50,249950,0,0.000136027205441,249916,19804.9881347,0,,,,clean_no_attack,"{""n_1"": 0, ""n_10"": 0, ""n_2"": 0, ""n_3"": 0, ""n_4"": 0, ""n_5"": 0, ""n_6"": 0, ""n_7"": 0, ""n_8"": 0, ""n_9"": 0}","{""N_on_1"": 208420, ""N_on_10"": 34, ""N_on_2"": 10838, ""N_on_3"": 6893, ""N_on_4"": 5678, ""N_on_5"": 5468, ""N_on_6"": 5392, ""N_on_7"": 3526, ""N_on_8"": 2816, ""N_on_9"": 885}",0,0,0,0,0,0,0,0,0,0,208420,10838,6893,5678,5468,5392,3526,2816,885,34
TS clean,7,ok,250000,50,249950,0,8.40168033607e-05,249929,19804.9881347,0,,,,clean_no_attack,"{""n_1"": 0, ""n_10"": 0, ""n_2"": 0, ""n_3"": 0, ""n_4"": 0, ""n_5"": 0, ""n_6"": 0, ""n_7"": 0, ""n_8"": 0, ""n_9"": 0}","{""N_on_1"": 232448, ""N_on_10"": 21, ""N_on_2"": 4606, ""N_on_3"": 2927, ""N_on_4"": 2844, ""N_on_5"": 2270, ""N_on_6"": 2147, ""N_on_7"": 1183, ""N_on_8"": 1069, ""N_on_9"": 435}",0,0,0,0,0,0,0,0,0,0,232448,4606,2927,2844,2270,2147,1183,1069,435,21
UCB appendix,7,ok,500000,78056,421944,78006,1,0,32012.3352326,2.43674819201,0.0886725932926,0,0,certificate,"{""n_1"": 3270, ""n_10"": 48651, ""n_2"": 3243, ""n_3"": 3264, ""n_4"": 3266, ""n_5"": 3273, ""n_6"": 3266, ""n_7"": 3268, ""n_8"": 3257, ""n_9"": 3248}","{""N_on_1"": 0, ""N_on_10"": 421944, ""N_on_2"": 0, ""N_on_3"": 0, ""N_on_4"": 0, ""N_on_5"": 0, ""N_on_6"": 0, ""N_on_7"": 0, ""N_on_8"": 0, ""N_on_9"": 0}",3270,3243,3264,3266,3273,3266,3268,3257,3248,48651,0,0,0,0,0,0,0,0,0,421944
UCB direct,7,ok,500000,70846,429154,70796,1,0,32012.3352326,2.21152251111,0.100536047814,0,0,certificate,"{""n_1"": 3007, ""n_10"": 43814, ""n_2"": 2980, ""n_3"": 3000, ""n_4"": 3002, ""n_5"": 3009, ""n_6"": 3002, ""n_7"": 3004, ""n_8"": 2993, ""n_9"": 2985}","{""N_on_1"": 0, ""N_on_10"": 429154, ""N_on_2"": 0, ""N_on_3"": 0, ""N_on_4"": 0, ""N_on_5"": 0, ""N_on_6"": 0, ""N_on_7"": 0, ""N_on_8"": 0, ""N_on_9"": 0}",3007,2980,3000,3002,3009,3002,3004,2993,2985,43814,0,0,0,0,0,0,0,0,0,429154
TS appendix,7,ok,500000,116683,383317,116633,1,0,32012.3352326,3.64337681561,0.121624148649,0,0,certificate,"{""n_1"": 4497, ""n_10"": 76225, ""n_2"": 4475, ""n_3"": 4491, ""n_4"": 4493, ""n_5"": 4499, ""n_6"": 4493, ""n_7"": 4495, ""n_8"": 4486, ""n_9"": 4479}","{""N_on_1"": 0, ""N_on_10"": 383317, ""N_on_2"": 0, ""N_on_3"": 0, ""N_on_4"": 0, ""N_on_5"": 0, ""N_on_6"": 0, ""N_on_7"": 0, ""N_on_8"": 0, ""N_on_9"": 0}",4497,4475,4491,4493,4499,4493,4495,4486,4479,76225,0,0,0,0,0,0,0,0,0,383317
TS direct,7,ok,500000,101350,398650,101300,1,0,32012.3352326,3.16440519769,0.130450000074,0,0,certificate,"{""n_1"": 3912, ""n_10"": 66150, ""n_2"": 3892, ""n_3"": 3907, ""n_4"": 3909, ""n_5"": 3914, ""n_6"": 3909, ""n_7"": 3910, ""n_8"": 3902, ""n_9"": 3895}","{""N_on_1"": 0, ""N_on_10"": 398650, ""N_on_2"": 0, ""N_on_3"": 0, ""N_on_4"": 0, ""N_on_5"": 0, ""N_on_6"": 0, ""N_on_7"": 0, ""N_on_8"": 0, ""N_on_9"": 0}",3912,3892,3907,3909,3914,3909,3910,3902,3895,66150,0,0,0,0,0,0,0,0,0,398650
UCB clean,7,ok,500000,50,499950,0,7.20072007201e-05,499914,32012.3352326,0,,,,clean_no_attack,"{""n_1"": 0, ""n_10"": 0, ""n_2"": 0, ""n_3"": 0, ""n_4"": 0, ""n_5"": 0, ""n_6"": 0, ""n_7"": 0, ""n_8"": 0, ""n_9"": 0}","{""N_on_1"": 450618, ""N_on_10"": 36, ""N_on_2"": 13350, ""N_on_3"": 8378, ""N_on_4"": 7197, ""N_on_5"": 6230, ""N_on_6"": 6118, ""N_on_7"": 3962, ""N_on_8"": 3093, ""N_on_9"": 968}",0,0,0,0,0,0,0,0,0,0,450618,13350,8378,7197,6230,6118,3962,3093,968,36
TS clean,7,ok,500000,50,499950,0,4.200420042e-05,499929,32012.3352326,0,,,,clean_no_attack,"{""n_1"": 0, ""n_10"": 0, ""n_2"": 0, ""n_3"": 0, ""n_4"": 0, ""n_5"": 0, ""n_6"": 0, ""n_7"": 0, ""n_8"": 0, ""n_9"": 0}","{""N_on_1"": 479572, ""N_on_10"": 21, ""N_on_2"": 5266, ""N_on_3"": 3675, ""N_on_4"": 3295, ""N_on_5"": 2506, ""N_on_6"": 2557, ""N_on_7"": 1370, ""N_on_8"": 1208, ""N_on_9"": 480}",0,0,0,0,0,0,0,0,0,0,479572,5266,3675,3295,2506,2557,1370,1208,480,21
UCB appendix,7,ok,1000000,125020,874980,124970,1,0,51695.8459325,2.41740893772,0.0730357850705,0,0,certificate,"{""n_1"": 5142, ""n_10"": 78791, ""n_2"": 5108, ""n_3"": 5134, ""n_4"": 5136, ""n_5"": 5145, ""n_6"": 5136, ""n_7"": 5139, ""n_8"": 5125, ""n_9"": 5114}","{""N_on_1"": 0, ""N_on_10"": 874980, ""N_on_2"": 0, ""N_on_3"": 0, ""N_on_4"": 0, ""N_on_5"": 0, ""N_on_6"": 0, ""N_on_7"": 0, ""N_on_8"": 0, ""N_on_9"": 0}",5142,5108,5134,5136,5145,5136,5139,5125,5114,78791,0,0,0,0,0,0,0,0,0,874980
UCB direct,7,ok,1000000,115572,884428,115522,1,0,51695.8459325,2.23464763786,0.0817334568271,0,0,certificate,"{""n_1"": 4759, ""n_10"": 72782, ""n_2"": 4727, ""n_3"": 4751, ""n_4"": 4754, ""n_5"": 4762, ""n_6"": 4754, ""n_7"": 4757, ""n_8"": 4743, ""n_9"": 4733}","{""N_on_1"": 0, ""N_on_10"": 884428, ""N_on_2"": 0, ""N_on_3"": 0, ""N_on_4"": 0, ""N_on_5"": 0, ""N_on_6"": 0, ""N_on_7"": 0, ""N_on_8"": 0, ""N_on_9"": 0}",4759,4727,4751,4754,4762,4754,4757,4743,4733,72782,0,0,0,0,0,0,0,0,0,884428
TS appendix,7,ok,1000000,183002,816998,182952,1,0,51695.8459325,3.53900776165,0.0996246434266,0,0,certificate,"{""n_1"": 6963, ""n_10"": 120360, ""n_2"": 6937, ""n_3"": 6957, ""n_4"": 6959, ""n_5"": 6965, ""n_6"": 6959, ""n_7"": 6961, ""n_8"": 6950, ""n_9"": 6941}","{""N_on_1"": 0, ""N_on_10"": 816998, ""N_on_2"": 0, ""N_on_3"": 0, ""N_on_4"": 0, ""N_on_5"": 0, ""N_on_6"": 0, ""N_on_7"": 0, ""N_on_8"": 0, ""N_on_9"": 0}",6963,6937,6957,6959,6965,6959,6961,6950,6941,120360,0,0,0,0,0,0,0,0,0,816998
TS direct,7,ok,1000000,163519,836481,163469,1,0,51695.8459325,3.16213028439,0.105400000079,0,0,certificate,"{""n_1"": 6224, ""n_10"": 107525, ""n_2"": 6199, ""n_3"": 6218, ""n_4"": 6220, ""n_5"": 6226, ""n_6"": 6220, ""n_7"": 6222, ""n_8"": 6212, ""n_9"": 6203}","{""N_on_1"": 0, ""N_on_10"": 836481, ""N_on_2"": 0, ""N_on_3"": 0, ""N_on_4"": 0, ""N_on_5"": 0, ""N_on_6"": 0, ""N_on_7"": 0, ""N_on_8"": 0, ""N_on_9"": 0}",6224,6199,6218,6220,6226,6220,6222,6212,6203,107525,0,0,0,0,0,0,0,0,0,836481
UCB clean,7,ok,1000000,50,999950,0,3.90019500975e-05,999911,51695.8459325,0,,,,clean_no_attack,"{""n_1"": 0, ""n_10"": 0, ""n_2"": 0, ""n_3"": 0, ""n_4"": 0, ""n_5"": 0, ""n_6"": 0, ""n_7"": 0, ""n_8"": 0, ""n_9"": 0}","{""N_on_1"": 943748, ""N_on_10"": 39, ""N_on_2"": 15524, ""N_on_3"": 9676, ""N_on_4"": 8114, ""N_on_5"": 7198, ""N_on_6"": 6780, ""N_on_7"": 4481, ""N_on_8"": 3359, ""N_on_9"": 1031}",0,0,0,0,0,0,0,0,0,0,943748,15524,9676,8114,7198,6780,4481,3359,1031,39
TS clean,7,ok,1000000,50,999950,0,2.400120006e-05,999926,51695.8459325,0,,,,clean_no_attack,"{""n_1"": 0, ""n_10"": 0, ""n_2"": 0, ""n_3"": 0, ""n_4"": 0, ""n_5"": 0, ""n_6"": 0, ""n_7"": 0, ""n_8"": 0, ""n_9"": 0}","{""N_on_1"": 976806, ""N_on_10"": 24, ""N_on_2"": 6015, ""N_on_3"": 4398, ""N_on_4"": 3667, ""N_on_5"": 2765, ""N_on_6"": 2870, ""N_on_7"": 1558, ""N_on_8"": 1322, ""N_on_9"": 525}",0,0,0,0,0,0,0,0,0,0,976806,6015,4398,3667,2765,2870,1558,1322,525,24
UCB appendix,7,ok,2500000,233430,2266570,233380,1,0,97284.8670799,2.39893425365,0.0561889559376,0,0,certificate,"{""n_1"": 9408, ""n_10"": 148836, ""n_2"": 9364, ""n_3"": 9397, ""n_4"": 9401, ""n_5"": 9412, ""n_6"": 9401, ""n_7"": 9404, ""n_8"": 9386, ""n_9"": 9371}","{""N_on_1"": 0, ""N_on_10"": 2266570, ""N_on_2"": 0, ""N_on_3"": 0, ""N_on_4"": 0, ""N_on_5"": 0, ""N_on_6"": 0, ""N_on_7"": 0, ""N_on_8"": 0, ""N_on_9"": 0}",9408,9364,9397,9401,9412,9401,9404,9386,9371,148836,0,0,0,0,0,0,0,0,0,2266570
UCB direct,7,ok,2500000,219954,2280046,219904,1,0,97284.8670799,2.26041322356,0.0615015761605,0,0,certificate,"{""n_1"": 8906, ""n_10"": 139873, ""n_2"": 8863, ""n_3"": 8896, ""n_4"": 8899, ""n_5"": 8910, ""n_6"": 8899, ""n_7"": 8903, ""n_8"": 8885, ""n_9"": 8870}","{""N_on_1"": 0, ""N_on_10"": 2280046, ""N_on_2"": 0, ""N_on_3"": 0, ""N_on_4"": 0, ""N_on_5"": 0, ""N_on_6"": 0, ""N_on_7"": 0, ""N_on_8"": 0, ""N_on_9"": 0}",8906,8863,8896,8899,8910,8899,8903,8885,8870,139873,0,0,0,0,0,0,0,0,0,2280046
TS appendix,7,ok,2500000,333798,2166202,333748,1,0,97284.8670799,3.43062605745,0.0760694484351,0,0,certificate,"{""n_1"": 12542, ""n_10"": 220971, ""n_2"": 12507, ""n_3"": 12534, ""n_4"": 12536, ""n_5"": 12545, ""n_6"": 12536, ""n_7"": 12539, ""n_8"": 12525, ""n_9"": 12513}","{""N_on_1"": 0, ""N_on_10"": 2166202, ""N_on_2"": 0, ""N_on_3"": 0, ""N_on_4"": 0, ""N_on_5"": 0, ""N_on_6"": 0, ""N_on_7"": 0, ""N_on_8"": 0, ""N_on_9"": 0}",12542,12507,12534,12536,12545,12536,12539,12525,12513,220971,0,0,0,0,0,0,0,0,0,2166202
TS direct,7,ok,2500000,306995,2193005,306945,1,0,97284.8670799,3.15511558183,0.0792000000842,0,0,certificate,"{""n_1"": 11574, ""n_10"": 202880, ""n_2"": 11540, ""n_3"": 11565, ""n_4"": 11568, ""n_5"": 11576, ""n_6"": 11568, ""n_7"": 11571, ""n_8"": 11557, ""n_9"": 11546}","{""N_on_1"": 0, ""N_on_10"": 2193005, ""N_on_2"": 0, ""N_on_3"": 0, ""N_on_4"": 0, ""N_on_5"": 0, ""N_on_6"": 0, ""N_on_7"": 0, ""N_on_8"": 0, ""N_on_9"": 0}",11574,11540,11565,11568,11576,11568,11571,11557,11546,202880,0,0,0,0,0,0,0,0,0,2193005
UCB clean,7,ok,2500000,50,2499950,0,1.64003280066e-05,2499909,97284.8670799,0,,,,clean_no_attack,"{""n_1"": 0, ""n_10"": 0, ""n_2"": 0, ""n_3"": 0, ""n_4"": 0, ""n_5"": 0, ""n_6"": 0, ""n_7"": 0, ""n_8"": 0, ""n_9"": 0}","{""N_on_1"": 2436053, ""N_on_10"": 41, ""N_on_2"": 18315, ""N_on_3"": 10928, ""N_on_4"": 9186, ""N_on_5"": 8040, ""N_on_6"": 7445, ""N_on_7"": 4957, ""N_on_8"": 3809, ""N_on_9"": 1176}",0,0,0,0,0,0,0,0,0,0,2436053,18315,10928,9186,8040,7445,4957,3809,1176,41
TS clean,7,ok,2500000,50,2499950,0,1.04002080042e-05,2499924,97284.8670799,0,,,,clean_no_attack,"{""n_1"": 0, ""n_10"": 0, ""n_2"": 0, ""n_3"": 0, ""n_4"": 0, ""n_5"": 0, ""n_6"": 0, ""n_7"": 0, ""n_8"": 0, ""n_9"": 0}","{""N_on_1"": 2473267, ""N_on_10"": 26, ""N_on_2"": 6993, ""N_on_3"": 5216, ""N_on_4"": 4243, ""N_on_5"": 3127, ""N_on_6"": 3228, ""N_on_7"": 1763, ""N_on_8"": 1506, ""N_on_9"": 581}",0,0,0,0,0,0,0,0,0,0,2473267,6993,5216,4243,3127,3228,1763,1506,581,26
UCB appendix,7,ok,5000000,374685,4625315,374635,1,0,156815.111138,2.38902359142,0.0459086149466,0,0,certificate,"{""n_1"": 14912, ""n_10"": 240589, ""n_2"": 14857, ""n_3"": 14898, ""n_4"": 14903, ""n_5"": 14916, ""n_6"": 14903, ""n_7"": 14907, ""n_8"": 14884, ""n_9"": 14866}","{""N_on_1"": 0, ""N_on_10"": 4625315, ""N_on_2"": 0, ""N_on_3"": 0, ""N_on_4"": 0, ""N_on_5"": 0, ""N_on_6"": 0, ""N_on_7"": 0, ""N_on_8"": 0, ""N_on_9"": 0}",14912,14857,14898,14903,14916,14903,14907,14884,14866,240589,0,0,0,0,0,0,0,0,0,4625315
UCB direct,7,ok,5000000,357092,4642908,357042,1,0,156815.111138,2.27683414825,0.0496781009536,0,0,certificate,"{""n_1"": 14241, ""n_10"": 229026, ""n_2"": 14188, ""n_3"": 14228, ""n_4"": 14232, ""n_5"": 14246, ""n_6"": 14232, ""n_7"": 14237, ""n_8"": 14215, ""n_9"": 14197}","{""N_on_1"": 0, ""N_on_10"": 4642908, ""N_on_2"": 0, ""N_on_3"": 0, ""N_on_4"": 0, ""N_on_5"": 0, ""N_on_6"": 0, ""N_on_7"": 0, ""N_on_8"": 0, ""N_on_9"": 0}",14241,14188,14228,14232,14246,14232,14237,14215,14197,229026,0,0,0,0,0,0,0,0,0,4642908
TS appendix,7,ok,5000000,527857,4472143,527807,1,0,156815.111138,3.36579170317,0.0618001101287,0,0,certificate,"{""n_1"": 19697, ""n_10"": 350661, ""n_2"": 19654, ""n_3"": 19686, ""n_4"": 19690, ""n_5"": 19700, ""n_6"": 19690, ""n_7"": 19693, ""n_8"": 19675, ""n_9"": 19661}","{""N_on_1"": 0, ""N_on_10"": 4472143, ""N_on_2"": 0, ""N_on_3"": 0, ""N_on_4"": 0, ""N_on_5"": 0, ""N_on_6"": 0, ""N_on_7"": 0, ""N_on_8"": 0, ""N_on_9"": 0}",19697,19654,19686,19690,19700,19690,19693,19675,19661,350661,0,0,0,0,0,0,0,0,0,4472143
TS direct,7,ok,5000000,493677,4506323,493627,1,0,156815.111138,3.1478280149,0.0639000000872,0,0,certificate,"{""n_1"": 18427, ""n_10"": 327908, ""n_2"": 18385, ""n_3"": 18416, ""n_4"": 18420, ""n_5"": 18430, ""n_6"": 18420, ""n_7"": 18423, ""n_8"": 18406, ""n_9"": 18392}","{""N_on_1"": 0, ""N_on_10"": 4506323, ""N_on_2"": 0, ""N_on_3"": 0, ""N_on_4"": 0, ""N_on_5"": 0, ""N_on_6"": 0, ""N_on_7"": 0, ""N_on_8"": 0, ""N_on_9"": 0}",18427,18385,18416,18420,18430,18420,18423,18406,18392,327908,0,0,0,0,0,0,0,0,0,4506323
UCB clean,7,ok,5000000,50,4999950,0,8.80008800088e-06,4999906,156815.111138,0,,,,clean_no_attack,"{""n_1"": 0, ""n_10"": 0, ""n_2"": 0, ""n_3"": 0, ""n_4"": 0, ""n_5"": 0, ""n_6"": 0, ""n_7"": 0, ""n_8"": 0, ""n_9"": 0}","{""N_on_1"": 4930987, ""N_on_10"": 44, ""N_on_2"": 20239, ""N_on_3"": 11726, ""N_on_4"": 9700, ""N_on_5"": 8765, ""N_on_6"": 7824, ""N_on_7"": 5363, ""N_on_8"": 4043, ""N_on_9"": 1259}",0,0,0,0,0,0,0,0,0,0,4930987,20239,11726,9700,8765,7824,5363,4043,1259,44
TS clean,7,ok,5000000,50,4999950,0,5.80005800058e-06,4999921,156815.111138,0,,,,clean_no_attack,"{""n_1"": 0, ""n_10"": 0, ""n_2"": 0, ""n_3"": 0, ""n_4"": 0, ""n_5"": 0, ""n_6"": 0, ""n_7"": 0, ""n_8"": 0, ""n_9"": 0}","{""N_on_1"": 4970340, ""N_on_10"": 29, ""N_on_2"": 7830, ""N_on_3"": 5961, ""N_on_4"": 4643, ""N_on_5"": 3451, ""N_on_6"": 3494, ""N_on_7"": 1911, ""N_on_8"": 1650, ""N_on_9"": 641}",0,0,0,0,0,0,0,0,0,0,4970340,7830,5961,4643,3451,3494,1911,1650,641,29
UCB appendix,7,ok,10000000,601714,9398286,601664,1,0,252602.65421,2.38185937468,0.037408084662,0,0,certificate,"{""n_1"": 23694, ""n_10"": 388619, ""n_2"": 23626, ""n_3"": 23677, ""n_4"": 23682, ""n_5"": 23699, ""n_6"": 23682, ""n_7"": 23688, ""n_8"": 23660, ""n_9"": 23637}","{""N_on_1"": 0, ""N_on_10"": 9398286, ""N_on_2"": 0, ""N_on_3"": 0, ""N_on_4"": 0, ""N_on_5"": 0, ""N_on_6"": 0, ""N_on_7"": 0, ""N_on_8"": 0, ""N_on_9"": 0}",23694,23626,23677,23682,23699,23682,23688,23660,23637,388619,0,0,0,0,0,0,0,0,0,9398286
UCB direct,7,ok,10000000,578774,9421226,578724,1,0,252602.65421,2.29104481032,0.0400883062563,0,0,certificate,"{""n_1"": 22789, ""n_10"": 373820, ""n_2"": 22722, ""n_3"": 22772, ""n_4"": 22778, ""n_5"": 22794, ""n_6"": 22778, ""n_7"": 22783, ""n_8"": 22755, ""n_9"": 22733}","{""N_on_1"": 0, ""N_on_10"": 9421226, ""N_on_2"": 0, ""N_on_3"": 0, ""N_on_4"": 0, ""N_on_5"": 0, ""N_on_6"": 0, ""N_on_7"": 0, ""N_on_8"": 0, ""N_on_9"": 0}",22789,22722,22772,22778,22794,22778,22783,22755,22733,373820,0,0,0,0,0,0,0,0,0,9421226
TS appendix,7,ok,10000000,836736,9163264,836686,1,0,252602.65421,3.31226131656,0.0500790975792,0,0,certificate,"{""n_1"": 31061, ""n_10"": 557295, ""n_2"": 31008, ""n_3"": 31047, ""n_4"": 31052, ""n_5"": 31065, ""n_6"": 31052, ""n_7"": 31056, ""n_8"": 31034, ""n_9"": 31016}","{""N_on_1"": 0, ""N_on_10"": 9163264, ""N_on_2"": 0, ""N_on_3"": 0, ""N_on_4"": 0, ""N_on_5"": 0, ""N_on_6"": 0, ""N_on_7"": 0, ""N_on_8"": 0, ""N_on_9"": 0}",31061,31008,31047,31052,31065,31052,31056,31034,31016,557295,0,0,0,0,0,0,0,0,0,9163264
TS direct,7,ok,10000000,793113,9206887,793063,1,0,252602.65421,3.13956716916,0.0514000000897,0,0,certificate,"{""n_1"": 29488, ""n_10"": 527823, ""n_2"": 29436, ""n_3"": 29475, ""n_4"": 29479, ""n_5"": 29492, ""n_6"": 29479, ""n_7"": 29484, ""n_8"": 29462, ""n_9"": 29445}","{""N_on_1"": 0, ""N_on_10"": 9206887, ""N_on_2"": 0, ""N_on_3"": 0, ""N_on_4"": 0, ""N_on_5"": 0, ""N_on_6"": 0, ""N_on_7"": 0, ""N_on_8"": 0, ""N_on_9"": 0}",29488,29436,29475,29479,29492,29479,29484,29462,29445,527823,0,0,0,0,0,0,0,0,0,9206887
UCB clean,7,ok,10000000,50,9999950,0,4.60002300012e-06,9999904,252602.65421,0,,,,clean_no_attack,"{""n_1"": 0, ""n_10"": 0, ""n_2"": 0, ""n_3"": 0, ""n_4"": 0, ""n_5"": 0, ""n_6"": 0, ""n_7"": 0, ""n_8"": 0, ""n_9"": 0}","{""N_on_1"": 9925266, ""N_on_10"": 46, ""N_on_2"": 22809, ""N_on_3"": 12274, ""N_on_4"": 10531, ""N_on_5"": 9265, ""N_on_6"": 8229, ""N_on_7"": 5587, ""N_on_8"": 4623, ""N_on_9"": 1320}",0,0,0,0,0,0,0,0,0,0,9925266,22809,12274,10531,9265,8229,5587,4623,1320,46
TS clean,7,ok,10000000,50,9999950,0,3.20001600008e-06,9999918,252602.65421,0,,,,clean_no_attack,"{""n_1"": 0, ""n_10"": 0, ""n_2"": 0, ""n_3"": 0, ""n_4"": 0, ""n_5"": 0, ""n_6"": 0, ""n_7"": 0, ""n_8"": 0, ""n_9"": 0}","{""N_on_1"": 9967341, ""N_on_10"": 32, ""N_on_2"": 8652, ""N_on_3"": 6635, ""N_on_4"": 5086, ""N_on_5"": 3809, ""N_on_6"": 3768, ""N_on_7"": 2107, ""N_on_8"": 1812, ""N_on_9"": 708}",0,0,0,0,0,0,0,0,0,0,9967341,8652,6635,5086,3809,3768,2107,1812,708,32
UCB appendix,7,ok,15000000,793950,14206050,793900,1,0,333755.721884,2.37868581105,0.033148778493,0,0,certificate,"{""n_1"": 31094, ""n_10"": 514280, ""n_2"": 31017, ""n_3"": 31075, ""n_4"": 31081, ""n_5"": 31100, ""n_6"": 31081, ""n_7"": 31087, ""n_8"": 31055, ""n_9"": 31030}","{""N_on_1"": 0, ""N_on_10"": 14206050, ""N_on_2"": 0, ""N_on_3"": 0, ""N_on_4"": 0, ""N_on_5"": 0, ""N_on_6"": 0, ""N_on_7"": 0, ""N_on_8"": 0, ""N_on_9"": 0}",31094,31017,31075,31081,31100,31081,31087,31055,31030,514280,0,0,0,0,0,0,0,0,0,14206050
UCB direct,7,ok,15000000,767177,14232823,767127,1,0,333755.721884,2.29846845972,0.0352905734965,0,0,certificate,"{""n_1"": 30105, ""n_10"": 496403, ""n_2"": 30030, ""n_3"": 30086, ""n_4"": 30092, ""n_5"": 30111, ""n_6"": 30092, ""n_7"": 30099, ""n_8"": 30067, ""n_9"": 30042}","{""N_on_1"": 0, ""N_on_10"": 14232823, ""N_on_2"": 0, ""N_on_3"": 0, ""N_on_4"": 0, ""N_on_5"": 0, ""N_on_6"": 0, ""N_on_7"": 0, ""N_on_8"": 0, ""N_on_9"": 0}",30105,30030,30086,30092,30111,30092,30099,30067,30042,496403,0,0,0,0,0,0,0,0,0,14232823
TS appendix,7,ok,15000000,1096528,13903472,1096478,1,0,333755.721884,3.28527101741,0.0442377130826,0,0,certificate,"{""n_1"": 40608, ""n_10"": 731181, ""n_2"": 40548, ""n_3"": 40593, ""n_4"": 40598, ""n_5"": 40613, ""n_6"": 40598, ""n_7"": 40603, ""n_8"": 40578, ""n_9"": 40558}","{""N_on_1"": 0, ""N_on_10"": 13903472, ""N_on_2"": 0, ""N_on_3"": 0, ""N_on_4"": 0, ""N_on_5"": 0, ""N_on_6"": 0, ""N_on_7"": 0, ""N_on_8"": 0, ""N_on_9"": 0}",40608,40548,40593,40598,40613,40598,40603,40578,40558,731181,0,0,0,0,0,0,0,0,0,13903472
TS direct,7,ok,15000000,1046193,13953807,1046143,1,0,333755.721884,3.1344571236,0.0453000000909,0,0,certificate,"{""n_1"": 38729, ""n_10"": 697754, ""n_2"": 38670, ""n_3"": 38714, ""n_4"": 38719, ""n_5"": 38734, ""n_6"": 38719, ""n_7"": 38724, ""n_8"": 38700, ""n_9"": 38680}","{""N_on_1"": 0, ""N_on_10"": 13953807, ""N_on_2"": 0, ""N_on_3"": 0, ""N_on_4"": 0, ""N_on_5"": 0, ""N_on_6"": 0, ""N_on_7"": 0, ""N_on_8"": 0, ""N_on_9"": 0}",38729,38670,38714,38719,38734,38719,38724,38700,38680,697754,0,0,0,0,0,0,0,0,0,13953807
UCB clean,7,ok,15000000,50,14999950,0,3.13334377781e-06,14999903,333755.721884,0,,,,clean_no_attack,"{""n_1"": 0, ""n_10"": 0, ""n_2"": 0, ""n_3"": 0, ""n_4"": 0, ""n_5"": 0, ""n_6"": 0, ""n_7"": 0, ""n_8"": 0, ""n_9"": 0}","{""N_on_1"": 14922741, ""N_on_10"": 47, ""N_on_2"": 23654, ""N_on_3"": 12726, ""N_on_4"": 10825, ""N_on_5"": 9599, ""N_on_6"": 8449, ""N_on_7"": 5827, ""N_on_8"": 4730, ""N_on_9"": 1352}",0,0,0,0,0,0,0,0,0,0,14922741,23654,12726,10825,9599,8449,5827,4730,1352,47
TS clean,7,ok,15000000,50,14999950,0,2.13334044447e-06,14999918,333755.721884,0,,,,clean_no_attack,"{""n_1"": 0, ""n_10"": 0, ""n_2"": 0, ""n_3"": 0, ""n_4"": 0, ""n_5"": 0, ""n_6"": 0, ""n_7"": 0, ""n_8"": 0, ""n_9"": 0}","{""N_on_1"": 14965734, ""N_on_10"": 32, ""N_on_2"": 9062, ""N_on_3"": 6951, ""N_on_4"": 5334, ""N_on_5"": 3985, ""N_on_6"": 3963, ""N_on_7"": 2217, ""N_on_8"": 1930, ""N_on_9"": 742}",0,0,0,0,0,0,0,0,0,0,14965734,9062,6951,5334,3985,3963,2217,1930,742,32
UCB appendix,7,ok,20000000,966584,19033416,966534,1,0,406649.214352,2.37682495352,0.0304106487353,0,0,certificate,"{""n_1"": 37721, ""n_10"": 627290, ""n_2"": 37637, ""n_3"": 37700, ""n_4"": 37707, ""n_5"": 37728, ""n_6"": 37707, ""n_7"": 37714, ""n_8"": 37679, ""n_9"": 37651}","{""N_on_1"": 0, ""N_on_10"": 19033416, ""N_on_2"": 0, ""N_on_3"": 0, ""N_on_4"": 0, ""N_on_5"": 0, ""N_on_6"": 0, ""N_on_7"": 0, ""N_on_8"": 0, ""N_on_9"": 0}",37721,37637,37700,37707,37728,37707,37714,37679,37651,627290,0,0,0,0,0,0,0,0,0,19033416
UCB direct,7,ok,20000000,936714,19063286,936664,1,0,406649.214352,2.30337098153,0.0322535928356,0,0,certificate,"{""n_1"": 36638, ""n_10"": 607166, ""n_2"": 36555, ""n_3"": 36617, ""n_4"": 36624, ""n_5"": 36644, ""n_6"": 36624, ""n_7"": 36631, ""n_8"": 36596, ""n_9"": 36569}","{""N_on_1"": 0, ""N_on_10"": 19063286, ""N_on_2"": 0, ""N_on_3"": 0, ""N_on_4"": 0, ""N_on_5"": 0, ""N_on_6"": 0, ""N_on_7"": 0, ""N_on_8"": 0, ""N_on_9"": 0}",36638,36555,36617,36624,36644,36624,36631,36596,36569,607166,0,0,0,0,0,0,0,0,0,19063286
TS appendix,7,ok,20000000,1328883,18671117,1328833,1,0,406649.214352,3.2677623689,0.0404951388542,0,0,certificate,"{""n_1"": 49142, ""n_10"": 886746, ""n_2"": 49076, ""n_3"": 49126, ""n_4"": 49131, ""n_5"": 49148, ""n_6"": 49131, ""n_7"": 49137, ""n_8"": 49109, ""n_9"": 49087}","{""N_on_1"": 0, ""N_on_10"": 18671117, ""N_on_2"": 0, ""N_on_3"": 0, ""N_on_4"": 0, ""N_on_5"": 0, ""N_on_6"": 0, ""N_on_7"": 0, ""N_on_8"": 0, ""N_on_9"": 0}",49142,49076,49126,49131,49148,49131,49137,49109,49087,886746,0,0,0,0,0,0,0,0,0,18671117
TS direct,7,ok,20000000,1273168,18726832,1273118,1,0,406649.214352,3.13075239068,0.0413500000917,0,0,certificate,"{""n_1"": 47135, ""n_10"": 849094, ""n_2"": 47070, ""n_3"": 47119, ""n_4"": 47124, ""n_5"": 47140, ""n_6"": 47124, ""n_7"": 47129, ""n_8"": 47102, ""n_9"": 47081}","{""N_on_1"": 0, ""N_on_10"": 18726832, ""N_on_2"": 0, ""N_on_3"": 0, ""N_on_4"": 0, ""N_on_5"": 0, ""N_on_6"": 0, ""N_on_7"": 0, ""N_on_8"": 0, ""N_on_9"": 0}",47135,47070,47119,47124,47140,47124,47129,47102,47081,849094,0,0,0,0,0,0,0,0,0,18726832
UCB clean,7,ok,20000000,50,19999950,0,2.40000600002e-06,19999902,406649.214352,0,,,,clean_no_attack,"{""n_1"": 0, ""n_10"": 0, ""n_2"": 0, ""n_3"": 0, ""n_4"": 0, ""n_5"": 0, ""n_6"": 0, ""n_7"": 0, ""n_8"": 0, ""n_9"": 0}","{""N_on_1"": 19921121, ""N_on_10"": 48, ""N_on_2"": 24063, ""N_on_3"": 13041, ""N_on_4"": 11178, ""N_on_5"": 9763, ""N_on_6"": 8716, ""N_on_7"": 5879, ""N_on_8"": 4767, ""N_on_9"": 1374}",0,0,0,0,0,0,0,0,0,0,19921121,24063,13041,11178,9763,8716,5879,4767,1374,48
TS clean,7,ok,20000000,50,19999950,0,1.60000400001e-06,19999918,406649.214352,0,,,,clean_no_attack,"{""n_1"": 0, ""n_10"": 0, ""n_2"": 0, ""n_3"": 0, ""n_4"": 0, ""n_5"": 0, ""n_6"": 0, ""n_7"": 0, ""n_8"": 0, ""n_9"": 0}","{""N_on_1"": 19964594, ""N_on_10"": 32, ""N_on_2"": 9357, ""N_on_3"": 7188, ""N_on_4"": 5465, ""N_on_5"": 4129, ""N_on_6"": 4146, ""N_on_7"": 2278, ""N_on_8"": 2005, ""N_on_9"": 756}",0,0,0,0,0,0,0,0,0,0,19964594,9357,7188,5465,4129,4146,2278,2005,756,32
UCB appendix,7,ok,25000000,1125959,23874041,1125909,1,0,473953.247914,2.37556975283,0.0284367219978,0,0,certificate,"{""n_1"": 43827, ""n_10"": 731726, ""n_2"": 43738, ""n_3"": 43805, ""n_4"": 43812, ""n_5"": 43835, ""n_6"": 43812, ""n_7"": 43820, ""n_8"": 43782, ""n_9"": 43752}","{""N_on_1"": 0, ""N_on_10"": 23874041, ""N_on_2"": 0, ""N_on_3"": 0, ""N_on_4"": 0, ""N_on_5"": 0, ""N_on_6"": 0, ""N_on_7"": 0, ""N_on_8"": 0, ""N_on_9"": 0}",43827,43738,43805,43812,43835,43812,43820,43782,43752,731726,0,0,0,0,0,0,0,0,0,23874041
UCB direct,7,ok,25000000,1093453,23906547,1093403,1,0,473953.247914,2.30698492903,0.0301022071606,0,0,certificate,"{""n_1"": 42595, ""n_10"": 710306, ""n_2"": 42507, ""n_3"": 42573, ""n_4"": 42580, ""n_5"": 42602, ""n_6"": 42580, ""n_7"": 42588, ""n_8"": 42551, ""n_9"": 42521}","{""N_on_1"": 0, ""N_on_10"": 23906547, ""N_on_2"": 0, ""N_on_3"": 0, ""N_on_4"": 0, ""N_on_5"": 0, ""N_on_6"": 0, ""N_on_7"": 0, ""N_on_8"": 0, ""N_on_9"": 0}",42595,42507,42573,42580,42602,42580,42588,42551,42521,710306,0,0,0,0,0,0,0,0,0,23906547
TS appendix,7,ok,25000000,1542795,23457205,1542745,1,0,473953.247914,3.2550573433,0.0378037138317,0,0,certificate,"{""n_1"": 56997, ""n_10"": 1029981, ""n_2"": 56926, ""n_3"": 56979, ""n_4"": 56985, ""n_5"": 57002, ""n_6"": 56985, ""n_7"": 56991, ""n_8"": 56961, ""n_9"": 56938}","{""N_on_1"": 0, ""N_on_10"": 23457205, ""N_on_2"": 0, ""N_on_3"": 0, ""N_on_4"": 0, ""N_on_5"": 0, ""N_on_6"": 0, ""N_on_7"": 0, ""N_on_8"": 0, ""N_on_9"": 0}",56997,56926,56979,56985,57002,56985,56991,56961,56938,1029981,0,0,0,0,0,0,0,0,0,23457205
TS direct,7,ok,25000000,1482504,23517496,1482454,1,0,473953.247914,3.12784859377,0.0385500000923,0,0,certificate,"{""n_1"": 54815, ""n_10"": 989324, ""n_2"": 54746, ""n_3"": 54797, ""n_4"": 54803, ""n_5"": 54820, ""n_6"": 54803, ""n_7"": 54809, ""n_8"": 54780, ""n_9"": 54757}","{""N_on_1"": 0, ""N_on_10"": 23517496, ""N_on_2"": 0, ""N_on_3"": 0, ""N_on_4"": 0, ""N_on_5"": 0, ""N_on_6"": 0, ""N_on_7"": 0, ""N_on_8"": 0, ""N_on_9"": 0}",54815,54746,54797,54803,54820,54803,54809,54780,54757,989324,0,0,0,0,0,0,0,0,0,23517496
UCB clean,7,ok,25000000,50,24999950,0,1.96000392001e-06,24999901,473953.247914,0,,,,clean_no_attack,"{""n_1"": 0, ""n_10"": 0, ""n_2"": 0, ""n_3"": 0, ""n_4"": 0, ""n_5"": 0, ""n_6"": 0, ""n_7"": 0, ""n_8"": 0, ""n_9"": 0}","{""N_on_1"": 24920164, ""N_on_10"": 49, ""N_on_2"": 24300, ""N_on_3"": 13100, ""N_on_4"": 11325, ""N_on_5"": 9929, ""N_on_6"": 8801, ""N_on_7"": 5997, ""N_on_8"": 4875, ""N_on_9"": 1410}",0,0,0,0,0,0,0,0,0,0,24920164,24300,13100,11325,9929,8801,5997,4875,1410,49
TS clean,7,ok,25000000,50,24999950,0,1.28000256001e-06,24999918,473953.247914,0,,,,clean_no_attack,"{""n_1"": 0, ""n_10"": 0, ""n_2"": 0, ""n_3"": 0, ""n_4"": 0, ""n_5"": 0, ""n_6"": 0, ""n_7"": 0, ""n_8"": 0, ""n_9"": 0}","{""N_on_1"": 24963704, ""N_on_10"": 32, ""N_on_2"": 9603, ""N_on_3"": 7363, ""N_on_4"": 5557, ""N_on_5"": 4234, ""N_on_6"": 4278, ""N_on_7"": 2334, ""N_on_8"": 2075, ""N_on_9"": 770}",0,0,0,0,0,0,0,0,0,0,24963704,9603,7363,5557,4234,4278,2334,2075,770,32
UCB appendix,8,ok,100000,26317,73683,26267,1,0,10480.8192431,2.50619721519,0.136595264763,0,0,certificate,"{""n_1"": 1165, ""n_10"": 15821, ""n_2"": 1161, ""n_3"": 1172, ""n_4"": 1159, ""n_5"": 1162, ""n_6"": 1158, ""n_7"": 1155, ""n_8"": 1157, ""n_9"": 1157}","{""N_on_1"": 0, ""N_on_10"": 73683, ""N_on_2"": 0, ""N_on_3"": 0, ""N_on_4"": 0, ""N_on_5"": 0, ""N_on_6"": 0, ""N_on_7"": 0, ""N_on_8"": 0, ""N_on_9"": 0}",1165,1161,1172,1159,1162,1158,1155,1157,1157,15821,0,0,0,0,0,0,0,0,0,73683
UCB direct,8,ok,100000,22491,77509,22441,1,0,10480.8192431,2.14114941585,0.163808939061,0,0,certificate,"{""n_1"": 1014, ""n_10"": 13350, ""n_2"": 1010, ""n_3"": 1021, ""n_4"": 1009, ""n_5"": 1012, ""n_6"": 1008, ""n_7"": 1005, ""n_8"": 1006, ""n_9"": 1006}","{""N_on_1"": 0, ""N_on_10"": 77509, ""N_on_2"": 0, ""N_on_3"": 0, ""N_on_4"": 0, ""N_on_5"": 0, ""N_on_6"": 0, ""N_on_7"": 0, ""N_on_8"": 0, ""N_on_9"": 0}",1014,1010,1021,1009,1012,1008,1005,1006,1006,13350,0,0,0,0,0,0,0,0,0,77509
TS appendix,8,ok,100000,41956,58044,41906,1,0,10480.8192431,3.99835156279,0.189394014492,0,0,certificate,"{""n_1"": 1689, ""n_10"": 26739, ""n_2"": 1685, ""n_3"": 1695, ""n_4"": 1684, ""n_5"": 1686, ""n_6"": 1683, ""n_7"": 1681, ""n_8"": 1682, ""n_9"": 1682}","{""N_on_1"": 0, ""N_on_10"": 58044, ""N_on_2"": 0, ""N_on_3"": 0, ""N_on_4"": 0, ""N_on_5"": 0, ""N_on_6"": 0, ""N_on_7"": 0, ""N_on_8"": 0, ""N_on_9"": 0}",1689,1685,1695,1684,1686,1683,1681,1682,1682,26739,0,0,0,0,0,0,0,0,0,58044
TS direct,8,ok,100000,33071,66929,33021,1,0,10480.8192431,3.15061248878,0.211450000058,0,0,certificate,"{""n_1"": 1357, ""n_10"": 20835, ""n_2"": 1354, ""n_3"": 1363, ""n_4"": 1353, ""n_5"": 1355, ""n_6"": 1352, ""n_7"": 1350, ""n_8"": 1351, ""n_9"": 1351}","{""N_on_1"": 0, ""N_on_10"": 66929, ""N_on_2"": 0, ""N_on_3"": 0, ""N_on_4"": 0, ""N_on_5"": 0, ""N_on_6"": 0, ""N_on_7"": 0, ""N_on_8"": 0, ""N_on_9"": 0}",1357,1354,1363,1353,1355,1352,1350,1351,1351,20835,0,0,0,0,0,0,0,0,0,66929
UCB clean,8,ok,100000,50,99950,0,0.000290145072536,99921,10480.8192431,0,,,,clean_no_attack,"{""n_1"": 0, ""n_10"": 0, ""n_2"": 0, ""n_3"": 0, ""n_4"": 0, ""n_5"": 0, ""n_6"": 0, ""n_7"": 0, ""n_8"": 0, ""n_9"": 0}","{""N_on_1"": 67924, ""N_on_10"": 29, ""N_on_2"": 8189, ""N_on_3"": 5218, ""N_on_4"": 4820, ""N_on_5"": 4136, ""N_on_6"": 3995, ""N_on_7"": 2819, ""N_on_8"": 2000, ""N_on_9"": 820}",0,0,0,0,0,0,0,0,0,0,67924,8189,5218,4820,4136,3995,2819,2000,820,29
TS clean,8,ok,100000,50,99950,0,0.000180090045023,99932,10480.8192431,0,,,,clean_no_attack,"{""n_1"": 0, ""n_10"": 0, ""n_2"": 0, ""n_3"": 0, ""n_4"": 0, ""n_5"": 0, ""n_6"": 0, ""n_7"": 0, ""n_8"": 0, ""n_9"": 0}","{""N_on_1"": 84514, ""N_on_10"": 18, ""N_on_2"": 4286, ""N_on_3"": 2744, ""N_on_4"": 1908, ""N_on_5"": 2340, ""N_on_6"": 1564, ""N_on_7"": 1251, ""N_on_8"": 897, ""N_on_9"": 428}",0,0,0,0,0,0,0,0,0,0,84514,4286,2744,1908,2340,1564,1251,897,428,18
UCB appendix,8,ok,250000,48802,201198,48752,1,0,19804.9881347,2.46160208067,0.107176742955,0,0,certificate,"{""n_1"": 2088, ""n_10"": 30011, ""n_2"": 2083, ""n_3"": 2097, ""n_4"": 2081, ""n_5"": 2084, ""n_6"": 2079, ""n_7"": 2075, ""n_8"": 2077, ""n_9"": 2077}","{""N_on_1"": 0, ""N_on_10"": 201198, ""N_on_2"": 0, ""N_on_3"": 0, ""N_on_4"": 0, ""N_on_5"": 0, ""N_on_6"": 0, ""N_on_7"": 0, ""N_on_8"": 0, ""N_on_9"": 0}",2088,2083,2097,2081,2084,2079,2075,2077,2077,30011,0,0,0,0,0,0,0,0,0,201198
UCB direct,8,ok,250000,43311,206689,43261,1,0,19804.9881347,2.18434869568,0.124186410218,0,0,certificate,"{""n_1"": 1880, ""n_10"": 26393, ""n_2"": 1874, ""n_3"": 1889, ""n_4"": 1873, ""n_5"": 1876, ""n_6"": 1871, ""n_7"": 1867, ""n_8"": 1869, ""n_9"": 1869}","{""N_on_1"": 0, ""N_on_10"": 206689, ""N_on_2"": 0, ""N_on_3"": 0, ""N_on_4"": 0, ""N_on_5"": 0, ""N_on_6"": 0, ""N_on_7"": 0, ""N_on_8"": 0, ""N_on_9"": 0}",1880,1874,1889,1873,1876,1871,1867,1869,1869,26393,0,0,0,0,0,0,0,0,0,206689
TS appendix,8,ok,250000,74780,175220,74730,1,0,19804.9881347,3.77329183395,0.147763663251,0,0,certificate,"{""n_1"": 2928, ""n_10"": 48422, ""n_2"": 2923, ""n_3"": 2935, ""n_4"": 2922, ""n_5"": 2925, ""n_6"": 2920, ""n_7"": 2917, ""n_8"": 2919, ""n_9"": 2919}","{""N_on_1"": 0, ""N_on_10"": 175220, ""N_on_2"": 0, ""N_on_3"": 0, ""N_on_4"": 0, ""N_on_5"": 0, ""N_on_6"": 0, ""N_on_7"": 0, ""N_on_8"": 0, ""N_on_9"": 0}",2928,2923,2935,2922,2925,2920,2917,2919,2919,48422,0,0,0,0,0,0,0,0,0,175220
TS direct,8,ok,250000,62683,187317,62633,1,0,19804.9881347,3.16248611583,0.160850000068,0,0,certificate,"{""n_1"": 2474, ""n_10"": 40409, ""n_2"": 2470, ""n_3"": 2480, ""n_4"": 2468, ""n_5"": 2471, ""n_6"": 2467, ""n_7"": 2464, ""n_8"": 2465, ""n_9"": 2465}","{""N_on_1"": 0, ""N_on_10"": 187317, ""N_on_2"": 0, ""N_on_3"": 0, ""N_on_4"": 0, ""N_on_5"": 0, ""N_on_6"": 0, ""N_on_7"": 0, ""N_on_8"": 0, ""N_on_9"": 0}",2474,2470,2480,2468,2471,2467,2464,2465,2465,40409,0,0,0,0,0,0,0,0,0,187317
UCB clean,8,ok,250000,50,249950,0,0.000128025605121,249918,19804.9881347,0,,,,clean_no_attack,"{""n_1"": 0, ""n_10"": 0, ""n_2"": 0, ""n_3"": 0, ""n_4"": 0, ""n_5"": 0, ""n_6"": 0, ""n_7"": 0, ""n_8"": 0, ""n_9"": 0}","{""N_on_1"": 206572, ""N_on_10"": 32, ""N_on_2"": 12301, ""N_on_3"": 7305, ""N_on_4"": 6448, ""N_on_5"": 5390, ""N_on_6"": 4996, ""N_on_7"": 3505, ""N_on_8"": 2406, ""N_on_9"": 995}",0,0,0,0,0,0,0,0,0,0,206572,12301,7305,6448,5390,4996,3505,2406,995,32
TS clean,8,ok,250000,50,249950,0,8.80176035207e-05,249928,19804.9881347,0,,,,clean_no_attack,"{""n_1"": 0, ""n_10"": 0, ""n_2"": 0, ""n_3"": 0, ""n_4"": 0, ""n_5"": 0, ""n_6"": 0, ""n_7"": 0, ""n_8"": 0, ""n_9"": 0}","{""N_on_1"": 230800, ""N_on_10"": 22, ""N_on_2"": 5542, ""N_on_3"": 3264, ""N_on_4"": 2355, ""N_on_5"": 2743, ""N_on_6"": 2000, ""N_on_7"": 1554, ""N_on_8"": 1181, ""N_on_9"": 489}",0,0,0,0,0,0,0,0,0,0,230800,5542,3264,2355,2743,2000,1554,1181,489,22
UCB appendix,8,ok,500000,78050,421950,78000,1,0,32012.3352326,2.43656076426,0.0886701991677,0,0,certificate,"{""n_1"": 3268, ""n_10"": 48649, ""n_2"": 3261, ""n_3"": 3280, ""n_4"": 3259, ""n_5"": 3264, ""n_6"": 3257, ""n_7"": 3252, ""n_8"": 3255, ""n_9"": 3255}","{""N_on_1"": 0, ""N_on_10"": 421950, ""N_on_2"": 0, ""N_on_3"": 0, ""N_on_4"": 0, ""N_on_5"": 0, ""N_on_6"": 0, ""N_on_7"": 0, ""N_on_8"": 0, ""N_on_9"": 0}",3268,3261,3280,3259,3264,3257,3252,3255,3255,48649,0,0,0,0,0,0,0,0,0,421950
UCB direct,8,ok,500000,70841,429159,70791,1,0,32012.3352326,2.21136632132,0.100978158842,0,0,certificate,"{""n_1"": 2978, ""n_10"": 44047, ""n_2"": 2972, ""n_3"": 2989, ""n_4"": 2970, ""n_5"": 2974, ""n_6"": 2968, ""n_7"": 2963, ""n_8"": 2965, ""n_9"": 2965}","{""N_on_1"": 0, ""N_on_10"": 429159, ""N_on_2"": 0, ""N_on_3"": 0, ""N_on_4"": 0, ""N_on_5"": 0, ""N_on_6"": 0, ""N_on_7"": 0, ""N_on_8"": 0, ""N_on_9"": 0}",2978,2972,2989,2970,2974,2968,2963,2965,2965,44047,0,0,0,0,0,0,0,0,0,429159
TS appendix,8,ok,500000,116679,383321,116629,1,0,32012.3352326,3.64325186378,0.121622456293,0,0,certificate,"{""n_1"": 4495, ""n_10"": 76224, ""n_2"": 4490, ""n_3"": 4504, ""n_4"": 4488, ""n_5"": 4492, ""n_6"": 4486, ""n_7"": 4482, ""n_8"": 4484, ""n_9"": 4484}","{""N_on_1"": 0, ""N_on_10"": 383321, ""N_on_2"": 0, ""N_on_3"": 0, ""N_on_4"": 0, ""N_on_5"": 0, ""N_on_6"": 0, ""N_on_7"": 0, ""N_on_8"": 0, ""N_on_9"": 0}",4495,4490,4504,4488,4492,4486,4482,4484,4484,76224,0,0,0,0,0,0,0,0,0,383321
TS direct,8,ok,500000,101347,398653,101297,1,0,32012.3352326,3.16431148381,0.130200000074,0,0,certificate,"{""n_1"": 3925, ""n_10"": 66016, ""n_2"": 3920, ""n_3"": 3934, ""n_4"": 3919, ""n_5"": 3922, ""n_6"": 3917, ""n_7"": 3914, ""n_8"": 3915, ""n_9"": 3915}","{""N_on_1"": 0, ""N_on_10"": 398653, ""N_on_2"": 0, ""N_on_3"": 0, ""N_on_4"": 0, ""N_on_5"": 0, ""N_on_6"": 0, ""N_on_7"": 0, ""N_on_8"": 0, ""N_on_9"": 0}",3925,3920,3934,3919,3922,3917,3914,3915,3915,66016,0,0,0,0,0,0,0,0,0,398653
UCB clean,8,ok,500000,50,499950,0,7.00070007001e-05,499915,32012.3352326,0,,,,clean_no_attack,"{""n_1"": 0, ""n_10"": 0, ""n_2"": 0, ""n_3"": 0, ""n_4"": 0, ""n_5"": 0, ""n_6"": 0, ""n_7"": 0, ""n_8"": 0, ""n_9"": 0}","{""N_on_1"": 449256, ""N_on_10"": 35, ""N_on_2"": 14608, ""N_on_3"": 8772, ""N_on_4"": 7404, ""N_on_5"": 6284, ""N_on_6"": 5723, ""N_on_7"": 4010, ""N_on_8"": 2785, ""N_on_9"": 1073}",0,0,0,0,0,0,0,0,0,0,449256,14608,8772,7404,6284,5723,4010,2785,1073,35
TS clean,8,ok,500000,50,499950,0,4.800480048e-05,499926,32012.3352326,0,,,,clean_no_attack,"{""n_1"": 0, ""n_10"": 0, ""n_2"": 0, ""n_3"": 0, ""n_4"": 0, ""n_5"": 0, ""n_6"": 0, ""n_7"": 0, ""n_8"": 0, ""n_9"": 0}","{""N_on_1"": 478011, ""N_on_10"": 24, ""N_on_2"": 6464, ""N_on_3"": 3772, ""N_on_4"": 2714, ""N_on_5"": 3007, ""N_on_6"": 2286, ""N_on_7"": 1759, ""N_on_8"": 1366, ""N_on_9"": 547}",0,0,0,0,0,0,0,0,0,0,478011,6464,3772,2714,3007,2286,1759,1366,547,24
UCB appendix,8,ok,1000000,125015,874985,124965,1,0,51695.8459325,2.41731221815,0.0730342468603,0,0,certificate,"{""n_1"": 5139, ""n_10"": 78789, ""n_2"": 5131, ""n_3"": 5153, ""n_4"": 5128, ""n_5"": 5134, ""n_6"": 5125, ""n_7"": 5120, ""n_8"": 5123, ""n_9"": 5123}","{""N_on_1"": 0, ""N_on_10"": 874985, ""N_on_2"": 0, ""N_on_3"": 0, ""N_on_4"": 0, ""N_on_5"": 0, ""N_on_6"": 0, ""N_on_7"": 0, ""N_on_8"": 0, ""N_on_9"": 0}",5139,5131,5153,5128,5134,5125,5120,5123,5123,78789,0,0,0,0,0,0,0,0,0,874985
UCB direct,8,ok,1000000,115568,884432,115518,1,0,51695.8459325,2.2345702622,0.0815546090006,0,0,certificate,"{""n_1"": 4777, ""n_10"": 72597, ""n_2"": 4769, ""n_3"": 4791, ""n_4"": 4767, ""n_5"": 4772, ""n_6"": 4764, ""n_7"": 4759, ""n_8"": 4761, ""n_9"": 4761}","{""N_on_1"": 0, ""N_on_10"": 884432, ""N_on_2"": 0, ""N_on_3"": 0, ""N_on_4"": 0, ""N_on_5"": 0, ""N_on_6"": 0, ""N_on_7"": 0, ""N_on_8"": 0, ""N_on_9"": 0}",4777,4769,4791,4767,4772,4764,4759,4761,4761,72597,0,0,0,0,0,0,0,0,0,884432
TS appendix,8,ok,1000000,182996,817004,182946,1,0,51695.8459325,3.53889169816,0.099623534638,0,0,certificate,"{""n_1"": 6961, ""n_10"": 120358, ""n_2"": 6954, ""n_3"": 6972, ""n_4"": 6952, ""n_5"": 6957, ""n_6"": 6950, ""n_7"": 6946, ""n_8"": 6948, ""n_9"": 6948}","{""N_on_1"": 0, ""N_on_10"": 817004, ""N_on_2"": 0, ""N_on_3"": 0, ""N_on_4"": 0, ""N_on_5"": 0, ""N_on_6"": 0, ""N_on_7"": 0, ""N_on_8"": 0, ""N_on_9"": 0}",6961,6954,6972,6952,6957,6950,6946,6948,6948,120358,0,0,0,0,0,0,0,0,0,817004
TS direct,8,ok,1000000,163517,836483,163467,1,0,51695.8459325,3.16209159656,0.105100000079,0,0,certificate,"{""n_1"": 6258, ""n_10"": 107208, ""n_2"": 6251, ""n_3"": 6268, ""n_4"": 6249, ""n_5"": 6253, ""n_6"": 6247, ""n_7"": 6243, ""n_8"": 6245, ""n_9"": 6245}","{""N_on_1"": 0, ""N_on_10"": 836483, ""N_on_2"": 0, ""N_on_3"": 0, ""N_on_4"": 0, ""N_on_5"": 0, ""N_on_6"": 0, ""N_on_7"": 0, ""N_on_8"": 0, ""N_on_9"": 0}",6258,6251,6268,6249,6253,6247,6243,6245,6245,107208,0,0,0,0,0,0,0,0,0,836483
UCB clean,8,ok,1000000,50,999950,0,3.70018500925e-05,999913,51695.8459325,0,,,,clean_no_attack,"{""n_1"": 0, ""n_10"": 0, ""n_2"": 0, ""n_3"": 0, ""n_4"": 0, ""n_5"": 0, ""n_6"": 0, ""n_7"": 0, ""n_8"": 0, ""n_9"": 0}","{""N_on_1"": 941841, ""N_on_10"": 37, ""N_on_2"": 18008, ""N_on_3"": 9658, ""N_on_4"": 8246, ""N_on_5"": 7034, ""N_on_6"": 6422, ""N_on_7"": 4353, ""N_on_8"": 3176, ""N_on_9"": 1175}",0,0,0,0,0,0,0,0,0,0,941841,18008,9658,8246,7034,6422,4353,3176,1175,37
TS clean,8,ok,1000000,50,999950,0,2.70013500675e-05,999923,51695.8459325,0,,,,clean_no_attack,"{""n_1"": 0, ""n_10"": 0, ""n_2"": 0, ""n_3"": 0, ""n_4"": 0, ""n_5"": 0, ""n_6"": 0, ""n_7"": 0, ""n_8"": 0, ""n_9"": 0}","{""N_on_1"": 975464, ""N_on_10"": 27, ""N_on_2"": 7264, ""N_on_3"": 4172, ""N_on_4"": 3094, ""N_on_5"": 3358, ""N_on_6"": 2537, ""N_on_7"": 1901, ""N_on_8"": 1532, ""N_on_9"": 601}",0,0,0,0,0,0,0,0,0,0,975464,7264,4172,3094,3358,2537,1901,1532,601,27
UCB appendix,8,ok,2500000,233419,2266581,233369,1,0,97284.8670799,2.39882118365,0.0561881064342,0,0,certificate,"{""n_1"": 9404, ""n_10"": 148833, ""n_2"": 9393, ""n_3"": 9423, ""n_4"": 9390, ""n_5"": 9397, ""n_6"": 9386, ""n_7"": 9379, ""n_8"": 9382, ""n_9"": 9382}","{""N_on_1"": 0, ""N_on_10"": 2266581, ""N_on_2"": 0, ""N_on_3"": 0, ""N_on_4"": 0, ""N_on_5"": 0, ""N_on_6"": 0, ""N_on_7"": 0, ""N_on_8"": 0, ""N_on_9"": 0}",9404,9393,9423,9390,9397,9386,9379,9382,9382,148833,0,0,0,0,0,0,0,0,0,2266581
UCB direct,8,ok,2500000,219948,2280052,219898,1,0,97284.8670799,2.26035154902,0.0615922864497,0,0,certificate,"{""n_1"": 8877, ""n_10"": 140107, ""n_2"": 8866, ""n_3"": 8895, ""n_4"": 8862, ""n_5"": 8870, ""n_6"": 8859, ""n_7"": 8852, ""n_8"": 8855, ""n_9"": 8855}","{""N_on_1"": 0, ""N_on_10"": 2280052, ""N_on_2"": 0, ""N_on_3"": 0, ""N_on_4"": 0, ""N_on_5"": 0, ""N_on_6"": 0, ""N_on_7"": 0, ""N_on_8"": 0, ""N_on_9"": 0}",8877,8866,8895,8862,8870,8859,8852,8855,8855,140107,0,0,0,0,0,0,0,0,0,2280052
TS appendix,8,ok,2500000,333794,2166206,333744,1,0,97284.8670799,3.43058494109,0.0760688233709,0,0,certificate,"{""n_1"": 12540, ""n_10"": 220969, ""n_2"": 12531, ""n_3"": 12554, ""n_4"": 12528, ""n_5"": 12534, ""n_6"": 12525, ""n_7"": 12519, ""n_8"": 12522, ""n_9"": 12522}","{""N_on_1"": 0, ""N_on_10"": 2166206, ""N_on_2"": 0, ""N_on_3"": 0, ""N_on_4"": 0, ""N_on_5"": 0, ""N_on_6"": 0, ""N_on_7"": 0, ""N_on_8"": 0, ""N_on_9"": 0}",12540,12531,12554,12528,12534,12525,12519,12522,12522,220969,0,0,0,0,0,0,0,0,0,2166206
TS direct,8,ok,2500000,306990,2193010,306940,1,0,97284.8670799,3.15506418637,0.0791500000842,0,0,certificate,"{""n_1"": 11585, ""n_10"": 202750, ""n_2"": 11577, ""n_3"": 11599, ""n_4"": 11574, ""n_5"": 11580, ""n_6"": 11571, ""n_7"": 11566, ""n_8"": 11569, ""n_9"": 11569}","{""N_on_1"": 0, ""N_on_10"": 2193010, ""N_on_2"": 0, ""N_on_3"": 0, ""N_on_4"": 0, ""N_on_5"": 0, ""N_on_6"": 0, ""N_on_7"": 0, ""N_on_8"": 0, ""N_on_9"": 0}",11585,11577,11599,11574,11580,11571,11566,11569,11569,202750,0,0,0,0,0,0,0,0,0,2193010
UCB clean,8,ok,2500000,50,2499950,0,1.60003200064e-05,2499910,97284.8670799,0,,,,clean_no_attack,"{""n_1"": 0, ""n_10"": 0, ""n_2"": 0, ""n_3"": 0, ""n_4"": 0, ""n_5"": 0, ""n_6"": 0, ""n_7"": 0, ""n_8"": 0, ""n_9"": 0}","{""N_on_1"": 2432929, ""N_on_10"": 40, ""N_on_2"": 21258, ""N_on_3"": 11301, ""N_on_4"": 9261, ""N_on_5"": 8189, ""N_on_6"": 7412, ""N_on_7"": 4788, ""N_on_8"": 3492, ""N_on_9"": 1280}",0,0,0,0,0,0,0,0,0,0,2432929,21258,11301,9261,8189,7412,4788,3492,1280,40
TS clean,8,ok,2500000,50,2499950,0,1.16002320046e-05,2499921,97284.8670799,0,,,,clean_no_attack,"{""n_1"": 0, ""n_10"": 0, ""n_2"": 0, ""n_3"": 0, ""n_4"": 0, ""n_5"": 0, ""n_6"": 0, ""n_7"": 0, ""n_8"": 0, ""n_9"": 0}","{""N_on_1"": 2471889, ""N_on_10"": 29, ""N_on_2"": 8277, ""N_on_3"": 4723, ""N_on_4"": 3622, ""N_on_5"": 3848, ""N_on_6"": 2982, ""N_on_7"": 2161, ""N_on_8"": 1752, ""N_on_9"": 667}",0,0,0,0,0,0,0,0,0,0,2471889,8277,4723,3622,3848,2982,2161,1752,667,29
UCB appendix,8,ok,5000000,374676,4625324,374626,1,0,156815.111138,2.388966199,0.04590807676,0,0,certificate,"{""n_1"": 14908, ""n_10"": 240586, ""n_2"": 14894, ""n_3"": 14930, ""n_4"": 14889, ""n_5"": 14898, ""n_6"": 14885, ""n_7"": 14876, ""n_8"": 14880, ""n_9"": 14880}","{""N_on_1"": 0, ""N_on_10"": 4625324, ""N_on_2"": 0, ""N_on_3"": 0, ""N_on_4"": 0, ""N_on_5"": 0, ""N_on_6"": 0, ""N_on_7"": 0, ""N_on_8"": 0, ""N_on_9"": 0}",14908,14894,14930,14889,14898,14885,14876,14880,14880,240586,0,0,0,0,0,0,0,0,0,4625324
UCB direct,8,ok,5000000,357083,4642917,357033,1,0,156815.111138,2.27677675582,0.0495864439409,0,0,certificate,"{""n_1"": 14289, ""n_10"": 228557, ""n_2"": 14276, ""n_3"": 14311, ""n_4"": 14271, ""n_5"": 14280, ""n_6"": 14267, ""n_7"": 14258, ""n_8"": 14262, ""n_9"": 14262}","{""N_on_1"": 0, ""N_on_10"": 4642917, ""N_on_2"": 0, ""N_on_3"": 0, ""N_on_4"": 0, ""N_on_5"": 0, ""N_on_6"": 0, ""N_on_7"": 0, ""N_on_8"": 0, ""N_on_9"": 0}",14289,14276,14311,14271,14280,14267,14258,14262,14262,228557,0,0,0,0,0,0,0,0,0,4642917
TS appendix,8,ok,5000000,527848,4472152,527798,1,0,156815.111138,3.36573431075,0.0617997079454,0,0,certificate,"{""n_1"": 19693, ""n_10"": 350659, ""n_2"": 19683, ""n_3"": 19711, ""n_4"": 19679, ""n_5"": 19686, ""n_6"": 19675, ""n_7"": 19668, ""n_8"": 19672, ""n_9"": 19672}","{""N_on_1"": 0, ""N_on_10"": 4472152, ""N_on_2"": 0, ""N_on_3"": 0, ""N_on_4"": 0, ""N_on_5"": 0, ""N_on_6"": 0, ""N_on_7"": 0, ""N_on_8"": 0, ""N_on_9"": 0}",19693,19683,19711,19679,19686,19675,19668,19672,19672,350659,0,0,0,0,0,0,0,0,0,4472152
TS direct,8,ok,5000000,493672,4506328,493622,1,0,156815.111138,3.14779613022,0.0638500000872,0,0,certificate,"{""n_1"": 18452, ""n_10"": 327650, ""n_2"": 18442, ""n_3"": 18470, ""n_4"": 18438, ""n_5"": 18445, ""n_6"": 18435, ""n_7"": 18428, ""n_8"": 18431, ""n_9"": 18431}","{""N_on_1"": 0, ""N_on_10"": 4506328, ""N_on_2"": 0, ""N_on_3"": 0, ""N_on_4"": 0, ""N_on_5"": 0, ""N_on_6"": 0, ""N_on_7"": 0, ""N_on_8"": 0, ""N_on_9"": 0}",18452,18442,18470,18438,18445,18435,18428,18431,18431,327650,0,0,0,0,0,0,0,0,0,4506328
UCB clean,8,ok,5000000,50,4999950,0,8.40008400084e-06,4999908,156815.111138,0,,,,clean_no_attack,"{""n_1"": 0, ""n_10"": 0, ""n_2"": 0, ""n_3"": 0, ""n_4"": 0, ""n_5"": 0, ""n_6"": 0, ""n_7"": 0, ""n_8"": 0, ""n_9"": 0}","{""N_on_1"": 4927513, ""N_on_10"": 42, ""N_on_2"": 22920, ""N_on_3"": 12262, ""N_on_4"": 9964, ""N_on_5"": 9020, ""N_on_6"": 8038, ""N_on_7"": 5156, ""N_on_8"": 3694, ""N_on_9"": 1341}",0,0,0,0,0,0,0,0,0,0,4927513,22920,12262,9964,9020,8038,5156,3694,1341,42
TS clean,8,ok,5000000,50,4999950,0,5.80005800058e-06,4999921,156815.111138,0,,,,clean_no_attack,"{""n_1"": 0, ""n_10"": 0, ""n_2"": 0, ""n_3"": 0, ""n_4"": 0, ""n_5"": 0, ""n_6"": 0, ""n_7"": 0, ""n_8"": 0, ""n_9"": 0}","{""N_on_1"": 4969533, ""N_on_10"": 29, ""N_on_2"": 9010, ""N_on_3"": 5016, ""N_on_4"": 3912, ""N_on_5"": 4261, ""N_on_6"": 3248, ""N_on_7"": 2320, ""N_on_8"": 1907, ""N_on_9"": 714}",0,0,0,0,0,0,0,0,0,0,4969533,9010,5016,3912,4261,3248,2320,1907,714,29
UCB appendix,8,ok,10000000,601702,9398298,601652,1,0,252602.65421,2.38181186924,0.037407744727,0,0,certificate,"{""n_1"": 23688, ""n_10"": 388615, ""n_2"": 23671, ""n_3"": 23716, ""n_4"": 23666, ""n_5"": 23677, ""n_6"": 23660, ""n_7"": 23649, ""n_8"": 23655, ""n_9"": 23655}","{""N_on_1"": 0, ""N_on_10"": 9398298, ""N_on_2"": 0, ""N_on_3"": 0, ""N_on_4"": 0, ""N_on_5"": 0, ""N_on_6"": 0, ""N_on_7"": 0, ""N_on_8"": 0, ""N_on_9"": 0}",23688,23671,23716,23666,23677,23660,23649,23655,23655,388615,0,0,0,0,0,0,0,0,0,9398298
UCB direct,8,ok,10000000,578763,9421237,578713,1,0,252602.65421,2.29100126366,0.0400883062563,0,0,certificate,"{""n_1"": 22783, ""n_10"": 373821, ""n_2"": 22766, ""n_3"": 22811, ""n_4"": 22761, ""n_5"": 22772, ""n_6"": 22755, ""n_7"": 22744, ""n_8"": 22750, ""n_9"": 22750}","{""N_on_1"": 0, ""N_on_10"": 9421237, ""N_on_2"": 0, ""N_on_3"": 0, ""N_on_4"": 0, ""N_on_5"": 0, ""N_on_6"": 0, ""N_on_7"": 0, ""N_on_8"": 0, ""N_on_9"": 0}",22783,22766,22811,22761,22772,22755,22744,22750,22750,373821,0,0,0,0,0,0,0,0,0,9421237
TS appendix,8,ok,10000000,836728,9163272,836678,1,0,252602.65421,3.31222964627,0.0500788410022,0,0,certificate,"{""n_1"": 31057, ""n_10"": 557292, ""n_2"": 31043, ""n_3"": 31079, ""n_4"": 31039, ""n_5"": 31048, ""n_6"": 31034, ""n_7"": 31026, ""n_8"": 31030, ""n_9"": 31030}","{""N_on_1"": 0, ""N_on_10"": 9163272, ""N_on_2"": 0, ""N_on_3"": 0, ""N_on_4"": 0, ""N_on_5"": 0, ""N_on_6"": 0, ""N_on_7"": 0, ""N_on_8"": 0, ""N_on_9"": 0}",31057,31043,31079,31039,31048,31034,31026,31030,31030,557292,0,0,0,0,0,0,0,0,0,9163272
TS direct,8,ok,10000000,793107,9206893,793057,1,0,252602.65421,3.13954341644,0.0514000000897,0,0,certificate,"{""n_1"": 29484, ""n_10"": 527823, ""n_2"": 29471, ""n_3"": 29505, ""n_4"": 29467, ""n_5"": 29475, ""n_6"": 29462, ""n_7"": 29454, ""n_8"": 29458, ""n_9"": 29458}","{""N_on_1"": 0, ""N_on_10"": 9206893, ""N_on_2"": 0, ""N_on_3"": 0, ""N_on_4"": 0, ""N_on_5"": 0, ""N_on_6"": 0, ""N_on_7"": 0, ""N_on_8"": 0, ""N_on_9"": 0}",29484,29471,29505,29467,29475,29462,29454,29458,29458,527823,0,0,0,0,0,0,0,0,0,9206893
UCB clean,8,ok,10000000,50,9999950,0,4.40002200011e-06,9999906,252602.65421,0,,,,clean_no_attack,"{""n_1"": 0, ""n_10"": 0, ""n_2"": 0, ""n_3"": 0, ""n_4"": 0, ""n_5"": 0, ""n_6"": 0, ""n_7"": 0, ""n_8"": 0, ""n_9"": 0}","{""N_on_1"": 9922064, ""N_on_10"": 44, ""N_on_2"": 25018, ""N_on_3"": 12986, ""N_on_4"": 10529, ""N_on_5"": 9589, ""N_on_6"": 8794, ""N_on_7"": 5561, ""N_on_8"": 3931, ""N_on_9"": 1434}",0,0,0,0,0,0,0,0,0,0,9922064,25018,12986,10529,9589,8794,5561,3931,1434,44
TS clean,8,ok,10000000,50,9999950,0,2.90001450007e-06,9999921,252602.65421,0,,,,clean_no_attack,"{""n_1"": 0, ""n_10"": 0, ""n_2"": 0, ""n_3"": 0, ""n_4"": 0, ""n_5"": 0, ""n_6"": 0, ""n_7"": 0, ""n_8"": 0, ""n_9"": 0}","{""N_on_1"": 9966797, ""N_on_10"": 29, ""N_on_2"": 9793, ""N_on_3"": 5368, ""N_on_4"": 4303, ""N_on_5"": 4801, ""N_on_6"": 3551, ""N_on_7"": 2503, ""N_on_8"": 2038, ""N_on_9"": 767}",0,0,0,0,0,0,0,0,0,0,9966797,9793,5368,4303,4801,3551,2503,2038,767,29
UCB appendix,8,ok,15000000,793939,14206061,793889,1,0,333755.721884,2.37865285281,0.0331485184349,0,0,certificate,"{""n_1"": 31088, ""n_10"": 514276, ""n_2"": 31069, ""n_3"": 31120, ""n_4"": 31062, ""n_5"": 31075, ""n_6"": 31056, ""n_7"": 31043, ""n_8"": 31050, ""n_9"": 31050}","{""N_on_1"": 0, ""N_on_10"": 14206061, ""N_on_2"": 0, ""N_on_3"": 0, ""N_on_4"": 0, ""N_on_5"": 0, ""N_on_6"": 0, ""N_on_7"": 0, ""N_on_8"": 0, ""N_on_9"": 0}",31088,31069,31120,31062,31075,31056,31043,31050,31050,514276,0,0,0,0,0,0,0,0,0,14206061
UCB direct,8,ok,15000000,767165,14232835,767115,1,0,333755.721884,2.29843250528,0.0352905734965,0,0,certificate,"{""n_1"": 30099, ""n_10"": 496403, ""n_2"": 30080, ""n_3"": 30130, ""n_4"": 30073, ""n_5"": 30086, ""n_6"": 30067, ""n_7"": 30055, ""n_8"": 30061, ""n_9"": 30061}","{""N_on_1"": 0, ""N_on_10"": 14232835, ""N_on_2"": 0, ""N_on_3"": 0, ""N_on_4"": 0, ""N_on_5"": 0, ""N_on_6"": 0, ""N_on_7"": 0, ""N_on_8"": 0, ""N_on_9"": 0}",30099,30080,30130,30073,30086,30067,30055,30061,30061,496403,0,0,0,0,0,0,0,0,0,14232835
TS appendix,8,ok,15000000,1096515,13903485,1096465,1,0,333755.721884,3.28523206677,0.0442375156188,0,0,certificate,"{""n_1"": 40603, ""n_10"": 731178, ""n_2"": 40588, ""n_3"": 40628, ""n_4"": 40583, ""n_5"": 40593, ""n_6"": 40578, ""n_7"": 40568, ""n_8"": 40573, ""n_9"": 40573}","{""N_on_1"": 0, ""N_on_10"": 13903485, ""N_on_2"": 0, ""N_on_3"": 0, ""N_on_4"": 0, ""N_on_5"": 0, ""N_on_6"": 0, ""N_on_7"": 0, ""N_on_8"": 0, ""N_on_9"": 0}",40603,40588,40628,40583,40593,40578,40568,40573,40573,731178,0,0,0,0,0,0,0,0,0,13903485
TS direct,8,ok,15000000,1046185,13953815,1046135,1,0,333755.721884,3.13443315397,0.0452500000909,0,0,certificate,"{""n_1"": 38810, ""n_10"": 696986, ""n_2"": 38795, ""n_3"": 38834, ""n_4"": 38790, ""n_5"": 38800, ""n_6"": 38785, ""n_7"": 38775, ""n_8"": 38780, ""n_9"": 38780}","{""N_on_1"": 0, ""N_on_10"": 13953815, ""N_on_2"": 0, ""N_on_3"": 0, ""N_on_4"": 0, ""N_on_5"": 0, ""N_on_6"": 0, ""N_on_7"": 0, ""N_on_8"": 0, ""N_on_9"": 0}",38810,38795,38834,38790,38800,38785,38775,38780,38780,696986,0,0,0,0,0,0,0,0,0,13953815
UCB clean,8,ok,15000000,50,14999950,0,3.06667688892e-06,14999904,333755.721884,0,,,,clean_no_attack,"{""n_1"": 0, ""n_10"": 0, ""n_2"": 0, ""n_3"": 0, ""n_4"": 0, ""n_5"": 0, ""n_6"": 0, ""n_7"": 0, ""n_8"": 0, ""n_9"": 0}","{""N_on_1"": 14918669, ""N_on_10"": 46, ""N_on_2"": 26456, ""N_on_3"": 13326, ""N_on_4"": 10965, ""N_on_5"": 10098, ""N_on_6"": 9080, ""N_on_7"": 5787, ""N_on_8"": 4052, ""N_on_9"": 1471}",0,0,0,0,0,0,0,0,0,0,14918669,26456,13326,10965,10098,9080,5787,4052,1471,46
TS clean,8,ok,15000000,50,14999950,0,2.13334044447e-06,14999918,333755.721884,0,,,,clean_no_attack,"{""n_1"": 0, ""n_10"": 0, ""n_2"": 0, ""n_3"": 0, ""n_4"": 0, ""n_5"": 0, ""n_6"": 0, ""n_7"": 0, ""n_8"": 0, ""n_9"": 0}","{""N_on_1"": 14965195, ""N_on_10"": 32, ""N_on_2"": 10302, ""N_on_3"": 5584, ""N_on_4"": 4432, ""N_on_5"": 5115, ""N_on_6"": 3778, ""N_on_7"": 2584, ""N_on_8"": 2138, ""N_on_9"": 790}",0,0,0,0,0,0,0,0,0,0,14965195,10302,5584,4432,5115,3778,2584,2138,790,32
UCB appendix,8,ok,20000000,966565,19033435,966515,1,0,406649.214352,2.3767782302,0.0304104335521,0,0,certificate,"{""n_1"": 37714, ""n_10"": 627285, ""n_2"": 37693, ""n_3"": 37749, ""n_4"": 37686, ""n_5"": 37700, ""n_6"": 37679, ""n_7"": 37665, ""n_8"": 37672, ""n_9"": 37672}","{""N_on_1"": 0, ""N_on_10"": 19033435, ""N_on_2"": 0, ""N_on_3"": 0, ""N_on_4"": 0, ""N_on_5"": 0, ""N_on_6"": 0, ""N_on_7"": 0, ""N_on_8"": 0, ""N_on_9"": 0}",37714,37693,37749,37686,37700,37679,37665,37672,37672,627285,0,0,0,0,0,0,0,0,0,19033435
UCB direct,8,ok,20000000,936702,19063298,936652,1,0,406649.214352,2.30334147207,0.0322535928356,0,0,certificate,"{""n_1"": 36631, ""n_10"": 607167, ""n_2"": 36610, ""n_3"": 36665, ""n_4"": 36603, ""n_5"": 36617, ""n_6"": 36596, ""n_7"": 36583, ""n_8"": 36590, ""n_9"": 36590}","{""N_on_1"": 0, ""N_on_10"": 19063298, ""N_on_2"": 0, ""N_on_3"": 0, ""N_on_4"": 0, ""N_on_5"": 0, ""N_on_6"": 0, ""N_on_7"": 0, ""N_on_8"": 0, ""N_on_9"": 0}",36631,36610,36665,36603,36617,36596,36583,36590,36590,607167,0,0,0,0,0,0,0,0,0,19063298
TS appendix,8,ok,20000000,1328873,18671127,1328823,1,0,406649.214352,3.26773777768,0.0404949754647,0,0,certificate,"{""n_1"": 49137, ""n_10"": 886743, ""n_2"": 49121, ""n_3"": 49164, ""n_4"": 49115, ""n_5"": 49126, ""n_6"": 49110, ""n_7"": 49099, ""n_8"": 49104, ""n_9"": 49104}","{""N_on_1"": 0, ""N_on_10"": 18671127, ""N_on_2"": 0, ""N_on_3"": 0, ""N_on_4"": 0, ""N_on_5"": 0, ""N_on_6"": 0, ""N_on_7"": 0, ""N_on_8"": 0, ""N_on_9"": 0}",49137,49121,49164,49115,49126,49110,49099,49104,49104,886743,0,0,0,0,0,0,0,0,0,18671127
TS direct,8,ok,20000000,1273158,18726842,1273108,1,0,406649.214352,3.13072779946,0.0413500000917,0,0,certificate,"{""n_1"": 47129, ""n_10"": 849095, ""n_2"": 47113, ""n_3"": 47156, ""n_4"": 47108, ""n_5"": 47119, ""n_6"": 47102, ""n_7"": 47092, ""n_8"": 47097, ""n_9"": 47097}","{""N_on_1"": 0, ""N_on_10"": 18726842, ""N_on_2"": 0, ""N_on_3"": 0, ""N_on_4"": 0, ""N_on_5"": 0, ""N_on_6"": 0, ""N_on_7"": 0, ""N_on_8"": 0, ""N_on_9"": 0}",47129,47113,47156,47108,47119,47102,47092,47097,47097,849095,0,0,0,0,0,0,0,0,0,18726842
UCB clean,8,ok,20000000,50,19999950,0,2.35000587501e-06,19999903,406649.214352,0,,,,clean_no_attack,"{""n_1"": 0, ""n_10"": 0, ""n_2"": 0, ""n_3"": 0, ""n_4"": 0, ""n_5"": 0, ""n_6"": 0, ""n_7"": 0, ""n_8"": 0, ""n_9"": 0}","{""N_on_1"": 19916418, ""N_on_10"": 47, ""N_on_2"": 27095, ""N_on_3"": 13650, ""N_on_4"": 11382, ""N_on_5"": 10464, ""N_on_6"": 9260, ""N_on_7"": 6045, ""N_on_8"": 4107, ""N_on_9"": 1482}",0,0,0,0,0,0,0,0,0,0,19916418,27095,13650,11382,10464,9260,6045,4107,1482,47
TS clean,8,ok,20000000,50,19999950,0,1.65000412501e-06,19999917,406649.214352,0,,,,clean_no_attack,"{""n_1"": 0, ""n_10"": 0, ""n_2"": 0, ""n_3"": 0, ""n_4"": 0, ""n_5"": 0, ""n_6"": 0, ""n_7"": 0, ""n_8"": 0, ""n_9"": 0}","{""N_on_1"": 19964207, ""N_on_10"": 33, ""N_on_2"": 10597, ""N_on_3"": 5756, ""N_on_4"": 4532, ""N_on_5"": 5271, ""N_on_6"": 3897, ""N_on_7"": 2658, ""N_on_8"": 2193, ""N_on_9"": 806}",0,0,0,0,0,0,0,0,0,0,19964207,10597,5756,4532,5271,3897,2658,2193,806,33
UCB appendix,8,ok,25000000,1125944,23874056,1125894,1,0,473953.247914,2.37553810414,0.0284365376063,0,0,certificate,"{""n_1"": 43820, ""n_10"": 731722, ""n_2"": 43798, ""n_3"": 43858, ""n_4"": 43790, ""n_5"": 43805, ""n_6"": 43783, ""n_7"": 43768, ""n_8"": 43775, ""n_9"": 43775}","{""N_on_1"": 0, ""N_on_10"": 23874056, ""N_on_2"": 0, ""N_on_3"": 0, ""N_on_4"": 0, ""N_on_5"": 0, ""N_on_6"": 0, ""N_on_7"": 0, ""N_on_8"": 0, ""N_on_9"": 0}",43820,43798,43858,43790,43805,43783,43768,43775,43775,731722,0,0,0,0,0,0,0,0,0,23874056
UCB direct,8,ok,25000000,1093437,23906563,1093387,1,0,473953.247914,2.30695117042,0.0301022071606,0,0,certificate,"{""n_1"": 42588, ""n_10"": 710306, ""n_2"": 42565, ""n_3"": 42624, ""n_4"": 42558, ""n_5"": 42573, ""n_6"": 42551, ""n_7"": 42536, ""n_8"": 42543, ""n_9"": 42543}","{""N_on_1"": 0, ""N_on_10"": 23906563, ""N_on_2"": 0, ""N_on_3"": 0, ""N_on_4"": 0, ""N_on_5"": 0, ""N_on_6"": 0, ""N_on_7"": 0, ""N_on_8"": 0, ""N_on_9"": 0}",42588,42565,42624,42558,42573,42551,42536,42543,42543,710306,0,0,0,0,0,0,0,0,0,23906563
TS appendix,8,ok,25000000,1542783,23457217,1542733,1,0,473953.247914,3.25503202434,0.037803572669,0,0,certificate,"{""n_1"": 56991, ""n_10"": 1029977, ""n_2"": 56974, ""n_3"": 57020, ""n_4"": 56968, ""n_5"": 56979, ""n_6"": 56962, ""n_7"": 56950, ""n_8"": 56956, ""n_9"": 56956}","{""N_on_1"": 0, ""N_on_10"": 23457217, ""N_on_2"": 0, ""N_on_3"": 0, ""N_on_4"": 0, ""N_on_5"": 0, ""N_on_6"": 0, ""N_on_7"": 0, ""N_on_8"": 0, ""N_on_9"": 0}",56991,56974,57020,56968,56979,56962,56950,56956,56956,1029977,0,0,0,0,0,0,0,0,0,23457217
TS direct,8,ok,25000000,1482494,23517506,1482444,1,0,473953.247914,3.12782749464,0.0385500000923,0,0,certificate,"{""n_1"": 54809, ""n_10"": 989325, ""n_2"": 54792, ""n_3"": 54838, ""n_4"": 54786, ""n_5"": 54797, ""n_6"": 54780, ""n_7"": 54769, ""n_8"": 54774, ""n_9"": 54774}","{""N_on_1"": 0, ""N_on_10"": 23517506, ""N_on_2"": 0, ""N_on_3"": 0, ""N_on_4"": 0, ""N_on_5"": 0, ""N_on_6"": 0, ""N_on_7"": 0, ""N_on_8"": 0, ""N_on_9"": 0}",54809,54792,54838,54786,54797,54780,54769,54774,54774,989325,0,0,0,0,0,0,0,0,0,23517506
UCB clean,8,ok,25000000,50,24999950,0,1.88000376001e-06,24999903,473953.247914,0,,,,clean_no_attack,"{""n_1"": 0, ""n_10"": 0, ""n_2"": 0, ""n_3"": 0, ""n_4"": 0, ""n_5"": 0, ""n_6"": 0, ""n_7"": 0, ""n_8"": 0, ""n_9"": 0}","{""N_on_1"": 24914340, ""N_on_10"": 47, ""N_on_2"": 28209, ""N_on_3"": 13844, ""N_on_4"": 11590, ""N_on_5"": 10675, ""N_on_6"": 9415, ""N_on_7"": 6126, ""N_on_8"": 4175, ""N_on_9"": 1529}",0,0,0,0,0,0,0,0,0,0,24914340,28209,13844,11590,10675,9415,6126,4175,1529,47
TS clean,8,ok,25000000,50,24999950,0,1.36000272001e-06,24999916,473953.247914,0,,,,clean_no_attack,"{""n_1"": 0, ""n_10"": 0, ""n_2"": 0, ""n_3"": 0, ""n_4"": 0, ""n_5"": 0, ""n_6"": 0, ""n_7"": 0, ""n_8"": 0, ""n_9"": 0}","{""N_on_1"": 24963361, ""N_on_10"": 34, ""N_on_2"": 10815, ""N_on_3"": 5907, ""N_on_4"": 4645, ""N_on_5"": 5390, ""N_on_6"": 3993, ""N_on_7"": 2733, ""N_on_8"": 2247, ""N_on_9"": 825}",0,0,0,0,0,0,0,0,0,0,24963361,10815,5907,4645,5390,3993,2733,2247,825,34
UCB appendix,9,ok,100000,26297,73703,26247,1,0,10480.8192431,2.50428896742,0.136549705305,0,0,certificate,"{""n_1"": 1166, ""n_10"": 15815, ""n_2"": 1156, ""n_3"": 1159, ""n_4"": 1166, ""n_5"": 1164, ""n_6"": 1143, ""n_7"": 1164, ""n_8"": 1154, ""n_9"": 1160}","{""N_on_1"": 0, ""N_on_10"": 73703, ""N_on_2"": 0, ""N_on_3"": 0, ""N_on_4"": 0, ""N_on_5"": 0, ""N_on_6"": 0, ""N_on_7"": 0, ""N_on_8"": 0, ""N_on_9"": 0}",1166,1156,1159,1166,1164,1143,1164,1154,1160,15815,0,0,0,0,0,0,0,0,0,73703
UCB direct,9,ok,100000,22476,77524,22426,1,0,10480.8192431,2.13971823002,0.163121027506,0,0,certificate,"{""n_1"": 1023, ""n_10"": 13279, ""n_2"": 1013, ""n_3"": 1016, ""n_4"": 1023, ""n_5"": 1021, ""n_6"": 1001, ""n_7"": 1021, ""n_8"": 1012, ""n_9"": 1017}","{""N_on_1"": 0, ""N_on_10"": 77524, ""N_on_2"": 0, ""N_on_3"": 0, ""N_on_4"": 0, ""N_on_5"": 0, ""N_on_6"": 0, ""N_on_7"": 0, ""N_on_8"": 0, ""N_on_9"": 0}",1023,1013,1016,1023,1021,1001,1021,1012,1017,13279,0,0,0,0,0,0,0,0,0,77524
TS appendix,9,ok,100000,41940,58060,41890,1,0,10480.8192431,3.99682496457,0.189364055398,0,0,certificate,"{""n_1"": 1689, ""n_10"": 26735, ""n_2"": 1681, ""n_3"": 1684, ""n_4"": 1689, ""n_5"": 1688, ""n_6"": 1671, ""n_7"": 1688, ""n_8"": 1680, ""n_9"": 1685}","{""N_on_1"": 0, ""N_on_10"": 58060, ""N_on_2"": 0, ""N_on_3"": 0, ""N_on_4"": 0, ""N_on_5"": 0, ""N_on_6"": 0, ""N_on_7"": 0, ""N_on_8"": 0, ""N_on_9"": 0}",1689,1681,1684,1689,1688,1671,1688,1680,1685,26735,0,0,0,0,0,0,0,0,0,58060
TS direct,9,ok,100000,33059,66941,33009,1,0,10480.8192431,3.14946754012,0.212400000058,0,0,certificate,"{""n_1"": 1345, ""n_10"": 20946, ""n_2"": 1338, ""n_3"": 1340, ""n_4"": 1345, ""n_5"": 1344, ""n_6"": 1329, ""n_7"": 1344, ""n_8"": 1337, ""n_9"": 1341}","{""N_on_1"": 0, ""N_on_10"": 66941, ""N_on_2"": 0, ""N_on_3"": 0, ""N_on_4"": 0, ""N_on_5"": 0, ""N_on_6"": 0, ""N_on_7"": 0, ""N_on_8"": 0, ""N_on_9"": 0}",1345,1338,1340,1345,1344,1329,1344,1337,1341,20946,0,0,0,0,0,0,0,0,0,66941
UCB clean,9,ok,100000,50,99950,0,0.000290145072536,99921,10480.8192431,0,,,,clean_no_attack,"{""n_1"": 0, ""n_10"": 0, ""n_2"": 0, ""n_3"": 0, ""n_4"": 0, ""n_5"": 0, ""n_6"": 0, ""n_7"": 0, ""n_8"": 0, ""n_9"": 0}","{""N_on_1"": 67639, ""N_on_10"": 29, ""N_on_2"": 8567, ""N_on_3"": 5452, ""N_on_4"": 4857, ""N_on_5"": 4267, ""N_on_6"": 3476, ""N_on_7"": 2559, ""N_on_8"": 2388, ""N_on_9"": 716}",0,0,0,0,0,0,0,0,0,0,67639,8567,5452,4857,4267,3476,2559,2388,716,29
TS clean,9,ok,100000,50,99950,0,0.000170085042521,99933,10480.8192431,0,,,,clean_no_attack,"{""n_1"": 0, ""n_10"": 0, ""n_2"": 0, ""n_3"": 0, ""n_4"": 0, ""n_5"": 0, ""n_6"": 0, ""n_7"": 0, ""n_8"": 0, ""n_9"": 0}","{""N_on_1"": 86975, ""N_on_10"": 17, ""N_on_2"": 3203, ""N_on_3"": 2397, ""N_on_4"": 1890, ""N_on_5"": 1821, ""N_on_6"": 1463, ""N_on_7"": 1015, ""N_on_8"": 816, ""N_on_9"": 353}",0,0,0,0,0,0,0,0,0,0,86975,3203,2397,1890,1821,1463,1015,816,353,17
UCB appendix,9,ok,250000,48776,201224,48726,1,0,19804.9881347,2.46028928009,0.107150813103,0,0,certificate,"{""n_1"": 2089, ""n_10"": 30003, ""n_2"": 2076, ""n_3"": 2080, ""n_4"": 2089, ""n_5"": 2087, ""n_6"": 2059, ""n_7"": 2087, ""n_8"": 2074, ""n_9"": 2082}","{""N_on_1"": 0, ""N_on_10"": 201224, ""N_on_2"": 0, ""N_on_3"": 0, ""N_on_4"": 0, ""N_on_5"": 0, ""N_on_6"": 0, ""N_on_7"": 0, ""N_on_8"": 0, ""N_on_9"": 0}",2089,2076,2080,2089,2087,2059,2087,2074,2082,30003,0,0,0,0,0,0,0,0,0,201224
UCB direct,9,ok,250000,43288,206712,43238,1,0,19804.9881347,2.18318737209,0.12471077226,0,0,certificate,"{""n_1"": 1864, ""n_10"": 26536, ""n_2"": 1852, ""n_3"": 1855, ""n_4"": 1864, ""n_5"": 1862, ""n_6"": 1836, ""n_7"": 1862, ""n_8"": 1850, ""n_9"": 1857}","{""N_on_1"": 0, ""N_on_10"": 206712, ""N_on_2"": 0, ""N_on_3"": 0, ""N_on_4"": 0, ""N_on_5"": 0, ""N_on_6"": 0, ""N_on_7"": 0, ""N_on_8"": 0, ""N_on_9"": 0}",1864,1852,1855,1864,1862,1836,1862,1850,1857,26536,0,0,0,0,0,0,0,0,0,206712
TS appendix,9,ok,250000,74759,175241,74709,1,0,19804.9881347,3.77223149502,0.147745812694,0,0,certificate,"{""n_1"": 2928, ""n_10"": 48415, ""n_2"": 2918, ""n_3"": 2921, ""n_4"": 2928, ""n_5"": 2927, ""n_6"": 2905, ""n_7"": 2927, ""n_8"": 2917, ""n_9"": 2923}","{""N_on_1"": 0, ""N_on_10"": 175241, ""N_on_2"": 0, ""N_on_3"": 0, ""N_on_4"": 0, ""N_on_5"": 0, ""N_on_6"": 0, ""N_on_7"": 0, ""N_on_8"": 0, ""N_on_9"": 0}",2928,2918,2921,2928,2927,2905,2927,2917,2923,48415,0,0,0,0,0,0,0,0,0,175241
TS direct,9,ok,250000,62667,187333,62617,1,0,19804.9881347,3.16167823854,0.160400000068,0,0,certificate,"{""n_1"": 2487, ""n_10"": 40289, ""n_2"": 2478, ""n_3"": 2481, ""n_4"": 2487, ""n_5"": 2486, ""n_6"": 2465, ""n_7"": 2486, ""n_8"": 2476, ""n_9"": 2482}","{""N_on_1"": 0, ""N_on_10"": 187333, ""N_on_2"": 0, ""N_on_3"": 0, ""N_on_4"": 0, ""N_on_5"": 0, ""N_on_6"": 0, ""N_on_7"": 0, ""N_on_8"": 0, ""N_on_9"": 0}",2487,2478,2481,2487,2486,2465,2486,2476,2482,40289,0,0,0,0,0,0,0,0,0,187333
UCB clean,9,ok,250000,50,249950,0,0.000132026405281,249917,19804.9881347,0,,,,clean_no_attack,"{""n_1"": 0, ""n_10"": 0, ""n_2"": 0, ""n_3"": 0, ""n_4"": 0, ""n_5"": 0, ""n_6"": 0, ""n_7"": 0, ""n_8"": 0, ""n_9"": 0}","{""N_on_1"": 205894, ""N_on_10"": 33, ""N_on_2"": 13253, ""N_on_3"": 7557, ""N_on_4"": 6386, ""N_on_5"": 5462, ""N_on_6"": 4242, ""N_on_7"": 3338, ""N_on_8"": 2983, ""N_on_9"": 802}",0,0,0,0,0,0,0,0,0,0,205894,13253,7557,6386,5462,4242,3338,2983,802,33
TS clean,9,ok,250000,50,249950,0,7.60152030406e-05,249931,19804.9881347,0,,,,clean_no_attack,"{""n_1"": 0, ""n_10"": 0, ""n_2"": 0, ""n_3"": 0, ""n_4"": 0, ""n_5"": 0, ""n_6"": 0, ""n_7"": 0, ""n_8"": 0, ""n_9"": 0}","{""N_on_1"": 233495, ""N_on_10"": 19, ""N_on_2"": 4295, ""N_on_3"": 2936, ""N_on_4"": 2443, ""N_on_5"": 2325, ""N_on_6"": 1815, ""N_on_7"": 1248, ""N_on_8"": 964, ""N_on_9"": 410}",0,0,0,0,0,0,0,0,0,0,233495,4295,2936,2443,2325,1815,1248,964,410,19
UCB appendix,9,ok,500000,78016,421984,77966,1,0,32012.3352326,2.43549867367,0.0886534374618,0,0,certificate,"{""n_1"": 3269, ""n_10"": 48639, ""n_2"": 3253, ""n_3"": 3258, ""n_4"": 3269, ""n_5"": 3267, ""n_6"": 3233, ""n_7"": 3267, ""n_8"": 3251, ""n_9"": 3260}","{""N_on_1"": 0, ""N_on_10"": 421984, ""N_on_2"": 0, ""N_on_3"": 0, ""N_on_4"": 0, ""N_on_5"": 0, ""N_on_6"": 0, ""N_on_7"": 0, ""N_on_8"": 0, ""N_on_9"": 0}",3269,3253,3258,3269,3267,3233,3267,3251,3260,48639,0,0,0,0,0,0,0,0,0,421984
UCB direct,9,ok,500000,70813,429187,70763,1,0,32012.3352326,2.21049165848,0.100978158842,0,0,certificate,"{""n_1"": 2978, ""n_10"": 44049, ""n_2"": 2963, ""n_3"": 2968, ""n_4"": 2978, ""n_5"": 2976, ""n_6"": 2944, ""n_7"": 2976, ""n_8"": 2961, ""n_9"": 2970}","{""N_on_1"": 0, ""N_on_10"": 429187, ""N_on_2"": 0, ""N_on_3"": 0, ""N_on_4"": 0, ""N_on_5"": 0, ""N_on_6"": 0, ""N_on_7"": 0, ""N_on_8"": 0, ""N_on_9"": 0}",2978,2963,2968,2978,2976,2944,2976,2961,2970,44049,0,0,0,0,0,0,0,0,0,429187
TS appendix,9,ok,500000,116654,383346,116604,1,0,32012.3352326,3.64247091482,0.121610608821,0,0,certificate,"{""n_1"": 4496, ""n_10"": 76216, ""n_2"": 4483, ""n_3"": 4487, ""n_4"": 4496, ""n_5"": 4494, ""n_6"": 4467, ""n_7"": 4494, ""n_8"": 4482, ""n_9"": 4489}","{""N_on_1"": 0, ""N_on_10"": 383346, ""N_on_2"": 0, ""N_on_3"": 0, ""N_on_4"": 0, ""N_on_5"": 0, ""N_on_6"": 0, ""N_on_7"": 0, ""N_on_8"": 0, ""N_on_9"": 0}",4496,4483,4487,4496,4494,4467,4494,4482,4489,76216,0,0,0,0,0,0,0,0,0,383346
TS direct,9,ok,500000,101327,398673,101277,1,0,32012.3352326,3.16368672464,0.130300000074,0,0,certificate,"{""n_1"": 3919, ""n_10"": 66073, ""n_2"": 3908, ""n_3"": 3911, ""n_4"": 3919, ""n_5"": 3918, ""n_6"": 3892, ""n_7"": 3918, ""n_8"": 3906, ""n_9"": 3913}","{""N_on_1"": 0, ""N_on_10"": 398673, ""N_on_2"": 0, ""N_on_3"": 0, ""N_on_4"": 0, ""N_on_5"": 0, ""N_on_6"": 0, ""N_on_7"": 0, ""N_on_8"": 0, ""N_on_9"": 0}",3919,3908,3911,3919,3918,3892,3918,3906,3913,66073,0,0,0,0,0,0,0,0,0,398673
UCB clean,9,ok,500000,50,499950,0,7.00070007001e-05,499915,32012.3352326,0,,,,clean_no_attack,"{""n_1"": 0, ""n_10"": 0, ""n_2"": 0, ""n_3"": 0, ""n_4"": 0, ""n_5"": 0, ""n_6"": 0, ""n_7"": 0, ""n_8"": 0, ""n_9"": 0}","{""N_on_1"": 448823, ""N_on_10"": 35, ""N_on_2"": 15519, ""N_on_3"": 9049, ""N_on_4"": 7316, ""N_on_5"": 6343, ""N_on_6"": 4993, ""N_on_7"": 3787, ""N_on_8"": 3245, ""N_on_9"": 840}",0,0,0,0,0,0,0,0,0,0,448823,15519,9049,7316,6343,4993,3787,3245,840,35
TS clean,9,ok,500000,50,499950,0,3.800380038e-05,499931,32012.3352326,0,,,,clean_no_attack,"{""n_1"": 0, ""n_10"": 0, ""n_2"": 0, ""n_3"": 0, ""n_4"": 0, ""n_5"": 0, ""n_6"": 0, ""n_7"": 0, ""n_8"": 0, ""n_9"": 0}","{""N_on_1"": 480551, ""N_on_10"": 19, ""N_on_2"": 5239, ""N_on_3"": 3391, ""N_on_4"": 2935, ""N_on_5"": 2636, ""N_on_6"": 2122, ""N_on_7"": 1466, ""N_on_8"": 1108, ""N_on_9"": 483}",0,0,0,0,0,0,0,0,0,0,480551,5239,3391,2935,2636,2122,1466,1108,483,19
UCB appendix,9,ok,1000000,124976,875024,124926,1,0,51695.8459325,2.4165578055,0.0730234853666,0,0,certificate,"{""n_1"": 5141, ""n_10"": 78776, ""n_2"": 5121, ""n_3"": 5127, ""n_4"": 5141, ""n_5"": 5138, ""n_6"": 5096, ""n_7"": 5138, ""n_8"": 5118, ""n_9"": 5130}","{""N_on_1"": 0, ""N_on_10"": 875024, ""N_on_2"": 0, ""N_on_3"": 0, ""N_on_4"": 0, ""N_on_5"": 0, ""N_on_6"": 0, ""N_on_7"": 0, ""N_on_8"": 0, ""N_on_9"": 0}",5141,5121,5127,5141,5138,5096,5138,5118,5130,78776,0,0,0,0,0,0,0,0,0,875024
UCB direct,9,ok,1000000,115533,884467,115483,1,0,51695.8459325,2.23389322521,0.0816440329138,0,0,certificate,"{""n_1"": 4767, ""n_10"": 72693, ""n_2"": 4748, ""n_3"": 4754, ""n_4"": 4767, ""n_5"": 4764, ""n_6"": 4724, ""n_7"": 4764, ""n_8"": 4746, ""n_9"": 4756}","{""N_on_1"": 0, ""N_on_10"": 884467, ""N_on_2"": 0, ""N_on_3"": 0, ""N_on_4"": 0, ""N_on_5"": 0, ""N_on_6"": 0, ""N_on_7"": 0, ""N_on_8"": 0, ""N_on_9"": 0}",4767,4748,4754,4767,4764,4724,4764,4746,4756,72693,0,0,0,0,0,0,0,0,0,884467
TS appendix,9,ok,1000000,182965,817035,182915,1,0,51695.8459325,3.53829203683,0.0996157645426,0,0,certificate,"{""n_1"": 6962, ""n_10"": 120349, ""n_2"": 6947, ""n_3"": 6951, ""n_4"": 6962, ""n_5"": 6960, ""n_6"": 6927, ""n_7"": 6960, ""n_8"": 6944, ""n_9"": 6953}","{""N_on_1"": 0, ""N_on_10"": 817035, ""N_on_2"": 0, ""N_on_3"": 0, ""N_on_4"": 0, ""N_on_5"": 0, ""N_on_6"": 0, ""N_on_7"": 0, ""N_on_8"": 0, ""N_on_9"": 0}",6962,6947,6951,6962,6960,6927,6960,6944,6953,120349,0,0,0,0,0,0,0,0,0,817035
TS direct,9,ok,1000000,163491,836509,163441,1,0,51695.8459325,3.16158865479,0.105000000079,0,0,certificate,"{""n_1"": 6269, ""n_10"": 107105, ""n_2"": 6255, ""n_3"": 6259, ""n_4"": 6269, ""n_5"": 6267, ""n_6"": 6236, ""n_7"": 6267, ""n_8"": 6253, ""n_9"": 6261}","{""N_on_1"": 0, ""N_on_10"": 836509, ""N_on_2"": 0, ""N_on_3"": 0, ""N_on_4"": 0, ""N_on_5"": 0, ""N_on_6"": 0, ""N_on_7"": 0, ""N_on_8"": 0, ""N_on_9"": 0}",6269,6255,6259,6269,6267,6236,6267,6253,6261,107105,0,0,0,0,0,0,0,0,0,836509
UCB clean,9,ok,1000000,50,999950,0,3.8001900095e-05,999912,51695.8459325,0,,,,clean_no_attack,"{""n_1"": 0, ""n_10"": 0, ""n_2"": 0, ""n_3"": 0, ""n_4"": 0, ""n_5"": 0, ""n_6"": 0, ""n_7"": 0, ""n_8"": 0, ""n_9"": 0}","{""N_on_1"": 941704, ""N_on_10"": 38, ""N_on_2"": 17897, ""N_on_3"": 10355, ""N_on_4"": 8205, ""N_on_5"": 7269, ""N_on_6"": 5584, ""N_on_7"": 4365, ""N_on_8"": 3634, ""N_on_9"": 899}",0,0,0,0,0,0,0,0,0,0,941704,17897,10355,8205,7269,5584,4365,3634,899,38
TS clean,9,ok,1000000,50,999950,0,2.2001100055e-05,999928,51695.8459325,0,,,,clean_no_attack,"{""n_1"": 0, ""n_10"": 0, ""n_2"": 0, ""n_3"": 0, ""n_4"": 0, ""n_5"": 0, ""n_6"": 0, ""n_7"": 0, ""n_8"": 0, ""n_9"": 0}","{""N_on_1"": 977614, ""N_on_10"": 22, ""N_on_2"": 6210, ""N_on_3"": 3837, ""N_on_4"": 3408, ""N_on_5"": 2990, ""N_on_6"": 2416, ""N_on_7"": 1727, ""N_on_8"": 1197, ""N_on_9"": 529}",0,0,0,0,0,0,0,0,0,0,977614,6210,3837,3408,2990,2416,1727,1197,529,22
UCB appendix,9,ok,2500000,233369,2266631,233319,1,0,97284.8670799,2.3983072291,0.0561821690902,0,0,certificate,"{""n_1"": 9406, ""n_10"": 148817, ""n_2"": 9380, ""n_3"": 9388, ""n_4"": 9406, ""n_5"": 9403, ""n_6"": 9347, ""n_7"": 9403, ""n_8"": 9377, ""n_9"": 9392}","{""N_on_1"": 0, ""N_on_10"": 2266631, ""N_on_2"": 0, ""N_on_3"": 0, ""N_on_4"": 0, ""N_on_5"": 0, ""N_on_6"": 0, ""N_on_7"": 0, ""N_on_8"": 0, ""N_on_9"": 0}",9406,9380,9388,9406,9403,9347,9403,9377,9392,148817,0,0,0,0,0,0,0,0,0,2266631
UCB direct,9,ok,2500000,219900,2280100,219850,1,0,97284.8670799,2.25985815265,0.0615922864497,0,0,certificate,"{""n_1"": 8877, ""n_10"": 140110, ""n_2"": 8852, ""n_3"": 8859, ""n_4"": 8877, ""n_5"": 8873, ""n_6"": 8819, ""n_7"": 8873, ""n_8"": 8848, ""n_9"": 8862}","{""N_on_1"": 0, ""N_on_10"": 2280100, ""N_on_2"": 0, ""N_on_3"": 0, ""N_on_4"": 0, ""N_on_5"": 0, ""N_on_6"": 0, ""N_on_7"": 0, ""N_on_8"": 0, ""N_on_9"": 0}",8877,8852,8859,8877,8873,8819,8873,8848,8862,140110,0,0,0,0,0,0,0,0,0,2280100
TS appendix,9,ok,2500000,333752,2166248,333702,1,0,97284.8670799,3.43015321926,0.0760644411721,0,0,certificate,"{""n_1"": 12541, ""n_10"": 220956, ""n_2"": 12521, ""n_3"": 12526, ""n_4"": 12541, ""n_5"": 12538, ""n_6"": 12494, ""n_7"": 12538, ""n_8"": 12518, ""n_9"": 12529}","{""N_on_1"": 0, ""N_on_10"": 2166248, ""N_on_2"": 0, ""N_on_3"": 0, ""N_on_4"": 0, ""N_on_5"": 0, ""N_on_6"": 0, ""N_on_7"": 0, ""N_on_8"": 0, ""N_on_9"": 0}",12541,12521,12526,12541,12538,12494,12538,12518,12529,220956,0,0,0,0,0,0,0,0,0,2166248
TS direct,9,ok,2500000,306954,2193046,306904,1,0,97284.8670799,3.1546941391,0.0792000000842,0,0,certificate,"{""n_1"": 11571, ""n_10"": 202884, ""n_2"": 11551, ""n_3"": 11557, ""n_4"": 11571, ""n_5"": 11568, ""n_6"": 11526, ""n_7"": 11568, ""n_8"": 11548, ""n_9"": 11560}","{""N_on_1"": 0, ""N_on_10"": 2193046, ""N_on_2"": 0, ""N_on_3"": 0, ""N_on_4"": 0, ""N_on_5"": 0, ""N_on_6"": 0, ""N_on_7"": 0, ""N_on_8"": 0, ""N_on_9"": 0}",11571,11551,11557,11571,11568,11526,11568,11548,11560,202884,0,0,0,0,0,0,0,0,0,2193046
UCB clean,9,ok,2500000,50,2499950,0,1.64003280066e-05,2499909,97284.8670799,0,,,,clean_no_attack,"{""n_1"": 0, ""n_10"": 0, ""n_2"": 0, ""n_3"": 0, ""n_4"": 0, ""n_5"": 0, ""n_6"": 0, ""n_7"": 0, ""n_8"": 0, ""n_9"": 0}","{""N_on_1"": 2434057, ""N_on_10"": 41, ""N_on_2"": 20577, ""N_on_3"": 11901, ""N_on_4"": 9129, ""N_on_5"": 8282, ""N_on_6"": 6179, ""N_on_7"": 4919, ""N_on_8"": 3875, ""N_on_9"": 990}",0,0,0,0,0,0,0,0,0,0,2434057,20577,11901,9129,8282,6179,4919,3875,990,41
TS clean,9,ok,2500000,50,2499950,0,1.04002080042e-05,2499924,97284.8670799,0,,,,clean_no_attack,"{""n_1"": 0, ""n_10"": 0, ""n_2"": 0, ""n_3"": 0, ""n_4"": 0, ""n_5"": 0, ""n_6"": 0, ""n_7"": 0, ""n_8"": 0, ""n_9"": 0}","{""N_on_1"": 2473811, ""N_on_10"": 26, ""N_on_2"": 7428, ""N_on_3"": 4448, ""N_on_4"": 4011, ""N_on_5"": 3481, ""N_on_6"": 2699, ""N_on_7"": 2066, ""N_on_8"": 1377, ""N_on_9"": 603}",0,0,0,0,0,0,0,0,0,0,2473811,7428,4448,4011,3481,2699,2066,1377,603,26
UCB appendix,9,ok,5000000,374612,4625388,374562,1,0,156815.111138,2.38855807506,0.0459043088407,0,0,certificate,"{""n_1"": 14910, ""n_10"": 240565, ""n_2"": 14878, ""n_3"": 14887, ""n_4"": 14910, ""n_5"": 14905, ""n_6"": 14837, ""n_7"": 14905, ""n_8"": 14873, ""n_9"": 14892}","{""N_on_1"": 0, ""N_on_10"": 4625388, ""N_on_2"": 0, ""N_on_3"": 0, ""N_on_4"": 0, ""N_on_5"": 0, ""N_on_6"": 0, ""N_on_7"": 0, ""N_on_8"": 0, ""N_on_9"": 0}",14910,14878,14887,14910,14905,14837,14905,14873,14892,240565,0,0,0,0,0,0,0,0,0,4625388
UCB direct,9,ok,5000000,357024,4642976,356974,1,0,156815.111138,2.27640051657,0.0496781009536,0,0,certificate,"{""n_1"": 14237, ""n_10"": 229029, ""n_2"": 14206, ""n_3"": 14215, ""n_4"": 14237, ""n_5"": 14232, ""n_6"": 14166, ""n_7"": 14232, ""n_8"": 14201, ""n_9"": 14219}","{""N_on_1"": 0, ""N_on_10"": 4642976, ""N_on_2"": 0, ""N_on_3"": 0, ""N_on_4"": 0, ""N_on_5"": 0, ""N_on_6"": 0, ""N_on_7"": 0, ""N_on_8"": 0, ""N_on_9"": 0}",14237,14206,14215,14237,14232,14166,14232,14201,14219,229029,0,0,0,0,0,0,0,0,0,4642976
TS appendix,9,ok,5000000,527800,4472200,527750,1,0,156815.111138,3.3654282178,0.0617968930027,0,0,certificate,"{""n_1"": 19695, ""n_10"": 350643, ""n_2"": 19670, ""n_3"": 19677, ""n_4"": 19695, ""n_5"": 19692, ""n_6"": 19638, ""n_7"": 19692, ""n_8"": 19667, ""n_9"": 19681}","{""N_on_1"": 0, ""N_on_10"": 4472200, ""N_on_2"": 0, ""N_on_3"": 0, ""N_on_4"": 0, ""N_on_5"": 0, ""N_on_6"": 0, ""N_on_7"": 0, ""N_on_8"": 0, ""N_on_9"": 0}",19695,19670,19677,19695,19692,19638,19692,19667,19681,350643,0,0,0,0,0,0,0,0,0,4472200
TS direct,9,ok,5000000,493627,4506373,493577,1,0,156815.111138,3.14750916808,0.0638500000872,0,0,certificate,"{""n_1"": 18452, ""n_10"": 327653, ""n_2"": 18428, ""n_3"": 18435, ""n_4"": 18452, ""n_5"": 18449, ""n_6"": 18397, ""n_7"": 18449, ""n_8"": 18424, ""n_9"": 18438}","{""N_on_1"": 0, ""N_on_10"": 4506373, ""N_on_2"": 0, ""N_on_3"": 0, ""N_on_4"": 0, ""N_on_5"": 0, ""N_on_6"": 0, ""N_on_7"": 0, ""N_on_8"": 0, ""N_on_9"": 0}",18452,18428,18435,18452,18449,18397,18449,18424,18438,327653,0,0,0,0,0,0,0,0,0,4506373
UCB clean,9,ok,5000000,50,4999950,0,8.60008600086e-06,4999907,156815.111138,0,,,,clean_no_attack,"{""n_1"": 0, ""n_10"": 0, ""n_2"": 0, ""n_3"": 0, ""n_4"": 0, ""n_5"": 0, ""n_6"": 0, ""n_7"": 0, ""n_8"": 0, ""n_9"": 0}","{""N_on_1"": 4927988, ""N_on_10"": 43, ""N_on_2"": 22627, ""N_on_3"": 12844, ""N_on_4"": 10093, ""N_on_5"": 9144, ""N_on_6"": 6739, ""N_on_7"": 5241, ""N_on_8"": 4174, ""N_on_9"": 1057}",0,0,0,0,0,0,0,0,0,0,4927988,22627,12844,10093,9144,6739,5241,4174,1057,43
TS clean,9,ok,5000000,50,4999950,0,5.60005600056e-06,4999922,156815.111138,0,,,,clean_no_attack,"{""n_1"": 0, ""n_10"": 0, ""n_2"": 0, ""n_3"": 0, ""n_4"": 0, ""n_5"": 0, ""n_6"": 0, ""n_7"": 0, ""n_8"": 0, ""n_9"": 0}","{""N_on_1"": 4970842, ""N_on_10"": 28, ""N_on_2"": 8483, ""N_on_3"": 4923, ""N_on_4"": 4371, ""N_on_5"": 3844, ""N_on_6"": 2975, ""N_on_7"": 2323, ""N_on_8"": 1506, ""N_on_9"": 655}",0,0,0,0,0,0,0,0,0,0,4970842,8483,4923,4371,3844,2975,2323,1506,655,28
UCB appendix,9,ok,10000000,601624,9398376,601574,1,0,252602.65421,2.38150308389,0.0374053618747,0,0,certificate,"{""n_1"": 23691, ""n_10"": 388589, ""n_2"": 23652, ""n_3"": 23663, ""n_4"": 23691, ""n_5"": 23686, ""n_6"": 23601, ""n_7"": 23686, ""n_8"": 23646, ""n_9"": 23669}","{""N_on_1"": 0, ""N_on_10"": 9398376, ""N_on_2"": 0, ""N_on_3"": 0, ""N_on_4"": 0, ""N_on_5"": 0, ""N_on_6"": 0, ""N_on_7"": 0, ""N_on_8"": 0, ""N_on_9"": 0}",23691,23652,23663,23691,23686,23601,23686,23646,23669,388589,0,0,0,0,0,0,0,0,0,9398376
UCB direct,9,ok,10000000,578690,9421310,578640,1,0,252602.65421,2.29071227224,0.0400883062563,0,0,certificate,"{""n_1"": 22783, ""n_10"": 373824, ""n_2"": 22744, ""n_3"": 22755, ""n_4"": 22783, ""n_5"": 22778, ""n_6"": 22695, ""n_7"": 22778, ""n_8"": 22739, ""n_9"": 22761}","{""N_on_1"": 0, ""N_on_10"": 9421310, ""N_on_2"": 0, ""N_on_3"": 0, ""N_on_4"": 0, ""N_on_5"": 0, ""N_on_6"": 0, ""N_on_7"": 0, ""N_on_8"": 0, ""N_on_9"": 0}",22783,22744,22755,22783,22778,22695,22778,22739,22761,373824,0,0,0,0,0,0,0,0,0,9421310
TS appendix,9,ok,10000000,836665,9163335,836615,1,0,252602.65421,3.31198024271,0.0500770413315,0,0,certificate,"{""n_1"": 31059, ""n_10"": 557272, ""n_2"": 31028, ""n_3"": 31037, ""n_4"": 31059, ""n_5"": 31054, ""n_6"": 30988, ""n_7"": 31054, ""n_8"": 31023, ""n_9"": 31041}","{""N_on_1"": 0, ""N_on_10"": 9163335, ""N_on_2"": 0, ""N_on_3"": 0, ""N_on_4"": 0, ""N_on_5"": 0, ""N_on_6"": 0, ""N_on_7"": 0, ""N_on_8"": 0, ""N_on_9"": 0}",31059,31028,31037,31059,31054,30988,31054,31023,31041,557272,0,0,0,0,0,0,0,0,0,9163335
TS direct,9,ok,10000000,793050,9206950,793000,1,0,252602.65421,3.1393177656,0.0514000000897,0,0,certificate,"{""n_1"": 29484, ""n_10"": 527827, ""n_2"": 29454, ""n_3"": 29462, ""n_4"": 29484, ""n_5"": 29479, ""n_6"": 29415, ""n_7"": 29479, ""n_8"": 29449, ""n_9"": 29467}","{""N_on_1"": 0, ""N_on_10"": 9206950, ""N_on_2"": 0, ""N_on_3"": 0, ""N_on_4"": 0, ""N_on_5"": 0, ""N_on_6"": 0, ""N_on_7"": 0, ""N_on_8"": 0, ""N_on_9"": 0}",29484,29454,29462,29484,29479,29415,29479,29449,29467,527827,0,0,0,0,0,0,0,0,0,9206950
UCB clean,9,ok,10000000,50,9999950,0,4.50002250011e-06,9999905,252602.65421,0,,,,clean_no_attack,"{""n_1"": 0, ""n_10"": 0, ""n_2"": 0, ""n_3"": 0, ""n_4"": 0, ""n_5"": 0, ""n_6"": 0, ""n_7"": 0, ""n_8"": 0, ""n_9"": 0}","{""N_on_1"": 9921562, ""N_on_10"": 45, ""N_on_2"": 25369, ""N_on_3"": 14019, ""N_on_4"": 11018, ""N_on_5"": 9848, ""N_on_6"": 6992, ""N_on_7"": 5493, ""N_on_8"": 4487, ""N_on_9"": 1117}",0,0,0,0,0,0,0,0,0,0,9921562,25369,14019,11018,9848,6992,5493,4487,1117,45
TS clean,9,ok,10000000,50,9999950,0,2.90001450007e-06,9999921,252602.65421,0,,,,clean_no_attack,"{""n_1"": 0, ""n_10"": 0, ""n_2"": 0, ""n_3"": 0, ""n_4"": 0, ""n_5"": 0, ""n_6"": 0, ""n_7"": 0, ""n_8"": 0, ""n_9"": 0}","{""N_on_1"": 9968388, ""N_on_10"": 29, ""N_on_2"": 9265, ""N_on_3"": 5289, ""N_on_4"": 4662, ""N_on_5"": 4204, ""N_on_6"": 3242, ""N_on_7"": 2500, ""N_on_8"": 1669, ""N_on_9"": 702}",0,0,0,0,0,0,0,0,0,0,9968388,9265,5289,4662,4204,3242,2500,1669,702,29
UCB appendix,9,ok,15000000,793849,14206151,793799,1,0,333755.721884,2.37838319451,0.0331466986392,0,0,certificate,"{""n_1"": 31091, ""n_10"": 514247, ""n_2"": 31046, ""n_3"": 31059, ""n_4"": 31091, ""n_5"": 31085, ""n_6"": 30989, ""n_7"": 31085, ""n_8"": 31040, ""n_9"": 31066}","{""N_on_1"": 0, ""N_on_10"": 14206151, ""N_on_2"": 0, ""N_on_3"": 0, ""N_on_4"": 0, ""N_on_5"": 0, ""N_on_6"": 0, ""N_on_7"": 0, ""N_on_8"": 0, ""N_on_9"": 0}",31091,31046,31059,31091,31085,30989,31085,31040,31066,514247,0,0,0,0,0,0,0,0,0,14206151
UCB direct,9,ok,15000000,767079,14232921,767029,1,0,333755.721884,2.29817483179,0.0352905734965,0,0,certificate,"{""n_1"": 30099, ""n_10"": 496406, ""n_2"": 30055, ""n_3"": 30067, ""n_4"": 30099, ""n_5"": 30092, ""n_6"": 29998, ""n_7"": 30092, ""n_8"": 30048, ""n_9"": 30073}","{""N_on_1"": 0, ""N_on_10"": 14232921, ""N_on_2"": 0, ""N_on_3"": 0, ""N_on_4"": 0, ""N_on_5"": 0, ""N_on_6"": 0, ""N_on_7"": 0, ""N_on_8"": 0, ""N_on_9"": 0}",30099,30055,30067,30099,30092,29998,30092,30048,30073,496406,0,0,0,0,0,0,0,0,0,14232921
TS appendix,9,ok,15000000,1096446,13903554,1096396,1,0,333755.721884,3.28502532874,0.044236134243,0,0,certificate,"{""n_1"": 40606, ""n_10"": 731155, ""n_2"": 40570, ""n_3"": 40581, ""n_4"": 40606, ""n_5"": 40601, ""n_6"": 40525, ""n_7"": 40601, ""n_8"": 40565, ""n_9"": 40586}","{""N_on_1"": 0, ""N_on_10"": 13903554, ""N_on_2"": 0, ""N_on_3"": 0, ""N_on_4"": 0, ""N_on_5"": 0, ""N_on_6"": 0, ""N_on_7"": 0, ""N_on_8"": 0, ""N_on_9"": 0}",40606,40570,40581,40606,40601,40525,40601,40565,40586,731155,0,0,0,0,0,0,0,0,0,13903554
TS direct,9,ok,15000000,1046119,13953881,1046069,1,0,333755.721884,3.13423540455,0.0453000000909,0,0,certificate,"{""n_1"": 38724, ""n_10"": 697757, ""n_2"": 38690, ""n_3"": 38700, ""n_4"": 38724, ""n_5"": 38719, ""n_6"": 38646, ""n_7"": 38719, ""n_8"": 38685, ""n_9"": 38705}","{""N_on_1"": 0, ""N_on_10"": 13953881, ""N_on_2"": 0, ""N_on_3"": 0, ""N_on_4"": 0, ""N_on_5"": 0, ""N_on_6"": 0, ""N_on_7"": 0, ""N_on_8"": 0, ""N_on_9"": 0}",38724,38690,38700,38724,38719,38646,38719,38685,38705,697757,0,0,0,0,0,0,0,0,0,13953881
UCB clean,9,ok,15000000,50,14999950,0,3.06667688892e-06,14999904,333755.721884,0,,,,clean_no_attack,"{""n_1"": 0, ""n_10"": 0, ""n_2"": 0, ""n_3"": 0, ""n_4"": 0, ""n_5"": 0, ""n_6"": 0, ""n_7"": 0, ""n_8"": 0, ""n_9"": 0}","{""N_on_1"": 14918899, ""N_on_10"": 46, ""N_on_2"": 26386, ""N_on_3"": 14410, ""N_on_4"": 11230, ""N_on_5"": 10246, ""N_on_6"": 7277, ""N_on_7"": 5685, ""N_on_8"": 4616, ""N_on_9"": 1155}",0,0,0,0,0,0,0,0,0,0,14918899,26386,14410,11230,10246,7277,5685,4616,1155,46
TS clean,9,ok,15000000,50,14999950,0,2.13334044447e-06,14999918,333755.721884,0,,,,clean_no_attack,"{""n_1"": 0, ""n_10"": 0, ""n_2"": 0, ""n_3"": 0, ""n_4"": 0, ""n_5"": 0, ""n_6"": 0, ""n_7"": 0, ""n_8"": 0, ""n_9"": 0}","{""N_on_1"": 14967010, ""N_on_10"": 32, ""N_on_2"": 9692, ""N_on_3"": 5508, ""N_on_4"": 4872, ""N_on_5"": 4361, ""N_on_6"": 3374, ""N_on_7"": 2615, ""N_on_8"": 1761, ""N_on_9"": 725}",0,0,0,0,0,0,0,0,0,0,14967010,9692,5508,4872,4361,3374,2615,1761,725,32
UCB appendix,9,ok,20000000,966471,19033529,966421,1,0,406649.214352,2.37654707274,0.0304089311412,0,0,certificate,"{""n_1"": 37718, ""n_10"": 627253, ""n_2"": 37669, ""n_3"": 37683, ""n_4"": 37718, ""n_5"": 37711, ""n_6"": 37606, ""n_7"": 37711, ""n_8"": 37662, ""n_9"": 37690}","{""N_on_1"": 0, ""N_on_10"": 19033529, ""N_on_2"": 0, ""N_on_3"": 0, ""N_on_4"": 0, ""N_on_5"": 0, ""N_on_6"": 0, ""N_on_7"": 0, ""N_on_8"": 0, ""N_on_9"": 0}",37718,37669,37683,37718,37711,37606,37711,37662,37690,627253,0,0,0,0,0,0,0,0,0,19033529
UCB direct,9,ok,20000000,936609,19063391,936559,1,0,406649.214352,2.30311277373,0.0322535928356,0,0,certificate,"{""n_1"": 36631, ""n_10"": 607170, ""n_2"": 36583, ""n_3"": 36596, ""n_4"": 36631, ""n_5"": 36624, ""n_6"": 36521, ""n_7"": 36624, ""n_8"": 36576, ""n_9"": 36603}","{""N_on_1"": 0, ""N_on_10"": 19063391, ""N_on_2"": 0, ""N_on_3"": 0, ""N_on_4"": 0, ""N_on_5"": 0, ""N_on_6"": 0, ""N_on_7"": 0, ""N_on_8"": 0, ""N_on_9"": 0}",36631,36583,36596,36631,36624,36521,36624,36576,36603,607170,0,0,0,0,0,0,0,0,0,19063391
TS appendix,9,ok,20000000,1328796,18671204,1328746,1,0,406649.214352,3.26754842529,0.0404938314836,0,0,certificate,"{""n_1"": 49140, ""n_10"": 886718, ""n_2"": 49102, ""n_3"": 49112, ""n_4"": 49140, ""n_5"": 49134, ""n_6"": 49052, ""n_7"": 49134, ""n_8"": 49096, ""n_9"": 49118}","{""N_on_1"": 0, ""N_on_10"": 18671204, ""N_on_2"": 0, ""N_on_3"": 0, ""N_on_4"": 0, ""N_on_5"": 0, ""N_on_6"": 0, ""N_on_7"": 0, ""N_on_8"": 0, ""N_on_9"": 0}",49140,49102,49112,49140,49134,49052,49134,49096,49118,886718,0,0,0,0,0,0,0,0,0,18671204
TS direct,9,ok,20000000,1273085,18726915,1273035,1,0,406649.214352,3.13054828356,0.0413500000917,0,0,certificate,"{""n_1"": 47129, ""n_10"": 849098, ""n_2"": 47092, ""n_3"": 47102, ""n_4"": 47129, ""n_5"": 47124, ""n_6"": 47043, ""n_7"": 47124, ""n_8"": 47086, ""n_9"": 47108}","{""N_on_1"": 0, ""N_on_10"": 18726915, ""N_on_2"": 0, ""N_on_3"": 0, ""N_on_4"": 0, ""N_on_5"": 0, ""N_on_6"": 0, ""N_on_7"": 0, ""N_on_8"": 0, ""N_on_9"": 0}",47129,47092,47102,47129,47124,47043,47124,47086,47108,849098,0,0,0,0,0,0,0,0,0,18726915
UCB clean,9,ok,20000000,50,19999950,0,2.35000587501e-06,19999903,406649.214352,0,,,,clean_no_attack,"{""n_1"": 0, ""n_10"": 0, ""n_2"": 0, ""n_3"": 0, ""n_4"": 0, ""n_5"": 0, ""n_6"": 0, ""n_7"": 0, ""n_8"": 0, ""n_9"": 0}","{""N_on_1"": 19916574, ""N_on_10"": 47, ""N_on_2"": 27215, ""N_on_3"": 14849, ""N_on_4"": 11464, ""N_on_5"": 10549, ""N_on_6"": 7620, ""N_on_7"": 5783, ""N_on_8"": 4686, ""N_on_9"": 1163}",0,0,0,0,0,0,0,0,0,0,19916574,27215,14849,11464,10549,7620,5783,4686,1163,47
TS clean,9,ok,20000000,50,19999950,0,1.65000412501e-06,19999917,406649.214352,0,,,,clean_no_attack,"{""n_1"": 0, ""n_10"": 0, ""n_2"": 0, ""n_3"": 0, ""n_4"": 0, ""n_5"": 0, ""n_6"": 0, ""n_7"": 0, ""n_8"": 0, ""n_9"": 0}","{""N_on_1"": 19965988, ""N_on_10"": 33, ""N_on_2"": 10038, ""N_on_3"": 5665, ""N_on_4"": 4991, ""N_on_5"": 4472, ""N_on_6"": 3482, ""N_on_7"": 2702, ""N_on_8"": 1831, ""N_on_9"": 748}",0,0,0,0,0,0,0,0,0,0,19965988,10038,5665,4991,4472,3482,2702,1831,748,33
UCB appendix,9,ok,25000000,1125841,23874159,1125791,1,0,473953.247914,2.37532078313,0.0284352432026,0,0,certificate,"{""n_1"": 43824, ""n_10"": 731687, ""n_2"": 43772, ""n_3"": 43787, ""n_4"": 43824, ""n_5"": 43817, ""n_6"": 43705, ""n_7"": 43817, ""n_8"": 43764, ""n_9"": 43794}","{""N_on_1"": 0, ""N_on_10"": 23874159, ""N_on_2"": 0, ""N_on_3"": 0, ""N_on_4"": 0, ""N_on_5"": 0, ""N_on_6"": 0, ""N_on_7"": 0, ""N_on_8"": 0, ""N_on_9"": 0}",43824,43772,43787,43824,43817,43705,43817,43764,43794,731687,0,0,0,0,0,0,0,0,0,23874159
UCB direct,9,ok,25000000,1093339,23906661,1093289,1,0,473953.247914,2.30674439897,0.0301022071606,0,0,certificate,"{""n_1"": 42588, ""n_10"": 710309, ""n_2"": 42536, ""n_3"": 42551, ""n_4"": 42588, ""n_5"": 42580, ""n_6"": 42470, ""n_7"": 42580, ""n_8"": 42529, ""n_9"": 42558}","{""N_on_1"": 0, ""N_on_10"": 23906661, ""N_on_2"": 0, ""N_on_3"": 0, ""N_on_4"": 0, ""N_on_5"": 0, ""N_on_6"": 0, ""N_on_7"": 0, ""N_on_8"": 0, ""N_on_9"": 0}",42588,42536,42551,42588,42580,42470,42580,42529,42558,710309,0,0,0,0,0,0,0,0,0,23906661
TS appendix,9,ok,25000000,1542700,23457300,1542650,1,0,473953.247914,3.25485690159,0.0378025851779,0,0,certificate,"{""n_1"": 56994, ""n_10"": 1029950, ""n_2"": 56953, ""n_3"": 56965, ""n_4"": 56994, ""n_5"": 56988, ""n_6"": 56900, ""n_7"": 56988, ""n_8"": 56947, ""n_9"": 56971}","{""N_on_1"": 0, ""N_on_10"": 23457300, ""N_on_2"": 0, ""N_on_3"": 0, ""N_on_4"": 0, ""N_on_5"": 0, ""N_on_6"": 0, ""N_on_7"": 0, ""N_on_8"": 0, ""N_on_9"": 0}",56994,56953,56965,56994,56988,56900,56988,56947,56971,1029950,0,0,0,0,0,0,0,0,0,23457300
TS direct,9,ok,25000000,1482415,23517585,1482365,1,0,473953.247914,3.12766081154,0.0386000000923,0,0,certificate,"{""n_1"": 54667, ""n_10"": 990604, ""n_2"": 54627, ""n_3"": 54638, ""n_4"": 54667, ""n_5"": 54661, ""n_6"": 54575, ""n_7"": 54661, ""n_8"": 54621, ""n_9"": 54644}","{""N_on_1"": 0, ""N_on_10"": 23517585, ""N_on_2"": 0, ""N_on_3"": 0, ""N_on_4"": 0, ""N_on_5"": 0, ""N_on_6"": 0, ""N_on_7"": 0, ""N_on_8"": 0, ""N_on_9"": 0}",54667,54627,54638,54667,54661,54575,54661,54621,54644,990604,0,0,0,0,0,0,0,0,0,23517585
UCB clean,9,ok,25000000,50,24999950,0,1.92000384001e-06,24999902,473953.247914,0,,,,clean_no_attack,"{""n_1"": 0, ""n_10"": 0, ""n_2"": 0, ""n_3"": 0, ""n_4"": 0, ""n_5"": 0, ""n_6"": 0, ""n_7"": 0, ""n_8"": 0, ""n_9"": 0}","{""N_on_1"": 24915154, ""N_on_10"": 48, ""N_on_2"": 27541, ""N_on_3"": 15043, ""N_on_4"": 11683, ""N_on_5"": 10870, ""N_on_6"": 7813, ""N_on_7"": 5906, ""N_on_8"": 4721, ""N_on_9"": 1171}",0,0,0,0,0,0,0,0,0,0,24915154,27541,15043,11683,10870,7813,5906,4721,1171,48
TS clean,9,ok,25000000,50,24999950,0,1.32000264001e-06,24999917,473953.247914,0,,,,clean_no_attack,"{""n_1"": 0, ""n_10"": 0, ""n_2"": 0, ""n_3"": 0, ""n_4"": 0, ""n_5"": 0, ""n_6"": 0, ""n_7"": 0, ""n_8"": 0, ""n_9"": 0}","{""N_on_1"": 24965132, ""N_on_10"": 33, ""N_on_2"": 10264, ""N_on_3"": 5814, ""N_on_4"": 5114, ""N_on_5"": 4569, ""N_on_6"": 3600, ""N_on_7"": 2769, ""N_on_8"": 1883, ""N_on_9"": 772}",0,0,0,0,0,0,0,0,0,0,24965132,10264,5814,5114,4569,3600,2769,1883,772,33
